country_iso3,sector,gdp_share_oecd,trade_share_oecd,value_added_share_wiod,employment_share,confidence,presence_status,evidence_source,conflict_note,note,year_oecd,year_wiod
AGO,aerospace,0.000114,0.000176,,,4,DATA_PRESENT,OECD_ICIO_2022,,OECD: Aggregated from 1 OECD ISIC sectors; gross_output=32 USD m,2022,
AGO,agriculture,0.081524,0.006109,,,4,DATA_PRESENT,OECD_ICIO_2022,,"OECD: Aggregated from 3 OECD ISIC sectors; gross_output=15,498 USD m",2022,
AGO,automotive,0.004853,0.004711,,,4,DATA_PRESENT,OECD_ICIO_2022,,"OECD: Aggregated from 1 OECD ISIC sectors; gross_output=1,460 USD m",2022,
AGO,aviation,0.004507,0.007313,,,4,DATA_PRESENT,OECD_ICIO_2022,,"OECD: Aggregated from 1 OECD ISIC sectors; gross_output=1,656 USD m",2022,
AGO,banking,0.023658,0.004339,,,4,DATA_PRESENT,OECD_ICIO_2022,,"OECD: Aggregated from 1 OECD ISIC sectors; gross_output=3,852 USD m",2022,
AGO,capital_markets,,,,,,MISSING_NO_SOURCE_ANY,NONE,,OECD: OECD ICIO has no clean line item for this sector. See OECD_ICIO_SCHEMA_AUDIT.md for the bundling exp,2022,
AGO,consumer_goods,0.102701,0.051435,,,4,DATA_PRESENT,OECD_ICIO_2022,,"OECD: Aggregated from 11 OECD ISIC sectors; gross_output=19,987 USD m",2022,
AGO,electronics,0.005844,0.003260,,,4,DATA_PRESENT,OECD_ICIO_2022,,"OECD: Aggregated from 2 OECD ISIC sectors; gross_output=1,318 USD m",2022,
AGO,energy,,,,,,MISSING_NO_SOURCE_ANY,NONE,,OECD: OECD ICIO has no clean line item for this sector. See OECD_ICIO_SCHEMA_AUDIT.md for the bundling exp,2022,
AGO,gas,,,,,,MISSING_NO_SOURCE_ANY,NONE,,OECD: OECD ICIO has no clean line item for this sector. See OECD_ICIO_SCHEMA_AUDIT.md for the bundling exp,2022,
AGO,government,0.111887,0.007197,,,4,DATA_PRESENT,OECD_ICIO_2022,,"OECD: Aggregated from 2 OECD ISIC sectors; gross_output=15,220 USD m",2022,
AGO,insurance,,,,,,MISSING_NO_SOURCE_ANY,NONE,,OECD: OECD ICIO has no clean line item for this sector. See OECD_ICIO_SCHEMA_AUDIT.md for the bundling exp,2022,
AGO,oil,0.298108,0.800752,,,4,DATA_PRESENT,OECD_ICIO_2022,,"OECD: Aggregated from 2 OECD ISIC sectors; gross_output=46,956 USD m",2022,
AGO,ports,0.005543,0.003342,,,4,DATA_PRESENT,OECD_ICIO_2022,,"OECD: Aggregated from 1 OECD ISIC sectors; gross_output=1,059 USD m",2022,
AGO,semiconductors,,,,,,MISSING_NO_SOURCE_ANY,NONE,,OECD: OECD ICIO has no clean line item for this sector. See OECD_ICIO_SCHEMA_AUDIT.md for the bundling exp,2022,
AGO,shipping,0.011013,0.013418,,,4,DATA_PRESENT,OECD_ICIO_2022,,"OECD: Aggregated from 2 OECD ISIC sectors; gross_output=2,303 USD m",2022,
AGO,telecommunications,0.030281,0.005150,,,4,DATA_PRESENT,OECD_ICIO_2022,,"OECD: Aggregated from 3 OECD ISIC sectors; gross_output=5,231 USD m",2022,
AGO,tourism,0.017792,0.001394,,,4,DATA_PRESENT,OECD_ICIO_2022,,"OECD: Aggregated from 1 OECD ISIC sectors; gross_output=3,325 USD m",2022,
AGO,utilities,0.034291,0.023069,,,4,DATA_PRESENT,OECD_ICIO_2022,,"OECD: Aggregated from 2 OECD ISIC sectors; gross_output=7,096 USD m",2022,
ARE,aerospace,0.001859,0.002783,,,4,DATA_PRESENT,OECD_ICIO_2022,,"OECD: Aggregated from 1 OECD ISIC sectors; gross_output=2,994 USD m",2022,
ARE,agriculture,0.011334,0.008276,,,4,DATA_PRESENT,OECD_ICIO_2022,,"OECD: Aggregated from 3 OECD ISIC sectors; gross_output=8,666 USD m",2022,
ARE,automotive,0.004076,0.006044,,,4,DATA_PRESENT,OECD_ICIO_2022,,"OECD: Aggregated from 1 OECD ISIC sectors; gross_output=7,136 USD m",2022,
ARE,aviation,0.006061,0.029084,,,4,DATA_PRESENT,OECD_ICIO_2022,,"OECD: Aggregated from 1 OECD ISIC sectors; gross_output=13,265 USD m",2022,
ARE,banking,0.033073,0.034221,,,4,DATA_PRESENT,OECD_ICIO_2022,,"OECD: Aggregated from 1 OECD ISIC sectors; gross_output=29,101 USD m",2022,
ARE,capital_markets,,,,,,MISSING_NO_SOURCE_ANY,NONE,,OECD: OECD ICIO has no clean line item for this sector. See OECD_ICIO_SCHEMA_AUDIT.md for the bundling exp,2022,
ARE,consumer_goods,0.150724,0.149882,,,4,DATA_PRESENT,OECD_ICIO_2022,,"OECD: Aggregated from 11 OECD ISIC sectors; gross_output=149,877 USD m",2022,
ARE,electronics,0.015688,0.018928,,,4,DATA_PRESENT,OECD_ICIO_2022,,"OECD: Aggregated from 2 OECD ISIC sectors; gross_output=19,679 USD m",2022,
ARE,energy,,,,,,MISSING_NO_SOURCE_ANY,NONE,,OECD: OECD ICIO has no clean line item for this sector. See OECD_ICIO_SCHEMA_AUDIT.md for the bundling exp,2022,
ARE,gas,,,,,,MISSING_NO_SOURCE_ANY,NONE,,OECD: OECD ICIO has no clean line item for this sector. See OECD_ICIO_SCHEMA_AUDIT.md for the bundling exp,2022,
ARE,government,0.082360,0.010937,,,4,DATA_PRESENT,OECD_ICIO_2022,,"OECD: Aggregated from 2 OECD ISIC sectors; gross_output=58,329 USD m",2022,
ARE,insurance,,,,,,MISSING_NO_SOURCE_ANY,NONE,,OECD: OECD ICIO has no clean line item for this sector. See OECD_ICIO_SCHEMA_AUDIT.md for the bundling exp,2022,
ARE,oil,0.270040,0.363986,,,4,DATA_PRESENT,OECD_ICIO_2022,,"OECD: Aggregated from 2 OECD ISIC sectors; gross_output=223,594 USD m",2022,
ARE,ports,0.009116,0.009448,,,4,DATA_PRESENT,OECD_ICIO_2022,,"OECD: Aggregated from 1 OECD ISIC sectors; gross_output=7,057 USD m",2022,
ARE,semiconductors,,,,,,MISSING_NO_SOURCE_ANY,NONE,,OECD: OECD ICIO has no clean line item for this sector. See OECD_ICIO_SCHEMA_AUDIT.md for the bundling exp,2022,
ARE,shipping,0.015355,0.026940,,,4,DATA_PRESENT,OECD_ICIO_2022,,"OECD: Aggregated from 2 OECD ISIC sectors; gross_output=17,309 USD m",2022,
ARE,telecommunications,0.039841,0.041265,,,4,DATA_PRESENT,OECD_ICIO_2022,,"OECD: Aggregated from 3 OECD ISIC sectors; gross_output=37,449 USD m",2022,
ARE,tourism,0.018575,0.062376,,,4,DATA_PRESENT,OECD_ICIO_2022,,"OECD: Aggregated from 1 OECD ISIC sectors; gross_output=31,499 USD m",2022,
ARE,utilities,0.048569,0.006013,,,4,DATA_PRESENT,OECD_ICIO_2022,,"OECD: Aggregated from 2 OECD ISIC sectors; gross_output=35,446 USD m",2022,
ARG,aerospace,0.000787,0.005229,,,4,DATA_PRESENT,OECD_ICIO_2022,,OECD: Aggregated from 1 OECD ISIC sectors; gross_output=915 USD m,2022,
ARG,agriculture,0.075641,0.132181,,,4,DATA_PRESENT,OECD_ICIO_2022,,"OECD: Aggregated from 3 OECD ISIC sectors; gross_output=76,879 USD m",2022,
ARG,automotive,0.012291,0.057184,,,4,DATA_PRESENT,OECD_ICIO_2022,,"OECD: Aggregated from 1 OECD ISIC sectors; gross_output=26,022 USD m",2022,
ARG,aviation,0.003328,0.008998,,,4,DATA_PRESENT,OECD_ICIO_2022,,"OECD: Aggregated from 1 OECD ISIC sectors; gross_output=6,972 USD m",2022,
ARG,banking,0.027828,0.006278,,,4,DATA_PRESENT,OECD_ICIO_2022,,"OECD: Aggregated from 1 OECD ISIC sectors; gross_output=27,833 USD m",2022,
ARG,capital_markets,,,,,,MISSING_NO_SOURCE_ANY,NONE,,OECD: OECD ICIO has no clean line item for this sector. See OECD_ICIO_SCHEMA_AUDIT.md for the bundling exp,2022,
ARG,consumer_goods,0.339736,0.452547,,,4,DATA_PRESENT,OECD_ICIO_2022,,"OECD: Aggregated from 11 OECD ISIC sectors; gross_output=376,356 USD m",2022,
ARG,electronics,0.004786,0.010702,,,4,DATA_PRESENT,OECD_ICIO_2022,,"OECD: Aggregated from 2 OECD ISIC sectors; gross_output=9,261 USD m",2022,
ARG,energy,,,,,,MISSING_NO_SOURCE_ANY,NONE,,OECD: OECD ICIO has no clean line item for this sector. See OECD_ICIO_SCHEMA_AUDIT.md for the bundling exp,2022,
ARG,gas,,,,,,MISSING_NO_SOURCE_ANY,NONE,,OECD: OECD ICIO has no clean line item for this sector. See OECD_ICIO_SCHEMA_AUDIT.md for the bundling exp,2022,
ARG,government,0.135110,0.014610,,,4,DATA_PRESENT,OECD_ICIO_2022,,"OECD: Aggregated from 2 OECD ISIC sectors; gross_output=96,300 USD m",2022,
ARG,insurance,,,,,,MISSING_NO_SOURCE_ANY,NONE,,OECD: OECD ICIO has no clean line item for this sector. See OECD_ICIO_SCHEMA_AUDIT.md for the bundling exp,2022,
ARG,oil,0.026666,0.066433,,,4,DATA_PRESENT,OECD_ICIO_2022,,"OECD: Aggregated from 2 OECD ISIC sectors; gross_output=47,987 USD m",2022,
ARG,ports,0.010975,0.015760,,,4,DATA_PRESENT,OECD_ICIO_2022,,"OECD: Aggregated from 1 OECD ISIC sectors; gross_output=11,318 USD m",2022,
ARG,semiconductors,,,,,,MISSING_NO_SOURCE_ANY,NONE,,OECD: OECD ICIO has no clean line item for this sector. See OECD_ICIO_SCHEMA_AUDIT.md for the bundling exp,2022,
ARG,shipping,0.019549,0.031427,,,4,DATA_PRESENT,OECD_ICIO_2022,,"OECD: Aggregated from 2 OECD ISIC sectors; gross_output=30,485 USD m",2022,
ARG,telecommunications,0.033379,0.037643,,,4,DATA_PRESENT,OECD_ICIO_2022,,"OECD: Aggregated from 3 OECD ISIC sectors; gross_output=38,455 USD m",2022,
ARG,tourism,0.020448,0.017138,,,4,DATA_PRESENT,OECD_ICIO_2022,,"OECD: Aggregated from 1 OECD ISIC sectors; gross_output=28,800 USD m",2022,
ARG,utilities,0.009388,0.020144,,,4,DATA_PRESENT,OECD_ICIO_2022,,"OECD: Aggregated from 2 OECD ISIC sectors; gross_output=21,663 USD m",2022,
AUS,aerospace,0.001357,0.004811,0.002639,,5,DATA_PRESENT,OECD_ICIO_2022+WIOD_2014,"CONFLICT: OECD gdp_share=0.0014 (2022) vs WIOD value_added_share=0.0026 (2014), relative diff=48.58%. Vintages differ.","CONFLICT: OECD gdp_share=0.0014 (2022) vs WIOD value_added_share=0.0026 (2014), relative diff=48.58%. Vintages differ. | OECD: Aggregated from 1 OECD ISIC sectors; gross_output=7,239 USD m | WIOD: Aggregated from 1 NACE Rev.2 codes; employment_share NULL — SEA files not in repo",2022,2014
AUS,agriculture,0.027454,0.040018,0.025018,,5,DATA_PRESENT,OECD_ICIO_2022+WIOD_2014,,"OECD: Aggregated from 3 OECD ISIC sectors; gross_output=98,238 USD m | WIOD: Aggregated from 3 NACE Rev.2 codes; employment_share NULL — SEA files not in repo",2022,2014
AUS,automotive,0.002227,0.006661,0.002334,,5,DATA_PRESENT,OECD_ICIO_2022+WIOD_2014,,"OECD: Aggregated from 1 OECD ISIC sectors; gross_output=10,356 USD m | WIOD: Aggregated from 1 NACE Rev.2 codes; employment_share NULL — SEA files not in repo",2022,2014
AUS,aviation,0.004655,0.011321,0.004585,,5,DATA_PRESENT,OECD_ICIO_2022+WIOD_2014,,"OECD: Aggregated from 1 OECD ISIC sectors; gross_output=21,713 USD m | WIOD: Aggregated from 1 NACE Rev.2 codes; employment_share NULL — SEA files not in repo",2022,2014
AUS,banking,0.073535,0.012945,0.064378,,5,DATA_PRESENT,OECD_ICIO_2022+WIOD_2014,,"OECD: Aggregated from 1 OECD ISIC sectors; gross_output=198,024 USD m | WIOD: Aggregated from 1 NACE Rev.2 codes; employment_share NULL — SEA files not in repo",2022,2014
AUS,capital_markets,,,0.016207,,4,DATA_PRESENT,WIOD_2014,,OECD: OECD ICIO has no clean line item for this sector. See OECD_ICIO_SCHEMA_AUDIT.md for the bundling exp | WIOD: Aggregated from 1 NACE Rev.2 codes; employment_share NULL — SEA files not in repo,2022,2014
AUS,consumer_goods,0.129080,0.170254,0.152433,,5,DATA_PRESENT,OECD_ICIO_2022+WIOD_2014,,"OECD: Aggregated from 11 OECD ISIC sectors; gross_output=467,353 USD m | WIOD: Aggregated from 17 NACE Rev.2 codes; employment_share NULL — SEA files not in repo",2022,2014
AUS,electronics,0.004659,0.009870,0.004629,,5,DATA_PRESENT,OECD_ICIO_2022+WIOD_2014,,"OECD: Aggregated from 2 OECD ISIC sectors; gross_output=14,937 USD m | WIOD: Aggregated from 2 NACE Rev.2 codes; employment_share NULL — SEA files not in repo",2022,2014
AUS,energy,,,,,,MISSING_NO_SOURCE_ANY,NONE,,OECD: OECD ICIO has no clean line item for this sector. See OECD_ICIO_SCHEMA_AUDIT.md for the bundling exp | WIOD: Country in WIOD but no VA for this GEDS sector,2022,2014
AUS,gas,,,,,,MISSING_NO_SOURCE_ANY,NONE,,OECD: OECD ICIO has no clean line item for this sector. See OECD_ICIO_SCHEMA_AUDIT.md for the bundling exp | WIOD: C26 bundles semis; B+D35 bundles gas with oil/utilities,2022,2014
AUS,government,0.099608,0.025523,0.107868,,5,DATA_PRESENT,OECD_ICIO_2022+WIOD_2014,,"OECD: Aggregated from 2 OECD ISIC sectors; gross_output=263,067 USD m | WIOD: Aggregated from 2 NACE Rev.2 codes; employment_share NULL — SEA files not in repo",2022,2014
AUS,insurance,,,0.012236,,4,DATA_PRESENT,WIOD_2014,,OECD: OECD ICIO has no clean line item for this sector. See OECD_ICIO_SCHEMA_AUDIT.md for the bundling exp | WIOD: Aggregated from 1 NACE Rev.2 codes; employment_share NULL — SEA files not in repo,2022,2014
AUS,oil,0.043841,0.133453,0.075207,,5,DATA_PRESENT,OECD_ICIO_2022+WIOD_2014,"CONFLICT: OECD gdp_share=0.0438 (2022) vs WIOD value_added_share=0.0752 (2014), relative diff=41.71%. Vintages differ.","CONFLICT: OECD gdp_share=0.0438 (2022) vs WIOD value_added_share=0.0752 (2014), relative diff=41.71%. Vintages differ. | OECD: Aggregated from 2 OECD ISIC sectors; gross_output=100,549 USD m | WIOD: Aggregated from 2 NACE Rev.2 codes; employment_share NULL — SEA files not in repo",2022,2014
AUS,ports,0.017966,0.009887,0.019922,,5,DATA_PRESENT,OECD_ICIO_2022+WIOD_2014,,"OECD: Aggregated from 1 OECD ISIC sectors; gross_output=62,658 USD m | WIOD: Aggregated from 1 NACE Rev.2 codes; employment_share NULL — SEA files not in repo",2022,2014
AUS,semiconductors,,,,,,MISSING_NO_SOURCE_ANY,NONE,,OECD: OECD ICIO has no clean line item for this sector. See OECD_ICIO_SCHEMA_AUDIT.md for the bundling exp | WIOD: C26 bundles semis; B+D35 bundles gas with oil/utilities,2022,2014
AUS,shipping,0.020168,0.020886,0.023053,,5,DATA_PRESENT,OECD_ICIO_2022+WIOD_2014,,"OECD: Aggregated from 2 OECD ISIC sectors; gross_output=74,542 USD m | WIOD: Aggregated from 2 NACE Rev.2 codes; employment_share NULL — SEA files not in repo",2022,2014
AUS,telecommunications,0.040285,0.023107,0.047827,,5,DATA_PRESENT,OECD_ICIO_2022+WIOD_2014,,"OECD: Aggregated from 3 OECD ISIC sectors; gross_output=146,265 USD m | WIOD: Aggregated from 5 NACE Rev.2 codes; employment_share NULL — SEA files not in repo",2022,2014
AUS,tourism,0.023887,0.012290,0.026700,,5,DATA_PRESENT,OECD_ICIO_2022+WIOD_2014,,"OECD: Aggregated from 1 OECD ISIC sectors; gross_output=78,743 USD m | WIOD: Aggregated from 1 NACE Rev.2 codes; employment_share NULL — SEA files not in repo",2022,2014
AUS,utilities,0.019921,0.011292,0.026309,,5,DATA_PRESENT,OECD_ICIO_2022+WIOD_2014,,"OECD: Aggregated from 2 OECD ISIC sectors; gross_output=98,457 USD m | WIOD: Aggregated from 3 NACE Rev.2 codes; employment_share NULL — SEA files not in repo",2022,2014
AUT,aerospace,0.003106,0.014887,0.003008,,5,DATA_PRESENT,OECD_ICIO_2022+WIOD_2014,,"OECD: Aggregated from 1 OECD ISIC sectors; gross_output=4,699 USD m | WIOD: Aggregated from 1 NACE Rev.2 codes; employment_share NULL — SEA files not in repo",2022,2014
AUT,agriculture,0.015397,0.011147,0.014025,,5,DATA_PRESENT,OECD_ICIO_2022+WIOD_2014,,"OECD: Aggregated from 3 OECD ISIC sectors; gross_output=14,760 USD m | WIOD: Aggregated from 3 NACE Rev.2 codes; employment_share NULL — SEA files not in repo",2022,2014
AUT,automotive,0.010738,0.056478,0.013189,,5,DATA_PRESENT,OECD_ICIO_2022+WIOD_2014,,"OECD: Aggregated from 1 OECD ISIC sectors; gross_output=18,867 USD m | WIOD: Aggregated from 1 NACE Rev.2 codes; employment_share NULL — SEA files not in repo",2022,2014
AUT,aviation,0.002406,0.009985,0.001611,,5,DATA_PRESENT,OECD_ICIO_2022+WIOD_2014,"CONFLICT: OECD gdp_share=0.0024 (2022) vs WIOD value_added_share=0.0016 (2014), relative diff=33.04%. Vintages differ.","CONFLICT: OECD gdp_share=0.0024 (2022) vs WIOD value_added_share=0.0016 (2014), relative diff=33.04%. Vintages differ. | OECD: Aggregated from 1 OECD ISIC sectors; gross_output=4,384 USD m | WIOD: Aggregated from 1 NACE Rev.2 codes; employment_share NULL — SEA files not in repo",2022,2014
AUT,banking,0.047459,0.018822,0.032017,,5,DATA_PRESENT,OECD_ICIO_2022+WIOD_2014,"CONFLICT: OECD gdp_share=0.0475 (2022) vs WIOD value_added_share=0.0320 (2014), relative diff=32.54%. Vintages differ.","CONFLICT: OECD gdp_share=0.0475 (2022) vs WIOD value_added_share=0.0320 (2014), relative diff=32.54%. Vintages differ. | OECD: Aggregated from 1 OECD ISIC sectors; gross_output=35,847 USD m | WIOD: Aggregated from 1 NACE Rev.2 codes; employment_share NULL — SEA files not in repo",2022,2014
AUT,capital_markets,,,0.003924,,4,DATA_PRESENT,WIOD_2014,,OECD: OECD ICIO has no clean line item for this sector. See OECD_ICIO_SCHEMA_AUDIT.md for the bundling exp | WIOD: Aggregated from 1 NACE Rev.2 codes; employment_share NULL — SEA files not in repo,2022,2014
AUT,consumer_goods,0.234396,0.392236,0.263701,,5,DATA_PRESENT,OECD_ICIO_2022+WIOD_2014,,"OECD: Aggregated from 11 OECD ISIC sectors; gross_output=253,311 USD m | WIOD: Aggregated from 17 NACE Rev.2 codes; employment_share NULL — SEA files not in repo",2022,2014
AUT,electronics,0.026228,0.079201,0.025318,,5,DATA_PRESENT,OECD_ICIO_2022+WIOD_2014,,"OECD: Aggregated from 2 OECD ISIC sectors; gross_output=30,393 USD m | WIOD: Aggregated from 2 NACE Rev.2 codes; employment_share NULL — SEA files not in repo",2022,2014
AUT,energy,,,,,,MISSING_NO_SOURCE_ANY,NONE,,OECD: OECD ICIO has no clean line item for this sector. See OECD_ICIO_SCHEMA_AUDIT.md for the bundling exp | WIOD: Country in WIOD but no VA for this GEDS sector,2022,2014
AUT,gas,,,,,,MISSING_NO_SOURCE_ANY,NONE,,OECD: OECD ICIO has no clean line item for this sector. See OECD_ICIO_SCHEMA_AUDIT.md for the bundling exp | WIOD: C26 bundles semis; B+D35 bundles gas with oil/utilities,2022,2014
AUT,government,0.101837,0.012013,0.105898,,5,DATA_PRESENT,OECD_ICIO_2022+WIOD_2014,,"OECD: Aggregated from 2 OECD ISIC sectors; gross_output=62,125 USD m | WIOD: Aggregated from 2 NACE Rev.2 codes; employment_share NULL — SEA files not in repo",2022,2014
AUT,insurance,,,0.010112,,4,DATA_PRESENT,WIOD_2014,,OECD: OECD ICIO has no clean line item for this sector. See OECD_ICIO_SCHEMA_AUDIT.md for the bundling exp | WIOD: Aggregated from 1 NACE Rev.2 codes; employment_share NULL — SEA files not in repo,2022,2014
AUT,oil,0.004440,0.021375,0.005120,,5,DATA_PRESENT,OECD_ICIO_2022+WIOD_2014,,"OECD: Aggregated from 2 OECD ISIC sectors; gross_output=9,751 USD m | WIOD: Aggregated from 2 NACE Rev.2 codes; employment_share NULL — SEA files not in repo",2022,2014
AUT,ports,0.021307,0.015964,0.020944,,5,DATA_PRESENT,OECD_ICIO_2022+WIOD_2014,,"OECD: Aggregated from 1 OECD ISIC sectors; gross_output=15,604 USD m | WIOD: Aggregated from 1 NACE Rev.2 codes; employment_share NULL — SEA files not in repo",2022,2014
AUT,semiconductors,,,,,,MISSING_NO_SOURCE_ANY,NONE,,OECD: OECD ICIO has no clean line item for this sector. See OECD_ICIO_SCHEMA_AUDIT.md for the bundling exp | WIOD: C26 bundles semis; B+D35 bundles gas with oil/utilities,2022,2014
AUT,shipping,0.026940,0.038446,0.028861,,5,DATA_PRESENT,OECD_ICIO_2022+WIOD_2014,,"OECD: Aggregated from 2 OECD ISIC sectors; gross_output=22,575 USD m | WIOD: Aggregated from 2 NACE Rev.2 codes; employment_share NULL — SEA files not in repo",2022,2014
AUT,telecommunications,0.039301,0.037333,0.037762,,5,DATA_PRESENT,OECD_ICIO_2022+WIOD_2014,,"OECD: Aggregated from 3 OECD ISIC sectors; gross_output=35,186 USD m | WIOD: Aggregated from 5 NACE Rev.2 codes; employment_share NULL — SEA files not in repo",2022,2014
AUT,tourism,0.035054,0.015274,0.051583,,5,DATA_PRESENT,OECD_ICIO_2022+WIOD_2014,"CONFLICT: OECD gdp_share=0.0351 (2022) vs WIOD value_added_share=0.0516 (2014), relative diff=32.04%. Vintages differ.","CONFLICT: OECD gdp_share=0.0351 (2022) vs WIOD value_added_share=0.0516 (2014), relative diff=32.04%. Vintages differ. | OECD: Aggregated from 1 OECD ISIC sectors; gross_output=29,893 USD m | WIOD: Aggregated from 1 NACE Rev.2 codes; employment_share NULL — SEA files not in repo",2022,2014
AUT,utilities,0.030059,0.052861,0.027330,,5,DATA_PRESENT,OECD_ICIO_2022+WIOD_2014,,"OECD: Aggregated from 2 OECD ISIC sectors; gross_output=84,407 USD m | WIOD: Aggregated from 3 NACE Rev.2 codes; employment_share NULL — SEA files not in repo",2022,2014
BEL,aerospace,0.001234,0.002203,0.002170,,5,DATA_PRESENT,OECD_ICIO_2022+WIOD_2014,"CONFLICT: OECD gdp_share=0.0012 (2022) vs WIOD value_added_share=0.0022 (2014), relative diff=43.13%. Vintages differ.","CONFLICT: OECD gdp_share=0.0012 (2022) vs WIOD value_added_share=0.0022 (2014), relative diff=43.13%. Vintages differ. | OECD: Aggregated from 1 OECD ISIC sectors; gross_output=2,114 USD m | WIOD: Aggregated from 1 NACE Rev.2 codes; employment_share NULL — SEA files not in repo",2022,2014
BEL,agriculture,0.007730,0.012465,0.007026,,5,DATA_PRESENT,OECD_ICIO_2022+WIOD_2014,,"OECD: Aggregated from 3 OECD ISIC sectors; gross_output=14,986 USD m | WIOD: Aggregated from 3 NACE Rev.2 codes; employment_share NULL — SEA files not in repo",2022,2014
BEL,automotive,0.004590,0.029779,0.007938,,5,DATA_PRESENT,OECD_ICIO_2022+WIOD_2014,"CONFLICT: OECD gdp_share=0.0046 (2022) vs WIOD value_added_share=0.0079 (2014), relative diff=42.18%. Vintages differ.","CONFLICT: OECD gdp_share=0.0046 (2022) vs WIOD value_added_share=0.0079 (2014), relative diff=42.18%. Vintages differ. | OECD: Aggregated from 1 OECD ISIC sectors; gross_output=17,077 USD m | WIOD: Aggregated from 1 NACE Rev.2 codes; employment_share NULL — SEA files not in repo",2022,2014
BEL,aviation,0.000789,0.006158,0.001155,,5,DATA_PRESENT,OECD_ICIO_2022+WIOD_2014,"CONFLICT: OECD gdp_share=0.0008 (2022) vs WIOD value_added_share=0.0012 (2014), relative diff=31.69%. Vintages differ.","CONFLICT: OECD gdp_share=0.0008 (2022) vs WIOD value_added_share=0.0012 (2014), relative diff=31.69%. Vintages differ. | OECD: Aggregated from 1 OECD ISIC sectors; gross_output=6,006 USD m | WIOD: Aggregated from 1 NACE Rev.2 codes; employment_share NULL — SEA files not in repo",2022,2014
BEL,banking,0.058002,0.047637,0.040047,,5,DATA_PRESENT,OECD_ICIO_2022+WIOD_2014,"CONFLICT: OECD gdp_share=0.0580 (2022) vs WIOD value_added_share=0.0400 (2014), relative diff=30.96%. Vintages differ.","CONFLICT: OECD gdp_share=0.0580 (2022) vs WIOD value_added_share=0.0400 (2014), relative diff=30.96%. Vintages differ. | OECD: Aggregated from 1 OECD ISIC sectors; gross_output=72,657 USD m | WIOD: Aggregated from 1 NACE Rev.2 codes; employment_share NULL — SEA files not in repo",2022,2014
BEL,capital_markets,,,0.009972,,4,DATA_PRESENT,WIOD_2014,,OECD: OECD ICIO has no clean line item for this sector. See OECD_ICIO_SCHEMA_AUDIT.md for the bundling exp | WIOD: Aggregated from 1 NACE Rev.2 codes; employment_share NULL — SEA files not in repo,2022,2014
BEL,consumer_goods,0.225690,0.403718,0.242070,,5,DATA_PRESENT,OECD_ICIO_2022+WIOD_2014,,"OECD: Aggregated from 11 OECD ISIC sectors; gross_output=339,003 USD m | WIOD: Aggregated from 17 NACE Rev.2 codes; employment_share NULL — SEA files not in repo",2022,2014
BEL,electronics,0.005265,0.014103,0.007169,,5,DATA_PRESENT,OECD_ICIO_2022+WIOD_2014,,"OECD: Aggregated from 2 OECD ISIC sectors; gross_output=8,835 USD m | WIOD: Aggregated from 2 NACE Rev.2 codes; employment_share NULL — SEA files not in repo",2022,2014
BEL,energy,,,,,,MISSING_NO_SOURCE_ANY,NONE,,OECD: OECD ICIO has no clean line item for this sector. See OECD_ICIO_SCHEMA_AUDIT.md for the bundling exp | WIOD: Country in WIOD but no VA for this GEDS sector,2022,2014
BEL,gas,,,,,,MISSING_NO_SOURCE_ANY,NONE,,OECD: OECD ICIO has no clean line item for this sector. See OECD_ICIO_SCHEMA_AUDIT.md for the bundling exp | WIOD: C26 bundles semis; B+D35 bundles gas with oil/utilities,2022,2014
BEL,government,0.141462,0.013983,0.150547,,5,DATA_PRESENT,OECD_ICIO_2022+WIOD_2014,,"OECD: Aggregated from 2 OECD ISIC sectors; gross_output=93,792 USD m | WIOD: Aggregated from 2 NACE Rev.2 codes; employment_share NULL — SEA files not in repo",2022,2014
BEL,insurance,,,0.011724,,4,DATA_PRESENT,WIOD_2014,,OECD: OECD ICIO has no clean line item for this sector. See OECD_ICIO_SCHEMA_AUDIT.md for the bundling exp | WIOD: Aggregated from 1 NACE Rev.2 codes; employment_share NULL — SEA files not in repo,2022,2014
BEL,oil,0.004189,0.062858,0.003322,,5,DATA_PRESENT,OECD_ICIO_2022+WIOD_2014,,"OECD: Aggregated from 2 OECD ISIC sectors; gross_output=39,930 USD m | WIOD: Aggregated from 2 NACE Rev.2 codes; employment_share NULL — SEA files not in repo",2022,2014
BEL,ports,0.027752,0.038306,0.026824,,5,DATA_PRESENT,OECD_ICIO_2022+WIOD_2014,,"OECD: Aggregated from 1 OECD ISIC sectors; gross_output=41,789 USD m | WIOD: Aggregated from 1 NACE Rev.2 codes; employment_share NULL — SEA files not in repo",2022,2014
BEL,semiconductors,,,,,,MISSING_NO_SOURCE_ANY,NONE,,OECD: OECD ICIO has no clean line item for this sector. See OECD_ICIO_SCHEMA_AUDIT.md for the bundling exp | WIOD: C26 bundles semis; B+D35 bundles gas with oil/utilities,2022,2014
BEL,shipping,0.021207,0.033463,0.020546,,5,DATA_PRESENT,OECD_ICIO_2022+WIOD_2014,,"OECD: Aggregated from 2 OECD ISIC sectors; gross_output=30,111 USD m | WIOD: Aggregated from 2 NACE Rev.2 codes; employment_share NULL — SEA files not in repo",2022,2014
BEL,telecommunications,0.043263,0.046132,0.047284,,5,DATA_PRESENT,OECD_ICIO_2022+WIOD_2014,,"OECD: Aggregated from 3 OECD ISIC sectors; gross_output=53,477 USD m | WIOD: Aggregated from 5 NACE Rev.2 codes; employment_share NULL — SEA files not in repo",2022,2014
BEL,tourism,0.017393,0.008893,0.018864,,5,DATA_PRESENT,OECD_ICIO_2022+WIOD_2014,,"OECD: Aggregated from 1 OECD ISIC sectors; gross_output=24,069 USD m | WIOD: Aggregated from 1 NACE Rev.2 codes; employment_share NULL — SEA files not in repo",2022,2014
BEL,utilities,0.027531,0.013703,0.026465,,5,DATA_PRESENT,OECD_ICIO_2022+WIOD_2014,,"OECD: Aggregated from 2 OECD ISIC sectors; gross_output=42,008 USD m | WIOD: Aggregated from 3 NACE Rev.2 codes; employment_share NULL — SEA files not in repo",2022,2014
BGD,aerospace,0.001242,0.003406,,,4,DATA_PRESENT,OECD_ICIO_2022,,"OECD: Aggregated from 1 OECD ISIC sectors; gross_output=1,412 USD m",2022,
BGD,agriculture,0.121603,0.065027,,,4,DATA_PRESENT,OECD_ICIO_2022,,"OECD: Aggregated from 3 OECD ISIC sectors; gross_output=89,359 USD m",2022,
BGD,automotive,0.000193,0.000309,,,4,DATA_PRESENT,OECD_ICIO_2022,,OECD: Aggregated from 1 OECD ISIC sectors; gross_output=237 USD m,2022,
BGD,aviation,0.006898,0.024878,,,4,DATA_PRESENT,OECD_ICIO_2022,,"OECD: Aggregated from 1 OECD ISIC sectors; gross_output=10,464 USD m",2022,
BGD,banking,0.038740,0.009620,,,4,DATA_PRESENT,OECD_ICIO_2022,,"OECD: Aggregated from 1 OECD ISIC sectors; gross_output=23,079 USD m",2022,
BGD,capital_markets,,,,,,MISSING_NO_SOURCE_ANY,NONE,,OECD: OECD ICIO has no clean line item for this sector. See OECD_ICIO_SCHEMA_AUDIT.md for the bundling exp,2022,
BGD,consumer_goods,0.318694,0.649200,,,4,DATA_PRESENT,OECD_ICIO_2022,,"OECD: Aggregated from 11 OECD ISIC sectors; gross_output=261,817 USD m",2022,
BGD,electronics,0.004059,0.005592,,,4,DATA_PRESENT,OECD_ICIO_2022,,"OECD: Aggregated from 2 OECD ISIC sectors; gross_output=3,966 USD m",2022,
BGD,energy,,,,,,MISSING_NO_SOURCE_ANY,NONE,,OECD: OECD ICIO has no clean line item for this sector. See OECD_ICIO_SCHEMA_AUDIT.md for the bundling exp,2022,
BGD,gas,,,,,,MISSING_NO_SOURCE_ANY,NONE,,OECD: OECD ICIO has no clean line item for this sector. See OECD_ICIO_SCHEMA_AUDIT.md for the bundling exp,2022,
BGD,government,0.064654,0.004302,,,4,DATA_PRESENT,OECD_ICIO_2022,,"OECD: Aggregated from 2 OECD ISIC sectors; gross_output=32,772 USD m",2022,
BGD,insurance,,,,,,MISSING_NO_SOURCE_ANY,NONE,,OECD: OECD ICIO has no clean line item for this sector. See OECD_ICIO_SCHEMA_AUDIT.md for the bundling exp,2022,
BGD,oil,0.011274,0.002732,,,4,DATA_PRESENT,OECD_ICIO_2022,,"OECD: Aggregated from 2 OECD ISIC sectors; gross_output=6,739 USD m",2022,
BGD,ports,0.009727,0.008066,,,4,DATA_PRESENT,OECD_ICIO_2022,,"OECD: Aggregated from 1 OECD ISIC sectors; gross_output=7,274 USD m",2022,
BGD,semiconductors,,,,,,MISSING_NO_SOURCE_ANY,NONE,,OECD: OECD ICIO has no clean line item for this sector. See OECD_ICIO_SCHEMA_AUDIT.md for the bundling exp,2022,
BGD,shipping,0.037976,0.044242,,,4,DATA_PRESENT,OECD_ICIO_2022,,"OECD: Aggregated from 2 OECD ISIC sectors; gross_output=30,685 USD m",2022,
BGD,telecommunications,0.035258,0.020492,,,4,DATA_PRESENT,OECD_ICIO_2022,,"OECD: Aggregated from 3 OECD ISIC sectors; gross_output=24,189 USD m",2022,
BGD,tourism,0.025072,0.008357,,,4,DATA_PRESENT,OECD_ICIO_2022,,"OECD: Aggregated from 1 OECD ISIC sectors; gross_output=18,163 USD m",2022,
BGD,utilities,0.034695,0.008040,,,4,DATA_PRESENT,OECD_ICIO_2022,,"OECD: Aggregated from 2 OECD ISIC sectors; gross_output=28,602 USD m",2022,
BGR,aerospace,0.000720,0.007272,0.001644,,5,DATA_PRESENT,OECD_ICIO_2022+WIOD_2014,"CONFLICT: OECD gdp_share=0.0007 (2022) vs WIOD value_added_share=0.0016 (2014), relative diff=56.20%. Vintages differ.","CONFLICT: OECD gdp_share=0.0007 (2022) vs WIOD value_added_share=0.0016 (2014), relative diff=56.20%. Vintages differ. | OECD: Aggregated from 1 OECD ISIC sectors; gross_output=980 USD m | WIOD: Aggregated from 1 NACE Rev.2 codes; employment_share NULL — SEA files not in repo",2022,2014
BGR,agriculture,0.041773,0.063072,0.052649,,5,DATA_PRESENT,OECD_ICIO_2022+WIOD_2014,,"OECD: Aggregated from 3 OECD ISIC sectors; gross_output=8,378 USD m | WIOD: Aggregated from 3 NACE Rev.2 codes; employment_share NULL — SEA files not in repo",2022,2014
BGR,automotive,0.005542,0.025391,0.005006,,5,DATA_PRESENT,OECD_ICIO_2022+WIOD_2014,,"OECD: Aggregated from 1 OECD ISIC sectors; gross_output=2,327 USD m | WIOD: Aggregated from 1 NACE Rev.2 codes; employment_share NULL — SEA files not in repo",2022,2014
BGR,aviation,0.001410,0.006669,0.002822,,5,DATA_PRESENT,OECD_ICIO_2022+WIOD_2014,"CONFLICT: OECD gdp_share=0.0014 (2022) vs WIOD value_added_share=0.0028 (2014), relative diff=50.04%. Vintages differ.","CONFLICT: OECD gdp_share=0.0014 (2022) vs WIOD value_added_share=0.0028 (2014), relative diff=50.04%. Vintages differ. | OECD: Aggregated from 1 OECD ISIC sectors; gross_output=617 USD m | WIOD: Aggregated from 1 NACE Rev.2 codes; employment_share NULL — SEA files not in repo",2022,2014
BGR,banking,0.065544,0.015913,0.057924,,5,DATA_PRESENT,OECD_ICIO_2022+WIOD_2014,,"OECD: Aggregated from 1 OECD ISIC sectors; gross_output=7,237 USD m | WIOD: Aggregated from 1 NACE Rev.2 codes; employment_share NULL — SEA files not in repo",2022,2014
BGR,capital_markets,,,0.003684,,4,DATA_PRESENT,WIOD_2014,,OECD: OECD ICIO has no clean line item for this sector. See OECD_ICIO_SCHEMA_AUDIT.md for the bundling exp | WIOD: Aggregated from 1 NACE Rev.2 codes; employment_share NULL — SEA files not in repo,2022,2014
BGR,consumer_goods,0.239647,0.404568,0.266142,,5,DATA_PRESENT,OECD_ICIO_2022+WIOD_2014,,"OECD: Aggregated from 11 OECD ISIC sectors; gross_output=52,382 USD m | WIOD: Aggregated from 17 NACE Rev.2 codes; employment_share NULL — SEA files not in repo",2022,2014
BGR,electronics,0.012198,0.054325,0.011049,,5,DATA_PRESENT,OECD_ICIO_2022+WIOD_2014,,"OECD: Aggregated from 2 OECD ISIC sectors; gross_output=3,947 USD m | WIOD: Aggregated from 2 NACE Rev.2 codes; employment_share NULL — SEA files not in repo",2022,2014
BGR,energy,,,,,,MISSING_NO_SOURCE_ANY,NONE,,OECD: OECD ICIO has no clean line item for this sector. See OECD_ICIO_SCHEMA_AUDIT.md for the bundling exp | WIOD: Country in WIOD but no VA for this GEDS sector,2022,2014
BGR,gas,,,,,,MISSING_NO_SOURCE_ANY,NONE,,OECD: OECD ICIO has no clean line item for this sector. See OECD_ICIO_SCHEMA_AUDIT.md for the bundling exp | WIOD: C26 bundles semis; B+D35 bundles gas with oil/utilities,2022,2014
BGR,government,0.102530,0.005465,0.112696,,5,DATA_PRESENT,OECD_ICIO_2022+WIOD_2014,,"OECD: Aggregated from 2 OECD ISIC sectors; gross_output=10,769 USD m | WIOD: Aggregated from 2 NACE Rev.2 codes; employment_share NULL — SEA files not in repo",2022,2014
BGR,insurance,,,0.010572,,4,DATA_PRESENT,WIOD_2014,,OECD: OECD ICIO has no clean line item for this sector. See OECD_ICIO_SCHEMA_AUDIT.md for the bundling exp | WIOD: Aggregated from 1 NACE Rev.2 codes; employment_share NULL — SEA files not in repo,2022,2014
BGR,oil,0.007908,0.029520,0.022082,,5,DATA_PRESENT,OECD_ICIO_2022+WIOD_2014,"CONFLICT: OECD gdp_share=0.0079 (2022) vs WIOD value_added_share=0.0221 (2014), relative diff=64.19%. Vintages differ.","CONFLICT: OECD gdp_share=0.0079 (2022) vs WIOD value_added_share=0.0221 (2014), relative diff=64.19%. Vintages differ. | OECD: Aggregated from 2 OECD ISIC sectors; gross_output=2,165 USD m | WIOD: Aggregated from 2 NACE Rev.2 codes; employment_share NULL — SEA files not in repo",2022,2014
BGR,ports,0.012316,0.017229,0.016276,,5,DATA_PRESENT,OECD_ICIO_2022+WIOD_2014,,"OECD: Aggregated from 1 OECD ISIC sectors; gross_output=3,907 USD m | WIOD: Aggregated from 1 NACE Rev.2 codes; employment_share NULL — SEA files not in repo",2022,2014
BGR,semiconductors,,,,,,MISSING_NO_SOURCE_ANY,NONE,,OECD: OECD ICIO has no clean line item for this sector. See OECD_ICIO_SCHEMA_AUDIT.md for the bundling exp | WIOD: C26 bundles semis; B+D35 bundles gas with oil/utilities,2022,2014
BGR,shipping,0.030780,0.042023,0.039741,,5,DATA_PRESENT,OECD_ICIO_2022+WIOD_2014,,"OECD: Aggregated from 2 OECD ISIC sectors; gross_output=7,994 USD m | WIOD: Aggregated from 2 NACE Rev.2 codes; employment_share NULL — SEA files not in repo",2022,2014
BGR,telecommunications,0.074974,0.033245,0.058979,,5,DATA_PRESENT,OECD_ICIO_2022+WIOD_2014,,"OECD: Aggregated from 3 OECD ISIC sectors; gross_output=10,910 USD m | WIOD: Aggregated from 5 NACE Rev.2 codes; employment_share NULL — SEA files not in repo",2022,2014
BGR,tourism,0.025555,0.018765,0.023465,,5,DATA_PRESENT,OECD_ICIO_2022+WIOD_2014,,"OECD: Aggregated from 1 OECD ISIC sectors; gross_output=3,899 USD m | WIOD: Aggregated from 1 NACE Rev.2 codes; employment_share NULL — SEA files not in repo",2022,2014
BGR,utilities,0.089358,0.050906,0.048951,,5,DATA_PRESENT,OECD_ICIO_2022+WIOD_2014,"CONFLICT: OECD gdp_share=0.0894 (2022) vs WIOD value_added_share=0.0490 (2014), relative diff=45.22%. Vintages differ.","CONFLICT: OECD gdp_share=0.0894 (2022) vs WIOD value_added_share=0.0490 (2014), relative diff=45.22%. Vintages differ. | OECD: Aggregated from 2 OECD ISIC sectors; gross_output=12,752 USD m | WIOD: Aggregated from 3 NACE Rev.2 codes; employment_share NULL — SEA files not in repo",2022,2014
BLR,aerospace,0.001954,0.005381,,,4,DATA_PRESENT,OECD_ICIO_2022,,OECD: Aggregated from 1 OECD ISIC sectors; gross_output=316 USD m,2022,
BLR,agriculture,0.096674,0.032988,,,4,DATA_PRESENT,OECD_ICIO_2022,,"OECD: Aggregated from 3 OECD ISIC sectors; gross_output=12,697 USD m",2022,
BLR,automotive,0.018131,0.021352,,,4,DATA_PRESENT,OECD_ICIO_2022,,"OECD: Aggregated from 1 OECD ISIC sectors; gross_output=3,009 USD m",2022,
BLR,aviation,0.006921,0.039122,,,4,DATA_PRESENT,OECD_ICIO_2022,,"OECD: Aggregated from 1 OECD ISIC sectors; gross_output=2,159 USD m",2022,
BLR,banking,0.038789,0.010222,,,4,DATA_PRESENT,OECD_ICIO_2022,,"OECD: Aggregated from 1 OECD ISIC sectors; gross_output=4,076 USD m",2022,
BLR,capital_markets,,,,,,MISSING_NO_SOURCE_ANY,NONE,,OECD: OECD ICIO has no clean line item for this sector. See OECD_ICIO_SCHEMA_AUDIT.md for the bundling exp,2022,
BLR,consumer_goods,0.311883,0.456140,,,4,DATA_PRESENT,OECD_ICIO_2022,,"OECD: Aggregated from 11 OECD ISIC sectors; gross_output=50,591 USD m",2022,
BLR,electronics,0.014373,0.043269,,,4,DATA_PRESENT,OECD_ICIO_2022,,"OECD: Aggregated from 2 OECD ISIC sectors; gross_output=2,890 USD m",2022,
BLR,energy,,,,,,MISSING_NO_SOURCE_ANY,NONE,,OECD: OECD ICIO has no clean line item for this sector. See OECD_ICIO_SCHEMA_AUDIT.md for the bundling exp,2022,
BLR,gas,,,,,,MISSING_NO_SOURCE_ANY,NONE,,OECD: OECD ICIO has no clean line item for this sector. See OECD_ICIO_SCHEMA_AUDIT.md for the bundling exp,2022,
BLR,government,0.085997,0.005726,,,4,DATA_PRESENT,OECD_ICIO_2022,,"OECD: Aggregated from 2 OECD ISIC sectors; gross_output=7,127 USD m",2022,
BLR,insurance,,,,,,MISSING_NO_SOURCE_ANY,NONE,,OECD: OECD ICIO has no clean line item for this sector. See OECD_ICIO_SCHEMA_AUDIT.md for the bundling exp,2022,
BLR,oil,0.032735,0.138381,,,4,DATA_PRESENT,OECD_ICIO_2022,,"OECD: Aggregated from 2 OECD ISIC sectors; gross_output=8,866 USD m",2022,
BLR,ports,0.009095,0.007916,,,4,DATA_PRESENT,OECD_ICIO_2022,,OECD: Aggregated from 1 OECD ISIC sectors; gross_output=946 USD m,2022,
BLR,semiconductors,,,,,,MISSING_NO_SOURCE_ANY,NONE,,OECD: OECD ICIO has no clean line item for this sector. See OECD_ICIO_SCHEMA_AUDIT.md for the bundling exp,2022,
BLR,shipping,0.038303,0.040103,,,4,DATA_PRESENT,OECD_ICIO_2022,,"OECD: Aggregated from 2 OECD ISIC sectors; gross_output=5,152 USD m",2022,
BLR,telecommunications,0.032934,0.033452,,,4,DATA_PRESENT,OECD_ICIO_2022,,"OECD: Aggregated from 3 OECD ISIC sectors; gross_output=3,755 USD m",2022,
BLR,tourism,0.025013,0.005352,,,4,DATA_PRESENT,OECD_ICIO_2022,,"OECD: Aggregated from 1 OECD ISIC sectors; gross_output=2,960 USD m",2022,
BLR,utilities,0.035608,0.021882,,,4,DATA_PRESENT,OECD_ICIO_2022,,"OECD: Aggregated from 2 OECD ISIC sectors; gross_output=6,157 USD m",2022,
BRA,aerospace,0.001187,0.010967,0.002474,,5,DATA_PRESENT,OECD_ICIO_2022+WIOD_2014,"CONFLICT: OECD gdp_share=0.0012 (2022) vs WIOD value_added_share=0.0025 (2014), relative diff=52.02%. Vintages differ.","CONFLICT: OECD gdp_share=0.0012 (2022) vs WIOD value_added_share=0.0025 (2014), relative diff=52.02%. Vintages differ. | OECD: Aggregated from 1 OECD ISIC sectors; gross_output=8,958 USD m | WIOD: Aggregated from 1 NACE Rev.2 codes; employment_share NULL — SEA files not in repo",2022,2014
BRA,agriculture,0.073150,0.122992,0.052244,,5,DATA_PRESENT,OECD_ICIO_2022+WIOD_2014,,"OECD: Aggregated from 3 OECD ISIC sectors; gross_output=231,266 USD m | WIOD: Aggregated from 3 NACE Rev.2 codes; employment_share NULL — SEA files not in repo",2022,2014
BRA,automotive,0.006993,0.036365,0.012769,,5,DATA_PRESENT,OECD_ICIO_2022+WIOD_2014,"CONFLICT: OECD gdp_share=0.0070 (2022) vs WIOD value_added_share=0.0128 (2014), relative diff=45.23%. Vintages differ.","CONFLICT: OECD gdp_share=0.0070 (2022) vs WIOD value_added_share=0.0128 (2014), relative diff=45.23%. Vintages differ. | OECD: Aggregated from 1 OECD ISIC sectors; gross_output=80,447 USD m | WIOD: Aggregated from 1 NACE Rev.2 codes; employment_share NULL — SEA files not in repo",2022,2014
BRA,aviation,0.000370,0.005919,0.001828,,5,DATA_PRESENT,OECD_ICIO_2022+WIOD_2014,"CONFLICT: OECD gdp_share=0.0004 (2022) vs WIOD value_added_share=0.0018 (2014), relative diff=79.76%. Vintages differ.","CONFLICT: OECD gdp_share=0.0004 (2022) vs WIOD value_added_share=0.0018 (2014), relative diff=79.76%. Vintages differ. | OECD: Aggregated from 1 OECD ISIC sectors; gross_output=7,440 USD m | WIOD: Aggregated from 1 NACE Rev.2 codes; employment_share NULL — SEA files not in repo",2022,2014
BRA,banking,0.060127,0.013345,0.065402,,5,DATA_PRESENT,OECD_ICIO_2022+WIOD_2014,,"OECD: Aggregated from 1 OECD ISIC sectors; gross_output=168,375 USD m | WIOD: Aggregated from 1 NACE Rev.2 codes; employment_share NULL — SEA files not in repo",2022,2014
BRA,capital_markets,,,0.000000,,4,DATA_PRESENT,WIOD_2014,,OECD: OECD ICIO has no clean line item for this sector. See OECD_ICIO_SCHEMA_AUDIT.md for the bundling exp | WIOD: Aggregated from 1 NACE Rev.2 codes; employment_share NULL — SEA files not in repo,2022,2014
BRA,consumer_goods,0.241432,0.363112,0.229512,,5,DATA_PRESENT,OECD_ICIO_2022+WIOD_2014,,"OECD: Aggregated from 11 OECD ISIC sectors; gross_output=1,122,107 USD m | WIOD: Aggregated from 17 NACE Rev.2 codes; employment_share NULL — SEA files not in repo",2022,2014
BRA,electronics,0.005963,0.024125,0.007568,,5,DATA_PRESENT,OECD_ICIO_2022+WIOD_2014,,"OECD: Aggregated from 2 OECD ISIC sectors; gross_output=58,976 USD m | WIOD: Aggregated from 2 NACE Rev.2 codes; employment_share NULL — SEA files not in repo",2022,2014
BRA,energy,,,,,,MISSING_NO_SOURCE_ANY,NONE,,OECD: OECD ICIO has no clean line item for this sector. See OECD_ICIO_SCHEMA_AUDIT.md for the bundling exp | WIOD: Country in WIOD but no VA for this GEDS sector,2022,2014
BRA,gas,,,,,,MISSING_NO_SOURCE_ANY,NONE,,OECD: OECD ICIO has no clean line item for this sector. See OECD_ICIO_SCHEMA_AUDIT.md for the bundling exp | WIOD: C26 bundles semis; B+D35 bundles gas with oil/utilities,2022,2014
BRA,government,0.139974,0.019169,0.160450,,5,DATA_PRESENT,OECD_ICIO_2022+WIOD_2014,,"OECD: Aggregated from 2 OECD ISIC sectors; gross_output=316,633 USD m | WIOD: Aggregated from 2 NACE Rev.2 codes; employment_share NULL — SEA files not in repo",2022,2014
BRA,insurance,,,0.000000,,4,DATA_PRESENT,WIOD_2014,,OECD: OECD ICIO has no clean line item for this sector. See OECD_ICIO_SCHEMA_AUDIT.md for the bundling exp | WIOD: Aggregated from 1 NACE Rev.2 codes; employment_share NULL — SEA files not in repo,2022,2014
BRA,oil,0.040739,0.121812,0.031800,,5,DATA_PRESENT,OECD_ICIO_2022+WIOD_2014,,"OECD: Aggregated from 2 OECD ISIC sectors; gross_output=243,421 USD m | WIOD: Aggregated from 2 NACE Rev.2 codes; employment_share NULL — SEA files not in repo",2022,2014
BRA,ports,0.012385,0.012969,0.012749,,5,DATA_PRESENT,OECD_ICIO_2022+WIOD_2014,,"OECD: Aggregated from 1 OECD ISIC sectors; gross_output=38,662 USD m | WIOD: Aggregated from 1 NACE Rev.2 codes; employment_share NULL — SEA files not in repo",2022,2014
BRA,semiconductors,,,,,,MISSING_NO_SOURCE_ANY,NONE,,OECD: OECD ICIO has no clean line item for this sector. See OECD_ICIO_SCHEMA_AUDIT.md for the bundling exp | WIOD: C26 bundles semis; B+D35 bundles gas with oil/utilities,2022,2014
BRA,shipping,0.023890,0.023416,0.029622,,5,DATA_PRESENT,OECD_ICIO_2022+WIOD_2014,,"OECD: Aggregated from 2 OECD ISIC sectors; gross_output=111,786 USD m | WIOD: Aggregated from 2 NACE Rev.2 codes; employment_share NULL — SEA files not in repo",2022,2014
BRA,telecommunications,0.031893,0.020197,0.034317,,5,DATA_PRESENT,OECD_ICIO_2022+WIOD_2014,,"OECD: Aggregated from 3 OECD ISIC sectors; gross_output=105,810 USD m | WIOD: Aggregated from 5 NACE Rev.2 codes; employment_share NULL — SEA files not in repo",2022,2014
BRA,tourism,0.016533,0.005167,0.023480,,5,DATA_PRESENT,OECD_ICIO_2022+WIOD_2014,,"OECD: Aggregated from 1 OECD ISIC sectors; gross_output=65,811 USD m | WIOD: Aggregated from 1 NACE Rev.2 codes; employment_share NULL — SEA files not in repo",2022,2014
BRA,utilities,0.026105,0.011999,0.018899,,5,DATA_PRESENT,OECD_ICIO_2022+WIOD_2014,,"OECD: Aggregated from 2 OECD ISIC sectors; gross_output=115,494 USD m | WIOD: Aggregated from 3 NACE Rev.2 codes; employment_share NULL — SEA files not in repo",2022,2014
BRN,aerospace,0.000492,0.000621,,,4,DATA_PRESENT,OECD_ICIO_2022,,OECD: Aggregated from 1 OECD ISIC sectors; gross_output=25 USD m,2022,
BRN,agriculture,0.008584,0.002344,,,4,DATA_PRESENT,OECD_ICIO_2022,,OECD: Aggregated from 3 OECD ISIC sectors; gross_output=282 USD m,2022,
BRN,automotive,0.000000,0.000000,,,4,DATA_PRESENT,OECD_ICIO_2022,,OECD: Aggregated from 1 OECD ISIC sectors; gross_output=0 USD m,2022,
BRN,aviation,0.001447,0.002460,,,4,DATA_PRESENT,OECD_ICIO_2022,,OECD: Aggregated from 1 OECD ISIC sectors; gross_output=93 USD m,2022,
BRN,banking,0.051041,0.005646,,,4,DATA_PRESENT,OECD_ICIO_2022,,"OECD: Aggregated from 1 OECD ISIC sectors; gross_output=1,436 USD m",2022,
BRN,capital_markets,,,,,,MISSING_NO_SOURCE_ANY,NONE,,OECD: OECD ICIO has no clean line item for this sector. See OECD_ICIO_SCHEMA_AUDIT.md for the bundling exp,2022,
BRN,consumer_goods,0.050859,0.028828,,,4,DATA_PRESENT,OECD_ICIO_2022,,"OECD: Aggregated from 11 OECD ISIC sectors; gross_output=1,573 USD m",2022,
BRN,electronics,0.000706,0.000834,,,4,DATA_PRESENT,OECD_ICIO_2022,,OECD: Aggregated from 2 OECD ISIC sectors; gross_output=37 USD m,2022,
BRN,energy,,,,,,MISSING_NO_SOURCE_ANY,NONE,,OECD: OECD ICIO has no clean line item for this sector. See OECD_ICIO_SCHEMA_AUDIT.md for the bundling exp,2022,
BRN,gas,,,,,,MISSING_NO_SOURCE_ANY,NONE,,OECD: OECD ICIO has no clean line item for this sector. See OECD_ICIO_SCHEMA_AUDIT.md for the bundling exp,2022,
BRN,government,0.107735,0.011406,,,4,DATA_PRESENT,OECD_ICIO_2022,,"OECD: Aggregated from 2 OECD ISIC sectors; gross_output=3,075 USD m",2022,
BRN,insurance,,,,,,MISSING_NO_SOURCE_ANY,NONE,,OECD: OECD ICIO has no clean line item for this sector. See OECD_ICIO_SCHEMA_AUDIT.md for the bundling exp,2022,
BRN,oil,0.455050,0.899471,,,4,DATA_PRESENT,OECD_ICIO_2022,,"OECD: Aggregated from 2 OECD ISIC sectors; gross_output=20,814 USD m",2022,
BRN,ports,0.004956,0.003196,,,4,DATA_PRESENT,OECD_ICIO_2022,,OECD: Aggregated from 1 OECD ISIC sectors; gross_output=132 USD m,2022,
BRN,semiconductors,,,,,,MISSING_NO_SOURCE_ANY,NONE,,OECD: OECD ICIO has no clean line item for this sector. See OECD_ICIO_SCHEMA_AUDIT.md for the bundling exp,2022,
BRN,shipping,0.015145,0.003086,,,4,DATA_PRESENT,OECD_ICIO_2022,,OECD: Aggregated from 2 OECD ISIC sectors; gross_output=420 USD m,2022,
BRN,telecommunications,0.016644,0.005103,,,4,DATA_PRESENT,OECD_ICIO_2022,,OECD: Aggregated from 3 OECD ISIC sectors; gross_output=600 USD m,2022,
BRN,tourism,0.009118,0.003155,,,4,DATA_PRESENT,OECD_ICIO_2022,,OECD: Aggregated from 1 OECD ISIC sectors; gross_output=284 USD m,2022,
BRN,utilities,0.009368,0.001252,,,4,DATA_PRESENT,OECD_ICIO_2022,,OECD: Aggregated from 2 OECD ISIC sectors; gross_output=298 USD m,2022,
CAN,aerospace,0.004879,0.022827,0.005386,,5,DATA_PRESENT,OECD_ICIO_2022+WIOD_2014,,"OECD: Aggregated from 1 OECD ISIC sectors; gross_output=35,844 USD m | WIOD: Aggregated from 1 NACE Rev.2 codes; employment_share NULL — SEA files not in repo",2022,2014
CAN,agriculture,0.017035,0.035902,0.018096,,5,DATA_PRESENT,OECD_ICIO_2022+WIOD_2014,,"OECD: Aggregated from 3 OECD ISIC sectors; gross_output=95,275 USD m | WIOD: Aggregated from 3 NACE Rev.2 codes; employment_share NULL — SEA files not in repo",2022,2014
CAN,automotive,0.005213,0.056984,0.008429,,5,DATA_PRESENT,OECD_ICIO_2022+WIOD_2014,"CONFLICT: OECD gdp_share=0.0052 (2022) vs WIOD value_added_share=0.0084 (2014), relative diff=38.15%. Vintages differ.","CONFLICT: OECD gdp_share=0.0052 (2022) vs WIOD value_added_share=0.0084 (2014), relative diff=38.15%. Vintages differ. | OECD: Aggregated from 1 OECD ISIC sectors; gross_output=58,840 USD m | WIOD: Aggregated from 1 NACE Rev.2 codes; employment_share NULL — SEA files not in repo",2022,2014
CAN,aviation,0.001710,0.006197,0.003487,,5,DATA_PRESENT,OECD_ICIO_2022+WIOD_2014,"CONFLICT: OECD gdp_share=0.0017 (2022) vs WIOD value_added_share=0.0035 (2014), relative diff=50.96%. Vintages differ.","CONFLICT: OECD gdp_share=0.0017 (2022) vs WIOD value_added_share=0.0035 (2014), relative diff=50.96%. Vintages differ. | OECD: Aggregated from 1 OECD ISIC sectors; gross_output=11,271 USD m | WIOD: Aggregated from 1 NACE Rev.2 codes; employment_share NULL — SEA files not in repo",2022,2014
CAN,banking,0.071953,0.031083,0.037927,,5,DATA_PRESENT,OECD_ICIO_2022+WIOD_2014,"CONFLICT: OECD gdp_share=0.0720 (2022) vs WIOD value_added_share=0.0379 (2014), relative diff=47.29%. Vintages differ.","CONFLICT: OECD gdp_share=0.0720 (2022) vs WIOD value_added_share=0.0379 (2014), relative diff=47.29%. Vintages differ. | OECD: Aggregated from 1 OECD ISIC sectors; gross_output=267,822 USD m | WIOD: Aggregated from 1 NACE Rev.2 codes; employment_share NULL — SEA files not in repo",2022,2014
CAN,capital_markets,,,0.000000,,4,DATA_PRESENT,WIOD_2014,,OECD: OECD ICIO has no clean line item for this sector. See OECD_ICIO_SCHEMA_AUDIT.md for the bundling exp | WIOD: Aggregated from 1 NACE Rev.2 codes; employment_share NULL — SEA files not in repo,2022,2014
CAN,consumer_goods,0.175464,0.310193,0.189249,,5,DATA_PRESENT,OECD_ICIO_2022+WIOD_2014,,"OECD: Aggregated from 11 OECD ISIC sectors; gross_output=767,253 USD m | WIOD: Aggregated from 17 NACE Rev.2 codes; employment_share NULL — SEA files not in repo",2022,2014
CAN,electronics,0.005148,0.021660,0.007683,,5,DATA_PRESENT,OECD_ICIO_2022+WIOD_2014,"CONFLICT: OECD gdp_share=0.0051 (2022) vs WIOD value_added_share=0.0077 (2014), relative diff=32.99%. Vintages differ.","CONFLICT: OECD gdp_share=0.0051 (2022) vs WIOD value_added_share=0.0077 (2014), relative diff=32.99%. Vintages differ. | OECD: Aggregated from 2 OECD ISIC sectors; gross_output=25,564 USD m | WIOD: Aggregated from 2 NACE Rev.2 codes; employment_share NULL — SEA files not in repo",2022,2014
CAN,energy,,,,,,MISSING_NO_SOURCE_ANY,NONE,,OECD: OECD ICIO has no clean line item for this sector. See OECD_ICIO_SCHEMA_AUDIT.md for the bundling exp | WIOD: Country in WIOD but no VA for this GEDS sector,2022,2014
CAN,gas,,,,,,MISSING_NO_SOURCE_ANY,NONE,,OECD: OECD ICIO has no clean line item for this sector. See OECD_ICIO_SCHEMA_AUDIT.md for the bundling exp | WIOD: C26 bundles semis; B+D35 bundles gas with oil/utilities,2022,2014
CAN,government,0.125366,0.032130,0.143751,,5,DATA_PRESENT,OECD_ICIO_2022+WIOD_2014,,"OECD: Aggregated from 2 OECD ISIC sectors; gross_output=408,423 USD m | WIOD: Aggregated from 2 NACE Rev.2 codes; employment_share NULL — SEA files not in repo",2022,2014
CAN,insurance,,,0.015845,,4,DATA_PRESENT,WIOD_2014,,OECD: OECD ICIO has no clean line item for this sector. See OECD_ICIO_SCHEMA_AUDIT.md for the bundling exp | WIOD: Aggregated from 1 NACE Rev.2 codes; employment_share NULL — SEA files not in repo,2022,2014
CAN,oil,0.049789,0.136544,0.089155,,5,DATA_PRESENT,OECD_ICIO_2022+WIOD_2014,"CONFLICT: OECD gdp_share=0.0498 (2022) vs WIOD value_added_share=0.0892 (2014), relative diff=44.15%. Vintages differ.","CONFLICT: OECD gdp_share=0.0498 (2022) vs WIOD value_added_share=0.0892 (2014), relative diff=44.15%. Vintages differ. | OECD: Aggregated from 2 OECD ISIC sectors; gross_output=202,875 USD m | WIOD: Aggregated from 2 NACE Rev.2 codes; employment_share NULL — SEA files not in repo",2022,2014
CAN,ports,0.010725,0.011547,0.007660,,5,DATA_PRESENT,OECD_ICIO_2022+WIOD_2014,,"OECD: Aggregated from 1 OECD ISIC sectors; gross_output=48,340 USD m | WIOD: Aggregated from 1 NACE Rev.2 codes; employment_share NULL — SEA files not in repo",2022,2014
CAN,semiconductors,,,,,,MISSING_NO_SOURCE_ANY,NONE,,OECD: OECD ICIO has no clean line item for this sector. See OECD_ICIO_SCHEMA_AUDIT.md for the bundling exp | WIOD: C26 bundles semis; B+D35 bundles gas with oil/utilities,2022,2014
CAN,shipping,0.025473,0.037769,0.025055,,5,DATA_PRESENT,OECD_ICIO_2022+WIOD_2014,,"OECD: Aggregated from 2 OECD ISIC sectors; gross_output=103,310 USD m | WIOD: Aggregated from 2 NACE Rev.2 codes; employment_share NULL — SEA files not in repo",2022,2014
CAN,telecommunications,0.051177,0.039684,0.045889,,5,DATA_PRESENT,OECD_ICIO_2022+WIOD_2014,,"OECD: Aggregated from 3 OECD ISIC sectors; gross_output=183,599 USD m | WIOD: Aggregated from 5 NACE Rev.2 codes; employment_share NULL — SEA files not in repo",2022,2014
CAN,tourism,0.015463,0.014032,0.020575,,5,DATA_PRESENT,OECD_ICIO_2022+WIOD_2014,,"OECD: Aggregated from 1 OECD ISIC sectors; gross_output=75,112 USD m | WIOD: Aggregated from 1 NACE Rev.2 codes; employment_share NULL — SEA files not in repo",2022,2014
CAN,utilities,0.025756,0.009283,0.024328,,5,DATA_PRESENT,OECD_ICIO_2022+WIOD_2014,,"OECD: Aggregated from 2 OECD ISIC sectors; gross_output=71,669 USD m | WIOD: Aggregated from 3 NACE Rev.2 codes; employment_share NULL — SEA files not in repo",2022,2014
CHE,aerospace,0.001838,0.008465,0.003226,,5,DATA_PRESENT,OECD_ICIO_2022+WIOD_2014,"CONFLICT: OECD gdp_share=0.0018 (2022) vs WIOD value_added_share=0.0032 (2014), relative diff=43.03%. Vintages differ.","CONFLICT: OECD gdp_share=0.0018 (2022) vs WIOD value_added_share=0.0032 (2014), relative diff=43.03%. Vintages differ. | OECD: Aggregated from 1 OECD ISIC sectors; gross_output=5,531 USD m | WIOD: Aggregated from 1 NACE Rev.2 codes; employment_share NULL — SEA files not in repo",2022,2014
CHE,agriculture,0.006490,0.003262,0.007516,,5,DATA_PRESENT,OECD_ICIO_2022+WIOD_2014,,"OECD: Aggregated from 3 OECD ISIC sectors; gross_output=13,723 USD m | WIOD: Aggregated from 3 NACE Rev.2 codes; employment_share NULL — SEA files not in repo",2022,2014
CHE,automotive,0.000757,0.002375,0.001233,,5,DATA_PRESENT,OECD_ICIO_2022+WIOD_2014,"CONFLICT: OECD gdp_share=0.0008 (2022) vs WIOD value_added_share=0.0012 (2014), relative diff=38.61%. Vintages differ.","CONFLICT: OECD gdp_share=0.0008 (2022) vs WIOD value_added_share=0.0012 (2014), relative diff=38.61%. Vintages differ. | OECD: Aggregated from 1 OECD ISIC sectors; gross_output=1,971 USD m | WIOD: Aggregated from 1 NACE Rev.2 codes; employment_share NULL — SEA files not in repo",2022,2014
CHE,aviation,0.003480,0.012367,0.003472,,5,DATA_PRESENT,OECD_ICIO_2022+WIOD_2014,,"OECD: Aggregated from 1 OECD ISIC sectors; gross_output=20,665 USD m | WIOD: Aggregated from 1 NACE Rev.2 codes; employment_share NULL — SEA files not in repo",2022,2014
CHE,banking,0.096017,0.090448,0.055619,,5,DATA_PRESENT,OECD_ICIO_2022+WIOD_2014,"CONFLICT: OECD gdp_share=0.0960 (2022) vs WIOD value_added_share=0.0556 (2014), relative diff=42.07%. Vintages differ.","CONFLICT: OECD gdp_share=0.0960 (2022) vs WIOD value_added_share=0.0556 (2014), relative diff=42.07%. Vintages differ. | OECD: Aggregated from 1 OECD ISIC sectors; gross_output=124,367 USD m | WIOD: Aggregated from 1 NACE Rev.2 codes; employment_share NULL — SEA files not in repo",2022,2014
CHE,capital_markets,,,0.000000,,4,DATA_PRESENT,WIOD_2014,,OECD: OECD ICIO has no clean line item for this sector. See OECD_ICIO_SCHEMA_AUDIT.md for the bundling exp | WIOD: Aggregated from 1 NACE Rev.2 codes; employment_share NULL — SEA files not in repo,2022,2014
CHE,consumer_goods,0.287315,0.462539,0.281985,,5,DATA_PRESENT,OECD_ICIO_2022+WIOD_2014,,"OECD: Aggregated from 11 OECD ISIC sectors; gross_output=607,802 USD m | WIOD: Aggregated from 17 NACE Rev.2 codes; employment_share NULL — SEA files not in repo",2022,2014
CHE,electronics,0.045589,0.084471,0.048017,,5,DATA_PRESENT,OECD_ICIO_2022+WIOD_2014,,"OECD: Aggregated from 2 OECD ISIC sectors; gross_output=100,781 USD m | WIOD: Aggregated from 2 NACE Rev.2 codes; employment_share NULL — SEA files not in repo",2022,2014
CHE,energy,,,,,,MISSING_NO_SOURCE_ANY,NONE,,OECD: OECD ICIO has no clean line item for this sector. See OECD_ICIO_SCHEMA_AUDIT.md for the bundling exp | WIOD: Country in WIOD but no VA for this GEDS sector,2022,2014
CHE,gas,,,,,,MISSING_NO_SOURCE_ANY,NONE,,OECD: OECD ICIO has no clean line item for this sector. See OECD_ICIO_SCHEMA_AUDIT.md for the bundling exp | WIOD: C26 bundles semis; B+D35 bundles gas with oil/utilities,2022,2014
CHE,government,0.085511,0.013346,0.113435,,5,DATA_PRESENT,OECD_ICIO_2022+WIOD_2014,,"OECD: Aggregated from 2 OECD ISIC sectors; gross_output=102,599 USD m | WIOD: Aggregated from 2 NACE Rev.2 codes; employment_share NULL — SEA files not in repo",2022,2014
CHE,insurance,,,0.042869,,4,DATA_PRESENT,WIOD_2014,,OECD: OECD ICIO has no clean line item for this sector. See OECD_ICIO_SCHEMA_AUDIT.md for the bundling exp | WIOD: Aggregated from 1 NACE Rev.2 codes; employment_share NULL — SEA files not in repo,2022,2014
CHE,oil,0.000196,0.000363,0.002021,,5,DATA_PRESENT,OECD_ICIO_2022+WIOD_2014,"CONFLICT: OECD gdp_share=0.0002 (2022) vs WIOD value_added_share=0.0020 (2014), relative diff=90.30%. Vintages differ.","CONFLICT: OECD gdp_share=0.0002 (2022) vs WIOD value_added_share=0.0020 (2014), relative diff=90.30%. Vintages differ. | OECD: Aggregated from 2 OECD ISIC sectors; gross_output=426 USD m | WIOD: Aggregated from 2 NACE Rev.2 codes; employment_share NULL — SEA files not in repo",2022,2014
CHE,ports,0.008296,0.016624,0.008070,,5,DATA_PRESENT,OECD_ICIO_2022+WIOD_2014,,"OECD: Aggregated from 1 OECD ISIC sectors; gross_output=29,547 USD m | WIOD: Aggregated from 1 NACE Rev.2 codes; employment_share NULL — SEA files not in repo",2022,2014
CHE,semiconductors,,,,,,MISSING_NO_SOURCE_ANY,NONE,,OECD: OECD ICIO has no clean line item for this sector. See OECD_ICIO_SCHEMA_AUDIT.md for the bundling exp | WIOD: C26 bundles semis; B+D35 bundles gas with oil/utilities,2022,2014
CHE,shipping,0.021899,0.048467,0.024221,,5,DATA_PRESENT,OECD_ICIO_2022+WIOD_2014,,"OECD: Aggregated from 2 OECD ISIC sectors; gross_output=87,314 USD m | WIOD: Aggregated from 2 NACE Rev.2 codes; employment_share NULL — SEA files not in repo",2022,2014
CHE,telecommunications,0.045749,0.057957,0.045662,,5,DATA_PRESENT,OECD_ICIO_2022+WIOD_2014,,"OECD: Aggregated from 3 OECD ISIC sectors; gross_output=79,941 USD m | WIOD: Aggregated from 5 NACE Rev.2 codes; employment_share NULL — SEA files not in repo",2022,2014
CHE,tourism,0.015730,0.012935,0.017685,,5,DATA_PRESENT,OECD_ICIO_2022+WIOD_2014,,"OECD: Aggregated from 1 OECD ISIC sectors; gross_output=26,742 USD m | WIOD: Aggregated from 1 NACE Rev.2 codes; employment_share NULL — SEA files not in repo",2022,2014
CHE,utilities,0.017004,0.020860,0.016111,,5,DATA_PRESENT,OECD_ICIO_2022+WIOD_2014,,"OECD: Aggregated from 2 OECD ISIC sectors; gross_output=95,017 USD m | WIOD: Aggregated from 3 NACE Rev.2 codes; employment_share NULL — SEA files not in repo",2022,2014
CHL,aerospace,0.001310,0.002223,,,4,DATA_PRESENT,OECD_ICIO_2022,,OECD: Aggregated from 1 OECD ISIC sectors; gross_output=944 USD m,2022,
CHL,agriculture,0.035844,0.059762,,,4,DATA_PRESENT,OECD_ICIO_2022,,"OECD: Aggregated from 3 OECD ISIC sectors; gross_output=25,604 USD m",2022,
CHL,automotive,0.000000,0.000000,,,4,DATA_PRESENT,OECD_ICIO_2022,,OECD: Aggregated from 1 OECD ISIC sectors; gross_output=0 USD m,2022,
CHL,aviation,0.003462,0.022078,,,4,DATA_PRESENT,OECD_ICIO_2022,,"OECD: Aggregated from 1 OECD ISIC sectors; gross_output=5,029 USD m",2022,
CHL,banking,0.036557,0.011870,,,4,DATA_PRESENT,OECD_ICIO_2022,,"OECD: Aggregated from 1 OECD ISIC sectors; gross_output=23,877 USD m",2022,
CHL,capital_markets,,,,,,MISSING_NO_SOURCE_ANY,NONE,,OECD: OECD ICIO has no clean line item for this sector. See OECD_ICIO_SCHEMA_AUDIT.md for the bundling exp,2022,
CHL,consumer_goods,0.186494,0.334866,,,4,DATA_PRESENT,OECD_ICIO_2022,,"OECD: Aggregated from 11 OECD ISIC sectors; gross_output=138,501 USD m",2022,
CHL,electronics,0.021415,0.013613,,,4,DATA_PRESENT,OECD_ICIO_2022,,"OECD: Aggregated from 2 OECD ISIC sectors; gross_output=13,415 USD m",2022,
CHL,energy,,,,,,MISSING_NO_SOURCE_ANY,NONE,,OECD: OECD ICIO has no clean line item for this sector. See OECD_ICIO_SCHEMA_AUDIT.md for the bundling exp,2022,
CHL,gas,,,,,,MISSING_NO_SOURCE_ANY,NONE,,OECD: OECD ICIO has no clean line item for this sector. See OECD_ICIO_SCHEMA_AUDIT.md for the bundling exp,2022,
CHL,government,0.102857,0.007960,,,4,DATA_PRESENT,OECD_ICIO_2022,,"OECD: Aggregated from 2 OECD ISIC sectors; gross_output=35,242 USD m",2022,
CHL,insurance,,,,,,MISSING_NO_SOURCE_ANY,NONE,,OECD: OECD ICIO has no clean line item for this sector. See OECD_ICIO_SCHEMA_AUDIT.md for the bundling exp,2022,
CHL,oil,0.007450,0.037492,,,4,DATA_PRESENT,OECD_ICIO_2022,,"OECD: Aggregated from 2 OECD ISIC sectors; gross_output=8,272 USD m",2022,
CHL,ports,0.022735,0.010603,,,4,DATA_PRESENT,OECD_ICIO_2022,,"OECD: Aggregated from 1 OECD ISIC sectors; gross_output=8,894 USD m",2022,
CHL,semiconductors,,,,,,MISSING_NO_SOURCE_ANY,NONE,,OECD: OECD ICIO has no clean line item for this sector. See OECD_ICIO_SCHEMA_AUDIT.md for the bundling exp,2022,
CHL,shipping,0.024541,0.037341,,,4,DATA_PRESENT,OECD_ICIO_2022,,"OECD: Aggregated from 2 OECD ISIC sectors; gross_output=21,168 USD m",2022,
CHL,telecommunications,0.028975,0.011616,,,4,DATA_PRESENT,OECD_ICIO_2022,,"OECD: Aggregated from 3 OECD ISIC sectors; gross_output=16,068 USD m",2022,
CHL,tourism,0.018894,0.007910,,,4,DATA_PRESENT,OECD_ICIO_2022,,"OECD: Aggregated from 1 OECD ISIC sectors; gross_output=11,845 USD m",2022,
CHL,utilities,0.025728,0.025432,,,4,DATA_PRESENT,OECD_ICIO_2022,,"OECD: Aggregated from 2 OECD ISIC sectors; gross_output=17,473 USD m",2022,
CHN,aerospace,0.002505,0.009311,0.007926,,5,DATA_PRESENT,OECD_ICIO_2022+WIOD_2014,"CONFLICT: OECD gdp_share=0.0025 (2022) vs WIOD value_added_share=0.0079 (2014), relative diff=68.40%. Vintages differ.","CONFLICT: OECD gdp_share=0.0025 (2022) vs WIOD value_added_share=0.0079 (2014), relative diff=68.40%. Vintages differ. | OECD: Aggregated from 1 OECD ISIC sectors; gross_output=210,647 USD m | WIOD: Aggregated from 1 NACE Rev.2 codes; employment_share NULL — SEA files not in repo",2022,2014
CHN,agriculture,0.083405,0.015686,0.095235,,5,DATA_PRESENT,OECD_ICIO_2022+WIOD_2014,,"OECD: Aggregated from 3 OECD ISIC sectors; gross_output=2,763,894 USD m | WIOD: Aggregated from 3 NACE Rev.2 codes; employment_share NULL — SEA files not in repo",2022,2014
CHN,automotive,0.015979,0.032300,0.022063,,5,DATA_PRESENT,OECD_ICIO_2022+WIOD_2014,,"OECD: Aggregated from 1 OECD ISIC sectors; gross_output=1,216,322 USD m | WIOD: Aggregated from 1 NACE Rev.2 codes; employment_share NULL — SEA files not in repo",2022,2014
CHN,aviation,0.002421,0.004357,0.002286,,5,DATA_PRESENT,OECD_ICIO_2022+WIOD_2014,,"OECD: Aggregated from 1 OECD ISIC sectors; gross_output=122,257 USD m | WIOD: Aggregated from 1 NACE Rev.2 codes; employment_share NULL — SEA files not in repo",2022,2014
CHN,banking,0.064399,0.004785,0.056078,,5,DATA_PRESENT,OECD_ICIO_2022+WIOD_2014,,"OECD: Aggregated from 1 OECD ISIC sectors; gross_output=1,596,187 USD m | WIOD: Aggregated from 1 NACE Rev.2 codes; employment_share NULL — SEA files not in repo",2022,2014
CHN,capital_markets,,,0.000000,,4,DATA_PRESENT,WIOD_2014,,OECD: OECD ICIO has no clean line item for this sector. See OECD_ICIO_SCHEMA_AUDIT.md for the bundling exp | WIOD: Aggregated from 1 NACE Rev.2 codes; employment_share NULL — SEA files not in repo,2022,2014
CHN,consumer_goods,0.274554,0.368464,0.311181,,5,DATA_PRESENT,OECD_ICIO_2022+WIOD_2014,,"OECD: Aggregated from 11 OECD ISIC sectors; gross_output=13,888,322 USD m | WIOD: Aggregated from 17 NACE Rev.2 codes; employment_share NULL — SEA files not in repo",2022,2014
CHN,electronics,0.036568,0.245696,0.041600,,5,DATA_PRESENT,OECD_ICIO_2022+WIOD_2014,,"OECD: Aggregated from 2 OECD ISIC sectors; gross_output=3,337,908 USD m | WIOD: Aggregated from 2 NACE Rev.2 codes; employment_share NULL — SEA files not in repo",2022,2014
CHN,energy,,,,,,MISSING_NO_SOURCE_ANY,NONE,,OECD: OECD ICIO has no clean line item for this sector. See OECD_ICIO_SCHEMA_AUDIT.md for the bundling exp | WIOD: Country in WIOD but no VA for this GEDS sector,2022,2014
CHN,gas,,,,,,MISSING_NO_SOURCE_ANY,NONE,,OECD: OECD ICIO has no clean line item for this sector. See OECD_ICIO_SCHEMA_AUDIT.md for the bundling exp | WIOD: C26 bundles semis; B+D35 bundles gas with oil/utilities,2022,2014
CHN,government,0.087334,0.004098,0.073751,,5,DATA_PRESENT,OECD_ICIO_2022+WIOD_2014,,"OECD: Aggregated from 2 OECD ISIC sectors; gross_output=2,053,281 USD m | WIOD: Aggregated from 2 NACE Rev.2 codes; employment_share NULL — SEA files not in repo",2022,2014
CHN,insurance,,,0.004587,,4,DATA_PRESENT,WIOD_2014,,OECD: OECD ICIO has no clean line item for this sector. See OECD_ICIO_SCHEMA_AUDIT.md for the bundling exp | WIOD: Aggregated from 1 NACE Rev.2 codes; employment_share NULL — SEA files not in repo,2022,2014
CHN,oil,0.022166,0.057804,0.065639,,5,DATA_PRESENT,OECD_ICIO_2022+WIOD_2014,"CONFLICT: OECD gdp_share=0.0222 (2022) vs WIOD value_added_share=0.0656 (2014), relative diff=66.23%. Vintages differ.","CONFLICT: OECD gdp_share=0.0222 (2022) vs WIOD value_added_share=0.0656 (2014), relative diff=66.23%. Vintages differ. | OECD: Aggregated from 2 OECD ISIC sectors; gross_output=1,165,811 USD m | WIOD: Aggregated from 2 NACE Rev.2 codes; employment_share NULL — SEA files not in repo",2022,2014
CHN,ports,0.006295,0.004033,0.006262,,5,DATA_PRESENT,OECD_ICIO_2022+WIOD_2014,,"OECD: Aggregated from 1 OECD ISIC sectors; gross_output=290,676 USD m | WIOD: Aggregated from 1 NACE Rev.2 codes; employment_share NULL — SEA files not in repo",2022,2014
CHN,semiconductors,,,,,,MISSING_NO_SOURCE_ANY,NONE,,OECD: OECD ICIO has no clean line item for this sector. See OECD_ICIO_SCHEMA_AUDIT.md for the bundling exp | WIOD: C26 bundles semis; B+D35 bundles gas with oil/utilities,2022,2014
CHN,shipping,0.035587,0.021794,0.035622,,5,DATA_PRESENT,OECD_ICIO_2022+WIOD_2014,,"OECD: Aggregated from 2 OECD ISIC sectors; gross_output=1,364,277 USD m | WIOD: Aggregated from 2 NACE Rev.2 codes; employment_share NULL — SEA files not in repo",2022,2014
CHN,telecommunications,0.029724,0.018855,0.028045,,5,DATA_PRESENT,OECD_ICIO_2022+WIOD_2014,,"OECD: Aggregated from 3 OECD ISIC sectors; gross_output=989,379 USD m | WIOD: Aggregated from 5 NACE Rev.2 codes; employment_share NULL — SEA files not in repo",2022,2014
CHN,tourism,0.016719,0.003533,0.019449,,5,DATA_PRESENT,OECD_ICIO_2022+WIOD_2014,,"OECD: Aggregated from 1 OECD ISIC sectors; gross_output=786,176 USD m | WIOD: Aggregated from 1 NACE Rev.2 codes; employment_share NULL — SEA files not in repo",2022,2014
CHN,utilities,0.028559,0.026911,0.022820,,5,DATA_PRESENT,OECD_ICIO_2022+WIOD_2014,,"OECD: Aggregated from 2 OECD ISIC sectors; gross_output=1,642,043 USD m | WIOD: Aggregated from 3 NACE Rev.2 codes; employment_share NULL — SEA files not in repo",2022,2014
CIV,aerospace,0.000216,0.001607,,,4,DATA_PRESENT,OECD_ICIO_2022,,OECD: Aggregated from 1 OECD ISIC sectors; gross_output=43 USD m,2022,
CIV,agriculture,0.247851,0.254631,,,4,DATA_PRESENT,OECD_ICIO_2022,,"OECD: Aggregated from 3 OECD ISIC sectors; gross_output=20,572 USD m",2022,
CIV,automotive,0.000855,0.001989,,,4,DATA_PRESENT,OECD_ICIO_2022,,OECD: Aggregated from 1 OECD ISIC sectors; gross_output=212 USD m,2022,
CIV,aviation,0.004722,0.015029,,,4,DATA_PRESENT,OECD_ICIO_2022,,"OECD: Aggregated from 1 OECD ISIC sectors; gross_output=1,164 USD m",2022,
CIV,banking,0.031284,0.007432,,,4,DATA_PRESENT,OECD_ICIO_2022,,"OECD: Aggregated from 1 OECD ISIC sectors; gross_output=2,714 USD m",2022,
CIV,capital_markets,,,,,,MISSING_NO_SOURCE_ANY,NONE,,OECD: OECD ICIO has no clean line item for this sector. See OECD_ICIO_SCHEMA_AUDIT.md for the bundling exp,2022,
CIV,consumer_goods,0.276658,0.294069,,,4,DATA_PRESENT,OECD_ICIO_2022,,"OECD: Aggregated from 11 OECD ISIC sectors; gross_output=36,030 USD m",2022,
CIV,electronics,0.000054,0.000158,,,4,DATA_PRESENT,OECD_ICIO_2022,,OECD: Aggregated from 2 OECD ISIC sectors; gross_output=7 USD m,2022,
CIV,energy,,,,,,MISSING_NO_SOURCE_ANY,NONE,,OECD: OECD ICIO has no clean line item for this sector. See OECD_ICIO_SCHEMA_AUDIT.md for the bundling exp,2022,
CIV,gas,,,,,,MISSING_NO_SOURCE_ANY,NONE,,OECD: OECD ICIO has no clean line item for this sector. See OECD_ICIO_SCHEMA_AUDIT.md for the bundling exp,2022,
CIV,government,0.114008,0.012669,,,4,DATA_PRESENT,OECD_ICIO_2022,,"OECD: Aggregated from 2 OECD ISIC sectors; gross_output=9,103 USD m",2022,
CIV,insurance,,,,,,MISSING_NO_SOURCE_ANY,NONE,,OECD: OECD ICIO has no clean line item for this sector. See OECD_ICIO_SCHEMA_AUDIT.md for the bundling exp,2022,
CIV,oil,0.022341,0.160397,,,4,DATA_PRESENT,OECD_ICIO_2022,,"OECD: Aggregated from 2 OECD ISIC sectors; gross_output=4,650 USD m",2022,
CIV,ports,0.017670,0.014271,,,4,DATA_PRESENT,OECD_ICIO_2022,,"OECD: Aggregated from 1 OECD ISIC sectors; gross_output=2,143 USD m",2022,
CIV,semiconductors,,,,,,MISSING_NO_SOURCE_ANY,NONE,,OECD: OECD ICIO has no clean line item for this sector. See OECD_ICIO_SCHEMA_AUDIT.md for the bundling exp,2022,
CIV,shipping,0.027065,0.031486,,,4,DATA_PRESENT,OECD_ICIO_2022,,"OECD: Aggregated from 2 OECD ISIC sectors; gross_output=3,498 USD m",2022,
CIV,telecommunications,0.035194,0.021239,,,4,DATA_PRESENT,OECD_ICIO_2022,,"OECD: Aggregated from 3 OECD ISIC sectors; gross_output=3,495 USD m",2022,
CIV,tourism,0.006892,0.004988,,,4,DATA_PRESENT,OECD_ICIO_2022,,OECD: Aggregated from 1 OECD ISIC sectors; gross_output=988 USD m,2022,
CIV,utilities,0.023004,0.015959,,,4,DATA_PRESENT,OECD_ICIO_2022,,"OECD: Aggregated from 2 OECD ISIC sectors; gross_output=2,076 USD m",2022,
CMR,aerospace,0.000056,0.000122,,,4,DATA_PRESENT,OECD_ICIO_2022,,OECD: Aggregated from 1 OECD ISIC sectors; gross_output=4 USD m,2022,
CMR,agriculture,0.173897,0.113919,,,4,DATA_PRESENT,OECD_ICIO_2022,,"OECD: Aggregated from 3 OECD ISIC sectors; gross_output=8,499 USD m",2022,
CMR,automotive,0.000124,0.000601,,,4,DATA_PRESENT,OECD_ICIO_2022,,OECD: Aggregated from 1 OECD ISIC sectors; gross_output=12 USD m,2022,
CMR,aviation,0.007003,0.023969,,,4,DATA_PRESENT,OECD_ICIO_2022,,OECD: Aggregated from 1 OECD ISIC sectors; gross_output=582 USD m,2022,
CMR,banking,0.019205,0.036124,,,4,DATA_PRESENT,OECD_ICIO_2022,,"OECD: Aggregated from 1 OECD ISIC sectors; gross_output=1,021 USD m",2022,
CMR,capital_markets,,,,,,MISSING_NO_SOURCE_ANY,NONE,,OECD: OECD ICIO has no clean line item for this sector. See OECD_ICIO_SCHEMA_AUDIT.md for the bundling exp,2022,
CMR,consumer_goods,0.250851,0.234957,,,4,DATA_PRESENT,OECD_ICIO_2022,,"OECD: Aggregated from 11 OECD ISIC sectors; gross_output=16,495 USD m",2022,
CMR,electronics,0.000362,0.001299,,,4,DATA_PRESENT,OECD_ICIO_2022,,OECD: Aggregated from 2 OECD ISIC sectors; gross_output=27 USD m,2022,
CMR,energy,,,,,,MISSING_NO_SOURCE_ANY,NONE,,OECD: OECD ICIO has no clean line item for this sector. See OECD_ICIO_SCHEMA_AUDIT.md for the bundling exp,2022,
CMR,gas,,,,,,MISSING_NO_SOURCE_ANY,NONE,,OECD: OECD ICIO has no clean line item for this sector. See OECD_ICIO_SCHEMA_AUDIT.md for the bundling exp,2022,
CMR,government,0.089585,0.031057,,,4,DATA_PRESENT,OECD_ICIO_2022,,"OECD: Aggregated from 2 OECD ISIC sectors; gross_output=4,976 USD m",2022,
CMR,insurance,,,,,,MISSING_NO_SOURCE_ANY,NONE,,OECD: OECD ICIO has no clean line item for this sector. See OECD_ICIO_SCHEMA_AUDIT.md for the bundling exp,2022,
CMR,oil,0.064984,0.221058,,,4,DATA_PRESENT,OECD_ICIO_2022,,"OECD: Aggregated from 2 OECD ISIC sectors; gross_output=3,222 USD m",2022,
CMR,ports,0.028701,0.034733,,,4,DATA_PRESENT,OECD_ICIO_2022,,"OECD: Aggregated from 1 OECD ISIC sectors; gross_output=1,576 USD m",2022,
CMR,semiconductors,,,,,,MISSING_NO_SOURCE_ANY,NONE,,OECD: OECD ICIO has no clean line item for this sector. See OECD_ICIO_SCHEMA_AUDIT.md for the bundling exp,2022,
CMR,shipping,0.056736,0.076496,,,4,DATA_PRESENT,OECD_ICIO_2022,,"OECD: Aggregated from 2 OECD ISIC sectors; gross_output=3,241 USD m",2022,
CMR,telecommunications,0.022013,0.031081,,,4,DATA_PRESENT,OECD_ICIO_2022,,"OECD: Aggregated from 3 OECD ISIC sectors; gross_output=1,313 USD m",2022,
CMR,tourism,0.052495,0.011404,,,4,DATA_PRESENT,OECD_ICIO_2022,,"OECD: Aggregated from 1 OECD ISIC sectors; gross_output=3,159 USD m",2022,
CMR,utilities,0.014429,0.005132,,,4,DATA_PRESENT,OECD_ICIO_2022,,OECD: Aggregated from 2 OECD ISIC sectors; gross_output=933 USD m,2022,
COD,aerospace,0.000010,0.000022,,,4,DATA_PRESENT,OECD_ICIO_2022,,OECD: Aggregated from 1 OECD ISIC sectors; gross_output=1 USD m,2022,
COD,agriculture,0.081758,0.062929,,,4,DATA_PRESENT,OECD_ICIO_2022,,"OECD: Aggregated from 3 OECD ISIC sectors; gross_output=7,121 USD m",2022,
COD,automotive,0.007429,0.006230,,,4,DATA_PRESENT,OECD_ICIO_2022,,OECD: Aggregated from 1 OECD ISIC sectors; gross_output=926 USD m,2022,
COD,aviation,0.000803,0.001558,,,4,DATA_PRESENT,OECD_ICIO_2022,,OECD: Aggregated from 1 OECD ISIC sectors; gross_output=118 USD m,2022,
COD,banking,0.015663,0.003921,,,4,DATA_PRESENT,OECD_ICIO_2022,,"OECD: Aggregated from 1 OECD ISIC sectors; gross_output=1,159 USD m",2022,
COD,capital_markets,,,,,,MISSING_NO_SOURCE_ANY,NONE,,OECD: OECD ICIO has no clean line item for this sector. See OECD_ICIO_SCHEMA_AUDIT.md for the bundling exp,2022,
COD,consumer_goods,0.237864,0.168130,,,4,DATA_PRESENT,OECD_ICIO_2022,,"OECD: Aggregated from 11 OECD ISIC sectors; gross_output=25,017 USD m",2022,
COD,electronics,0.003777,0.006638,,,4,DATA_PRESENT,OECD_ICIO_2022,,OECD: Aggregated from 2 OECD ISIC sectors; gross_output=470 USD m,2022,
COD,energy,,,,,,MISSING_NO_SOURCE_ANY,NONE,,OECD: OECD ICIO has no clean line item for this sector. See OECD_ICIO_SCHEMA_AUDIT.md for the bundling exp,2022,
COD,gas,,,,,,MISSING_NO_SOURCE_ANY,NONE,,OECD: OECD ICIO has no clean line item for this sector. See OECD_ICIO_SCHEMA_AUDIT.md for the bundling exp,2022,
COD,government,0.095771,0.010677,,,4,DATA_PRESENT,OECD_ICIO_2022,,"OECD: Aggregated from 2 OECD ISIC sectors; gross_output=6,820 USD m",2022,
COD,insurance,,,,,,MISSING_NO_SOURCE_ANY,NONE,,OECD: OECD ICIO has no clean line item for this sector. See OECD_ICIO_SCHEMA_AUDIT.md for the bundling exp,2022,
COD,oil,0.005172,0.010765,,,4,DATA_PRESENT,OECD_ICIO_2022,,OECD: Aggregated from 2 OECD ISIC sectors; gross_output=445 USD m,2022,
COD,ports,0.006418,0.006809,,,4,DATA_PRESENT,OECD_ICIO_2022,,OECD: Aggregated from 1 OECD ISIC sectors; gross_output=563 USD m,2022,
COD,semiconductors,,,,,,MISSING_NO_SOURCE_ANY,NONE,,OECD: OECD ICIO has no clean line item for this sector. See OECD_ICIO_SCHEMA_AUDIT.md for the bundling exp,2022,
COD,shipping,0.055930,0.056739,,,4,DATA_PRESENT,OECD_ICIO_2022,,"OECD: Aggregated from 2 OECD ISIC sectors; gross_output=5,029 USD m",2022,
COD,telecommunications,0.026465,0.007253,,,4,DATA_PRESENT,OECD_ICIO_2022,,"OECD: Aggregated from 3 OECD ISIC sectors; gross_output=2,247 USD m",2022,
COD,tourism,0.042177,0.010533,,,4,DATA_PRESENT,OECD_ICIO_2022,,"OECD: Aggregated from 1 OECD ISIC sectors; gross_output=3,697 USD m",2022,
COD,utilities,0.006135,0.002903,,,4,DATA_PRESENT,OECD_ICIO_2022,,OECD: Aggregated from 2 OECD ISIC sectors; gross_output=552 USD m,2022,
COL,aerospace,0.000452,0.001879,,,4,DATA_PRESENT,OECD_ICIO_2022,,OECD: Aggregated from 1 OECD ISIC sectors; gross_output=665 USD m,2022,
COL,agriculture,0.096546,0.067593,,,4,DATA_PRESENT,OECD_ICIO_2022,,"OECD: Aggregated from 3 OECD ISIC sectors; gross_output=45,892 USD m",2022,
COL,automotive,0.001622,0.008788,,,4,DATA_PRESENT,OECD_ICIO_2022,,"OECD: Aggregated from 1 OECD ISIC sectors; gross_output=2,669 USD m",2022,
COL,aviation,0.004808,0.020294,,,4,DATA_PRESENT,OECD_ICIO_2022,,"OECD: Aggregated from 1 OECD ISIC sectors; gross_output=4,425 USD m",2022,
COL,banking,0.043914,0.011425,,,4,DATA_PRESENT,OECD_ICIO_2022,,"OECD: Aggregated from 1 OECD ISIC sectors; gross_output=24,830 USD m",2022,
COL,capital_markets,,,,,,MISSING_NO_SOURCE_ANY,NONE,,OECD: OECD ICIO has no clean line item for this sector. See OECD_ICIO_SCHEMA_AUDIT.md for the bundling exp,2022,
COL,consumer_goods,0.208726,0.350691,,,4,DATA_PRESENT,OECD_ICIO_2022,,"OECD: Aggregated from 11 OECD ISIC sectors; gross_output=169,745 USD m",2022,
COL,electronics,0.004528,0.020729,,,4,DATA_PRESENT,OECD_ICIO_2022,,"OECD: Aggregated from 2 OECD ISIC sectors; gross_output=5,219 USD m",2022,
COL,energy,,,,,,MISSING_NO_SOURCE_ANY,NONE,,OECD: OECD ICIO has no clean line item for this sector. See OECD_ICIO_SCHEMA_AUDIT.md for the bundling exp,2022,
COL,gas,,,,,,MISSING_NO_SOURCE_ANY,NONE,,OECD: OECD ICIO has no clean line item for this sector. See OECD_ICIO_SCHEMA_AUDIT.md for the bundling exp,2022,
COL,government,0.103761,0.017195,,,4,DATA_PRESENT,OECD_ICIO_2022,,"OECD: Aggregated from 2 OECD ISIC sectors; gross_output=51,492 USD m",2022,
COL,insurance,,,,,,MISSING_NO_SOURCE_ANY,NONE,,OECD: OECD ICIO has no clean line item for this sector. See OECD_ICIO_SCHEMA_AUDIT.md for the bundling exp,2022,
COL,oil,0.057998,0.174729,,,4,DATA_PRESENT,OECD_ICIO_2022,,"OECD: Aggregated from 2 OECD ISIC sectors; gross_output=49,034 USD m",2022,
COL,ports,0.010177,0.008705,,,4,DATA_PRESENT,OECD_ICIO_2022,,"OECD: Aggregated from 1 OECD ISIC sectors; gross_output=5,762 USD m",2022,
COL,semiconductors,,,,,,MISSING_NO_SOURCE_ANY,NONE,,OECD: OECD ICIO has no clean line item for this sector. See OECD_ICIO_SCHEMA_AUDIT.md for the bundling exp,2022,
COL,shipping,0.034346,0.023293,,,4,DATA_PRESENT,OECD_ICIO_2022,,"OECD: Aggregated from 2 OECD ISIC sectors; gross_output=21,783 USD m",2022,
COL,telecommunications,0.026851,0.013405,,,4,DATA_PRESENT,OECD_ICIO_2022,,"OECD: Aggregated from 3 OECD ISIC sectors; gross_output=16,103 USD m",2022,
COL,tourism,0.038869,0.023694,,,4,DATA_PRESENT,OECD_ICIO_2022,,"OECD: Aggregated from 1 OECD ISIC sectors; gross_output=26,528 USD m",2022,
COL,utilities,0.040701,0.013253,,,4,DATA_PRESENT,OECD_ICIO_2022,,"OECD: Aggregated from 2 OECD ISIC sectors; gross_output=27,247 USD m",2022,
CRI,aerospace,0.000028,0.000114,,,4,DATA_PRESENT,OECD_ICIO_2022,,OECD: Aggregated from 1 OECD ISIC sectors; gross_output=4 USD m,2022,
CRI,agriculture,0.038646,0.077249,,,4,DATA_PRESENT,OECD_ICIO_2022,,"OECD: Aggregated from 3 OECD ISIC sectors; gross_output=5,218 USD m",2022,
CRI,automotive,0.000222,0.000299,,,4,DATA_PRESENT,OECD_ICIO_2022,,OECD: Aggregated from 1 OECD ISIC sectors; gross_output=36 USD m,2022,
CRI,aviation,0.001649,0.008033,,,4,DATA_PRESENT,OECD_ICIO_2022,,OECD: Aggregated from 1 OECD ISIC sectors; gross_output=343 USD m,2022,
CRI,banking,0.049873,0.016772,,,4,DATA_PRESENT,OECD_ICIO_2022,,"OECD: Aggregated from 1 OECD ISIC sectors; gross_output=5,238 USD m",2022,
CRI,capital_markets,,,,,,MISSING_NO_SOURCE_ANY,NONE,,OECD: OECD ICIO has no clean line item for this sector. See OECD_ICIO_SCHEMA_AUDIT.md for the bundling exp,2022,
CRI,consumer_goods,0.314947,0.448876,,,4,DATA_PRESENT,OECD_ICIO_2022,,"OECD: Aggregated from 11 OECD ISIC sectors; gross_output=39,447 USD m",2022,
CRI,electronics,0.011132,0.033053,,,4,DATA_PRESENT,OECD_ICIO_2022,,"OECD: Aggregated from 2 OECD ISIC sectors; gross_output=1,412 USD m",2022,
CRI,energy,,,,,,MISSING_NO_SOURCE_ANY,NONE,,OECD: OECD ICIO has no clean line item for this sector. See OECD_ICIO_SCHEMA_AUDIT.md for the bundling exp,2022,
CRI,gas,,,,,,MISSING_NO_SOURCE_ANY,NONE,,OECD: OECD ICIO has no clean line item for this sector. See OECD_ICIO_SCHEMA_AUDIT.md for the bundling exp,2022,
CRI,government,0.099787,0.010611,,,4,DATA_PRESENT,OECD_ICIO_2022,,"OECD: Aggregated from 2 OECD ISIC sectors; gross_output=7,910 USD m",2022,
CRI,insurance,,,,,,MISSING_NO_SOURCE_ANY,NONE,,OECD: OECD ICIO has no clean line item for this sector. See OECD_ICIO_SCHEMA_AUDIT.md for the bundling exp,2022,
CRI,oil,0.002202,0.011314,,,4,DATA_PRESENT,OECD_ICIO_2022,,OECD: Aggregated from 2 OECD ISIC sectors; gross_output=660 USD m,2022,
CRI,ports,0.007762,0.015271,,,4,DATA_PRESENT,OECD_ICIO_2022,,OECD: Aggregated from 1 OECD ISIC sectors; gross_output=890 USD m,2022,
CRI,semiconductors,,,,,,MISSING_NO_SOURCE_ANY,NONE,,OECD: OECD ICIO has no clean line item for this sector. See OECD_ICIO_SCHEMA_AUDIT.md for the bundling exp,2022,
CRI,shipping,0.032465,0.049286,,,4,DATA_PRESENT,OECD_ICIO_2022,,"OECD: Aggregated from 2 OECD ISIC sectors; gross_output=4,101 USD m",2022,
CRI,telecommunications,0.055043,0.041161,,,4,DATA_PRESENT,OECD_ICIO_2022,,"OECD: Aggregated from 3 OECD ISIC sectors; gross_output=5,196 USD m",2022,
CRI,tourism,0.024302,0.049103,,,4,DATA_PRESENT,OECD_ICIO_2022,,"OECD: Aggregated from 1 OECD ISIC sectors; gross_output=3,375 USD m",2022,
CRI,utilities,0.023535,0.005984,,,4,DATA_PRESENT,OECD_ICIO_2022,,"OECD: Aggregated from 2 OECD ISIC sectors; gross_output=2,219 USD m",2022,
CYP,aerospace,0.000081,0.000104,0.000037,,5,DATA_PRESENT,OECD_ICIO_2022+WIOD_2014,"CONFLICT: OECD gdp_share=0.0001 (2022) vs WIOD value_added_share=0.0000 (2014), relative diff=54.32%. Vintages differ.","CONFLICT: OECD gdp_share=0.0001 (2022) vs WIOD value_added_share=0.0000 (2014), relative diff=54.32%. Vintages differ. | OECD: Aggregated from 1 OECD ISIC sectors; gross_output=6 USD m | WIOD: Aggregated from 1 NACE Rev.2 codes; employment_share NULL — SEA files not in repo",2022,2014
CYP,agriculture,0.013258,0.010209,0.023304,,5,DATA_PRESENT,OECD_ICIO_2022+WIOD_2014,"CONFLICT: OECD gdp_share=0.0133 (2022) vs WIOD value_added_share=0.0233 (2014), relative diff=43.11%. Vintages differ.","CONFLICT: OECD gdp_share=0.0133 (2022) vs WIOD value_added_share=0.0233 (2014), relative diff=43.11%. Vintages differ. | OECD: Aggregated from 3 OECD ISIC sectors; gross_output=737 USD m | WIOD: Aggregated from 3 NACE Rev.2 codes; employment_share NULL — SEA files not in repo",2022,2014
CYP,automotive,0.000207,0.000484,0.000154,,5,DATA_PRESENT,OECD_ICIO_2022+WIOD_2014,,OECD: Aggregated from 1 OECD ISIC sectors; gross_output=19 USD m | WIOD: Aggregated from 1 NACE Rev.2 codes; employment_share NULL — SEA files not in repo,2022,2014
CYP,aviation,-0.000257,0.003189,0.000389,,5,DATA_PRESENT,OECD_ICIO_2022+WIOD_2014,"CONFLICT: OECD gdp_share=-0.0003 (2022) vs WIOD value_added_share=0.0004 (2014), relative diff=166.07%. Vintages differ.","CONFLICT: OECD gdp_share=-0.0003 (2022) vs WIOD value_added_share=0.0004 (2014), relative diff=166.07%. Vintages differ. | OECD: Aggregated from 1 OECD ISIC sectors; gross_output=75 USD m | WIOD: Aggregated from 1 NACE Rev.2 codes; employment_share NULL — SEA files not in repo",2022,2014
CYP,banking,0.093913,0.276214,0.078197,,5,DATA_PRESENT,OECD_ICIO_2022+WIOD_2014,,"OECD: Aggregated from 1 OECD ISIC sectors; gross_output=7,336 USD m | WIOD: Aggregated from 1 NACE Rev.2 codes; employment_share NULL — SEA files not in repo",2022,2014
CYP,capital_markets,,,0.009849,,4,DATA_PRESENT,WIOD_2014,,OECD: OECD ICIO has no clean line item for this sector. See OECD_ICIO_SCHEMA_AUDIT.md for the bundling exp | WIOD: Aggregated from 1 NACE Rev.2 codes; employment_share NULL — SEA files not in repo,2022,2014
CYP,consumer_goods,0.174449,0.096370,0.197075,,5,DATA_PRESENT,OECD_ICIO_2022+WIOD_2014,,"OECD: Aggregated from 11 OECD ISIC sectors; gross_output=7,719 USD m | WIOD: Aggregated from 17 NACE Rev.2 codes; employment_share NULL — SEA files not in repo",2022,2014
CYP,electronics,0.001410,0.002251,0.000682,,5,DATA_PRESENT,OECD_ICIO_2022+WIOD_2014,"CONFLICT: OECD gdp_share=0.0014 (2022) vs WIOD value_added_share=0.0007 (2014), relative diff=51.63%. Vintages differ.","CONFLICT: OECD gdp_share=0.0014 (2022) vs WIOD value_added_share=0.0007 (2014), relative diff=51.63%. Vintages differ. | OECD: Aggregated from 2 OECD ISIC sectors; gross_output=86 USD m | WIOD: Aggregated from 2 NACE Rev.2 codes; employment_share NULL — SEA files not in repo",2022,2014
CYP,energy,,,,,,MISSING_NO_SOURCE_ANY,NONE,,OECD: OECD ICIO has no clean line item for this sector. See OECD_ICIO_SCHEMA_AUDIT.md for the bundling exp | WIOD: Country in WIOD but no VA for this GEDS sector,2022,2014
CYP,gas,,,,,,MISSING_NO_SOURCE_ANY,NONE,,OECD: OECD ICIO has no clean line item for this sector. See OECD_ICIO_SCHEMA_AUDIT.md for the bundling exp | WIOD: C26 bundles semis; B+D35 bundles gas with oil/utilities,2022,2014
CYP,government,0.138194,0.012402,0.164250,,5,DATA_PRESENT,OECD_ICIO_2022+WIOD_2014,,"OECD: Aggregated from 2 OECD ISIC sectors; gross_output=4,069 USD m | WIOD: Aggregated from 2 NACE Rev.2 codes; employment_share NULL — SEA files not in repo",2022,2014
CYP,insurance,,,0.005678,,4,DATA_PRESENT,WIOD_2014,,OECD: OECD ICIO has no clean line item for this sector. See OECD_ICIO_SCHEMA_AUDIT.md for the bundling exp | WIOD: Aggregated from 1 NACE Rev.2 codes; employment_share NULL — SEA files not in repo,2022,2014
CYP,oil,0.000783,0.000269,0.001076,,5,DATA_PRESENT,OECD_ICIO_2022+WIOD_2014,,OECD: Aggregated from 2 OECD ISIC sectors; gross_output=37 USD m | WIOD: Aggregated from 2 NACE Rev.2 codes; employment_share NULL — SEA files not in repo,2022,2014
CYP,ports,0.027171,0.105704,0.024451,,5,DATA_PRESENT,OECD_ICIO_2022+WIOD_2014,,"OECD: Aggregated from 1 OECD ISIC sectors; gross_output=3,526 USD m | WIOD: Aggregated from 1 NACE Rev.2 codes; employment_share NULL — SEA files not in repo",2022,2014
CYP,semiconductors,,,,,,MISSING_NO_SOURCE_ANY,NONE,,OECD: OECD ICIO has no clean line item for this sector. See OECD_ICIO_SCHEMA_AUDIT.md for the bundling exp | WIOD: C26 bundles semis; B+D35 bundles gas with oil/utilities,2022,2014
CYP,shipping,0.026121,0.040517,0.041066,,5,DATA_PRESENT,OECD_ICIO_2022+WIOD_2014,"CONFLICT: OECD gdp_share=0.0261 (2022) vs WIOD value_added_share=0.0411 (2014), relative diff=36.39%. Vintages differ.","CONFLICT: OECD gdp_share=0.0261 (2022) vs WIOD value_added_share=0.0411 (2014), relative diff=36.39%. Vintages differ. | OECD: Aggregated from 2 OECD ISIC sectors; gross_output=2,024 USD m | WIOD: Aggregated from 2 NACE Rev.2 codes; employment_share NULL — SEA files not in repo",2022,2014
CYP,telecommunications,0.107148,0.275627,0.049942,,5,DATA_PRESENT,OECD_ICIO_2022+WIOD_2014,"CONFLICT: OECD gdp_share=0.1071 (2022) vs WIOD value_added_share=0.0499 (2014), relative diff=53.39%. Vintages differ.","CONFLICT: OECD gdp_share=0.1071 (2022) vs WIOD value_added_share=0.0499 (2014), relative diff=53.39%. Vintages differ. | OECD: Aggregated from 3 OECD ISIC sectors; gross_output=8,925 USD m | WIOD: Aggregated from 5 NACE Rev.2 codes; employment_share NULL — SEA files not in repo",2022,2014
CYP,tourism,0.056255,0.034920,0.065636,,5,DATA_PRESENT,OECD_ICIO_2022+WIOD_2014,,"OECD: Aggregated from 1 OECD ISIC sectors; gross_output=2,721 USD m | WIOD: Aggregated from 1 NACE Rev.2 codes; employment_share NULL — SEA files not in repo",2022,2014
CYP,utilities,0.016949,0.010148,0.029005,,5,DATA_PRESENT,OECD_ICIO_2022+WIOD_2014,"CONFLICT: OECD gdp_share=0.0169 (2022) vs WIOD value_added_share=0.0290 (2014), relative diff=41.57%. Vintages differ.","CONFLICT: OECD gdp_share=0.0169 (2022) vs WIOD value_added_share=0.0290 (2014), relative diff=41.57%. Vintages differ. | OECD: Aggregated from 2 OECD ISIC sectors; gross_output=1,631 USD m | WIOD: Aggregated from 3 NACE Rev.2 codes; employment_share NULL — SEA files not in repo",2022,2014
CZE,aerospace,0.004266,0.010270,0.005453,,5,DATA_PRESENT,OECD_ICIO_2022+WIOD_2014,,"OECD: Aggregated from 1 OECD ISIC sectors; gross_output=4,061 USD m | WIOD: Aggregated from 1 NACE Rev.2 codes; employment_share NULL — SEA files not in repo",2022,2014
CZE,agriculture,0.022803,0.019169,0.027044,,5,DATA_PRESENT,OECD_ICIO_2022+WIOD_2014,,"OECD: Aggregated from 3 OECD ISIC sectors; gross_output=15,887 USD m | WIOD: Aggregated from 3 NACE Rev.2 codes; employment_share NULL — SEA files not in repo",2022,2014
CZE,automotive,0.039590,0.207345,0.048974,,5,DATA_PRESENT,OECD_ICIO_2022+WIOD_2014,,"OECD: Aggregated from 1 OECD ISIC sectors; gross_output=60,288 USD m | WIOD: Aggregated from 1 NACE Rev.2 codes; employment_share NULL — SEA files not in repo",2022,2014
CZE,aviation,0.000557,0.003091,0.000819,,5,DATA_PRESENT,OECD_ICIO_2022+WIOD_2014,"CONFLICT: OECD gdp_share=0.0006 (2022) vs WIOD value_added_share=0.0008 (2014), relative diff=31.99%. Vintages differ.","CONFLICT: OECD gdp_share=0.0006 (2022) vs WIOD value_added_share=0.0008 (2014), relative diff=31.99%. Vintages differ. | OECD: Aggregated from 1 OECD ISIC sectors; gross_output=1,152 USD m | WIOD: Aggregated from 1 NACE Rev.2 codes; employment_share NULL — SEA files not in repo",2022,2014
CZE,banking,0.036200,0.009209,0.034782,,5,DATA_PRESENT,OECD_ICIO_2022+WIOD_2014,,"OECD: Aggregated from 1 OECD ISIC sectors; gross_output=19,847 USD m | WIOD: Aggregated from 1 NACE Rev.2 codes; employment_share NULL — SEA files not in repo",2022,2014
CZE,capital_markets,,,0.003564,,4,DATA_PRESENT,WIOD_2014,,OECD: OECD ICIO has no clean line item for this sector. See OECD_ICIO_SCHEMA_AUDIT.md for the bundling exp | WIOD: Aggregated from 1 NACE Rev.2 codes; employment_share NULL — SEA files not in repo,2022,2014
CZE,consumer_goods,0.218101,0.316591,0.275905,,5,DATA_PRESENT,OECD_ICIO_2022+WIOD_2014,,"OECD: Aggregated from 11 OECD ISIC sectors; gross_output=164,873 USD m | WIOD: Aggregated from 17 NACE Rev.2 codes; employment_share NULL — SEA files not in repo",2022,2014
CZE,electronics,0.029675,0.105361,0.036885,,5,DATA_PRESENT,OECD_ICIO_2022+WIOD_2014,,"OECD: Aggregated from 2 OECD ISIC sectors; gross_output=30,308 USD m | WIOD: Aggregated from 2 NACE Rev.2 codes; employment_share NULL — SEA files not in repo",2022,2014
CZE,energy,,,,,,MISSING_NO_SOURCE_ANY,NONE,,OECD: OECD ICIO has no clean line item for this sector. See OECD_ICIO_SCHEMA_AUDIT.md for the bundling exp | WIOD: Country in WIOD but no VA for this GEDS sector,2022,2014
CZE,gas,,,,,,MISSING_NO_SOURCE_ANY,NONE,,OECD: OECD ICIO has no clean line item for this sector. See OECD_ICIO_SCHEMA_AUDIT.md for the bundling exp | WIOD: C26 bundles semis; B+D35 bundles gas with oil/utilities,2022,2014
CZE,government,0.105288,0.005825,0.105325,,5,DATA_PRESENT,OECD_ICIO_2022+WIOD_2014,,"OECD: Aggregated from 2 OECD ISIC sectors; gross_output=37,301 USD m | WIOD: Aggregated from 2 NACE Rev.2 codes; employment_share NULL — SEA files not in repo",2022,2014
CZE,insurance,,,0.006703,,4,DATA_PRESENT,WIOD_2014,,OECD: OECD ICIO has no clean line item for this sector. See OECD_ICIO_SCHEMA_AUDIT.md for the bundling exp | WIOD: Aggregated from 1 NACE Rev.2 codes; employment_share NULL — SEA files not in repo,2022,2014
CZE,oil,0.000336,0.001752,0.009846,,5,DATA_PRESENT,OECD_ICIO_2022+WIOD_2014,"CONFLICT: OECD gdp_share=0.0003 (2022) vs WIOD value_added_share=0.0098 (2014), relative diff=96.59%. Vintages differ.","CONFLICT: OECD gdp_share=0.0003 (2022) vs WIOD value_added_share=0.0098 (2014), relative diff=96.59%. Vintages differ. | OECD: Aggregated from 2 OECD ISIC sectors; gross_output=702 USD m | WIOD: Aggregated from 2 NACE Rev.2 codes; employment_share NULL — SEA files not in repo",2022,2014
CZE,ports,0.022419,0.016278,0.021988,,5,DATA_PRESENT,OECD_ICIO_2022+WIOD_2014,,"OECD: Aggregated from 1 OECD ISIC sectors; gross_output=15,202 USD m | WIOD: Aggregated from 1 NACE Rev.2 codes; employment_share NULL — SEA files not in repo",2022,2014
CZE,semiconductors,,,,,,MISSING_NO_SOURCE_ANY,NONE,,OECD: OECD ICIO has no clean line item for this sector. See OECD_ICIO_SCHEMA_AUDIT.md for the bundling exp | WIOD: C26 bundles semis; B+D35 bundles gas with oil/utilities,2022,2014
CZE,shipping,0.027841,0.033850,0.030343,,5,DATA_PRESENT,OECD_ICIO_2022+WIOD_2014,,"OECD: Aggregated from 2 OECD ISIC sectors; gross_output=18,630 USD m | WIOD: Aggregated from 2 NACE Rev.2 codes; employment_share NULL — SEA files not in repo",2022,2014
CZE,telecommunications,0.067170,0.038183,0.053109,,5,DATA_PRESENT,OECD_ICIO_2022+WIOD_2014,,"OECD: Aggregated from 3 OECD ISIC sectors; gross_output=30,989 USD m | WIOD: Aggregated from 5 NACE Rev.2 codes; employment_share NULL — SEA files not in repo",2022,2014
CZE,tourism,0.015876,0.010269,0.019535,,5,DATA_PRESENT,OECD_ICIO_2022+WIOD_2014,,"OECD: Aggregated from 1 OECD ISIC sectors; gross_output=9,825 USD m | WIOD: Aggregated from 1 NACE Rev.2 codes; employment_share NULL — SEA files not in repo",2022,2014
CZE,utilities,0.047619,0.055510,0.049752,,5,DATA_PRESENT,OECD_ICIO_2022+WIOD_2014,,"OECD: Aggregated from 2 OECD ISIC sectors; gross_output=37,582 USD m | WIOD: Aggregated from 3 NACE Rev.2 codes; employment_share NULL — SEA files not in repo",2022,2014
DEU,aerospace,0.004404,0.012279,0.005130,,5,DATA_PRESENT,OECD_ICIO_2022+WIOD_2014,,"OECD: Aggregated from 1 OECD ISIC sectors; gross_output=47,670 USD m | WIOD: Aggregated from 1 NACE Rev.2 codes; employment_share NULL — SEA files not in repo",2022,2014
DEU,agriculture,0.011141,0.007825,0.006825,,5,DATA_PRESENT,OECD_ICIO_2022+WIOD_2014,"CONFLICT: OECD gdp_share=0.0111 (2022) vs WIOD value_added_share=0.0068 (2014), relative diff=38.74%. Vintages differ.","CONFLICT: OECD gdp_share=0.0111 (2022) vs WIOD value_added_share=0.0068 (2014), relative diff=38.74%. Vintages differ. | OECD: Aggregated from 3 OECD ISIC sectors; gross_output=85,213 USD m | WIOD: Aggregated from 3 NACE Rev.2 codes; employment_share NULL — SEA files not in repo",2022,2014
DEU,automotive,0.042275,0.120957,0.040265,,5,DATA_PRESENT,OECD_ICIO_2022+WIOD_2014,,"OECD: Aggregated from 1 OECD ISIC sectors; gross_output=496,516 USD m | WIOD: Aggregated from 1 NACE Rev.2 codes; employment_share NULL — SEA files not in repo",2022,2014
DEU,aviation,0.002574,0.009762,0.002459,,5,DATA_PRESENT,OECD_ICIO_2022+WIOD_2014,,"OECD: Aggregated from 1 OECD ISIC sectors; gross_output=38,450 USD m | WIOD: Aggregated from 1 NACE Rev.2 codes; employment_share NULL — SEA files not in repo",2022,2014
DEU,banking,0.037388,0.039418,0.025369,,5,DATA_PRESENT,OECD_ICIO_2022+WIOD_2014,"CONFLICT: OECD gdp_share=0.0374 (2022) vs WIOD value_added_share=0.0254 (2014), relative diff=32.15%. Vintages differ.","CONFLICT: OECD gdp_share=0.0374 (2022) vs WIOD value_added_share=0.0254 (2014), relative diff=32.15%. Vintages differ. | OECD: Aggregated from 1 OECD ISIC sectors; gross_output=319,409 USD m | WIOD: Aggregated from 1 NACE Rev.2 codes; employment_share NULL — SEA files not in repo",2022,2014
DEU,capital_markets,,,0.005709,,4,DATA_PRESENT,WIOD_2014,,OECD: OECD ICIO has no clean line item for this sector. See OECD_ICIO_SCHEMA_AUDIT.md for the bundling exp | WIOD: Aggregated from 1 NACE Rev.2 codes; employment_share NULL — SEA files not in repo,2022,2014
DEU,consumer_goods,0.212271,0.383609,0.242563,,5,DATA_PRESENT,OECD_ICIO_2022+WIOD_2014,,"OECD: Aggregated from 11 OECD ISIC sectors; gross_output=1,962,235 USD m | WIOD: Aggregated from 17 NACE Rev.2 codes; employment_share NULL — SEA files not in repo",2022,2014
DEU,electronics,0.026717,0.085342,0.029580,,5,DATA_PRESENT,OECD_ICIO_2022+WIOD_2014,,"OECD: Aggregated from 2 OECD ISIC sectors; gross_output=245,451 USD m | WIOD: Aggregated from 2 NACE Rev.2 codes; employment_share NULL — SEA files not in repo",2022,2014
DEU,energy,,,,,,MISSING_NO_SOURCE_ANY,NONE,,OECD: OECD ICIO has no clean line item for this sector. See OECD_ICIO_SCHEMA_AUDIT.md for the bundling exp | WIOD: Country in WIOD but no VA for this GEDS sector,2022,2014
DEU,gas,,,,,,MISSING_NO_SOURCE_ANY,NONE,,OECD: OECD ICIO has no clean line item for this sector. See OECD_ICIO_SCHEMA_AUDIT.md for the bundling exp | WIOD: C26 bundles semis; B+D35 bundles gas with oil/utilities,2022,2014
DEU,government,0.110121,0.011086,0.106899,,5,DATA_PRESENT,OECD_ICIO_2022+WIOD_2014,,"OECD: Aggregated from 2 OECD ISIC sectors; gross_output=598,848 USD m | WIOD: Aggregated from 2 NACE Rev.2 codes; employment_share NULL — SEA files not in repo",2022,2014
DEU,insurance,,,0.009944,,4,DATA_PRESENT,WIOD_2014,,OECD: OECD ICIO has no clean line item for this sector. See OECD_ICIO_SCHEMA_AUDIT.md for the bundling exp | WIOD: Aggregated from 1 NACE Rev.2 codes; employment_share NULL — SEA files not in repo,2022,2014
DEU,oil,0.003335,0.031684,0.003630,,5,DATA_PRESENT,OECD_ICIO_2022+WIOD_2014,,"OECD: Aggregated from 2 OECD ISIC sectors; gross_output=114,274 USD m | WIOD: Aggregated from 2 NACE Rev.2 codes; employment_share NULL — SEA files not in repo",2022,2014
DEU,ports,0.016467,0.015147,0.017827,,5,DATA_PRESENT,OECD_ICIO_2022+WIOD_2014,,"OECD: Aggregated from 1 OECD ISIC sectors; gross_output=191,364 USD m | WIOD: Aggregated from 1 NACE Rev.2 codes; employment_share NULL — SEA files not in repo",2022,2014
DEU,semiconductors,,,,,,MISSING_NO_SOURCE_ANY,NONE,,OECD: OECD ICIO has no clean line item for this sector. See OECD_ICIO_SCHEMA_AUDIT.md for the bundling exp | WIOD: C26 bundles semis; B+D35 bundles gas with oil/utilities,2022,2014
DEU,shipping,0.022542,0.039600,0.021511,,5,DATA_PRESENT,OECD_ICIO_2022+WIOD_2014,,"OECD: Aggregated from 2 OECD ISIC sectors; gross_output=197,141 USD m | WIOD: Aggregated from 2 NACE Rev.2 codes; employment_share NULL — SEA files not in repo",2022,2014
DEU,telecommunications,0.046905,0.036241,0.053895,,5,DATA_PRESENT,OECD_ICIO_2022+WIOD_2014,,"OECD: Aggregated from 3 OECD ISIC sectors; gross_output=366,958 USD m | WIOD: Aggregated from 5 NACE Rev.2 codes; employment_share NULL — SEA files not in repo",2022,2014
DEU,tourism,0.014447,0.007538,0.015011,,5,DATA_PRESENT,OECD_ICIO_2022+WIOD_2014,,"OECD: Aggregated from 1 OECD ISIC sectors; gross_output=120,315 USD m | WIOD: Aggregated from 1 NACE Rev.2 codes; employment_share NULL — SEA files not in repo",2022,2014
DEU,utilities,0.031699,0.025989,0.029201,,5,DATA_PRESENT,OECD_ICIO_2022+WIOD_2014,,"OECD: Aggregated from 2 OECD ISIC sectors; gross_output=314,644 USD m | WIOD: Aggregated from 3 NACE Rev.2 codes; employment_share NULL — SEA files not in repo",2022,2014
DNK,aerospace,0.000418,0.000729,0.000643,,5,DATA_PRESENT,OECD_ICIO_2022+WIOD_2014,"CONFLICT: OECD gdp_share=0.0004 (2022) vs WIOD value_added_share=0.0006 (2014), relative diff=34.99%. Vintages differ.","CONFLICT: OECD gdp_share=0.0004 (2022) vs WIOD value_added_share=0.0006 (2014), relative diff=34.99%. Vintages differ. | OECD: Aggregated from 1 OECD ISIC sectors; gross_output=394 USD m | WIOD: Aggregated from 1 NACE Rev.2 codes; employment_share NULL — SEA files not in repo",2022,2014
DNK,agriculture,0.008980,0.022535,0.015786,,5,DATA_PRESENT,OECD_ICIO_2022+WIOD_2014,"CONFLICT: OECD gdp_share=0.0090 (2022) vs WIOD value_added_share=0.0158 (2014), relative diff=43.11%. Vintages differ.","CONFLICT: OECD gdp_share=0.0090 (2022) vs WIOD value_added_share=0.0158 (2014), relative diff=43.11%. Vintages differ. | OECD: Aggregated from 3 OECD ISIC sectors; gross_output=14,642 USD m | WIOD: Aggregated from 3 NACE Rev.2 codes; employment_share NULL — SEA files not in repo",2022,2014
DNK,automotive,0.000967,0.002307,0.001122,,5,DATA_PRESENT,OECD_ICIO_2022+WIOD_2014,,"OECD: Aggregated from 1 OECD ISIC sectors; gross_output=1,006 USD m | WIOD: Aggregated from 1 NACE Rev.2 codes; employment_share NULL — SEA files not in repo",2022,2014
DNK,aviation,0.000954,0.009062,0.002780,,5,DATA_PRESENT,OECD_ICIO_2022+WIOD_2014,"CONFLICT: OECD gdp_share=0.0010 (2022) vs WIOD value_added_share=0.0028 (2014), relative diff=65.68%. Vintages differ.","CONFLICT: OECD gdp_share=0.0010 (2022) vs WIOD value_added_share=0.0028 (2014), relative diff=65.68%. Vintages differ. | OECD: Aggregated from 1 OECD ISIC sectors; gross_output=2,449 USD m | WIOD: Aggregated from 1 NACE Rev.2 codes; employment_share NULL — SEA files not in repo",2022,2014
DNK,banking,0.046652,0.020030,0.047639,,5,DATA_PRESENT,OECD_ICIO_2022+WIOD_2014,,"OECD: Aggregated from 1 OECD ISIC sectors; gross_output=29,977 USD m | WIOD: Aggregated from 1 NACE Rev.2 codes; employment_share NULL — SEA files not in repo",2022,2014
DNK,capital_markets,,,0.006453,,4,DATA_PRESENT,WIOD_2014,,OECD: OECD ICIO has no clean line item for this sector. See OECD_ICIO_SCHEMA_AUDIT.md for the bundling exp | WIOD: Aggregated from 1 NACE Rev.2 codes; employment_share NULL — SEA files not in repo,2022,2014
DNK,consumer_goods,0.241438,0.327269,0.240316,,5,DATA_PRESENT,OECD_ICIO_2022+WIOD_2014,,"OECD: Aggregated from 11 OECD ISIC sectors; gross_output=196,307 USD m | WIOD: Aggregated from 17 NACE Rev.2 codes; employment_share NULL — SEA files not in repo",2022,2014
DNK,electronics,0.011993,0.025407,0.013306,,5,DATA_PRESENT,OECD_ICIO_2022+WIOD_2014,,"OECD: Aggregated from 2 OECD ISIC sectors; gross_output=9,421 USD m | WIOD: Aggregated from 2 NACE Rev.2 codes; employment_share NULL — SEA files not in repo",2022,2014
DNK,energy,,,,,,MISSING_NO_SOURCE_ANY,NONE,,OECD: OECD ICIO has no clean line item for this sector. See OECD_ICIO_SCHEMA_AUDIT.md for the bundling exp | WIOD: Country in WIOD but no VA for this GEDS sector,2022,2014
DNK,gas,,,,,,MISSING_NO_SOURCE_ANY,NONE,,OECD: OECD ICIO has no clean line item for this sector. See OECD_ICIO_SCHEMA_AUDIT.md for the bundling exp | WIOD: C26 bundles semis; B+D35 bundles gas with oil/utilities,2022,2014
DNK,government,0.094869,0.016359,0.121407,,5,DATA_PRESENT,OECD_ICIO_2022+WIOD_2014,,"OECD: Aggregated from 2 OECD ISIC sectors; gross_output=49,997 USD m | WIOD: Aggregated from 2 NACE Rev.2 codes; employment_share NULL — SEA files not in repo",2022,2014
DNK,insurance,,,0.010263,,4,DATA_PRESENT,WIOD_2014,,OECD: OECD ICIO has no clean line item for this sector. See OECD_ICIO_SCHEMA_AUDIT.md for the bundling exp | WIOD: Aggregated from 1 NACE Rev.2 codes; employment_share NULL — SEA files not in repo,2022,2014
DNK,oil,0.007656,0.016195,0.025740,,5,DATA_PRESENT,OECD_ICIO_2022+WIOD_2014,"CONFLICT: OECD gdp_share=0.0077 (2022) vs WIOD value_added_share=0.0257 (2014), relative diff=70.26%. Vintages differ.","CONFLICT: OECD gdp_share=0.0077 (2022) vs WIOD value_added_share=0.0257 (2014), relative diff=70.26%. Vintages differ. | OECD: Aggregated from 2 OECD ISIC sectors; gross_output=10,900 USD m | WIOD: Aggregated from 2 NACE Rev.2 codes; employment_share NULL — SEA files not in repo",2022,2014
DNK,ports,0.014939,0.032431,0.014418,,5,DATA_PRESENT,OECD_ICIO_2022+WIOD_2014,,"OECD: Aggregated from 1 OECD ISIC sectors; gross_output=12,179 USD m | WIOD: Aggregated from 1 NACE Rev.2 codes; employment_share NULL — SEA files not in repo",2022,2014
DNK,semiconductors,,,,,,MISSING_NO_SOURCE_ANY,NONE,,OECD: OECD ICIO has no clean line item for this sector. See OECD_ICIO_SCHEMA_AUDIT.md for the bundling exp | WIOD: C26 bundles semis; B+D35 bundles gas with oil/utilities,2022,2014
DNK,shipping,0.104030,0.293401,0.037622,,5,DATA_PRESENT,OECD_ICIO_2022+WIOD_2014,"CONFLICT: OECD gdp_share=0.1040 (2022) vs WIOD value_added_share=0.0376 (2014), relative diff=63.84%. Vintages differ.","CONFLICT: OECD gdp_share=0.1040 (2022) vs WIOD value_added_share=0.0376 (2014), relative diff=63.84%. Vintages differ. | OECD: Aggregated from 2 OECD ISIC sectors; gross_output=98,070 USD m | WIOD: Aggregated from 2 NACE Rev.2 codes; employment_share NULL — SEA files not in repo",2022,2014
DNK,telecommunications,0.045128,0.041121,0.049705,,5,DATA_PRESENT,OECD_ICIO_2022+WIOD_2014,,"OECD: Aggregated from 3 OECD ISIC sectors; gross_output=34,570 USD m | WIOD: Aggregated from 5 NACE Rev.2 codes; employment_share NULL — SEA files not in repo",2022,2014
DNK,tourism,0.015063,0.010278,0.014968,,5,DATA_PRESENT,OECD_ICIO_2022+WIOD_2014,,"OECD: Aggregated from 1 OECD ISIC sectors; gross_output=12,211 USD m | WIOD: Aggregated from 1 NACE Rev.2 codes; employment_share NULL — SEA files not in repo",2022,2014
DNK,utilities,0.030893,0.020764,0.021751,,5,DATA_PRESENT,OECD_ICIO_2022+WIOD_2014,,"OECD: Aggregated from 2 OECD ISIC sectors; gross_output=26,355 USD m | WIOD: Aggregated from 3 NACE Rev.2 codes; employment_share NULL — SEA files not in repo",2022,2014
EGY,aerospace,0.000288,0.000172,,,4,DATA_PRESENT,OECD_ICIO_2022,,OECD: Aggregated from 1 OECD ISIC sectors; gross_output=165 USD m,2022,
EGY,agriculture,0.109001,0.048876,,,4,DATA_PRESENT,OECD_ICIO_2022,,"OECD: Aggregated from 3 OECD ISIC sectors; gross_output=55,753 USD m",2022,
EGY,automotive,0.001940,0.005850,,,4,DATA_PRESENT,OECD_ICIO_2022,,"OECD: Aggregated from 1 OECD ISIC sectors; gross_output=2,288 USD m",2022,
EGY,aviation,0.007012,0.018397,,,4,DATA_PRESENT,OECD_ICIO_2022,,"OECD: Aggregated from 1 OECD ISIC sectors; gross_output=4,658 USD m",2022,
EGY,banking,0.043027,0.017922,,,4,DATA_PRESENT,OECD_ICIO_2022,,"OECD: Aggregated from 1 OECD ISIC sectors; gross_output=18,065 USD m",2022,
EGY,capital_markets,,,,,,MISSING_NO_SOURCE_ANY,NONE,,OECD: OECD ICIO has no clean line item for this sector. See OECD_ICIO_SCHEMA_AUDIT.md for the bundling exp,2022,
EGY,consumer_goods,0.217585,0.319563,,,4,DATA_PRESENT,OECD_ICIO_2022,,"OECD: Aggregated from 11 OECD ISIC sectors; gross_output=142,389 USD m",2022,
EGY,electronics,0.006092,0.032115,,,4,DATA_PRESENT,OECD_ICIO_2022,,"OECD: Aggregated from 2 OECD ISIC sectors; gross_output=7,229 USD m",2022,
EGY,energy,,,,,,MISSING_NO_SOURCE_ANY,NONE,,OECD: OECD ICIO has no clean line item for this sector. See OECD_ICIO_SCHEMA_AUDIT.md for the bundling exp,2022,
EGY,gas,,,,,,MISSING_NO_SOURCE_ANY,NONE,,OECD: OECD ICIO has no clean line item for this sector. See OECD_ICIO_SCHEMA_AUDIT.md for the bundling exp,2022,
EGY,government,0.080755,0.006783,,,4,DATA_PRESENT,OECD_ICIO_2022,,"OECD: Aggregated from 2 OECD ISIC sectors; gross_output=33,942 USD m",2022,
EGY,insurance,,,,,,MISSING_NO_SOURCE_ANY,NONE,,OECD: OECD ICIO has no clean line item for this sector. See OECD_ICIO_SCHEMA_AUDIT.md for the bundling exp,2022,
EGY,oil,0.127899,0.175317,,,4,DATA_PRESENT,OECD_ICIO_2022,,"OECD: Aggregated from 2 OECD ISIC sectors; gross_output=75,118 USD m",2022,
EGY,ports,0.032992,0.054293,,,4,DATA_PRESENT,OECD_ICIO_2022,,"OECD: Aggregated from 1 OECD ISIC sectors; gross_output=16,623 USD m",2022,
EGY,semiconductors,,,,,,MISSING_NO_SOURCE_ANY,NONE,,OECD: OECD ICIO has no clean line item for this sector. See OECD_ICIO_SCHEMA_AUDIT.md for the bundling exp,2022,
EGY,shipping,0.056147,0.063080,,,4,DATA_PRESENT,OECD_ICIO_2022,,"OECD: Aggregated from 2 OECD ISIC sectors; gross_output=29,669 USD m",2022,
EGY,telecommunications,0.027952,0.022068,,,4,DATA_PRESENT,OECD_ICIO_2022,,"OECD: Aggregated from 3 OECD ISIC sectors; gross_output=13,764 USD m",2022,
EGY,tourism,0.020195,0.049640,,,4,DATA_PRESENT,OECD_ICIO_2022,,"OECD: Aggregated from 1 OECD ISIC sectors; gross_output=12,629 USD m",2022,
EGY,utilities,0.019672,0.017202,,,4,DATA_PRESENT,OECD_ICIO_2022,,"OECD: Aggregated from 2 OECD ISIC sectors; gross_output=19,225 USD m",2022,
ESP,aerospace,0.003450,0.018543,0.006278,,5,DATA_PRESENT,OECD_ICIO_2022+WIOD_2014,"CONFLICT: OECD gdp_share=0.0034 (2022) vs WIOD value_added_share=0.0063 (2014), relative diff=45.05%. Vintages differ.","CONFLICT: OECD gdp_share=0.0034 (2022) vs WIOD value_added_share=0.0063 (2014), relative diff=45.05%. Vintages differ. | OECD: Aggregated from 1 OECD ISIC sectors; gross_output=16,586 USD m | WIOD: Aggregated from 1 NACE Rev.2 codes; employment_share NULL — SEA files not in repo",2022,2014
ESP,agriculture,0.025334,0.036014,0.025206,,5,DATA_PRESENT,OECD_ICIO_2022+WIOD_2014,,"OECD: Aggregated from 3 OECD ISIC sectors; gross_output=72,574 USD m | WIOD: Aggregated from 3 NACE Rev.2 codes; employment_share NULL — SEA files not in repo",2022,2014
ESP,automotive,0.010369,0.077560,0.009122,,5,DATA_PRESENT,OECD_ICIO_2022+WIOD_2014,,"OECD: Aggregated from 1 OECD ISIC sectors; gross_output=73,784 USD m | WIOD: Aggregated from 1 NACE Rev.2 codes; employment_share NULL — SEA files not in repo",2022,2014
ESP,aviation,0.002549,0.013037,0.002968,,5,DATA_PRESENT,OECD_ICIO_2022+WIOD_2014,,"OECD: Aggregated from 1 OECD ISIC sectors; gross_output=14,780 USD m | WIOD: Aggregated from 1 NACE Rev.2 codes; employment_share NULL — SEA files not in repo",2022,2014
ESP,banking,0.042508,0.015100,0.028186,,5,DATA_PRESENT,OECD_ICIO_2022+WIOD_2014,"CONFLICT: OECD gdp_share=0.0425 (2022) vs WIOD value_added_share=0.0282 (2014), relative diff=33.69%. Vintages differ.","CONFLICT: OECD gdp_share=0.0425 (2022) vs WIOD value_added_share=0.0282 (2014), relative diff=33.69%. Vintages differ. | OECD: Aggregated from 1 OECD ISIC sectors; gross_output=94,223 USD m | WIOD: Aggregated from 1 NACE Rev.2 codes; employment_share NULL — SEA files not in repo",2022,2014
ESP,capital_markets,,,0.004467,,4,DATA_PRESENT,WIOD_2014,,OECD: OECD ICIO has no clean line item for this sector. See OECD_ICIO_SCHEMA_AUDIT.md for the bundling exp | WIOD: Aggregated from 1 NACE Rev.2 codes; employment_share NULL — SEA files not in repo,2022,2014
ESP,consumer_goods,0.211734,0.376650,0.229631,,5,DATA_PRESENT,OECD_ICIO_2022+WIOD_2014,,"OECD: Aggregated from 11 OECD ISIC sectors; gross_output=722,040 USD m | WIOD: Aggregated from 17 NACE Rev.2 codes; employment_share NULL — SEA files not in repo",2022,2014
ESP,electronics,0.005502,0.032097,0.007820,,5,DATA_PRESENT,OECD_ICIO_2022+WIOD_2014,,"OECD: Aggregated from 2 OECD ISIC sectors; gross_output=27,621 USD m | WIOD: Aggregated from 2 NACE Rev.2 codes; employment_share NULL — SEA files not in repo",2022,2014
ESP,energy,,,,,,MISSING_NO_SOURCE_ANY,NONE,,OECD: OECD ICIO has no clean line item for this sector. See OECD_ICIO_SCHEMA_AUDIT.md for the bundling exp | WIOD: Country in WIOD but no VA for this GEDS sector,2022,2014
ESP,gas,,,,,,MISSING_NO_SOURCE_ANY,NONE,,OECD: OECD ICIO has no clean line item for this sector. See OECD_ICIO_SCHEMA_AUDIT.md for the bundling exp | WIOD: C26 bundles semis; B+D35 bundles gas with oil/utilities,2022,2014
ESP,government,0.112691,0.011284,0.125178,,5,DATA_PRESENT,OECD_ICIO_2022+WIOD_2014,,"OECD: Aggregated from 2 OECD ISIC sectors; gross_output=188,887 USD m | WIOD: Aggregated from 2 NACE Rev.2 codes; employment_share NULL — SEA files not in repo",2022,2014
ESP,insurance,,,0.008815,,4,DATA_PRESENT,WIOD_2014,,OECD: OECD ICIO has no clean line item for this sector. See OECD_ICIO_SCHEMA_AUDIT.md for the bundling exp | WIOD: Aggregated from 1 NACE Rev.2 codes; employment_share NULL — SEA files not in repo,2022,2014
ESP,oil,0.006514,0.072577,0.004389,,5,DATA_PRESENT,OECD_ICIO_2022+WIOD_2014,"CONFLICT: OECD gdp_share=0.0065 (2022) vs WIOD value_added_share=0.0044 (2014), relative diff=32.62%. Vintages differ.","CONFLICT: OECD gdp_share=0.0065 (2022) vs WIOD value_added_share=0.0044 (2014), relative diff=32.62%. Vintages differ. | OECD: Aggregated from 2 OECD ISIC sectors; gross_output=67,044 USD m | WIOD: Aggregated from 2 NACE Rev.2 codes; employment_share NULL — SEA files not in repo",2022,2014
ESP,ports,0.016771,0.018031,0.018966,,5,DATA_PRESENT,OECD_ICIO_2022+WIOD_2014,,"OECD: Aggregated from 1 OECD ISIC sectors; gross_output=66,889 USD m | WIOD: Aggregated from 1 NACE Rev.2 codes; employment_share NULL — SEA files not in repo",2022,2014
ESP,semiconductors,,,,,,MISSING_NO_SOURCE_ANY,NONE,,OECD: OECD ICIO has no clean line item for this sector. See OECD_ICIO_SCHEMA_AUDIT.md for the bundling exp | WIOD: C26 bundles semis; B+D35 bundles gas with oil/utilities,2022,2014
ESP,shipping,0.023771,0.032964,0.025462,,5,DATA_PRESENT,OECD_ICIO_2022+WIOD_2014,,"OECD: Aggregated from 2 OECD ISIC sectors; gross_output=73,089 USD m | WIOD: Aggregated from 2 NACE Rev.2 codes; employment_share NULL — SEA files not in repo",2022,2014
ESP,telecommunications,0.039390,0.054009,0.045181,,5,DATA_PRESENT,OECD_ICIO_2022+WIOD_2014,,"OECD: Aggregated from 3 OECD ISIC sectors; gross_output=113,432 USD m | WIOD: Aggregated from 5 NACE Rev.2 codes; employment_share NULL — SEA files not in repo",2022,2014
ESP,tourism,0.059258,0.030365,0.069102,,5,DATA_PRESENT,OECD_ICIO_2022+WIOD_2014,,"OECD: Aggregated from 1 OECD ISIC sectors; gross_output=134,524 USD m | WIOD: Aggregated from 1 NACE Rev.2 codes; employment_share NULL — SEA files not in repo",2022,2014
ESP,utilities,0.045487,0.022290,0.034767,,5,DATA_PRESENT,OECD_ICIO_2022+WIOD_2014,,"OECD: Aggregated from 2 OECD ISIC sectors; gross_output=143,766 USD m | WIOD: Aggregated from 3 NACE Rev.2 codes; employment_share NULL — SEA files not in repo",2022,2014
EST,aerospace,0.000023,0.000070,0.001133,,5,DATA_PRESENT,OECD_ICIO_2022+WIOD_2014,"CONFLICT: OECD gdp_share=0.0000 (2022) vs WIOD value_added_share=0.0011 (2014), relative diff=97.97%. Vintages differ.","CONFLICT: OECD gdp_share=0.0000 (2022) vs WIOD value_added_share=0.0011 (2014), relative diff=97.97%. Vintages differ. | OECD: Aggregated from 1 OECD ISIC sectors; gross_output=4 USD m | WIOD: Aggregated from 1 NACE Rev.2 codes; employment_share NULL — SEA files not in repo",2022,2014
EST,agriculture,0.027454,0.035017,0.034447,,5,DATA_PRESENT,OECD_ICIO_2022+WIOD_2014,,"OECD: Aggregated from 3 OECD ISIC sectors; gross_output=3,140 USD m | WIOD: Aggregated from 3 NACE Rev.2 codes; employment_share NULL — SEA files not in repo",2022,2014
EST,automotive,0.003768,0.020008,0.005344,,5,DATA_PRESENT,OECD_ICIO_2022+WIOD_2014,,OECD: Aggregated from 1 OECD ISIC sectors; gross_output=670 USD m | WIOD: Aggregated from 1 NACE Rev.2 codes; employment_share NULL — SEA files not in repo,2022,2014
EST,aviation,0.001444,0.007505,0.000782,,5,DATA_PRESENT,OECD_ICIO_2022+WIOD_2014,"CONFLICT: OECD gdp_share=0.0014 (2022) vs WIOD value_added_share=0.0008 (2014), relative diff=45.84%. Vintages differ.","CONFLICT: OECD gdp_share=0.0014 (2022) vs WIOD value_added_share=0.0008 (2014), relative diff=45.84%. Vintages differ. | OECD: Aggregated from 1 OECD ISIC sectors; gross_output=256 USD m | WIOD: Aggregated from 1 NACE Rev.2 codes; employment_share NULL — SEA files not in repo",2022,2014
EST,banking,0.045391,0.014352,0.029748,,5,DATA_PRESENT,OECD_ICIO_2022+WIOD_2014,"CONFLICT: OECD gdp_share=0.0454 (2022) vs WIOD value_added_share=0.0297 (2014), relative diff=34.46%. Vintages differ.","CONFLICT: OECD gdp_share=0.0454 (2022) vs WIOD value_added_share=0.0297 (2014), relative diff=34.46%. Vintages differ. | OECD: Aggregated from 1 OECD ISIC sectors; gross_output=2,318 USD m | WIOD: Aggregated from 1 NACE Rev.2 codes; employment_share NULL — SEA files not in repo",2022,2014
EST,capital_markets,,,0.003693,,4,DATA_PRESENT,WIOD_2014,,OECD: OECD ICIO has no clean line item for this sector. See OECD_ICIO_SCHEMA_AUDIT.md for the bundling exp | WIOD: Aggregated from 1 NACE Rev.2 codes; employment_share NULL — SEA files not in repo,2022,2014
EST,consumer_goods,0.212277,0.353061,0.245484,,5,DATA_PRESENT,OECD_ICIO_2022+WIOD_2014,,"OECD: Aggregated from 11 OECD ISIC sectors; gross_output=20,362 USD m | WIOD: Aggregated from 17 NACE Rev.2 codes; employment_share NULL — SEA files not in repo",2022,2014
EST,electronics,0.017018,0.079319,0.021202,,5,DATA_PRESENT,OECD_ICIO_2022+WIOD_2014,,"OECD: Aggregated from 2 OECD ISIC sectors; gross_output=2,669 USD m | WIOD: Aggregated from 2 NACE Rev.2 codes; employment_share NULL — SEA files not in repo",2022,2014
EST,energy,,,,,,MISSING_NO_SOURCE_ANY,NONE,,OECD: OECD ICIO has no clean line item for this sector. See OECD_ICIO_SCHEMA_AUDIT.md for the bundling exp | WIOD: Country in WIOD but no VA for this GEDS sector,2022,2014
EST,gas,,,,,,MISSING_NO_SOURCE_ANY,NONE,,OECD: OECD ICIO has no clean line item for this sector. See OECD_ICIO_SCHEMA_AUDIT.md for the bundling exp | WIOD: C26 bundles semis; B+D35 bundles gas with oil/utilities,2022,2014
EST,government,0.104255,0.010737,0.113355,,5,DATA_PRESENT,OECD_ICIO_2022+WIOD_2014,,"OECD: Aggregated from 2 OECD ISIC sectors; gross_output=5,015 USD m | WIOD: Aggregated from 2 NACE Rev.2 codes; employment_share NULL — SEA files not in repo",2022,2014
EST,insurance,,,0.004472,,4,DATA_PRESENT,WIOD_2014,,OECD: OECD ICIO has no clean line item for this sector. See OECD_ICIO_SCHEMA_AUDIT.md for the bundling exp | WIOD: Aggregated from 1 NACE Rev.2 codes; employment_share NULL — SEA files not in repo,2022,2014
EST,oil,0.008728,0.014629,0.022491,,5,DATA_PRESENT,OECD_ICIO_2022+WIOD_2014,"CONFLICT: OECD gdp_share=0.0087 (2022) vs WIOD value_added_share=0.0225 (2014), relative diff=61.19%. Vintages differ.","CONFLICT: OECD gdp_share=0.0087 (2022) vs WIOD value_added_share=0.0225 (2014), relative diff=61.19%. Vintages differ. | OECD: Aggregated from 2 OECD ISIC sectors; gross_output=869 USD m | WIOD: Aggregated from 2 NACE Rev.2 codes; employment_share NULL — SEA files not in repo",2022,2014
EST,ports,0.026582,0.077527,0.046905,,5,DATA_PRESENT,OECD_ICIO_2022+WIOD_2014,"CONFLICT: OECD gdp_share=0.0266 (2022) vs WIOD value_added_share=0.0469 (2014), relative diff=43.33%. Vintages differ.","CONFLICT: OECD gdp_share=0.0266 (2022) vs WIOD value_added_share=0.0469 (2014), relative diff=43.33%. Vintages differ. | OECD: Aggregated from 1 OECD ISIC sectors; gross_output=3,366 USD m | WIOD: Aggregated from 1 NACE Rev.2 codes; employment_share NULL — SEA files not in repo",2022,2014
EST,semiconductors,,,,,,MISSING_NO_SOURCE_ANY,NONE,,OECD: OECD ICIO has no clean line item for this sector. See OECD_ICIO_SCHEMA_AUDIT.md for the bundling exp | WIOD: C26 bundles semis; B+D35 bundles gas with oil/utilities,2022,2014
EST,shipping,0.030763,0.052315,0.036761,,5,DATA_PRESENT,OECD_ICIO_2022+WIOD_2014,,"OECD: Aggregated from 2 OECD ISIC sectors; gross_output=2,825 USD m | WIOD: Aggregated from 2 NACE Rev.2 codes; employment_share NULL — SEA files not in repo",2022,2014
EST,telecommunications,0.073183,0.089106,0.055801,,5,DATA_PRESENT,OECD_ICIO_2022+WIOD_2014,,"OECD: Aggregated from 3 OECD ISIC sectors; gross_output=6,223 USD m | WIOD: Aggregated from 5 NACE Rev.2 codes; employment_share NULL — SEA files not in repo",2022,2014
EST,tourism,0.016502,0.014723,0.018066,,5,DATA_PRESENT,OECD_ICIO_2022+WIOD_2014,,"OECD: Aggregated from 1 OECD ISIC sectors; gross_output=1,402 USD m | WIOD: Aggregated from 1 NACE Rev.2 codes; employment_share NULL — SEA files not in repo",2022,2014
EST,utilities,0.057158,0.030210,0.043395,,5,DATA_PRESENT,OECD_ICIO_2022+WIOD_2014,,"OECD: Aggregated from 2 OECD ISIC sectors; gross_output=4,500 USD m | WIOD: Aggregated from 3 NACE Rev.2 codes; employment_share NULL — SEA files not in repo",2022,2014
FIN,aerospace,0.000292,0.002085,0.002705,,5,DATA_PRESENT,OECD_ICIO_2022+WIOD_2014,"CONFLICT: OECD gdp_share=0.0003 (2022) vs WIOD value_added_share=0.0027 (2014), relative diff=89.21%. Vintages differ.","CONFLICT: OECD gdp_share=0.0003 (2022) vs WIOD value_added_share=0.0027 (2014), relative diff=89.21%. Vintages differ. | OECD: Aggregated from 1 OECD ISIC sectors; gross_output=370 USD m | WIOD: Aggregated from 1 NACE Rev.2 codes; employment_share NULL — SEA files not in repo",2022,2014
FIN,agriculture,0.025783,0.010729,0.028361,,5,DATA_PRESENT,OECD_ICIO_2022+WIOD_2014,,"OECD: Aggregated from 3 OECD ISIC sectors; gross_output=13,087 USD m | WIOD: Aggregated from 3 NACE Rev.2 codes; employment_share NULL — SEA files not in repo",2022,2014
FIN,automotive,0.002628,0.010500,0.002320,,5,DATA_PRESENT,OECD_ICIO_2022+WIOD_2014,,"OECD: Aggregated from 1 OECD ISIC sectors; gross_output=2,290 USD m | WIOD: Aggregated from 1 NACE Rev.2 codes; employment_share NULL — SEA files not in repo",2022,2014
FIN,aviation,0.001249,0.007112,0.003237,,5,DATA_PRESENT,OECD_ICIO_2022+WIOD_2014,"CONFLICT: OECD gdp_share=0.0012 (2022) vs WIOD value_added_share=0.0032 (2014), relative diff=61.41%. Vintages differ.","CONFLICT: OECD gdp_share=0.0012 (2022) vs WIOD value_added_share=0.0032 (2014), relative diff=61.41%. Vintages differ. | OECD: Aggregated from 1 OECD ISIC sectors; gross_output=2,739 USD m | WIOD: Aggregated from 1 NACE Rev.2 codes; employment_share NULL — SEA files not in repo",2022,2014
FIN,banking,0.035011,0.013653,0.016521,,5,DATA_PRESENT,OECD_ICIO_2022+WIOD_2014,"CONFLICT: OECD gdp_share=0.0350 (2022) vs WIOD value_added_share=0.0165 (2014), relative diff=52.81%. Vintages differ.","CONFLICT: OECD gdp_share=0.0350 (2022) vs WIOD value_added_share=0.0165 (2014), relative diff=52.81%. Vintages differ. | OECD: Aggregated from 1 OECD ISIC sectors; gross_output=17,009 USD m | WIOD: Aggregated from 1 NACE Rev.2 codes; employment_share NULL — SEA files not in repo",2022,2014
FIN,capital_markets,,,0.004109,,4,DATA_PRESENT,WIOD_2014,,OECD: OECD ICIO has no clean line item for this sector. See OECD_ICIO_SCHEMA_AUDIT.md for the bundling exp | WIOD: Aggregated from 1 NACE Rev.2 codes; employment_share NULL — SEA files not in repo,2022,2014
FIN,consumer_goods,0.197087,0.362950,0.223342,,5,DATA_PRESENT,OECD_ICIO_2022+WIOD_2014,,"OECD: Aggregated from 11 OECD ISIC sectors; gross_output=140,428 USD m | WIOD: Aggregated from 17 NACE Rev.2 codes; employment_share NULL — SEA files not in repo",2022,2014
FIN,electronics,0.031574,0.077906,0.033149,,5,DATA_PRESENT,OECD_ICIO_2022+WIOD_2014,,"OECD: Aggregated from 2 OECD ISIC sectors; gross_output=22,589 USD m | WIOD: Aggregated from 2 NACE Rev.2 codes; employment_share NULL — SEA files not in repo",2022,2014
FIN,energy,,,,,,MISSING_NO_SOURCE_ANY,NONE,,OECD: OECD ICIO has no clean line item for this sector. See OECD_ICIO_SCHEMA_AUDIT.md for the bundling exp | WIOD: Country in WIOD but no VA for this GEDS sector,2022,2014
FIN,gas,,,,,,MISSING_NO_SOURCE_ANY,NONE,,OECD: OECD ICIO has no clean line item for this sector. See OECD_ICIO_SCHEMA_AUDIT.md for the bundling exp | WIOD: C26 bundles semis; B+D35 bundles gas with oil/utilities,2022,2014
FIN,government,0.102845,0.018849,0.120930,,5,DATA_PRESENT,OECD_ICIO_2022+WIOD_2014,,"OECD: Aggregated from 2 OECD ISIC sectors; gross_output=41,023 USD m | WIOD: Aggregated from 2 NACE Rev.2 codes; employment_share NULL — SEA files not in repo",2022,2014
FIN,insurance,,,0.009061,,4,DATA_PRESENT,WIOD_2014,,OECD: OECD ICIO has no clean line item for this sector. See OECD_ICIO_SCHEMA_AUDIT.md for the bundling exp | WIOD: Aggregated from 1 NACE Rev.2 codes; employment_share NULL — SEA files not in repo,2022,2014
FIN,oil,0.005239,0.067520,0.005501,,5,DATA_PRESENT,OECD_ICIO_2022+WIOD_2014,,"OECD: Aggregated from 2 OECD ISIC sectors; gross_output=14,175 USD m | WIOD: Aggregated from 2 NACE Rev.2 codes; employment_share NULL — SEA files not in repo",2022,2014
FIN,ports,0.012431,0.010876,0.012564,,5,DATA_PRESENT,OECD_ICIO_2022+WIOD_2014,,"OECD: Aggregated from 1 OECD ISIC sectors; gross_output=9,891 USD m | WIOD: Aggregated from 1 NACE Rev.2 codes; employment_share NULL — SEA files not in repo",2022,2014
FIN,semiconductors,,,,,,MISSING_NO_SOURCE_ANY,NONE,,OECD: OECD ICIO has no clean line item for this sector. See OECD_ICIO_SCHEMA_AUDIT.md for the bundling exp | WIOD: C26 bundles semis; B+D35 bundles gas with oil/utilities,2022,2014
FIN,shipping,0.024581,0.024405,0.029996,,5,DATA_PRESENT,OECD_ICIO_2022+WIOD_2014,,"OECD: Aggregated from 2 OECD ISIC sectors; gross_output=15,990 USD m | WIOD: Aggregated from 2 NACE Rev.2 codes; employment_share NULL — SEA files not in repo",2022,2014
FIN,telecommunications,0.060789,0.086826,0.060094,,5,DATA_PRESENT,OECD_ICIO_2022+WIOD_2014,,"OECD: Aggregated from 3 OECD ISIC sectors; gross_output=29,793 USD m | WIOD: Aggregated from 5 NACE Rev.2 codes; employment_share NULL — SEA files not in repo",2022,2014
FIN,tourism,0.015470,0.008773,0.015972,,5,DATA_PRESENT,OECD_ICIO_2022+WIOD_2014,,"OECD: Aggregated from 1 OECD ISIC sectors; gross_output=9,903 USD m | WIOD: Aggregated from 1 NACE Rev.2 codes; employment_share NULL — SEA files not in repo",2022,2014
FIN,utilities,0.037924,0.015635,0.032220,,5,DATA_PRESENT,OECD_ICIO_2022+WIOD_2014,,"OECD: Aggregated from 2 OECD ISIC sectors; gross_output=19,733 USD m | WIOD: Aggregated from 3 NACE Rev.2 codes; employment_share NULL — SEA files not in repo",2022,2014
FRA,aerospace,0.006849,0.065041,0.006922,,5,DATA_PRESENT,OECD_ICIO_2022+WIOD_2014,,"OECD: Aggregated from 1 OECD ISIC sectors; gross_output=90,053 USD m | WIOD: Aggregated from 1 NACE Rev.2 codes; employment_share NULL — SEA files not in repo",2022,2014
FRA,agriculture,0.019744,0.025998,0.016752,,5,DATA_PRESENT,OECD_ICIO_2022+WIOD_2014,,"OECD: Aggregated from 3 OECD ISIC sectors; gross_output=117,691 USD m | WIOD: Aggregated from 3 NACE Rev.2 codes; employment_share NULL — SEA files not in repo",2022,2014
FRA,automotive,0.005898,0.047893,0.005149,,5,DATA_PRESENT,OECD_ICIO_2022+WIOD_2014,,"OECD: Aggregated from 1 OECD ISIC sectors; gross_output=82,291 USD m | WIOD: Aggregated from 1 NACE Rev.2 codes; employment_share NULL — SEA files not in repo",2022,2014
FRA,aviation,0.003465,0.012968,0.004009,,5,DATA_PRESENT,OECD_ICIO_2022+WIOD_2014,,"OECD: Aggregated from 1 OECD ISIC sectors; gross_output=24,824 USD m | WIOD: Aggregated from 1 NACE Rev.2 codes; employment_share NULL — SEA files not in repo",2022,2014
FRA,banking,0.037019,0.031620,0.029483,,5,DATA_PRESENT,OECD_ICIO_2022+WIOD_2014,,"OECD: Aggregated from 1 OECD ISIC sectors; gross_output=278,551 USD m | WIOD: Aggregated from 1 NACE Rev.2 codes; employment_share NULL — SEA files not in repo",2022,2014
FRA,capital_markets,,,0.008300,,4,DATA_PRESENT,WIOD_2014,,OECD: OECD ICIO has no clean line item for this sector. See OECD_ICIO_SCHEMA_AUDIT.md for the bundling exp | WIOD: Aggregated from 1 NACE Rev.2 codes; employment_share NULL — SEA files not in repo,2022,2014
FRA,consumer_goods,0.176854,0.344208,0.193171,,5,DATA_PRESENT,OECD_ICIO_2022+WIOD_2014,,"OECD: Aggregated from 11 OECD ISIC sectors; gross_output=1,100,645 USD m | WIOD: Aggregated from 17 NACE Rev.2 codes; employment_share NULL — SEA files not in repo",2022,2014
FRA,electronics,0.007924,0.040724,0.008735,,5,DATA_PRESENT,OECD_ICIO_2022+WIOD_2014,,"OECD: Aggregated from 2 OECD ISIC sectors; gross_output=55,992 USD m | WIOD: Aggregated from 2 NACE Rev.2 codes; employment_share NULL — SEA files not in repo",2022,2014
FRA,energy,,,,,,MISSING_NO_SOURCE_ANY,NONE,,OECD: OECD ICIO has no clean line item for this sector. See OECD_ICIO_SCHEMA_AUDIT.md for the bundling exp | WIOD: Country in WIOD but no VA for this GEDS sector,2022,2014
FRA,gas,,,,,,MISSING_NO_SOURCE_ANY,NONE,,OECD: OECD ICIO has no clean line item for this sector. See OECD_ICIO_SCHEMA_AUDIT.md for the bundling exp | WIOD: C26 bundles semis; B+D35 bundles gas with oil/utilities,2022,2014
FRA,government,0.129389,0.012794,0.137211,,5,DATA_PRESENT,OECD_ICIO_2022+WIOD_2014,,"OECD: Aggregated from 2 OECD ISIC sectors; gross_output=426,331 USD m | WIOD: Aggregated from 2 NACE Rev.2 codes; employment_share NULL — SEA files not in repo",2022,2014
FRA,insurance,,,0.007139,,4,DATA_PRESENT,WIOD_2014,,OECD: OECD ICIO has no clean line item for this sector. See OECD_ICIO_SCHEMA_AUDIT.md for the bundling exp | WIOD: Aggregated from 1 NACE Rev.2 codes; employment_share NULL — SEA files not in repo,2022,2014
FRA,oil,0.002187,0.024273,0.001739,,5,DATA_PRESENT,OECD_ICIO_2022+WIOD_2014,,"OECD: Aggregated from 2 OECD ISIC sectors; gross_output=60,610 USD m | WIOD: Aggregated from 2 NACE Rev.2 codes; employment_share NULL — SEA files not in repo",2022,2014
FRA,ports,0.020848,0.010560,0.016810,,5,DATA_PRESENT,OECD_ICIO_2022+WIOD_2014,,"OECD: Aggregated from 1 OECD ISIC sectors; gross_output=94,689 USD m | WIOD: Aggregated from 1 NACE Rev.2 codes; employment_share NULL — SEA files not in repo",2022,2014
FRA,semiconductors,,,,,,MISSING_NO_SOURCE_ANY,NONE,,OECD: OECD ICIO has no clean line item for this sector. See OECD_ICIO_SCHEMA_AUDIT.md for the bundling exp | WIOD: C26 bundles semis; B+D35 bundles gas with oil/utilities,2022,2014
FRA,shipping,0.027188,0.045557,0.021658,,5,DATA_PRESENT,OECD_ICIO_2022+WIOD_2014,,"OECD: Aggregated from 2 OECD ISIC sectors; gross_output=172,390 USD m | WIOD: Aggregated from 2 NACE Rev.2 codes; employment_share NULL — SEA files not in repo",2022,2014
FRA,telecommunications,0.054318,0.040400,0.052983,,5,DATA_PRESENT,OECD_ICIO_2022+WIOD_2014,,"OECD: Aggregated from 3 OECD ISIC sectors; gross_output=288,855 USD m | WIOD: Aggregated from 5 NACE Rev.2 codes; employment_share NULL — SEA files not in repo",2022,2014
FRA,tourism,0.017685,0.026399,0.027310,,5,DATA_PRESENT,OECD_ICIO_2022+WIOD_2014,"CONFLICT: OECD gdp_share=0.0177 (2022) vs WIOD value_added_share=0.0273 (2014), relative diff=35.24%. Vintages differ.","CONFLICT: OECD gdp_share=0.0177 (2022) vs WIOD value_added_share=0.0273 (2014), relative diff=35.24%. Vintages differ. | OECD: Aggregated from 1 OECD ISIC sectors; gross_output=134,204 USD m | WIOD: Aggregated from 1 NACE Rev.2 codes; employment_share NULL — SEA files not in repo",2022,2014
FRA,utilities,0.018967,0.036119,0.024504,,5,DATA_PRESENT,OECD_ICIO_2022+WIOD_2014,,"OECD: Aggregated from 2 OECD ISIC sectors; gross_output=302,757 USD m | WIOD: Aggregated from 3 NACE Rev.2 codes; employment_share NULL — SEA files not in repo",2022,2014
GBR,aerospace,0.004634,0.024880,0.005959,,5,DATA_PRESENT,OECD_ICIO_2022+WIOD_2014,,"OECD: Aggregated from 1 OECD ISIC sectors; gross_output=35,368 USD m | WIOD: Aggregated from 1 NACE Rev.2 codes; employment_share NULL — SEA files not in repo",2022,2014
GBR,agriculture,0.007436,0.008418,0.006824,,5,DATA_PRESENT,OECD_ICIO_2022+WIOD_2014,,"OECD: Aggregated from 3 OECD ISIC sectors; gross_output=53,323 USD m | WIOD: Aggregated from 3 NACE Rev.2 codes; employment_share NULL — SEA files not in repo",2022,2014
GBR,automotive,0.006919,0.040339,0.007172,,5,DATA_PRESENT,OECD_ICIO_2022+WIOD_2014,,"OECD: Aggregated from 1 OECD ISIC sectors; gross_output=81,424 USD m | WIOD: Aggregated from 1 NACE Rev.2 codes; employment_share NULL — SEA files not in repo",2022,2014
GBR,aviation,0.001608,0.012170,0.004873,,5,DATA_PRESENT,OECD_ICIO_2022+WIOD_2014,"CONFLICT: OECD gdp_share=0.0016 (2022) vs WIOD value_added_share=0.0049 (2014), relative diff=67.00%. Vintages differ.","CONFLICT: OECD gdp_share=0.0016 (2022) vs WIOD value_added_share=0.0049 (2014), relative diff=67.00%. Vintages differ. | OECD: Aggregated from 1 OECD ISIC sectors; gross_output=27,247 USD m | WIOD: Aggregated from 1 NACE Rev.2 codes; employment_share NULL — SEA files not in repo",2022,2014
GBR,banking,0.089272,0.117624,0.043761,,5,DATA_PRESENT,OECD_ICIO_2022+WIOD_2014,"CONFLICT: OECD gdp_share=0.0893 (2022) vs WIOD value_added_share=0.0438 (2014), relative diff=50.98%. Vintages differ.","CONFLICT: OECD gdp_share=0.0893 (2022) vs WIOD value_added_share=0.0438 (2014), relative diff=50.98%. Vintages differ. | OECD: Aggregated from 1 OECD ISIC sectors; gross_output=464,476 USD m | WIOD: Aggregated from 1 NACE Rev.2 codes; employment_share NULL — SEA files not in repo",2022,2014
GBR,capital_markets,,,0.012743,,4,DATA_PRESENT,WIOD_2014,,OECD: OECD ICIO has no clean line item for this sector. See OECD_ICIO_SCHEMA_AUDIT.md for the bundling exp | WIOD: Aggregated from 1 NACE Rev.2 codes; employment_share NULL — SEA files not in repo,2022,2014
GBR,consumer_goods,0.161339,0.238752,0.188629,,5,DATA_PRESENT,OECD_ICIO_2022+WIOD_2014,,"OECD: Aggregated from 11 OECD ISIC sectors; gross_output=994,361 USD m | WIOD: Aggregated from 17 NACE Rev.2 codes; employment_share NULL — SEA files not in repo",2022,2014
GBR,electronics,0.008810,0.021224,0.010203,,5,DATA_PRESENT,OECD_ICIO_2022+WIOD_2014,,"OECD: Aggregated from 2 OECD ISIC sectors; gross_output=50,177 USD m | WIOD: Aggregated from 2 NACE Rev.2 codes; employment_share NULL — SEA files not in repo",2022,2014
GBR,energy,,,,,,MISSING_NO_SOURCE_ANY,NONE,,OECD: OECD ICIO has no clean line item for this sector. See OECD_ICIO_SCHEMA_AUDIT.md for the bundling exp | WIOD: Country in WIOD but no VA for this GEDS sector,2022,2014
GBR,gas,,,,,,MISSING_NO_SOURCE_ANY,NONE,,OECD: OECD ICIO has no clean line item for this sector. See OECD_ICIO_SCHEMA_AUDIT.md for the bundling exp | WIOD: C26 bundles semis; B+D35 bundles gas with oil/utilities,2022,2014
GBR,government,0.111626,0.037054,0.113306,,5,DATA_PRESENT,OECD_ICIO_2022+WIOD_2014,,"OECD: Aggregated from 2 OECD ISIC sectors; gross_output=489,002 USD m | WIOD: Aggregated from 2 NACE Rev.2 codes; employment_share NULL — SEA files not in repo",2022,2014
GBR,insurance,,,0.025210,,4,DATA_PRESENT,WIOD_2014,,OECD: OECD ICIO has no clean line item for this sector. See OECD_ICIO_SCHEMA_AUDIT.md for the bundling exp | WIOD: Aggregated from 1 NACE Rev.2 codes; employment_share NULL — SEA files not in repo,2022,2014
GBR,oil,0.007399,0.062314,0.017381,,5,DATA_PRESENT,OECD_ICIO_2022+WIOD_2014,"CONFLICT: OECD gdp_share=0.0074 (2022) vs WIOD value_added_share=0.0174 (2014), relative diff=57.43%. Vintages differ.","CONFLICT: OECD gdp_share=0.0074 (2022) vs WIOD value_added_share=0.0174 (2014), relative diff=57.43%. Vintages differ. | OECD: Aggregated from 2 OECD ISIC sectors; gross_output=89,216 USD m | WIOD: Aggregated from 2 NACE Rev.2 codes; employment_share NULL — SEA files not in repo",2022,2014
GBR,ports,0.012689,0.010032,0.011432,,5,DATA_PRESENT,OECD_ICIO_2022+WIOD_2014,,"OECD: Aggregated from 1 OECD ISIC sectors; gross_output=79,196 USD m | WIOD: Aggregated from 1 NACE Rev.2 codes; employment_share NULL — SEA files not in repo",2022,2014
GBR,semiconductors,,,,,,MISSING_NO_SOURCE_ANY,NONE,,OECD: OECD ICIO has no clean line item for this sector. See OECD_ICIO_SCHEMA_AUDIT.md for the bundling exp | WIOD: C26 bundles semis; B+D35 bundles gas with oil/utilities,2022,2014
GBR,shipping,0.016042,0.018986,0.022770,,5,DATA_PRESENT,OECD_ICIO_2022+WIOD_2014,,"OECD: Aggregated from 2 OECD ISIC sectors; gross_output=110,090 USD m | WIOD: Aggregated from 2 NACE Rev.2 codes; employment_share NULL — SEA files not in repo",2022,2014
GBR,telecommunications,0.062117,0.074576,0.068091,,5,DATA_PRESENT,OECD_ICIO_2022+WIOD_2014,,"OECD: Aggregated from 3 OECD ISIC sectors; gross_output=351,169 USD m | WIOD: Aggregated from 5 NACE Rev.2 codes; employment_share NULL — SEA files not in repo",2022,2014
GBR,tourism,0.029265,0.016668,0.029082,,5,DATA_PRESENT,OECD_ICIO_2022+WIOD_2014,,"OECD: Aggregated from 1 OECD ISIC sectors; gross_output=152,354 USD m | WIOD: Aggregated from 1 NACE Rev.2 codes; employment_share NULL — SEA files not in repo",2022,2014
GBR,utilities,0.023111,0.053082,0.025366,,5,DATA_PRESENT,OECD_ICIO_2022+WIOD_2014,,"OECD: Aggregated from 2 OECD ISIC sectors; gross_output=358,306 USD m | WIOD: Aggregated from 3 NACE Rev.2 codes; employment_share NULL — SEA files not in repo",2022,2014
GRC,aerospace,0.001620,0.000979,0.000912,,5,DATA_PRESENT,OECD_ICIO_2022+WIOD_2014,"CONFLICT: OECD gdp_share=0.0016 (2022) vs WIOD value_added_share=0.0009 (2014), relative diff=43.70%. Vintages differ.","CONFLICT: OECD gdp_share=0.0016 (2022) vs WIOD value_added_share=0.0009 (2014), relative diff=43.70%. Vintages differ. | OECD: Aggregated from 1 OECD ISIC sectors; gross_output=379 USD m | WIOD: Aggregated from 1 NACE Rev.2 codes; employment_share NULL — SEA files not in repo",2022,2014
GRC,agriculture,0.042518,0.038626,0.038381,,5,DATA_PRESENT,OECD_ICIO_2022+WIOD_2014,,"OECD: Aggregated from 3 OECD ISIC sectors; gross_output=17,555 USD m | WIOD: Aggregated from 3 NACE Rev.2 codes; employment_share NULL — SEA files not in repo",2022,2014
GRC,automotive,0.000355,0.000661,0.000464,,5,DATA_PRESENT,OECD_ICIO_2022+WIOD_2014,,OECD: Aggregated from 1 OECD ISIC sectors; gross_output=158 USD m | WIOD: Aggregated from 1 NACE Rev.2 codes; employment_share NULL — SEA files not in repo,2022,2014
GRC,aviation,0.005850,0.013907,0.005148,,5,DATA_PRESENT,OECD_ICIO_2022+WIOD_2014,,"OECD: Aggregated from 1 OECD ISIC sectors; gross_output=2,371 USD m | WIOD: Aggregated from 1 NACE Rev.2 codes; employment_share NULL — SEA files not in repo",2022,2014
GRC,banking,0.048945,0.011852,0.035507,,5,DATA_PRESENT,OECD_ICIO_2022+WIOD_2014,,"OECD: Aggregated from 1 OECD ISIC sectors; gross_output=13,455 USD m | WIOD: Aggregated from 1 NACE Rev.2 codes; employment_share NULL — SEA files not in repo",2022,2014
GRC,capital_markets,,,0.004469,,4,DATA_PRESENT,WIOD_2014,,OECD: OECD ICIO has no clean line item for this sector. See OECD_ICIO_SCHEMA_AUDIT.md for the bundling exp | WIOD: Aggregated from 1 NACE Rev.2 codes; employment_share NULL — SEA files not in repo,2022,2014
GRC,consumer_goods,0.188471,0.213407,0.187818,,5,DATA_PRESENT,OECD_ICIO_2022+WIOD_2014,,"OECD: Aggregated from 11 OECD ISIC sectors; gross_output=84,342 USD m | WIOD: Aggregated from 17 NACE Rev.2 codes; employment_share NULL — SEA files not in repo",2022,2014
GRC,electronics,0.007667,0.018446,0.003167,,5,DATA_PRESENT,OECD_ICIO_2022+WIOD_2014,"CONFLICT: OECD gdp_share=0.0077 (2022) vs WIOD value_added_share=0.0032 (2014), relative diff=58.69%. Vintages differ.","CONFLICT: OECD gdp_share=0.0077 (2022) vs WIOD value_added_share=0.0032 (2014), relative diff=58.69%. Vintages differ. | OECD: Aggregated from 2 OECD ISIC sectors; gross_output=3,935 USD m | WIOD: Aggregated from 2 NACE Rev.2 codes; employment_share NULL — SEA files not in repo",2022,2014
GRC,energy,,,,,,MISSING_NO_SOURCE_ANY,NONE,,OECD: OECD ICIO has no clean line item for this sector. See OECD_ICIO_SCHEMA_AUDIT.md for the bundling exp | WIOD: Country in WIOD but no VA for this GEDS sector,2022,2014
GRC,gas,,,,,,MISSING_NO_SOURCE_ANY,NONE,,OECD: OECD ICIO has no clean line item for this sector. See OECD_ICIO_SCHEMA_AUDIT.md for the bundling exp | WIOD: C26 bundles semis; B+D35 bundles gas with oil/utilities,2022,2014
GRC,government,0.138315,0.011016,0.161788,,5,DATA_PRESENT,OECD_ICIO_2022+WIOD_2014,,"OECD: Aggregated from 2 OECD ISIC sectors; gross_output=33,774 USD m | WIOD: Aggregated from 2 NACE Rev.2 codes; employment_share NULL — SEA files not in repo",2022,2014
GRC,insurance,,,0.005532,,4,DATA_PRESENT,WIOD_2014,,OECD: OECD ICIO has no clean line item for this sector. See OECD_ICIO_SCHEMA_AUDIT.md for the bundling exp | WIOD: Aggregated from 1 NACE Rev.2 codes; employment_share NULL — SEA files not in repo,2022,2014
GRC,oil,0.012553,0.194804,0.013538,,5,DATA_PRESENT,OECD_ICIO_2022+WIOD_2014,,"OECD: Aggregated from 2 OECD ISIC sectors; gross_output=26,440 USD m | WIOD: Aggregated from 2 NACE Rev.2 codes; employment_share NULL — SEA files not in repo",2022,2014
GRC,ports,0.018448,0.021695,0.011599,,5,DATA_PRESENT,OECD_ICIO_2022+WIOD_2014,"CONFLICT: OECD gdp_share=0.0184 (2022) vs WIOD value_added_share=0.0116 (2014), relative diff=37.13%. Vintages differ.","CONFLICT: OECD gdp_share=0.0184 (2022) vs WIOD value_added_share=0.0116 (2014), relative diff=37.13%. Vintages differ. | OECD: Aggregated from 1 OECD ISIC sectors; gross_output=7,965 USD m | WIOD: Aggregated from 1 NACE Rev.2 codes; employment_share NULL — SEA files not in repo",2022,2014
GRC,semiconductors,,,,,,MISSING_NO_SOURCE_ANY,NONE,,OECD: OECD ICIO has no clean line item for this sector. See OECD_ICIO_SCHEMA_AUDIT.md for the bundling exp | WIOD: C26 bundles semis; B+D35 bundles gas with oil/utilities,2022,2014
GRC,shipping,0.038041,0.218676,0.053070,,5,DATA_PRESENT,OECD_ICIO_2022+WIOD_2014,,"OECD: Aggregated from 2 OECD ISIC sectors; gross_output=31,460 USD m | WIOD: Aggregated from 2 NACE Rev.2 codes; employment_share NULL — SEA files not in repo",2022,2014
GRC,telecommunications,0.035252,0.019906,0.034967,,5,DATA_PRESENT,OECD_ICIO_2022+WIOD_2014,,"OECD: Aggregated from 3 OECD ISIC sectors; gross_output=13,890 USD m | WIOD: Aggregated from 5 NACE Rev.2 codes; employment_share NULL — SEA files not in repo",2022,2014
GRC,tourism,0.063794,0.060947,0.067681,,5,DATA_PRESENT,OECD_ICIO_2022+WIOD_2014,,"OECD: Aggregated from 1 OECD ISIC sectors; gross_output=24,394 USD m | WIOD: Aggregated from 1 NACE Rev.2 codes; employment_share NULL — SEA files not in repo",2022,2014
GRC,utilities,0.063338,0.038384,0.031037,,5,DATA_PRESENT,OECD_ICIO_2022+WIOD_2014,"CONFLICT: OECD gdp_share=0.0633 (2022) vs WIOD value_added_share=0.0310 (2014), relative diff=51.00%. Vintages differ.","CONFLICT: OECD gdp_share=0.0633 (2022) vs WIOD value_added_share=0.0310 (2014), relative diff=51.00%. Vintages differ. | OECD: Aggregated from 2 OECD ISIC sectors; gross_output=23,682 USD m | WIOD: Aggregated from 3 NACE Rev.2 codes; employment_share NULL — SEA files not in repo",2022,2014
HKG,aerospace,0.000123,0.001159,,,4,DATA_PRESENT,OECD_ICIO_2022,,OECD: Aggregated from 1 OECD ISIC sectors; gross_output=643 USD m,2022,
HKG,agriculture,0.000801,0.000539,,,4,DATA_PRESENT,OECD_ICIO_2022,,OECD: Aggregated from 3 OECD ISIC sectors; gross_output=585 USD m,2022,
HKG,automotive,0.000303,0.003187,,,4,DATA_PRESENT,OECD_ICIO_2022,,"OECD: Aggregated from 1 OECD ISIC sectors; gross_output=2,027 USD m",2022,
HKG,aviation,0.024470,0.148777,,,4,DATA_PRESENT,OECD_ICIO_2022,,"OECD: Aggregated from 1 OECD ISIC sectors; gross_output=23,543 USD m",2022,
HKG,banking,0.188572,0.307929,,,4,DATA_PRESENT,OECD_ICIO_2022,,"OECD: Aggregated from 1 OECD ISIC sectors; gross_output=84,953 USD m",2022,
HKG,capital_markets,,,,,,MISSING_NO_SOURCE_ANY,NONE,,OECD: OECD ICIO has no clean line item for this sector. See OECD_ICIO_SCHEMA_AUDIT.md for the bundling exp,2022,
HKG,consumer_goods,0.226904,0.238645,,,4,DATA_PRESENT,OECD_ICIO_2022,,"OECD: Aggregated from 11 OECD ISIC sectors; gross_output=199,695 USD m",2022,
HKG,electronics,0.001026,0.008587,,,4,DATA_PRESENT,OECD_ICIO_2022,,"OECD: Aggregated from 2 OECD ISIC sectors; gross_output=10,508 USD m",2022,
HKG,energy,,,,,,MISSING_NO_SOURCE_ANY,NONE,,OECD: OECD ICIO has no clean line item for this sector. See OECD_ICIO_SCHEMA_AUDIT.md for the bundling exp,2022,
HKG,gas,,,,,,MISSING_NO_SOURCE_ANY,NONE,,OECD: OECD ICIO has no clean line item for this sector. See OECD_ICIO_SCHEMA_AUDIT.md for the bundling exp,2022,
HKG,government,0.137949,0.007772,,,4,DATA_PRESENT,OECD_ICIO_2022,,"OECD: Aggregated from 2 OECD ISIC sectors; gross_output=55,085 USD m",2022,
HKG,insurance,,,,,,MISSING_NO_SOURCE_ANY,NONE,,OECD: OECD ICIO has no clean line item for this sector. See OECD_ICIO_SCHEMA_AUDIT.md for the bundling exp,2022,
HKG,oil,0.000266,0.001967,,,4,DATA_PRESENT,OECD_ICIO_2022,,OECD: Aggregated from 2 OECD ISIC sectors; gross_output=623 USD m,2022,
HKG,ports,0.001538,0.001527,,,4,DATA_PRESENT,OECD_ICIO_2022,,"OECD: Aggregated from 1 OECD ISIC sectors; gross_output=1,032 USD m",2022,
HKG,semiconductors,,,,,,MISSING_NO_SOURCE_ANY,NONE,,OECD: OECD ICIO has no clean line item for this sector. See OECD_ICIO_SCHEMA_AUDIT.md for the bundling exp,2022,
HKG,shipping,0.022778,0.096087,,,4,DATA_PRESENT,OECD_ICIO_2022,,"OECD: Aggregated from 2 OECD ISIC sectors; gross_output=33,878 USD m",2022,
HKG,telecommunications,0.046382,0.062921,,,4,DATA_PRESENT,OECD_ICIO_2022,,"OECD: Aggregated from 3 OECD ISIC sectors; gross_output=40,314 USD m",2022,
HKG,tourism,0.032252,0.025565,,,4,DATA_PRESENT,OECD_ICIO_2022,,"OECD: Aggregated from 1 OECD ISIC sectors; gross_output=29,501 USD m",2022,
HKG,utilities,0.017927,0.010256,,,4,DATA_PRESENT,OECD_ICIO_2022,,"OECD: Aggregated from 2 OECD ISIC sectors; gross_output=15,691 USD m",2022,
HRV,aerospace,0.001306,0.002675,0.004121,,5,DATA_PRESENT,OECD_ICIO_2022+WIOD_2014,"CONFLICT: OECD gdp_share=0.0013 (2022) vs WIOD value_added_share=0.0041 (2014), relative diff=68.31%. Vintages differ.","CONFLICT: OECD gdp_share=0.0013 (2022) vs WIOD value_added_share=0.0041 (2014), relative diff=68.31%. Vintages differ. | OECD: Aggregated from 1 OECD ISIC sectors; gross_output=138 USD m | WIOD: Aggregated from 1 NACE Rev.2 codes; employment_share NULL — SEA files not in repo",2022,2014
HRV,agriculture,0.040737,0.034908,0.043298,,5,DATA_PRESENT,OECD_ICIO_2022+WIOD_2014,,"OECD: Aggregated from 3 OECD ISIC sectors; gross_output=4,623 USD m | WIOD: Aggregated from 3 NACE Rev.2 codes; employment_share NULL — SEA files not in repo",2022,2014
HRV,automotive,0.001824,0.006940,0.000997,,5,DATA_PRESENT,OECD_ICIO_2022+WIOD_2014,"CONFLICT: OECD gdp_share=0.0018 (2022) vs WIOD value_added_share=0.0010 (2014), relative diff=45.34%. Vintages differ.","CONFLICT: OECD gdp_share=0.0018 (2022) vs WIOD value_added_share=0.0010 (2014), relative diff=45.34%. Vintages differ. | OECD: Aggregated from 1 OECD ISIC sectors; gross_output=389 USD m | WIOD: Aggregated from 1 NACE Rev.2 codes; employment_share NULL — SEA files not in repo",2022,2014
HRV,aviation,0.000994,0.005790,0.001065,,5,DATA_PRESENT,OECD_ICIO_2022+WIOD_2014,,OECD: Aggregated from 1 OECD ISIC sectors; gross_output=335 USD m | WIOD: Aggregated from 1 NACE Rev.2 codes; employment_share NULL — SEA files not in repo,2022,2014
HRV,banking,0.047960,0.017516,0.051681,,5,DATA_PRESENT,OECD_ICIO_2022+WIOD_2014,,"OECD: Aggregated from 1 OECD ISIC sectors; gross_output=4,578 USD m | WIOD: Aggregated from 1 NACE Rev.2 codes; employment_share NULL — SEA files not in repo",2022,2014
HRV,capital_markets,,,0.006304,,4,DATA_PRESENT,WIOD_2014,,OECD: OECD ICIO has no clean line item for this sector. See OECD_ICIO_SCHEMA_AUDIT.md for the bundling exp | WIOD: Aggregated from 1 NACE Rev.2 codes; employment_share NULL — SEA files not in repo,2022,2014
HRV,consumer_goods,0.215246,0.323262,0.244576,,5,DATA_PRESENT,OECD_ICIO_2022+WIOD_2014,,"OECD: Aggregated from 11 OECD ISIC sectors; gross_output=31,930 USD m | WIOD: Aggregated from 17 NACE Rev.2 codes; employment_share NULL — SEA files not in repo",2022,2014
HRV,electronics,0.010396,0.035542,0.010494,,5,DATA_PRESENT,OECD_ICIO_2022+WIOD_2014,,"OECD: Aggregated from 2 OECD ISIC sectors; gross_output=1,898 USD m | WIOD: Aggregated from 2 NACE Rev.2 codes; employment_share NULL — SEA files not in repo",2022,2014
HRV,energy,,,,,,MISSING_NO_SOURCE_ANY,NONE,,OECD: OECD ICIO has no clean line item for this sector. See OECD_ICIO_SCHEMA_AUDIT.md for the bundling exp | WIOD: Country in WIOD but no VA for this GEDS sector,2022,2014
HRV,gas,,,,,,MISSING_NO_SOURCE_ANY,NONE,,OECD: OECD ICIO has no clean line item for this sector. See OECD_ICIO_SCHEMA_AUDIT.md for the bundling exp | WIOD: C26 bundles semis; B+D35 bundles gas with oil/utilities,2022,2014
HRV,government,0.111407,0.019857,0.104954,,5,DATA_PRESENT,OECD_ICIO_2022+WIOD_2014,,"OECD: Aggregated from 2 OECD ISIC sectors; gross_output=9,683 USD m | WIOD: Aggregated from 2 NACE Rev.2 codes; employment_share NULL — SEA files not in repo",2022,2014
HRV,insurance,,,0.008867,,4,DATA_PRESENT,WIOD_2014,,OECD: OECD ICIO has no clean line item for this sector. See OECD_ICIO_SCHEMA_AUDIT.md for the bundling exp | WIOD: Aggregated from 1 NACE Rev.2 codes; employment_share NULL — SEA files not in repo,2022,2014
HRV,oil,0.014705,0.042275,0.027782,,5,DATA_PRESENT,OECD_ICIO_2022+WIOD_2014,"CONFLICT: OECD gdp_share=0.0147 (2022) vs WIOD value_added_share=0.0278 (2014), relative diff=47.07%. Vintages differ.","CONFLICT: OECD gdp_share=0.0147 (2022) vs WIOD value_added_share=0.0278 (2014), relative diff=47.07%. Vintages differ. | OECD: Aggregated from 2 OECD ISIC sectors; gross_output=3,198 USD m | WIOD: Aggregated from 2 NACE Rev.2 codes; employment_share NULL — SEA files not in repo",2022,2014
HRV,ports,0.020712,0.018343,0.014364,,5,DATA_PRESENT,OECD_ICIO_2022+WIOD_2014,"CONFLICT: OECD gdp_share=0.0207 (2022) vs WIOD value_added_share=0.0144 (2014), relative diff=30.65%. Vintages differ.","CONFLICT: OECD gdp_share=0.0207 (2022) vs WIOD value_added_share=0.0144 (2014), relative diff=30.65%. Vintages differ. | OECD: Aggregated from 1 OECD ISIC sectors; gross_output=2,368 USD m | WIOD: Aggregated from 1 NACE Rev.2 codes; employment_share NULL — SEA files not in repo",2022,2014
HRV,semiconductors,,,,,,MISSING_NO_SOURCE_ANY,NONE,,OECD: OECD ICIO has no clean line item for this sector. See OECD_ICIO_SCHEMA_AUDIT.md for the bundling exp | WIOD: C26 bundles semis; B+D35 bundles gas with oil/utilities,2022,2014
HRV,shipping,0.031383,0.053415,0.024686,,5,DATA_PRESENT,OECD_ICIO_2022+WIOD_2014,,"OECD: Aggregated from 2 OECD ISIC sectors; gross_output=4,533 USD m | WIOD: Aggregated from 2 NACE Rev.2 codes; employment_share NULL — SEA files not in repo",2022,2014
HRV,telecommunications,0.061873,0.030938,0.050231,,5,DATA_PRESENT,OECD_ICIO_2022+WIOD_2014,,"OECD: Aggregated from 3 OECD ISIC sectors; gross_output=5,906 USD m | WIOD: Aggregated from 5 NACE Rev.2 codes; employment_share NULL — SEA files not in repo",2022,2014
HRV,tourism,0.068535,0.098435,0.051647,,5,DATA_PRESENT,OECD_ICIO_2022+WIOD_2014,,"OECD: Aggregated from 1 OECD ISIC sectors; gross_output=7,444 USD m | WIOD: Aggregated from 1 NACE Rev.2 codes; employment_share NULL — SEA files not in repo",2022,2014
HRV,utilities,0.031853,0.055919,0.039313,,5,DATA_PRESENT,OECD_ICIO_2022+WIOD_2014,,"OECD: Aggregated from 2 OECD ISIC sectors; gross_output=8,908 USD m | WIOD: Aggregated from 3 NACE Rev.2 codes; employment_share NULL — SEA files not in repo",2022,2014
HUN,aerospace,0.001737,0.009201,0.002014,,5,DATA_PRESENT,OECD_ICIO_2022+WIOD_2014,,"OECD: Aggregated from 1 OECD ISIC sectors; gross_output=1,532 USD m | WIOD: Aggregated from 1 NACE Rev.2 codes; employment_share NULL — SEA files not in repo",2022,2014
HUN,agriculture,0.036316,0.029656,0.044643,,5,DATA_PRESENT,OECD_ICIO_2022+WIOD_2014,,"OECD: Aggregated from 3 OECD ISIC sectors; gross_output=14,072 USD m | WIOD: Aggregated from 3 NACE Rev.2 codes; employment_share NULL — SEA files not in repo",2022,2014
HUN,automotive,0.030269,0.176184,0.044102,,5,DATA_PRESENT,OECD_ICIO_2022+WIOD_2014,"CONFLICT: OECD gdp_share=0.0303 (2022) vs WIOD value_added_share=0.0441 (2014), relative diff=31.37%. Vintages differ.","CONFLICT: OECD gdp_share=0.0303 (2022) vs WIOD value_added_share=0.0441 (2014), relative diff=31.37%. Vintages differ. | OECD: Aggregated from 1 OECD ISIC sectors; gross_output=32,442 USD m | WIOD: Aggregated from 1 NACE Rev.2 codes; employment_share NULL — SEA files not in repo",2022,2014
HUN,aviation,0.000195,0.011775,0.003237,,5,DATA_PRESENT,OECD_ICIO_2022+WIOD_2014,"CONFLICT: OECD gdp_share=0.0002 (2022) vs WIOD value_added_share=0.0032 (2014), relative diff=93.98%. Vintages differ.","CONFLICT: OECD gdp_share=0.0002 (2022) vs WIOD value_added_share=0.0032 (2014), relative diff=93.98%. Vintages differ. | OECD: Aggregated from 1 OECD ISIC sectors; gross_output=2,885 USD m | WIOD: Aggregated from 1 NACE Rev.2 codes; employment_share NULL — SEA files not in repo",2022,2014
HUN,banking,0.039254,0.006602,0.028000,,5,DATA_PRESENT,OECD_ICIO_2022+WIOD_2014,,"OECD: Aggregated from 1 OECD ISIC sectors; gross_output=9,925 USD m | WIOD: Aggregated from 1 NACE Rev.2 codes; employment_share NULL — SEA files not in repo",2022,2014
HUN,capital_markets,,,0.005803,,4,DATA_PRESENT,WIOD_2014,,OECD: OECD ICIO has no clean line item for this sector. See OECD_ICIO_SCHEMA_AUDIT.md for the bundling exp | WIOD: Aggregated from 1 NACE Rev.2 codes; employment_share NULL — SEA files not in repo,2022,2014
HUN,consumer_goods,0.215313,0.315114,0.251738,,5,DATA_PRESENT,OECD_ICIO_2022+WIOD_2014,,"OECD: Aggregated from 11 OECD ISIC sectors; gross_output=98,003 USD m | WIOD: Aggregated from 17 NACE Rev.2 codes; employment_share NULL — SEA files not in repo",2022,2014
HUN,electronics,0.029568,0.154599,0.028820,,5,DATA_PRESENT,OECD_ICIO_2022+WIOD_2014,,"OECD: Aggregated from 2 OECD ISIC sectors; gross_output=29,236 USD m | WIOD: Aggregated from 2 NACE Rev.2 codes; employment_share NULL — SEA files not in repo",2022,2014
HUN,energy,,,,,,MISSING_NO_SOURCE_ANY,NONE,,OECD: OECD ICIO has no clean line item for this sector. See OECD_ICIO_SCHEMA_AUDIT.md for the bundling exp | WIOD: Country in WIOD but no VA for this GEDS sector,2022,2014
HUN,gas,,,,,,MISSING_NO_SOURCE_ANY,NONE,,OECD: OECD ICIO has no clean line item for this sector. See OECD_ICIO_SCHEMA_AUDIT.md for the bundling exp | WIOD: C26 bundles semis; B+D35 bundles gas with oil/utilities,2022,2014
HUN,government,0.119303,0.010904,0.130340,,5,DATA_PRESENT,OECD_ICIO_2022+WIOD_2014,,"OECD: Aggregated from 2 OECD ISIC sectors; gross_output=26,792 USD m | WIOD: Aggregated from 2 NACE Rev.2 codes; employment_share NULL — SEA files not in repo",2022,2014
HUN,insurance,,,0.003032,,4,DATA_PRESENT,WIOD_2014,,OECD: OECD ICIO has no clean line item for this sector. See OECD_ICIO_SCHEMA_AUDIT.md for the bundling exp | WIOD: Aggregated from 1 NACE Rev.2 codes; employment_share NULL — SEA files not in repo,2022,2014
HUN,oil,0.015281,0.027853,0.012535,,5,DATA_PRESENT,OECD_ICIO_2022+WIOD_2014,,"OECD: Aggregated from 2 OECD ISIC sectors; gross_output=9,181 USD m | WIOD: Aggregated from 2 NACE Rev.2 codes; employment_share NULL — SEA files not in repo",2022,2014
HUN,ports,0.019809,0.016823,0.022524,,5,DATA_PRESENT,OECD_ICIO_2022+WIOD_2014,,"OECD: Aggregated from 1 OECD ISIC sectors; gross_output=4,948 USD m | WIOD: Aggregated from 1 NACE Rev.2 codes; employment_share NULL — SEA files not in repo",2022,2014
HUN,semiconductors,,,,,,MISSING_NO_SOURCE_ANY,NONE,,OECD: OECD ICIO has no clean line item for this sector. See OECD_ICIO_SCHEMA_AUDIT.md for the bundling exp | WIOD: C26 bundles semis; B+D35 bundles gas with oil/utilities,2022,2014
HUN,shipping,0.029727,0.024599,0.032113,,5,DATA_PRESENT,OECD_ICIO_2022+WIOD_2014,,"OECD: Aggregated from 2 OECD ISIC sectors; gross_output=10,933 USD m | WIOD: Aggregated from 2 NACE Rev.2 codes; employment_share NULL — SEA files not in repo",2022,2014
HUN,telecommunications,0.049085,0.029430,0.057363,,5,DATA_PRESENT,OECD_ICIO_2022+WIOD_2014,,"OECD: Aggregated from 3 OECD ISIC sectors; gross_output=13,162 USD m | WIOD: Aggregated from 5 NACE Rev.2 codes; employment_share NULL — SEA files not in repo",2022,2014
HUN,tourism,0.019826,0.011173,0.016687,,5,DATA_PRESENT,OECD_ICIO_2022+WIOD_2014,,"OECD: Aggregated from 1 OECD ISIC sectors; gross_output=7,931 USD m | WIOD: Aggregated from 1 NACE Rev.2 codes; employment_share NULL — SEA files not in repo",2022,2014
HUN,utilities,0.018315,0.022425,0.030776,,5,DATA_PRESENT,OECD_ICIO_2022+WIOD_2014,"CONFLICT: OECD gdp_share=0.0183 (2022) vs WIOD value_added_share=0.0308 (2014), relative diff=40.49%. Vintages differ.","CONFLICT: OECD gdp_share=0.0183 (2022) vs WIOD value_added_share=0.0308 (2014), relative diff=40.49%. Vintages differ. | OECD: Aggregated from 2 OECD ISIC sectors; gross_output=12,507 USD m | WIOD: Aggregated from 3 NACE Rev.2 codes; employment_share NULL — SEA files not in repo",2022,2014
IDN,aerospace,0.000163,0.015527,0.001145,,5,DATA_PRESENT,OECD_ICIO_2022+WIOD_2014,"CONFLICT: OECD gdp_share=0.0002 (2022) vs WIOD value_added_share=0.0011 (2014), relative diff=85.76%. Vintages differ.","CONFLICT: OECD gdp_share=0.0002 (2022) vs WIOD value_added_share=0.0011 (2014), relative diff=85.76%. Vintages differ. | OECD: Aggregated from 1 OECD ISIC sectors; gross_output=24,454 USD m | WIOD: Aggregated from 1 NACE Rev.2 codes; employment_share NULL — SEA files not in repo",2022,2014
IDN,agriculture,0.123481,0.024334,0.136829,,5,DATA_PRESENT,OECD_ICIO_2022+WIOD_2014,,"OECD: Aggregated from 3 OECD ISIC sectors; gross_output=198,510 USD m | WIOD: Aggregated from 3 NACE Rev.2 codes; employment_share NULL — SEA files not in repo",2022,2014
IDN,automotive,0.009789,0.027065,0.018986,,5,DATA_PRESENT,OECD_ICIO_2022+WIOD_2014,"CONFLICT: OECD gdp_share=0.0098 (2022) vs WIOD value_added_share=0.0190 (2014), relative diff=48.44%. Vintages differ.","CONFLICT: OECD gdp_share=0.0098 (2022) vs WIOD value_added_share=0.0190 (2014), relative diff=48.44%. Vintages differ. | OECD: Aggregated from 1 OECD ISIC sectors; gross_output=45,282 USD m | WIOD: Aggregated from 1 NACE Rev.2 codes; employment_share NULL — SEA files not in repo",2022,2014
IDN,aviation,0.010492,0.007475,0.010560,,5,DATA_PRESENT,OECD_ICIO_2022+WIOD_2014,,"OECD: Aggregated from 1 OECD ISIC sectors; gross_output=23,167 USD m | WIOD: Aggregated from 1 NACE Rev.2 codes; employment_share NULL — SEA files not in repo",2022,2014
IDN,banking,0.041147,0.004254,0.031168,,5,DATA_PRESENT,OECD_ICIO_2022+WIOD_2014,,"OECD: Aggregated from 1 OECD ISIC sectors; gross_output=57,720 USD m | WIOD: Aggregated from 1 NACE Rev.2 codes; employment_share NULL — SEA files not in repo",2022,2014
IDN,capital_markets,,,0.000000,,4,DATA_PRESENT,WIOD_2014,,OECD: OECD ICIO has no clean line item for this sector. See OECD_ICIO_SCHEMA_AUDIT.md for the bundling exp | WIOD: Aggregated from 1 NACE Rev.2 codes; employment_share NULL — SEA files not in repo,2022,2014
IDN,consumer_goods,0.274168,0.419500,0.289821,,5,DATA_PRESENT,OECD_ICIO_2022+WIOD_2014,,"OECD: Aggregated from 11 OECD ISIC sectors; gross_output=788,622 USD m | WIOD: Aggregated from 17 NACE Rev.2 codes; employment_share NULL — SEA files not in repo",2022,2014
IDN,electronics,0.013009,0.056364,0.011376,,5,DATA_PRESENT,OECD_ICIO_2022+WIOD_2014,,"OECD: Aggregated from 2 OECD ISIC sectors; gross_output=62,968 USD m | WIOD: Aggregated from 2 NACE Rev.2 codes; employment_share NULL — SEA files not in repo",2022,2014
IDN,energy,,,,,,MISSING_NO_SOURCE_ANY,NONE,,OECD: OECD ICIO has no clean line item for this sector. See OECD_ICIO_SCHEMA_AUDIT.md for the bundling exp | WIOD: Country in WIOD but no VA for this GEDS sector,2022,2014
IDN,gas,,,,,,MISSING_NO_SOURCE_ANY,NONE,,OECD: OECD ICIO has no clean line item for this sector. See OECD_ICIO_SCHEMA_AUDIT.md for the bundling exp | WIOD: C26 bundles semis; B+D35 bundles gas with oil/utilities,2022,2014
IDN,government,0.059505,0.013063,0.072478,,5,DATA_PRESENT,OECD_ICIO_2022+WIOD_2014,,"OECD: Aggregated from 2 OECD ISIC sectors; gross_output=119,362 USD m | WIOD: Aggregated from 2 NACE Rev.2 codes; employment_share NULL — SEA files not in repo",2022,2014
IDN,insurance,,,0.008477,,4,DATA_PRESENT,WIOD_2014,,OECD: OECD ICIO has no clean line item for this sector. See OECD_ICIO_SCHEMA_AUDIT.md for the bundling exp | WIOD: Aggregated from 1 NACE Rev.2 codes; employment_share NULL — SEA files not in repo,2022,2014
IDN,oil,0.048358,0.085860,0.133170,,5,DATA_PRESENT,OECD_ICIO_2022+WIOD_2014,"CONFLICT: OECD gdp_share=0.0484 (2022) vs WIOD value_added_share=0.1332 (2014), relative diff=63.69%. Vintages differ.","CONFLICT: OECD gdp_share=0.0484 (2022) vs WIOD value_added_share=0.1332 (2014), relative diff=63.69%. Vintages differ. | OECD: Aggregated from 2 OECD ISIC sectors; gross_output=160,216 USD m | WIOD: Aggregated from 2 NACE Rev.2 codes; employment_share NULL — SEA files not in repo",2022,2014
IDN,ports,0.007205,0.002191,0.007654,,5,DATA_PRESENT,OECD_ICIO_2022+WIOD_2014,,"OECD: Aggregated from 1 OECD ISIC sectors; gross_output=12,067 USD m | WIOD: Aggregated from 1 NACE Rev.2 codes; employment_share NULL — SEA files not in repo",2022,2014
IDN,semiconductors,,,,,,MISSING_NO_SOURCE_ANY,NONE,,OECD: OECD ICIO has no clean line item for this sector. See OECD_ICIO_SCHEMA_AUDIT.md for the bundling exp | WIOD: C26 bundles semis; B+D35 bundles gas with oil/utilities,2022,2014
IDN,shipping,0.028907,0.023910,0.027112,,5,DATA_PRESENT,OECD_ICIO_2022+WIOD_2014,,"OECD: Aggregated from 2 OECD ISIC sectors; gross_output=60,258 USD m | WIOD: Aggregated from 2 NACE Rev.2 codes; employment_share NULL — SEA files not in repo",2022,2014
IDN,telecommunications,0.036478,0.009326,0.035857,,5,DATA_PRESENT,OECD_ICIO_2022+WIOD_2014,,"OECD: Aggregated from 3 OECD ISIC sectors; gross_output=57,666 USD m | WIOD: Aggregated from 5 NACE Rev.2 codes; employment_share NULL — SEA files not in repo",2022,2014
IDN,tourism,0.023993,0.007332,0.031164,,5,DATA_PRESENT,OECD_ICIO_2022+WIOD_2014,,"OECD: Aggregated from 1 OECD ISIC sectors; gross_output=72,013 USD m | WIOD: Aggregated from 1 NACE Rev.2 codes; employment_share NULL — SEA files not in repo",2022,2014
IDN,utilities,0.011115,0.008017,0.011891,,5,DATA_PRESENT,OECD_ICIO_2022+WIOD_2014,,"OECD: Aggregated from 2 OECD ISIC sectors; gross_output=55,452 USD m | WIOD: Aggregated from 3 NACE Rev.2 codes; employment_share NULL — SEA files not in repo",2022,2014
IND,aerospace,0.002118,0.009921,0.003027,,5,DATA_PRESENT,OECD_ICIO_2022+WIOD_2014,"CONFLICT: OECD gdp_share=0.0021 (2022) vs WIOD value_added_share=0.0030 (2014), relative diff=30.03%. Vintages differ.","CONFLICT: OECD gdp_share=0.0021 (2022) vs WIOD value_added_share=0.0030 (2014), relative diff=30.03%. Vintages differ. | OECD: Aggregated from 1 OECD ISIC sectors; gross_output=32,608 USD m | WIOD: Aggregated from 1 NACE Rev.2 codes; employment_share NULL — SEA files not in repo",2022,2014
IND,agriculture,0.185598,0.019780,0.160648,,5,DATA_PRESENT,OECD_ICIO_2022+WIOD_2014,,"OECD: Aggregated from 3 OECD ISIC sectors; gross_output=712,816 USD m | WIOD: Aggregated from 3 NACE Rev.2 codes; employment_share NULL — SEA files not in repo",2022,2014
IND,automotive,0.010653,0.019995,0.008638,,5,DATA_PRESENT,OECD_ICIO_2022+WIOD_2014,,"OECD: Aggregated from 1 OECD ISIC sectors; gross_output=168,000 USD m | WIOD: Aggregated from 1 NACE Rev.2 codes; employment_share NULL — SEA files not in repo",2022,2014
IND,aviation,0.000756,0.009364,0.001591,,5,DATA_PRESENT,OECD_ICIO_2022+WIOD_2014,"CONFLICT: OECD gdp_share=0.0008 (2022) vs WIOD value_added_share=0.0016 (2014), relative diff=52.48%. Vintages differ.","CONFLICT: OECD gdp_share=0.0008 (2022) vs WIOD value_added_share=0.0016 (2014), relative diff=52.48%. Vintages differ. | OECD: Aggregated from 1 OECD ISIC sectors; gross_output=12,622 USD m | WIOD: Aggregated from 1 NACE Rev.2 codes; employment_share NULL — SEA files not in repo",2022,2014
IND,banking,0.053637,0.019932,0.046772,,5,DATA_PRESENT,OECD_ICIO_2022+WIOD_2014,,"OECD: Aggregated from 1 OECD ISIC sectors; gross_output=300,955 USD m | WIOD: Aggregated from 1 NACE Rev.2 codes; employment_share NULL — SEA files not in repo",2022,2014
IND,capital_markets,,,0.000000,,4,DATA_PRESENT,WIOD_2014,,OECD: OECD ICIO has no clean line item for this sector. See OECD_ICIO_SCHEMA_AUDIT.md for the bundling exp | WIOD: Aggregated from 1 NACE Rev.2 codes; employment_share NULL — SEA files not in repo,2022,2014
IND,consumer_goods,0.187764,0.317005,0.291071,,5,DATA_PRESENT,OECD_ICIO_2022+WIOD_2014,"CONFLICT: OECD gdp_share=0.1878 (2022) vs WIOD value_added_share=0.2911 (2014), relative diff=35.49%. Vintages differ.","CONFLICT: OECD gdp_share=0.1878 (2022) vs WIOD value_added_share=0.2911 (2014), relative diff=35.49%. Vintages differ. | OECD: Aggregated from 11 OECD ISIC sectors; gross_output=1,664,076 USD m | WIOD: Aggregated from 17 NACE Rev.2 codes; employment_share NULL — SEA files not in repo",2022,2014
IND,electronics,0.007152,0.046914,0.007825,,5,DATA_PRESENT,OECD_ICIO_2022+WIOD_2014,,"OECD: Aggregated from 2 OECD ISIC sectors; gross_output=122,928 USD m | WIOD: Aggregated from 2 NACE Rev.2 codes; employment_share NULL — SEA files not in repo",2022,2014
IND,energy,,,,,,MISSING_NO_SOURCE_ANY,NONE,,OECD: OECD ICIO has no clean line item for this sector. See OECD_ICIO_SCHEMA_AUDIT.md for the bundling exp | WIOD: Country in WIOD but no VA for this GEDS sector,2022,2014
IND,gas,,,,,,MISSING_NO_SOURCE_ANY,NONE,,OECD: OECD ICIO has no clean line item for this sector. See OECD_ICIO_SCHEMA_AUDIT.md for the bundling exp | WIOD: C26 bundles semis; B+D35 bundles gas with oil/utilities,2022,2014
IND,government,0.117614,0.009050,0.112444,,5,DATA_PRESENT,OECD_ICIO_2022+WIOD_2014,,"OECD: Aggregated from 2 OECD ISIC sectors; gross_output=418,736 USD m | WIOD: Aggregated from 2 NACE Rev.2 codes; employment_share NULL — SEA files not in repo",2022,2014
IND,insurance,,,0.010649,,4,DATA_PRESENT,WIOD_2014,,OECD: OECD ICIO has no clean line item for this sector. See OECD_ICIO_SCHEMA_AUDIT.md for the bundling exp | WIOD: Aggregated from 1 NACE Rev.2 codes; employment_share NULL — SEA files not in repo,2022,2014
IND,oil,0.020843,0.163668,0.027712,,5,DATA_PRESENT,OECD_ICIO_2022+WIOD_2014,,"OECD: Aggregated from 2 OECD ISIC sectors; gross_output=250,079 USD m | WIOD: Aggregated from 2 NACE Rev.2 codes; employment_share NULL — SEA files not in repo",2022,2014
IND,ports,0.007359,0.015456,0.004492,,5,DATA_PRESENT,OECD_ICIO_2022+WIOD_2014,"CONFLICT: OECD gdp_share=0.0074 (2022) vs WIOD value_added_share=0.0045 (2014), relative diff=38.96%. Vintages differ.","CONFLICT: OECD gdp_share=0.0074 (2022) vs WIOD value_added_share=0.0045 (2014), relative diff=38.96%. Vintages differ. | OECD: Aggregated from 1 OECD ISIC sectors; gross_output=47,434 USD m | WIOD: Aggregated from 1 NACE Rev.2 codes; employment_share NULL — SEA files not in repo",2022,2014
IND,semiconductors,,,,,,MISSING_NO_SOURCE_ANY,NONE,,OECD: OECD ICIO has no clean line item for this sector. See OECD_ICIO_SCHEMA_AUDIT.md for the bundling exp | WIOD: C26 bundles semis; B+D35 bundles gas with oil/utilities,2022,2014
IND,shipping,0.044941,0.029917,0.056412,,5,DATA_PRESENT,OECD_ICIO_2022+WIOD_2014,,"OECD: Aggregated from 2 OECD ISIC sectors; gross_output=251,001 USD m | WIOD: Aggregated from 2 NACE Rev.2 codes; employment_share NULL — SEA files not in repo",2022,2014
IND,telecommunications,0.069429,0.124023,0.049328,,5,DATA_PRESENT,OECD_ICIO_2022+WIOD_2014,,"OECD: Aggregated from 3 OECD ISIC sectors; gross_output=340,964 USD m | WIOD: Aggregated from 5 NACE Rev.2 codes; employment_share NULL — SEA files not in repo",2022,2014
IND,tourism,0.010288,0.005332,0.014477,,5,DATA_PRESENT,OECD_ICIO_2022+WIOD_2014,,"OECD: Aggregated from 1 OECD ISIC sectors; gross_output=87,331 USD m | WIOD: Aggregated from 1 NACE Rev.2 codes; employment_share NULL — SEA files not in repo",2022,2014
IND,utilities,0.023386,0.037391,0.015978,,5,DATA_PRESENT,OECD_ICIO_2022+WIOD_2014,"CONFLICT: OECD gdp_share=0.0234 (2022) vs WIOD value_added_share=0.0160 (2014), relative diff=31.68%. Vintages differ.","CONFLICT: OECD gdp_share=0.0234 (2022) vs WIOD value_added_share=0.0160 (2014), relative diff=31.68%. Vintages differ. | OECD: Aggregated from 2 OECD ISIC sectors; gross_output=186,985 USD m | WIOD: Aggregated from 3 NACE Rev.2 codes; employment_share NULL — SEA files not in repo",2022,2014
IRL,aerospace,0.000369,0.000233,0.000012,,5,DATA_PRESENT,OECD_ICIO_2022+WIOD_2014,"CONFLICT: OECD gdp_share=0.0004 (2022) vs WIOD value_added_share=0.0000 (2014), relative diff=96.75%. Vintages differ.","CONFLICT: OECD gdp_share=0.0004 (2022) vs WIOD value_added_share=0.0000 (2014), relative diff=96.75%. Vintages differ. | OECD: Aggregated from 1 OECD ISIC sectors; gross_output=233 USD m | WIOD: Aggregated from 1 NACE Rev.2 codes; employment_share NULL — SEA files not in repo",2022,2014
IRL,agriculture,0.011650,0.004978,0.015644,,5,DATA_PRESENT,OECD_ICIO_2022+WIOD_2014,,"OECD: Aggregated from 3 OECD ISIC sectors; gross_output=14,816 USD m | WIOD: Aggregated from 3 NACE Rev.2 codes; employment_share NULL — SEA files not in repo",2022,2014
IRL,automotive,0.000710,0.000842,0.001126,,5,DATA_PRESENT,OECD_ICIO_2022+WIOD_2014,"CONFLICT: OECD gdp_share=0.0007 (2022) vs WIOD value_added_share=0.0011 (2014), relative diff=36.94%. Vintages differ.","CONFLICT: OECD gdp_share=0.0007 (2022) vs WIOD value_added_share=0.0011 (2014), relative diff=36.94%. Vintages differ. | OECD: Aggregated from 1 OECD ISIC sectors; gross_output=850 USD m | WIOD: Aggregated from 1 NACE Rev.2 codes; employment_share NULL — SEA files not in repo",2022,2014
IRL,aviation,0.002734,0.007639,0.015261,,5,DATA_PRESENT,OECD_ICIO_2022+WIOD_2014,"CONFLICT: OECD gdp_share=0.0027 (2022) vs WIOD value_added_share=0.0153 (2014), relative diff=82.09%. Vintages differ.","CONFLICT: OECD gdp_share=0.0027 (2022) vs WIOD value_added_share=0.0153 (2014), relative diff=82.09%. Vintages differ. | OECD: Aggregated from 1 OECD ISIC sectors; gross_output=5,194 USD m | WIOD: Aggregated from 1 NACE Rev.2 codes; employment_share NULL — SEA files not in repo",2022,2014
IRL,banking,0.035741,0.075572,0.057600,,5,DATA_PRESENT,OECD_ICIO_2022+WIOD_2014,"CONFLICT: OECD gdp_share=0.0357 (2022) vs WIOD value_added_share=0.0576 (2014), relative diff=37.95%. Vintages differ.","CONFLICT: OECD gdp_share=0.0357 (2022) vs WIOD value_added_share=0.0576 (2014), relative diff=37.95%. Vintages differ. | OECD: Aggregated from 1 OECD ISIC sectors; gross_output=52,426 USD m | WIOD: Aggregated from 1 NACE Rev.2 codes; employment_share NULL — SEA files not in repo",2022,2014
IRL,capital_markets,,,0.009925,,4,DATA_PRESENT,WIOD_2014,,OECD: OECD ICIO has no clean line item for this sector. See OECD_ICIO_SCHEMA_AUDIT.md for the bundling exp | WIOD: Aggregated from 1 NACE Rev.2 codes; employment_share NULL — SEA files not in repo,2022,2014
IRL,consumer_goods,0.419189,0.377571,0.270350,,5,DATA_PRESENT,OECD_ICIO_2022+WIOD_2014,"CONFLICT: OECD gdp_share=0.4192 (2022) vs WIOD value_added_share=0.2703 (2014), relative diff=35.51%. Vintages differ.","CONFLICT: OECD gdp_share=0.4192 (2022) vs WIOD value_added_share=0.2703 (2014), relative diff=35.51%. Vintages differ. | OECD: Aggregated from 11 OECD ISIC sectors; gross_output=400,009 USD m | WIOD: Aggregated from 17 NACE Rev.2 codes; employment_share NULL — SEA files not in repo",2022,2014
IRL,electronics,0.023180,0.049698,0.018216,,5,DATA_PRESENT,OECD_ICIO_2022+WIOD_2014,,"OECD: Aggregated from 2 OECD ISIC sectors; gross_output=38,897 USD m | WIOD: Aggregated from 2 NACE Rev.2 codes; employment_share NULL — SEA files not in repo",2022,2014
IRL,energy,,,,,,MISSING_NO_SOURCE_ANY,NONE,,OECD: OECD ICIO has no clean line item for this sector. See OECD_ICIO_SCHEMA_AUDIT.md for the bundling exp | WIOD: Country in WIOD but no VA for this GEDS sector,2022,2014
IRL,gas,,,,,,MISSING_NO_SOURCE_ANY,NONE,,OECD: OECD ICIO has no clean line item for this sector. See OECD_ICIO_SCHEMA_AUDIT.md for the bundling exp | WIOD: C26 bundles semis; B+D35 bundles gas with oil/utilities,2022,2014
IRL,government,0.047409,0.005542,0.092092,,5,DATA_PRESENT,OECD_ICIO_2022+WIOD_2014,"CONFLICT: OECD gdp_share=0.0474 (2022) vs WIOD value_added_share=0.0921 (2014), relative diff=48.52%. Vintages differ.","CONFLICT: OECD gdp_share=0.0474 (2022) vs WIOD value_added_share=0.0921 (2014), relative diff=48.52%. Vintages differ. | OECD: Aggregated from 2 OECD ISIC sectors; gross_output=33,450 USD m | WIOD: Aggregated from 2 NACE Rev.2 codes; employment_share NULL — SEA files not in repo",2022,2014
IRL,insurance,,,0.021492,,4,DATA_PRESENT,WIOD_2014,,OECD: OECD ICIO has no clean line item for this sector. See OECD_ICIO_SCHEMA_AUDIT.md for the bundling exp | WIOD: Aggregated from 1 NACE Rev.2 codes; employment_share NULL — SEA files not in repo,2022,2014
IRL,oil,0.013997,0.004074,0.003383,,5,DATA_PRESENT,OECD_ICIO_2022+WIOD_2014,"CONFLICT: OECD gdp_share=0.0140 (2022) vs WIOD value_added_share=0.0034 (2014), relative diff=75.83%. Vintages differ.","CONFLICT: OECD gdp_share=0.0140 (2022) vs WIOD value_added_share=0.0034 (2014), relative diff=75.83%. Vintages differ. | OECD: Aggregated from 2 OECD ISIC sectors; gross_output=10,632 USD m | WIOD: Aggregated from 2 NACE Rev.2 codes; employment_share NULL — SEA files not in repo",2022,2014
IRL,ports,0.001312,0.009855,0.008942,,5,DATA_PRESENT,OECD_ICIO_2022+WIOD_2014,"CONFLICT: OECD gdp_share=0.0013 (2022) vs WIOD value_added_share=0.0089 (2014), relative diff=85.33%. Vintages differ.","CONFLICT: OECD gdp_share=0.0013 (2022) vs WIOD value_added_share=0.0089 (2014), relative diff=85.33%. Vintages differ. | OECD: Aggregated from 1 OECD ISIC sectors; gross_output=7,065 USD m | WIOD: Aggregated from 1 NACE Rev.2 codes; employment_share NULL — SEA files not in repo",2022,2014
IRL,semiconductors,,,,,,MISSING_NO_SOURCE_ANY,NONE,,OECD: OECD ICIO has no clean line item for this sector. See OECD_ICIO_SCHEMA_AUDIT.md for the bundling exp | WIOD: C26 bundles semis; B+D35 bundles gas with oil/utilities,2022,2014
IRL,shipping,0.009491,0.006598,0.012827,,5,DATA_PRESENT,OECD_ICIO_2022+WIOD_2014,,"OECD: Aggregated from 2 OECD ISIC sectors; gross_output=8,120 USD m | WIOD: Aggregated from 2 NACE Rev.2 codes; employment_share NULL — SEA files not in repo",2022,2014
IRL,telecommunications,0.165305,0.302033,0.121369,,5,DATA_PRESENT,OECD_ICIO_2022+WIOD_2014,,"OECD: Aggregated from 3 OECD ISIC sectors; gross_output=221,385 USD m | WIOD: Aggregated from 5 NACE Rev.2 codes; employment_share NULL — SEA files not in repo",2022,2014
IRL,tourism,0.014282,0.005014,0.024167,,5,DATA_PRESENT,OECD_ICIO_2022+WIOD_2014,"CONFLICT: OECD gdp_share=0.0143 (2022) vs WIOD value_added_share=0.0242 (2014), relative diff=40.90%. Vintages differ.","CONFLICT: OECD gdp_share=0.0143 (2022) vs WIOD value_added_share=0.0242 (2014), relative diff=40.90%. Vintages differ. | OECD: Aggregated from 1 OECD ISIC sectors; gross_output=11,259 USD m | WIOD: Aggregated from 1 NACE Rev.2 codes; employment_share NULL — SEA files not in repo",2022,2014
IRL,utilities,0.011355,0.009630,0.026929,,5,DATA_PRESENT,OECD_ICIO_2022+WIOD_2014,"CONFLICT: OECD gdp_share=0.0114 (2022) vs WIOD value_added_share=0.0269 (2014), relative diff=57.83%. Vintages differ.","CONFLICT: OECD gdp_share=0.0114 (2022) vs WIOD value_added_share=0.0269 (2014), relative diff=57.83%. Vintages differ. | OECD: Aggregated from 2 OECD ISIC sectors; gross_output=20,861 USD m | WIOD: Aggregated from 3 NACE Rev.2 codes; employment_share NULL — SEA files not in repo",2022,2014
ISL,aerospace,0.000823,0.001726,,,4,DATA_PRESENT,OECD_ICIO_2022,,OECD: Aggregated from 1 OECD ISIC sectors; gross_output=56 USD m,2022,
ISL,agriculture,0.046942,0.052172,,,4,DATA_PRESENT,OECD_ICIO_2022,,"OECD: Aggregated from 3 OECD ISIC sectors; gross_output=2,326 USD m",2022,
ISL,automotive,0.000167,0.000260,,,4,DATA_PRESENT,OECD_ICIO_2022,,OECD: Aggregated from 1 OECD ISIC sectors; gross_output=11 USD m,2022,
ISL,aviation,0.021429,0.101935,,,4,DATA_PRESENT,OECD_ICIO_2022,,"OECD: Aggregated from 1 OECD ISIC sectors; gross_output=1,812 USD m",2022,
ISL,banking,0.056977,0.016353,,,4,DATA_PRESENT,OECD_ICIO_2022,,"OECD: Aggregated from 1 OECD ISIC sectors; gross_output=2,216 USD m",2022,
ISL,capital_markets,,,,,,MISSING_NO_SOURCE_ANY,NONE,,OECD: OECD ICIO has no clean line item for this sector. See OECD_ICIO_SCHEMA_AUDIT.md for the bundling exp,2022,
ISL,consumer_goods,0.167651,0.238121,,,4,DATA_PRESENT,OECD_ICIO_2022,,"OECD: Aggregated from 11 OECD ISIC sectors; gross_output=9,407 USD m",2022,
ISL,electronics,0.004277,0.008008,,,4,DATA_PRESENT,OECD_ICIO_2022,,OECD: Aggregated from 2 OECD ISIC sectors; gross_output=346 USD m,2022,
ISL,energy,,,,,,MISSING_NO_SOURCE_ANY,NONE,,OECD: OECD ICIO has no clean line item for this sector. See OECD_ICIO_SCHEMA_AUDIT.md for the bundling exp,2022,
ISL,gas,,,,,,MISSING_NO_SOURCE_ANY,NONE,,OECD: OECD ICIO has no clean line item for this sector. See OECD_ICIO_SCHEMA_AUDIT.md for the bundling exp,2022,
ISL,government,0.112802,0.018314,,,4,DATA_PRESENT,OECD_ICIO_2022,,"OECD: Aggregated from 2 OECD ISIC sectors; gross_output=4,484 USD m",2022,
ISL,insurance,,,,,,MISSING_NO_SOURCE_ANY,NONE,,OECD: OECD ICIO has no clean line item for this sector. See OECD_ICIO_SCHEMA_AUDIT.md for the bundling exp,2022,
ISL,oil,0.000114,0.000042,,,4,DATA_PRESENT,OECD_ICIO_2022,,OECD: Aggregated from 2 OECD ISIC sectors; gross_output=4 USD m,2022,
ISL,ports,0.013868,0.020400,,,4,DATA_PRESENT,OECD_ICIO_2022,,OECD: Aggregated from 1 OECD ISIC sectors; gross_output=610 USD m,2022,
ISL,semiconductors,,,,,,MISSING_NO_SOURCE_ANY,NONE,,OECD: OECD ICIO has no clean line item for this sector. See OECD_ICIO_SCHEMA_AUDIT.md for the bundling exp,2022,
ISL,shipping,0.017419,0.051185,,,4,DATA_PRESENT,OECD_ICIO_2022,,"OECD: Aggregated from 2 OECD ISIC sectors; gross_output=1,344 USD m",2022,
ISL,telecommunications,0.049916,0.043046,,,4,DATA_PRESENT,OECD_ICIO_2022,,"OECD: Aggregated from 3 OECD ISIC sectors; gross_output=2,568 USD m",2022,
ISL,tourism,0.035591,0.051120,,,4,DATA_PRESENT,OECD_ICIO_2022,,"OECD: Aggregated from 1 OECD ISIC sectors; gross_output=1,935 USD m",2022,
ISL,utilities,0.049199,0.007518,,,4,DATA_PRESENT,OECD_ICIO_2022,,"OECD: Aggregated from 2 OECD ISIC sectors; gross_output=1,945 USD m",2022,
ISR,aerospace,0.004705,0.014072,,,4,DATA_PRESENT,OECD_ICIO_2022,,"OECD: Aggregated from 1 OECD ISIC sectors; gross_output=6,064 USD m",2022,
ISR,agriculture,0.015233,0.018529,,,4,DATA_PRESENT,OECD_ICIO_2022,,"OECD: Aggregated from 3 OECD ISIC sectors; gross_output=16,306 USD m",2022,
ISR,automotive,0.000903,0.002359,,,4,DATA_PRESENT,OECD_ICIO_2022,,"OECD: Aggregated from 1 OECD ISIC sectors; gross_output=1,545 USD m",2022,
ISR,aviation,0.007413,0.046341,,,4,DATA_PRESENT,OECD_ICIO_2022,,"OECD: Aggregated from 1 OECD ISIC sectors; gross_output=17,807 USD m",2022,
ISR,banking,0.048136,0.027776,,,4,DATA_PRESENT,OECD_ICIO_2022,,"OECD: Aggregated from 1 OECD ISIC sectors; gross_output=43,212 USD m",2022,
ISR,capital_markets,,,,,,MISSING_NO_SOURCE_ANY,NONE,,OECD: OECD ICIO has no clean line item for this sector. See OECD_ICIO_SCHEMA_AUDIT.md for the bundling exp,2022,
ISR,consumer_goods,0.151220,0.259284,,,4,DATA_PRESENT,OECD_ICIO_2022,,"OECD: Aggregated from 11 OECD ISIC sectors; gross_output=157,427 USD m",2022,
ISR,electronics,0.050730,0.082492,,,4,DATA_PRESENT,OECD_ICIO_2022,,"OECD: Aggregated from 2 OECD ISIC sectors; gross_output=45,633 USD m",2022,
ISR,energy,,,,,,MISSING_NO_SOURCE_ANY,NONE,,OECD: OECD ICIO has no clean line item for this sector. See OECD_ICIO_SCHEMA_AUDIT.md for the bundling exp,2022,
ISR,gas,,,,,,MISSING_NO_SOURCE_ANY,NONE,,OECD: OECD ICIO has no clean line item for this sector. See OECD_ICIO_SCHEMA_AUDIT.md for the bundling exp,2022,
ISR,government,0.123544,0.021971,,,4,DATA_PRESENT,OECD_ICIO_2022,,"OECD: Aggregated from 2 OECD ISIC sectors; gross_output=92,527 USD m",2022,
ISR,insurance,,,,,,MISSING_NO_SOURCE_ANY,NONE,,OECD: OECD ICIO has no clean line item for this sector. See OECD_ICIO_SCHEMA_AUDIT.md for the bundling exp,2022,
ISR,oil,0.007847,0.054138,,,4,DATA_PRESENT,OECD_ICIO_2022,,"OECD: Aggregated from 2 OECD ISIC sectors; gross_output=20,086 USD m",2022,
ISR,ports,0.002335,0.008063,,,4,DATA_PRESENT,OECD_ICIO_2022,,"OECD: Aggregated from 1 OECD ISIC sectors; gross_output=2,347 USD m",2022,
ISR,semiconductors,,,,,,MISSING_NO_SOURCE_ANY,NONE,,OECD: OECD ICIO has no clean line item for this sector. See OECD_ICIO_SCHEMA_AUDIT.md for the bundling exp,2022,
ISR,shipping,0.024536,0.037670,,,4,DATA_PRESENT,OECD_ICIO_2022,,"OECD: Aggregated from 2 OECD ISIC sectors; gross_output=25,866 USD m",2022,
ISR,telecommunications,0.099772,0.182590,,,4,DATA_PRESENT,OECD_ICIO_2022,,"OECD: Aggregated from 3 OECD ISIC sectors; gross_output=76,450 USD m",2022,
ISR,tourism,0.014222,0.012992,,,4,DATA_PRESENT,OECD_ICIO_2022,,"OECD: Aggregated from 1 OECD ISIC sectors; gross_output=18,096 USD m",2022,
ISR,utilities,0.015639,0.007853,,,4,DATA_PRESENT,OECD_ICIO_2022,,"OECD: Aggregated from 2 OECD ISIC sectors; gross_output=18,489 USD m",2022,
ITA,aerospace,0.003697,0.015445,0.003915,,5,DATA_PRESENT,OECD_ICIO_2022+WIOD_2014,,"OECD: Aggregated from 1 OECD ISIC sectors; gross_output=24,836 USD m | WIOD: Aggregated from 1 NACE Rev.2 codes; employment_share NULL — SEA files not in repo",2022,2014
ITA,agriculture,0.021284,0.012697,0.021771,,5,DATA_PRESENT,OECD_ICIO_2022+WIOD_2014,,"OECD: Aggregated from 3 OECD ISIC sectors; gross_output=75,478 USD m | WIOD: Aggregated from 3 NACE Rev.2 codes; employment_share NULL — SEA files not in repo",2022,2014
ITA,automotive,0.008809,0.043416,0.007161,,5,DATA_PRESENT,OECD_ICIO_2022+WIOD_2014,,"OECD: Aggregated from 1 OECD ISIC sectors; gross_output=76,424 USD m | WIOD: Aggregated from 1 NACE Rev.2 codes; employment_share NULL — SEA files not in repo",2022,2014
ITA,aviation,0.000524,0.003495,0.000411,,5,DATA_PRESENT,OECD_ICIO_2022+WIOD_2014,,"OECD: Aggregated from 1 OECD ISIC sectors; gross_output=6,297 USD m | WIOD: Aggregated from 1 NACE Rev.2 codes; employment_share NULL — SEA files not in repo",2022,2014
ITA,banking,0.048975,0.017860,0.039940,,5,DATA_PRESENT,OECD_ICIO_2022+WIOD_2014,,"OECD: Aggregated from 1 OECD ISIC sectors; gross_output=158,769 USD m | WIOD: Aggregated from 1 NACE Rev.2 codes; employment_share NULL — SEA files not in repo",2022,2014
ITA,capital_markets,,,0.012363,,4,DATA_PRESENT,WIOD_2014,,OECD: OECD ICIO has no clean line item for this sector. See OECD_ICIO_SCHEMA_AUDIT.md for the bundling exp | WIOD: Aggregated from 1 NACE Rev.2 codes; employment_share NULL — SEA files not in repo,2022,2014
ITA,consumer_goods,0.234061,0.468505,0.240645,,5,DATA_PRESENT,OECD_ICIO_2022+WIOD_2014,,"OECD: Aggregated from 11 OECD ISIC sectors; gross_output=1,245,492 USD m | WIOD: Aggregated from 17 NACE Rev.2 codes; employment_share NULL — SEA files not in repo",2022,2014
ITA,electronics,0.013818,0.047343,0.012507,,5,DATA_PRESENT,OECD_ICIO_2022+WIOD_2014,,"OECD: Aggregated from 2 OECD ISIC sectors; gross_output=85,531 USD m | WIOD: Aggregated from 2 NACE Rev.2 codes; employment_share NULL — SEA files not in repo",2022,2014
ITA,energy,,,,,,MISSING_NO_SOURCE_ANY,NONE,,OECD: OECD ICIO has no clean line item for this sector. See OECD_ICIO_SCHEMA_AUDIT.md for the bundling exp | WIOD: Country in WIOD but no VA for this GEDS sector,2022,2014
ITA,gas,,,,,,MISSING_NO_SOURCE_ANY,NONE,,OECD: OECD ICIO has no clean line item for this sector. See OECD_ICIO_SCHEMA_AUDIT.md for the bundling exp | WIOD: C26 bundles semis; B+D35 bundles gas with oil/utilities,2022,2014
ITA,government,0.104242,0.006714,0.111736,,5,DATA_PRESENT,OECD_ICIO_2022+WIOD_2014,,"OECD: Aggregated from 2 OECD ISIC sectors; gross_output=254,427 USD m | WIOD: Aggregated from 2 NACE Rev.2 codes; employment_share NULL — SEA files not in repo",2022,2014
ITA,insurance,,,0.006374,,4,DATA_PRESENT,WIOD_2014,,OECD: OECD ICIO has no clean line item for this sector. See OECD_ICIO_SCHEMA_AUDIT.md for the bundling exp | WIOD: Aggregated from 1 NACE Rev.2 codes; employment_share NULL — SEA files not in repo,2022,2014
ITA,oil,0.006394,0.058913,0.004826,,5,DATA_PRESENT,OECD_ICIO_2022+WIOD_2014,,"OECD: Aggregated from 2 OECD ISIC sectors; gross_output=84,417 USD m | WIOD: Aggregated from 2 NACE Rev.2 codes; employment_share NULL — SEA files not in repo",2022,2014
ITA,ports,0.021223,0.013651,0.018974,,5,DATA_PRESENT,OECD_ICIO_2022+WIOD_2014,,"OECD: Aggregated from 1 OECD ISIC sectors; gross_output=95,441 USD m | WIOD: Aggregated from 1 NACE Rev.2 codes; employment_share NULL — SEA files not in repo",2022,2014
ITA,semiconductors,,,,,,MISSING_NO_SOURCE_ANY,NONE,,OECD: OECD ICIO has no clean line item for this sector. See OECD_ICIO_SCHEMA_AUDIT.md for the bundling exp | WIOD: C26 bundles semis; B+D35 bundles gas with oil/utilities,2022,2014
ITA,shipping,0.029426,0.023441,0.032771,,5,DATA_PRESENT,OECD_ICIO_2022+WIOD_2014,,"OECD: Aggregated from 2 OECD ISIC sectors; gross_output=120,942 USD m | WIOD: Aggregated from 2 NACE Rev.2 codes; employment_share NULL — SEA files not in repo",2022,2014
ITA,telecommunications,0.035552,0.020731,0.039416,,5,DATA_PRESENT,OECD_ICIO_2022+WIOD_2014,,"OECD: Aggregated from 3 OECD ISIC sectors; gross_output=144,120 USD m | WIOD: Aggregated from 5 NACE Rev.2 codes; employment_share NULL — SEA files not in repo",2022,2014
ITA,tourism,0.034785,0.019807,0.036080,,5,DATA_PRESENT,OECD_ICIO_2022+WIOD_2014,,"OECD: Aggregated from 1 OECD ISIC sectors; gross_output=113,187 USD m | WIOD: Aggregated from 1 NACE Rev.2 codes; employment_share NULL — SEA files not in repo",2022,2014
ITA,utilities,0.033129,0.043496,0.027071,,5,DATA_PRESENT,OECD_ICIO_2022+WIOD_2014,,"OECD: Aggregated from 2 OECD ISIC sectors; gross_output=225,993 USD m | WIOD: Aggregated from 3 NACE Rev.2 codes; employment_share NULL — SEA files not in repo",2022,2014
JOR,aerospace,0.000561,0.000292,,,4,DATA_PRESENT,OECD_ICIO_2022,,OECD: Aggregated from 1 OECD ISIC sectors; gross_output=41 USD m,2022,
JOR,agriculture,0.044942,0.047899,,,4,DATA_PRESENT,OECD_ICIO_2022,,"OECD: Aggregated from 3 OECD ISIC sectors; gross_output=3,670 USD m",2022,
JOR,automotive,0.001675,0.004132,,,4,DATA_PRESENT,OECD_ICIO_2022,,OECD: Aggregated from 1 OECD ISIC sectors; gross_output=203 USD m,2022,
JOR,aviation,0.005958,0.050151,,,4,DATA_PRESENT,OECD_ICIO_2022,,"OECD: Aggregated from 1 OECD ISIC sectors; gross_output=1,272 USD m",2022,
JOR,banking,0.083438,0.026030,,,4,DATA_PRESENT,OECD_ICIO_2022,,"OECD: Aggregated from 1 OECD ISIC sectors; gross_output=4,280 USD m",2022,
JOR,capital_markets,,,,,,MISSING_NO_SOURCE_ANY,NONE,,OECD: OECD ICIO has no clean line item for this sector. See OECD_ICIO_SCHEMA_AUDIT.md for the bundling exp,2022,
JOR,consumer_goods,0.243430,0.433773,,,4,DATA_PRESENT,OECD_ICIO_2022,,"OECD: Aggregated from 11 OECD ISIC sectors; gross_output=23,869 USD m",2022,
JOR,electronics,0.006125,0.017372,,,4,DATA_PRESENT,OECD_ICIO_2022,,OECD: Aggregated from 2 OECD ISIC sectors; gross_output=858 USD m,2022,
JOR,energy,,,,,,MISSING_NO_SOURCE_ANY,NONE,,OECD: OECD ICIO has no clean line item for this sector. See OECD_ICIO_SCHEMA_AUDIT.md for the bundling exp,2022,
JOR,gas,,,,,,MISSING_NO_SOURCE_ANY,NONE,,OECD: OECD ICIO has no clean line item for this sector. See OECD_ICIO_SCHEMA_AUDIT.md for the bundling exp,2022,
JOR,government,0.191784,0.042626,,,4,DATA_PRESENT,OECD_ICIO_2022,,"OECD: Aggregated from 2 OECD ISIC sectors; gross_output=10,689 USD m",2022,
JOR,insurance,,,,,,MISSING_NO_SOURCE_ANY,NONE,,OECD: OECD ICIO has no clean line item for this sector. See OECD_ICIO_SCHEMA_AUDIT.md for the bundling exp,2022,
JOR,oil,0.017758,0.081081,,,4,DATA_PRESENT,OECD_ICIO_2022,,"OECD: Aggregated from 2 OECD ISIC sectors; gross_output=4,141 USD m",2022,
JOR,ports,0.014154,0.012547,,,4,DATA_PRESENT,OECD_ICIO_2022,,OECD: Aggregated from 1 OECD ISIC sectors; gross_output=809 USD m,2022,
JOR,semiconductors,,,,,,MISSING_NO_SOURCE_ANY,NONE,,OECD: OECD ICIO has no clean line item for this sector. See OECD_ICIO_SCHEMA_AUDIT.md for the bundling exp,2022,
JOR,shipping,0.038135,0.057884,,,4,DATA_PRESENT,OECD_ICIO_2022,,"OECD: Aggregated from 2 OECD ISIC sectors; gross_output=2,858 USD m",2022,
JOR,telecommunications,0.040814,0.019447,,,4,DATA_PRESENT,OECD_ICIO_2022,,"OECD: Aggregated from 3 OECD ISIC sectors; gross_output=2,777 USD m",2022,
JOR,tourism,0.016561,0.034493,,,4,DATA_PRESENT,OECD_ICIO_2022,,"OECD: Aggregated from 1 OECD ISIC sectors; gross_output=1,553 USD m",2022,
JOR,utilities,0.021382,0.015011,,,4,DATA_PRESENT,OECD_ICIO_2022,,"OECD: Aggregated from 2 OECD ISIC sectors; gross_output=2,309 USD m",2022,
JPN,aerospace,0.001938,0.007724,0.005710,,5,DATA_PRESENT,OECD_ICIO_2022+WIOD_2014,"CONFLICT: OECD gdp_share=0.0019 (2022) vs WIOD value_added_share=0.0057 (2014), relative diff=66.06%. Vintages differ.","CONFLICT: OECD gdp_share=0.0019 (2022) vs WIOD value_added_share=0.0057 (2014), relative diff=66.06%. Vintages differ. | OECD: Aggregated from 1 OECD ISIC sectors; gross_output=29,478 USD m | WIOD: Aggregated from 1 NACE Rev.2 codes; employment_share NULL — SEA files not in repo",2022,2014
JPN,agriculture,0.009275,0.005737,0.013584,,5,DATA_PRESENT,OECD_ICIO_2022+WIOD_2014,"CONFLICT: OECD gdp_share=0.0093 (2022) vs WIOD value_added_share=0.0136 (2014), relative diff=31.72%. Vintages differ.","CONFLICT: OECD gdp_share=0.0093 (2022) vs WIOD value_added_share=0.0136 (2014), relative diff=31.72%. Vintages differ. | OECD: Aggregated from 3 OECD ISIC sectors; gross_output=92,056 USD m | WIOD: Aggregated from 3 NACE Rev.2 codes; employment_share NULL — SEA files not in repo",2022,2014
JPN,automotive,0.023536,0.113247,0.020543,,5,DATA_PRESENT,OECD_ICIO_2022+WIOD_2014,,"OECD: Aggregated from 1 OECD ISIC sectors; gross_output=377,050 USD m | WIOD: Aggregated from 1 NACE Rev.2 codes; employment_share NULL — SEA files not in repo",2022,2014
JPN,aviation,0.000989,0.003490,0.003325,,5,DATA_PRESENT,OECD_ICIO_2022+WIOD_2014,"CONFLICT: OECD gdp_share=0.0010 (2022) vs WIOD value_added_share=0.0033 (2014), relative diff=70.26%. Vintages differ.","CONFLICT: OECD gdp_share=0.0010 (2022) vs WIOD value_added_share=0.0033 (2014), relative diff=70.26%. Vintages differ. | OECD: Aggregated from 1 OECD ISIC sectors; gross_output=19,851 USD m | WIOD: Aggregated from 1 NACE Rev.2 codes; employment_share NULL — SEA files not in repo",2022,2014
JPN,banking,0.046327,0.022194,0.033676,,5,DATA_PRESENT,OECD_ICIO_2022+WIOD_2014,,"OECD: Aggregated from 1 OECD ISIC sectors; gross_output=289,992 USD m | WIOD: Aggregated from 1 NACE Rev.2 codes; employment_share NULL — SEA files not in repo",2022,2014
JPN,capital_markets,,,0.000000,,4,DATA_PRESENT,WIOD_2014,,OECD: OECD ICIO has no clean line item for this sector. See OECD_ICIO_SCHEMA_AUDIT.md for the bundling exp | WIOD: Aggregated from 1 NACE Rev.2 codes; employment_share NULL — SEA files not in repo,2022,2014
JPN,consumer_goods,0.267802,0.316819,0.254917,,5,DATA_PRESENT,OECD_ICIO_2022+WIOD_2014,,"OECD: Aggregated from 11 OECD ISIC sectors; gross_output=2,327,925 USD m | WIOD: Aggregated from 17 NACE Rev.2 codes; employment_share NULL — SEA files not in repo",2022,2014
JPN,electronics,0.030236,0.109720,0.029528,,5,DATA_PRESENT,OECD_ICIO_2022+WIOD_2014,,"OECD: Aggregated from 2 OECD ISIC sectors; gross_output=313,701 USD m | WIOD: Aggregated from 2 NACE Rev.2 codes; employment_share NULL — SEA files not in repo",2022,2014
JPN,energy,,,,,,MISSING_NO_SOURCE_ANY,NONE,,OECD: OECD ICIO has no clean line item for this sector. See OECD_ICIO_SCHEMA_AUDIT.md for the bundling exp | WIOD: Country in WIOD but no VA for this GEDS sector,2022,2014
JPN,gas,,,,,,MISSING_NO_SOURCE_ANY,NONE,,OECD: OECD ICIO has no clean line item for this sector. See OECD_ICIO_SCHEMA_AUDIT.md for the bundling exp | WIOD: C26 bundles semis; B+D35 bundles gas with oil/utilities,2022,2014
JPN,government,0.086349,0.010076,0.118972,,5,DATA_PRESENT,OECD_ICIO_2022+WIOD_2014,,"OECD: Aggregated from 2 OECD ISIC sectors; gross_output=487,728 USD m | WIOD: Aggregated from 2 NACE Rev.2 codes; employment_share NULL — SEA files not in repo",2022,2014
JPN,insurance,,,0.013005,,4,DATA_PRESENT,WIOD_2014,,OECD: OECD ICIO has no clean line item for this sector. See OECD_ICIO_SCHEMA_AUDIT.md for the bundling exp | WIOD: Aggregated from 1 NACE Rev.2 codes; employment_share NULL — SEA files not in repo,2022,2014
JPN,oil,0.005299,0.076085,0.014092,,5,DATA_PRESENT,OECD_ICIO_2022+WIOD_2014,"CONFLICT: OECD gdp_share=0.0053 (2022) vs WIOD value_added_share=0.0141 (2014), relative diff=62.40%. Vintages differ.","CONFLICT: OECD gdp_share=0.0053 (2022) vs WIOD value_added_share=0.0141 (2014), relative diff=62.40%. Vintages differ. | OECD: Aggregated from 2 OECD ISIC sectors; gross_output=162,315 USD m | WIOD: Aggregated from 2 NACE Rev.2 codes; employment_share NULL — SEA files not in repo",2022,2014
JPN,ports,0.013007,0.006464,0.007463,,5,DATA_PRESENT,OECD_ICIO_2022+WIOD_2014,"CONFLICT: OECD gdp_share=0.0130 (2022) vs WIOD value_added_share=0.0075 (2014), relative diff=42.62%. Vintages differ.","CONFLICT: OECD gdp_share=0.0130 (2022) vs WIOD value_added_share=0.0075 (2014), relative diff=42.62%. Vintages differ. | OECD: Aggregated from 1 OECD ISIC sectors; gross_output=81,816 USD m | WIOD: Aggregated from 1 NACE Rev.2 codes; employment_share NULL — SEA files not in repo",2022,2014
JPN,semiconductors,,,,,,MISSING_NO_SOURCE_ANY,NONE,,OECD: OECD ICIO has no clean line item for this sector. See OECD_ICIO_SCHEMA_AUDIT.md for the bundling exp | WIOD: C26 bundles semis; B+D35 bundles gas with oil/utilities,2022,2014
JPN,shipping,0.029480,0.026724,0.032641,,5,DATA_PRESENT,OECD_ICIO_2022+WIOD_2014,,"OECD: Aggregated from 2 OECD ISIC sectors; gross_output=197,783 USD m | WIOD: Aggregated from 2 NACE Rev.2 codes; employment_share NULL — SEA files not in repo",2022,2014
JPN,telecommunications,0.054042,0.027425,0.050638,,5,DATA_PRESENT,OECD_ICIO_2022+WIOD_2014,,"OECD: Aggregated from 3 OECD ISIC sectors; gross_output=455,704 USD m | WIOD: Aggregated from 5 NACE Rev.2 codes; employment_share NULL — SEA files not in repo",2022,2014
JPN,tourism,0.015124,0.008076,0.030238,,5,DATA_PRESENT,OECD_ICIO_2022+WIOD_2014,"CONFLICT: OECD gdp_share=0.0151 (2022) vs WIOD value_added_share=0.0302 (2014), relative diff=49.98%. Vintages differ.","CONFLICT: OECD gdp_share=0.0151 (2022) vs WIOD value_added_share=0.0302 (2014), relative diff=49.98%. Vintages differ. | OECD: Aggregated from 1 OECD ISIC sectors; gross_output=174,037 USD m | WIOD: Aggregated from 1 NACE Rev.2 codes; employment_share NULL — SEA files not in repo",2022,2014
JPN,utilities,0.023807,0.057095,0.017780,,5,DATA_PRESENT,OECD_ICIO_2022+WIOD_2014,,"OECD: Aggregated from 2 OECD ISIC sectors; gross_output=309,393 USD m | WIOD: Aggregated from 3 NACE Rev.2 codes; employment_share NULL — SEA files not in repo",2022,2014
KAZ,aerospace,0.000499,0.001822,,,4,DATA_PRESENT,OECD_ICIO_2022,,OECD: Aggregated from 1 OECD ISIC sectors; gross_output=234 USD m,2022,
KAZ,agriculture,0.057376,0.063442,,,4,DATA_PRESENT,OECD_ICIO_2022,,"OECD: Aggregated from 3 OECD ISIC sectors; gross_output=23,689 USD m",2022,
KAZ,automotive,0.005299,0.005271,,,4,DATA_PRESENT,OECD_ICIO_2022,,"OECD: Aggregated from 1 OECD ISIC sectors; gross_output=2,232 USD m",2022,
KAZ,aviation,0.003856,0.008353,,,4,DATA_PRESENT,OECD_ICIO_2022,,"OECD: Aggregated from 1 OECD ISIC sectors; gross_output=1,581 USD m",2022,
KAZ,banking,0.033423,0.008710,,,4,DATA_PRESENT,OECD_ICIO_2022,,"OECD: Aggregated from 1 OECD ISIC sectors; gross_output=13,898 USD m",2022,
KAZ,capital_markets,,,,,,MISSING_NO_SOURCE_ANY,NONE,,OECD: OECD ICIO has no clean line item for this sector. See OECD_ICIO_SCHEMA_AUDIT.md for the bundling exp,2022,
KAZ,consumer_goods,0.229667,0.209761,,,4,DATA_PRESENT,OECD_ICIO_2022,,"OECD: Aggregated from 11 OECD ISIC sectors; gross_output=71,139 USD m",2022,
KAZ,electronics,0.001702,0.005552,,,4,DATA_PRESENT,OECD_ICIO_2022,,OECD: Aggregated from 2 OECD ISIC sectors; gross_output=739 USD m,2022,
KAZ,energy,,,,,,MISSING_NO_SOURCE_ANY,NONE,,OECD: OECD ICIO has no clean line item for this sector. See OECD_ICIO_SCHEMA_AUDIT.md for the bundling exp,2022,
KAZ,gas,,,,,,MISSING_NO_SOURCE_ANY,NONE,,OECD: OECD ICIO has no clean line item for this sector. See OECD_ICIO_SCHEMA_AUDIT.md for the bundling exp,2022,
KAZ,government,0.065185,0.017050,,,4,DATA_PRESENT,OECD_ICIO_2022,,"OECD: Aggregated from 2 OECD ISIC sectors; gross_output=22,939 USD m",2022,
KAZ,insurance,,,,,,MISSING_NO_SOURCE_ANY,NONE,,OECD: OECD ICIO has no clean line item for this sector. See OECD_ICIO_SCHEMA_AUDIT.md for the bundling exp,2022,
KAZ,oil,0.118273,0.337658,,,4,DATA_PRESENT,OECD_ICIO_2022,,"OECD: Aggregated from 2 OECD ISIC sectors; gross_output=44,616 USD m",2022,
KAZ,ports,0.013112,0.010428,,,4,DATA_PRESENT,OECD_ICIO_2022,,"OECD: Aggregated from 1 OECD ISIC sectors; gross_output=3,973 USD m",2022,
KAZ,semiconductors,,,,,,MISSING_NO_SOURCE_ANY,NONE,,OECD: OECD ICIO has no clean line item for this sector. See OECD_ICIO_SCHEMA_AUDIT.md for the bundling exp,2022,
KAZ,shipping,0.050436,0.044463,,,4,DATA_PRESENT,OECD_ICIO_2022,,"OECD: Aggregated from 2 OECD ISIC sectors; gross_output=17,348 USD m",2022,
KAZ,telecommunications,0.023157,0.008286,,,4,DATA_PRESENT,OECD_ICIO_2022,,"OECD: Aggregated from 3 OECD ISIC sectors; gross_output=7,221 USD m",2022,
KAZ,tourism,0.011087,0.006373,,,4,DATA_PRESENT,OECD_ICIO_2022,,"OECD: Aggregated from 1 OECD ISIC sectors; gross_output=4,004 USD m",2022,
KAZ,utilities,0.017927,0.004573,,,4,DATA_PRESENT,OECD_ICIO_2022,,"OECD: Aggregated from 2 OECD ISIC sectors; gross_output=7,942 USD m",2022,
KHM,aerospace,0.000388,0.000655,,,4,DATA_PRESENT,OECD_ICIO_2022,,OECD: Aggregated from 1 OECD ISIC sectors; gross_output=31 USD m,2022,
KHM,agriculture,0.213959,0.307499,,,4,DATA_PRESENT,OECD_ICIO_2022,,"OECD: Aggregated from 3 OECD ISIC sectors; gross_output=10,362 USD m",2022,
KHM,automotive,0.001222,0.001527,,,4,DATA_PRESENT,OECD_ICIO_2022,,OECD: Aggregated from 1 OECD ISIC sectors; gross_output=107 USD m,2022,
KHM,aviation,0.004338,0.009628,,,4,DATA_PRESENT,OECD_ICIO_2022,,OECD: Aggregated from 1 OECD ISIC sectors; gross_output=280 USD m,2022,
KHM,banking,0.024741,0.032149,,,4,DATA_PRESENT,OECD_ICIO_2022,,"OECD: Aggregated from 1 OECD ISIC sectors; gross_output=1,034 USD m",2022,
KHM,capital_markets,,,,,,MISSING_NO_SOURCE_ANY,NONE,,OECD: OECD ICIO has no clean line item for this sector. See OECD_ICIO_SCHEMA_AUDIT.md for the bundling exp,2022,
KHM,consumer_goods,0.249387,0.357888,,,4,DATA_PRESENT,OECD_ICIO_2022,,"OECD: Aggregated from 11 OECD ISIC sectors; gross_output=13,556 USD m",2022,
KHM,electronics,0.000015,0.000014,,,4,DATA_PRESENT,OECD_ICIO_2022,,OECD: Aggregated from 2 OECD ISIC sectors; gross_output=1 USD m,2022,
KHM,energy,,,,,,MISSING_NO_SOURCE_ANY,NONE,,OECD: OECD ICIO has no clean line item for this sector. See OECD_ICIO_SCHEMA_AUDIT.md for the bundling exp,2022,
KHM,gas,,,,,,MISSING_NO_SOURCE_ANY,NONE,,OECD: OECD ICIO has no clean line item for this sector. See OECD_ICIO_SCHEMA_AUDIT.md for the bundling exp,2022,
KHM,government,0.029989,0.005032,,,4,DATA_PRESENT,OECD_ICIO_2022,,"OECD: Aggregated from 2 OECD ISIC sectors; gross_output=1,138 USD m",2022,
KHM,insurance,,,,,,MISSING_NO_SOURCE_ANY,NONE,,OECD: OECD ICIO has no clean line item for this sector. See OECD_ICIO_SCHEMA_AUDIT.md for the bundling exp,2022,
KHM,oil,0.000342,0.000142,,,4,DATA_PRESENT,OECD_ICIO_2022,,OECD: Aggregated from 2 OECD ISIC sectors; gross_output=15 USD m,2022,
KHM,ports,0.015301,0.022987,,,4,DATA_PRESENT,OECD_ICIO_2022,,OECD: Aggregated from 1 OECD ISIC sectors; gross_output=800 USD m,2022,
KHM,semiconductors,,,,,,MISSING_NO_SOURCE_ANY,NONE,,OECD: OECD ICIO has no clean line item for this sector. See OECD_ICIO_SCHEMA_AUDIT.md for the bundling exp,2022,
KHM,shipping,0.032287,0.050330,,,4,DATA_PRESENT,OECD_ICIO_2022,,"OECD: Aggregated from 2 OECD ISIC sectors; gross_output=1,679 USD m",2022,
KHM,telecommunications,0.026461,0.041664,,,4,DATA_PRESENT,OECD_ICIO_2022,,"OECD: Aggregated from 3 OECD ISIC sectors; gross_output=1,259 USD m",2022,
KHM,tourism,0.044922,0.025997,,,4,DATA_PRESENT,OECD_ICIO_2022,,"OECD: Aggregated from 1 OECD ISIC sectors; gross_output=2,424 USD m",2022,
KHM,utilities,0.006367,0.003681,,,4,DATA_PRESENT,OECD_ICIO_2022,,OECD: Aggregated from 2 OECD ISIC sectors; gross_output=361 USD m,2022,
KOR,aerospace,0.001565,0.003586,0.020387,,5,DATA_PRESENT,OECD_ICIO_2022+WIOD_2014,"CONFLICT: OECD gdp_share=0.0016 (2022) vs WIOD value_added_share=0.0204 (2014), relative diff=92.32%. Vintages differ.","CONFLICT: OECD gdp_share=0.0016 (2022) vs WIOD value_added_share=0.0204 (2014), relative diff=92.32%. Vintages differ. | OECD: Aggregated from 1 OECD ISIC sectors; gross_output=10,468 USD m | WIOD: Aggregated from 1 NACE Rev.2 codes; employment_share NULL — SEA files not in repo",2022,2014
KOR,agriculture,0.015410,0.005153,0.023415,,5,DATA_PRESENT,OECD_ICIO_2022+WIOD_2014,"CONFLICT: OECD gdp_share=0.0154 (2022) vs WIOD value_added_share=0.0234 (2014), relative diff=34.19%. Vintages differ.","CONFLICT: OECD gdp_share=0.0154 (2022) vs WIOD value_added_share=0.0234 (2014), relative diff=34.19%. Vintages differ. | OECD: Aggregated from 3 OECD ISIC sectors; gross_output=55,768 USD m | WIOD: Aggregated from 3 NACE Rev.2 codes; employment_share NULL — SEA files not in repo",2022,2014
KOR,automotive,0.023807,0.073643,0.028323,,5,DATA_PRESENT,OECD_ICIO_2022+WIOD_2014,,"OECD: Aggregated from 1 OECD ISIC sectors; gross_output=216,242 USD m | WIOD: Aggregated from 1 NACE Rev.2 codes; employment_share NULL — SEA files not in repo",2022,2014
KOR,aviation,0.009085,0.007221,0.003823,,5,DATA_PRESENT,OECD_ICIO_2022+WIOD_2014,"CONFLICT: OECD gdp_share=0.0091 (2022) vs WIOD value_added_share=0.0038 (2014), relative diff=57.92%. Vintages differ.","CONFLICT: OECD gdp_share=0.0091 (2022) vs WIOD value_added_share=0.0038 (2014), relative diff=57.92%. Vintages differ. | OECD: Aggregated from 1 OECD ISIC sectors; gross_output=26,462 USD m | WIOD: Aggregated from 1 NACE Rev.2 codes; employment_share NULL — SEA files not in repo",2022,2014
KOR,banking,0.062453,0.008289,0.038479,,5,DATA_PRESENT,OECD_ICIO_2022+WIOD_2014,"CONFLICT: OECD gdp_share=0.0625 (2022) vs WIOD value_added_share=0.0385 (2014), relative diff=38.39%. Vintages differ.","CONFLICT: OECD gdp_share=0.0625 (2022) vs WIOD value_added_share=0.0385 (2014), relative diff=38.39%. Vintages differ. | OECD: Aggregated from 1 OECD ISIC sectors; gross_output=170,656 USD m | WIOD: Aggregated from 1 NACE Rev.2 codes; employment_share NULL — SEA files not in repo",2022,2014
KOR,capital_markets,,,0.006995,,4,DATA_PRESENT,WIOD_2014,,OECD: OECD ICIO has no clean line item for this sector. See OECD_ICIO_SCHEMA_AUDIT.md for the bundling exp | WIOD: Aggregated from 1 NACE Rev.2 codes; employment_share NULL — SEA files not in repo,2022,2014
KOR,consumer_goods,0.202965,0.273409,0.248530,,5,DATA_PRESENT,OECD_ICIO_2022+WIOD_2014,,"OECD: Aggregated from 11 OECD ISIC sectors; gross_output=1,087,890 USD m | WIOD: Aggregated from 17 NACE Rev.2 codes; employment_share NULL — SEA files not in repo",2022,2014
KOR,electronics,0.094672,0.215774,0.085189,,5,DATA_PRESENT,OECD_ICIO_2022+WIOD_2014,,"OECD: Aggregated from 2 OECD ISIC sectors; gross_output=460,520 USD m | WIOD: Aggregated from 2 NACE Rev.2 codes; employment_share NULL — SEA files not in repo",2022,2014
KOR,energy,,,,,,MISSING_NO_SOURCE_ANY,NONE,,OECD: OECD ICIO has no clean line item for this sector. See OECD_ICIO_SCHEMA_AUDIT.md for the bundling exp | WIOD: Country in WIOD but no VA for this GEDS sector,2022,2014
KOR,gas,,,,,,MISSING_NO_SOURCE_ANY,NONE,,OECD: OECD ICIO has no clean line item for this sector. See OECD_ICIO_SCHEMA_AUDIT.md for the bundling exp | WIOD: C26 bundles semis; B+D35 bundles gas with oil/utilities,2022,2014
KOR,government,0.114766,0.007096,0.127428,,5,DATA_PRESENT,OECD_ICIO_2022+WIOD_2014,,"OECD: Aggregated from 2 OECD ISIC sectors; gross_output=274,017 USD m | WIOD: Aggregated from 2 NACE Rev.2 codes; employment_share NULL — SEA files not in repo",2022,2014
KOR,insurance,,,0.010318,,4,DATA_PRESENT,WIOD_2014,,OECD: OECD ICIO has no clean line item for this sector. See OECD_ICIO_SCHEMA_AUDIT.md for the bundling exp | WIOD: Aggregated from 1 NACE Rev.2 codes; employment_share NULL — SEA files not in repo,2022,2014
KOR,oil,0.010137,0.121621,0.008669,,5,DATA_PRESENT,OECD_ICIO_2022+WIOD_2014,,"OECD: Aggregated from 2 OECD ISIC sectors; gross_output=156,438 USD m | WIOD: Aggregated from 2 NACE Rev.2 codes; employment_share NULL — SEA files not in repo",2022,2014
KOR,ports,0.009036,0.007799,0.010385,,5,DATA_PRESENT,OECD_ICIO_2022+WIOD_2014,,"OECD: Aggregated from 1 OECD ISIC sectors; gross_output=51,699 USD m | WIOD: Aggregated from 1 NACE Rev.2 codes; employment_share NULL — SEA files not in repo",2022,2014
KOR,semiconductors,,,,,,MISSING_NO_SOURCE_ANY,NONE,,OECD: OECD ICIO has no clean line item for this sector. See OECD_ICIO_SCHEMA_AUDIT.md for the bundling exp | WIOD: C26 bundles semis; B+D35 bundles gas with oil/utilities,2022,2014
KOR,shipping,0.021468,0.031840,0.021434,,5,DATA_PRESENT,OECD_ICIO_2022+WIOD_2014,,"OECD: Aggregated from 2 OECD ISIC sectors; gross_output=76,589 USD m | WIOD: Aggregated from 2 NACE Rev.2 codes; employment_share NULL — SEA files not in repo",2022,2014
KOR,telecommunications,0.044481,0.021722,0.039873,,5,DATA_PRESENT,OECD_ICIO_2022+WIOD_2014,,"OECD: Aggregated from 3 OECD ISIC sectors; gross_output=155,316 USD m | WIOD: Aggregated from 5 NACE Rev.2 codes; employment_share NULL — SEA files not in repo",2022,2014
KOR,tourism,0.024913,0.012112,0.025986,,5,DATA_PRESENT,OECD_ICIO_2022+WIOD_2014,,"OECD: Aggregated from 1 OECD ISIC sectors; gross_output=146,965 USD m | WIOD: Aggregated from 1 NACE Rev.2 codes; employment_share NULL — SEA files not in repo",2022,2014
KOR,utilities,0.017632,0.033967,0.028144,,5,DATA_PRESENT,OECD_ICIO_2022+WIOD_2014,"CONFLICT: OECD gdp_share=0.0176 (2022) vs WIOD value_added_share=0.0281 (2014), relative diff=37.35%. Vintages differ.","CONFLICT: OECD gdp_share=0.0176 (2022) vs WIOD value_added_share=0.0281 (2014), relative diff=37.35%. Vintages differ. | OECD: Aggregated from 2 OECD ISIC sectors; gross_output=131,816 USD m | WIOD: Aggregated from 3 NACE Rev.2 codes; employment_share NULL — SEA files not in repo",2022,2014
LAO,aerospace,0.000035,0.000106,,,4,DATA_PRESENT,OECD_ICIO_2022,,OECD: Aggregated from 1 OECD ISIC sectors; gross_output=1 USD m,2022,
LAO,agriculture,0.182044,0.191678,,,4,DATA_PRESENT,OECD_ICIO_2022,,"OECD: Aggregated from 3 OECD ISIC sectors; gross_output=5,267 USD m",2022,
LAO,automotive,0.000058,0.000289,,,4,DATA_PRESENT,OECD_ICIO_2022,,OECD: Aggregated from 1 OECD ISIC sectors; gross_output=3 USD m,2022,
LAO,aviation,0.001947,0.005731,,,4,DATA_PRESENT,OECD_ICIO_2022,,OECD: Aggregated from 1 OECD ISIC sectors; gross_output=113 USD m,2022,
LAO,banking,0.032281,0.009514,,,4,DATA_PRESENT,OECD_ICIO_2022,,OECD: Aggregated from 1 OECD ISIC sectors; gross_output=768 USD m,2022,
LAO,capital_markets,,,,,,MISSING_NO_SOURCE_ANY,NONE,,OECD: OECD ICIO has no clean line item for this sector. See OECD_ICIO_SCHEMA_AUDIT.md for the bundling exp,2022,
LAO,consumer_goods,0.160281,0.245176,,,4,DATA_PRESENT,OECD_ICIO_2022,,"OECD: Aggregated from 11 OECD ISIC sectors; gross_output=4,766 USD m",2022,
LAO,electronics,0.000547,0.002046,,,4,DATA_PRESENT,OECD_ICIO_2022,,OECD: Aggregated from 2 OECD ISIC sectors; gross_output=19 USD m,2022,
LAO,energy,,,,,,MISSING_NO_SOURCE_ANY,NONE,,OECD: OECD ICIO has no clean line item for this sector. See OECD_ICIO_SCHEMA_AUDIT.md for the bundling exp,2022,
LAO,gas,,,,,,MISSING_NO_SOURCE_ANY,NONE,,OECD: OECD ICIO has no clean line item for this sector. See OECD_ICIO_SCHEMA_AUDIT.md for the bundling exp,2022,
LAO,government,0.104157,0.018074,,,4,DATA_PRESENT,OECD_ICIO_2022,,"OECD: Aggregated from 2 OECD ISIC sectors; gross_output=2,413 USD m",2022,
LAO,insurance,,,,,,MISSING_NO_SOURCE_ANY,NONE,,OECD: OECD ICIO has no clean line item for this sector. See OECD_ICIO_SCHEMA_AUDIT.md for the bundling exp,2022,
LAO,oil,0.014701,0.006027,,,4,DATA_PRESENT,OECD_ICIO_2022,,OECD: Aggregated from 2 OECD ISIC sectors; gross_output=423 USD m,2022,
LAO,ports,0.003776,0.000475,,,4,DATA_PRESENT,OECD_ICIO_2022,,OECD: Aggregated from 1 OECD ISIC sectors; gross_output=55 USD m,2022,
LAO,semiconductors,,,,,,MISSING_NO_SOURCE_ANY,NONE,,OECD: OECD ICIO has no clean line item for this sector. See OECD_ICIO_SCHEMA_AUDIT.md for the bundling exp,2022,
LAO,shipping,0.015675,0.012781,,,4,DATA_PRESENT,OECD_ICIO_2022,,OECD: Aggregated from 2 OECD ISIC sectors; gross_output=401 USD m,2022,
LAO,telecommunications,0.016699,0.006723,,,4,DATA_PRESENT,OECD_ICIO_2022,,OECD: Aggregated from 3 OECD ISIC sectors; gross_output=446 USD m,2022,
LAO,tourism,0.023746,0.011061,,,4,DATA_PRESENT,OECD_ICIO_2022,,OECD: Aggregated from 1 OECD ISIC sectors; gross_output=726 USD m,2022,
LAO,utilities,0.134271,0.262462,,,4,DATA_PRESENT,OECD_ICIO_2022,,"OECD: Aggregated from 2 OECD ISIC sectors; gross_output=4,231 USD m",2022,
LTU,aerospace,0.000988,0.003967,0.003166,,5,DATA_PRESENT,OECD_ICIO_2022+WIOD_2014,"CONFLICT: OECD gdp_share=0.0010 (2022) vs WIOD value_added_share=0.0032 (2014), relative diff=68.79%. Vintages differ.","CONFLICT: OECD gdp_share=0.0010 (2022) vs WIOD value_added_share=0.0032 (2014), relative diff=68.79%. Vintages differ. | OECD: Aggregated from 1 OECD ISIC sectors; gross_output=261 USD m | WIOD: Aggregated from 1 NACE Rev.2 codes; employment_share NULL — SEA files not in repo",2022,2014
LTU,agriculture,0.043303,0.046848,0.034417,,5,DATA_PRESENT,OECD_ICIO_2022+WIOD_2014,,"OECD: Aggregated from 3 OECD ISIC sectors; gross_output=6,912 USD m | WIOD: Aggregated from 3 NACE Rev.2 codes; employment_share NULL — SEA files not in repo",2022,2014
LTU,automotive,0.003585,0.007448,0.002656,,5,DATA_PRESENT,OECD_ICIO_2022+WIOD_2014,,OECD: Aggregated from 1 OECD ISIC sectors; gross_output=713 USD m | WIOD: Aggregated from 1 NACE Rev.2 codes; employment_share NULL — SEA files not in repo,2022,2014
LTU,aviation,0.001267,0.005532,0.000796,,5,DATA_PRESENT,OECD_ICIO_2022+WIOD_2014,"CONFLICT: OECD gdp_share=0.0013 (2022) vs WIOD value_added_share=0.0008 (2014), relative diff=37.17%. Vintages differ.","CONFLICT: OECD gdp_share=0.0013 (2022) vs WIOD value_added_share=0.0008 (2014), relative diff=37.17%. Vintages differ. | OECD: Aggregated from 1 OECD ISIC sectors; gross_output=390 USD m | WIOD: Aggregated from 1 NACE Rev.2 codes; employment_share NULL — SEA files not in repo",2022,2014
LTU,banking,0.034617,0.010757,0.015248,,5,DATA_PRESENT,OECD_ICIO_2022+WIOD_2014,"CONFLICT: OECD gdp_share=0.0346 (2022) vs WIOD value_added_share=0.0152 (2014), relative diff=55.95%. Vintages differ.","CONFLICT: OECD gdp_share=0.0346 (2022) vs WIOD value_added_share=0.0152 (2014), relative diff=55.95%. Vintages differ. | OECD: Aggregated from 1 OECD ISIC sectors; gross_output=3,761 USD m | WIOD: Aggregated from 1 NACE Rev.2 codes; employment_share NULL — SEA files not in repo",2022,2014
LTU,capital_markets,,,0.001133,,4,DATA_PRESENT,WIOD_2014,,OECD: OECD ICIO has no clean line item for this sector. See OECD_ICIO_SCHEMA_AUDIT.md for the bundling exp | WIOD: Aggregated from 1 NACE Rev.2 codes; employment_share NULL — SEA files not in repo,2022,2014
LTU,consumer_goods,0.301232,0.396996,0.353898,,5,DATA_PRESENT,OECD_ICIO_2022+WIOD_2014,,"OECD: Aggregated from 11 OECD ISIC sectors; gross_output=47,006 USD m | WIOD: Aggregated from 17 NACE Rev.2 codes; employment_share NULL — SEA files not in repo",2022,2014
LTU,electronics,0.010642,0.026453,0.007519,,5,DATA_PRESENT,OECD_ICIO_2022+WIOD_2014,,"OECD: Aggregated from 2 OECD ISIC sectors; gross_output=2,049 USD m | WIOD: Aggregated from 2 NACE Rev.2 codes; employment_share NULL — SEA files not in repo",2022,2014
LTU,energy,,,,,,MISSING_NO_SOURCE_ANY,NONE,,OECD: OECD ICIO has no clean line item for this sector. See OECD_ICIO_SCHEMA_AUDIT.md for the bundling exp | WIOD: Country in WIOD but no VA for this GEDS sector,2022,2014
LTU,gas,,,,,,MISSING_NO_SOURCE_ANY,NONE,,OECD: OECD ICIO has no clean line item for this sector. See OECD_ICIO_SCHEMA_AUDIT.md for the bundling exp | WIOD: C26 bundles semis; B+D35 bundles gas with oil/utilities,2022,2014
LTU,government,0.101865,0.009552,0.105153,,5,DATA_PRESENT,OECD_ICIO_2022+WIOD_2014,,"OECD: Aggregated from 2 OECD ISIC sectors; gross_output=8,902 USD m | WIOD: Aggregated from 2 NACE Rev.2 codes; employment_share NULL — SEA files not in repo",2022,2014
LTU,insurance,,,0.003557,,4,DATA_PRESENT,WIOD_2014,,OECD: OECD ICIO has no clean line item for this sector. See OECD_ICIO_SCHEMA_AUDIT.md for the bundling exp | WIOD: Aggregated from 1 NACE Rev.2 codes; employment_share NULL — SEA files not in repo,2022,2014
LTU,oil,0.003004,0.108886,0.013037,,5,DATA_PRESENT,OECD_ICIO_2022+WIOD_2014,"CONFLICT: OECD gdp_share=0.0030 (2022) vs WIOD value_added_share=0.0130 (2014), relative diff=76.96%. Vintages differ.","CONFLICT: OECD gdp_share=0.0030 (2022) vs WIOD value_added_share=0.0130 (2014), relative diff=76.96%. Vintages differ. | OECD: Aggregated from 2 OECD ISIC sectors; gross_output=5,412 USD m | WIOD: Aggregated from 2 NACE Rev.2 codes; employment_share NULL — SEA files not in repo",2022,2014
LTU,ports,0.028926,0.037650,0.041807,,5,DATA_PRESENT,OECD_ICIO_2022+WIOD_2014,"CONFLICT: OECD gdp_share=0.0289 (2022) vs WIOD value_added_share=0.0418 (2014), relative diff=30.81%. Vintages differ.","CONFLICT: OECD gdp_share=0.0289 (2022) vs WIOD value_added_share=0.0418 (2014), relative diff=30.81%. Vintages differ. | OECD: Aggregated from 1 OECD ISIC sectors; gross_output=3,312 USD m | WIOD: Aggregated from 1 NACE Rev.2 codes; employment_share NULL — SEA files not in repo",2022,2014
LTU,semiconductors,,,,,,MISSING_NO_SOURCE_ANY,NONE,,OECD: OECD ICIO has no clean line item for this sector. See OECD_ICIO_SCHEMA_AUDIT.md for the bundling exp | WIOD: C26 bundles semis; B+D35 bundles gas with oil/utilities,2022,2014
LTU,shipping,0.081051,0.146264,0.079597,,5,DATA_PRESENT,OECD_ICIO_2022+WIOD_2014,,"OECD: Aggregated from 2 OECD ISIC sectors; gross_output=12,548 USD m | WIOD: Aggregated from 2 NACE Rev.2 codes; employment_share NULL — SEA files not in repo",2022,2014
LTU,telecommunications,0.046293,0.032110,0.034770,,5,DATA_PRESENT,OECD_ICIO_2022+WIOD_2014,,"OECD: Aggregated from 3 OECD ISIC sectors; gross_output=5,819 USD m | WIOD: Aggregated from 5 NACE Rev.2 codes; employment_share NULL — SEA files not in repo",2022,2014
LTU,tourism,0.017101,0.006743,0.013876,,5,DATA_PRESENT,OECD_ICIO_2022+WIOD_2014,,"OECD: Aggregated from 1 OECD ISIC sectors; gross_output=2,155 USD m | WIOD: Aggregated from 1 NACE Rev.2 codes; employment_share NULL — SEA files not in repo",2022,2014
LTU,utilities,0.031149,0.021896,0.033856,,5,DATA_PRESENT,OECD_ICIO_2022+WIOD_2014,,"OECD: Aggregated from 2 OECD ISIC sectors; gross_output=4,450 USD m | WIOD: Aggregated from 3 NACE Rev.2 codes; employment_share NULL — SEA files not in repo",2022,2014
LUX,aerospace,0.000019,0.000028,0.000261,,5,DATA_PRESENT,OECD_ICIO_2022+WIOD_2014,"CONFLICT: OECD gdp_share=0.0000 (2022) vs WIOD value_added_share=0.0003 (2014), relative diff=92.72%. Vintages differ.","CONFLICT: OECD gdp_share=0.0000 (2022) vs WIOD value_added_share=0.0003 (2014), relative diff=92.72%. Vintages differ. | OECD: Aggregated from 1 OECD ISIC sectors; gross_output=8 USD m | WIOD: Aggregated from 1 NACE Rev.2 codes; employment_share NULL — SEA files not in repo",2022,2014
LUX,agriculture,0.002675,0.002573,0.002931,,5,DATA_PRESENT,OECD_ICIO_2022+WIOD_2014,,OECD: Aggregated from 3 OECD ISIC sectors; gross_output=648 USD m | WIOD: Aggregated from 3 NACE Rev.2 codes; employment_share NULL — SEA files not in repo,2022,2014
LUX,automotive,0.000615,0.000664,0.000828,,5,DATA_PRESENT,OECD_ICIO_2022+WIOD_2014,,OECD: Aggregated from 1 OECD ISIC sectors; gross_output=287 USD m | WIOD: Aggregated from 1 NACE Rev.2 codes; employment_share NULL — SEA files not in repo,2022,2014
LUX,aviation,0.032484,0.022501,0.000510,,5,DATA_PRESENT,OECD_ICIO_2022+WIOD_2014,"CONFLICT: OECD gdp_share=0.0325 (2022) vs WIOD value_added_share=0.0005 (2014), relative diff=98.43%. Vintages differ.","CONFLICT: OECD gdp_share=0.0325 (2022) vs WIOD value_added_share=0.0005 (2014), relative diff=98.43%. Vintages differ. | OECD: Aggregated from 1 OECD ISIC sectors; gross_output=4,801 USD m | WIOD: Aggregated from 1 NACE Rev.2 codes; employment_share NULL — SEA files not in repo",2022,2014
LUX,banking,0.261057,0.561826,0.147845,,5,DATA_PRESENT,OECD_ICIO_2022+WIOD_2014,"CONFLICT: OECD gdp_share=0.2611 (2022) vs WIOD value_added_share=0.1478 (2014), relative diff=43.37%. Vintages differ.","CONFLICT: OECD gdp_share=0.2611 (2022) vs WIOD value_added_share=0.1478 (2014), relative diff=43.37%. Vintages differ. | OECD: Aggregated from 1 OECD ISIC sectors; gross_output=133,604 USD m | WIOD: Aggregated from 1 NACE Rev.2 codes; employment_share NULL — SEA files not in repo",2022,2014
LUX,capital_markets,,,0.086260,,4,DATA_PRESENT,WIOD_2014,,OECD: OECD ICIO has no clean line item for this sector. See OECD_ICIO_SCHEMA_AUDIT.md for the bundling exp | WIOD: Aggregated from 1 NACE Rev.2 codes; employment_share NULL — SEA files not in repo,2022,2014
LUX,consumer_goods,0.100166,0.075362,0.158964,,5,DATA_PRESENT,OECD_ICIO_2022+WIOD_2014,"CONFLICT: OECD gdp_share=0.1002 (2022) vs WIOD value_added_share=0.1590 (2014), relative diff=36.99%. Vintages differ.","CONFLICT: OECD gdp_share=0.1002 (2022) vs WIOD value_added_share=0.1590 (2014), relative diff=36.99%. Vintages differ. | OECD: Aggregated from 11 OECD ISIC sectors; gross_output=26,259 USD m | WIOD: Aggregated from 17 NACE Rev.2 codes; employment_share NULL — SEA files not in repo",2022,2014
LUX,electronics,0.000832,0.001323,0.002683,,5,DATA_PRESENT,OECD_ICIO_2022+WIOD_2014,"CONFLICT: OECD gdp_share=0.0008 (2022) vs WIOD value_added_share=0.0027 (2014), relative diff=68.99%. Vintages differ.","CONFLICT: OECD gdp_share=0.0008 (2022) vs WIOD value_added_share=0.0027 (2014), relative diff=68.99%. Vintages differ. | OECD: Aggregated from 2 OECD ISIC sectors; gross_output=429 USD m | WIOD: Aggregated from 2 NACE Rev.2 codes; employment_share NULL — SEA files not in repo",2022,2014
LUX,energy,,,,,,MISSING_NO_SOURCE_ANY,NONE,,OECD: OECD ICIO has no clean line item for this sector. See OECD_ICIO_SCHEMA_AUDIT.md for the bundling exp | WIOD: Country in WIOD but no VA for this GEDS sector,2022,2014
LUX,gas,,,,,,MISSING_NO_SOURCE_ANY,NONE,,OECD: OECD ICIO has no clean line item for this sector. See OECD_ICIO_SCHEMA_AUDIT.md for the bundling exp | WIOD: C26 bundles semis; B+D35 bundles gas with oil/utilities,2022,2014
LUX,government,0.108809,0.005264,0.101038,,5,DATA_PRESENT,OECD_ICIO_2022+WIOD_2014,,"OECD: Aggregated from 2 OECD ISIC sectors; gross_output=10,204 USD m | WIOD: Aggregated from 2 NACE Rev.2 codes; employment_share NULL — SEA files not in repo",2022,2014
LUX,insurance,,,0.021481,,4,DATA_PRESENT,WIOD_2014,,OECD: OECD ICIO has no clean line item for this sector. See OECD_ICIO_SCHEMA_AUDIT.md for the bundling exp | WIOD: Aggregated from 1 NACE Rev.2 codes; employment_share NULL — SEA files not in repo,2022,2014
LUX,oil,0.000000,0.000000,0.000677,,5,DATA_PRESENT,OECD_ICIO_2022+WIOD_2014,"CONFLICT: OECD gdp_share=0.0000 (2022) vs WIOD value_added_share=0.0007 (2014), relative diff=100.00%. Vintages differ.","CONFLICT: OECD gdp_share=0.0000 (2022) vs WIOD value_added_share=0.0007 (2014), relative diff=100.00%. Vintages differ. | OECD: Aggregated from 2 OECD ISIC sectors; gross_output=0 USD m | WIOD: Aggregated from 2 NACE Rev.2 codes; employment_share NULL — SEA files not in repo",2022,2014
LUX,ports,0.004504,0.003572,0.014872,,5,DATA_PRESENT,OECD_ICIO_2022+WIOD_2014,"CONFLICT: OECD gdp_share=0.0045 (2022) vs WIOD value_added_share=0.0149 (2014), relative diff=69.71%. Vintages differ.","CONFLICT: OECD gdp_share=0.0045 (2022) vs WIOD value_added_share=0.0149 (2014), relative diff=69.71%. Vintages differ. | OECD: Aggregated from 1 OECD ISIC sectors; gross_output=908 USD m | WIOD: Aggregated from 1 NACE Rev.2 codes; employment_share NULL — SEA files not in repo",2022,2014
LUX,semiconductors,,,,,,MISSING_NO_SOURCE_ANY,NONE,,OECD: OECD ICIO has no clean line item for this sector. See OECD_ICIO_SCHEMA_AUDIT.md for the bundling exp | WIOD: C26 bundles semis; B+D35 bundles gas with oil/utilities,2022,2014
LUX,shipping,0.027499,0.014243,0.023077,,5,DATA_PRESENT,OECD_ICIO_2022+WIOD_2014,,"OECD: Aggregated from 2 OECD ISIC sectors; gross_output=3,864 USD m | WIOD: Aggregated from 2 NACE Rev.2 codes; employment_share NULL — SEA files not in repo",2022,2014
LUX,telecommunications,0.054005,0.135305,0.076995,,5,DATA_PRESENT,OECD_ICIO_2022+WIOD_2014,,"OECD: Aggregated from 3 OECD ISIC sectors; gross_output=31,145 USD m | WIOD: Aggregated from 5 NACE Rev.2 codes; employment_share NULL — SEA files not in repo",2022,2014
LUX,tourism,0.015284,0.008855,0.019290,,5,DATA_PRESENT,OECD_ICIO_2022+WIOD_2014,,"OECD: Aggregated from 1 OECD ISIC sectors; gross_output=2,380 USD m | WIOD: Aggregated from 1 NACE Rev.2 codes; employment_share NULL — SEA files not in repo",2022,2014
LUX,utilities,0.011415,0.003516,0.011042,,5,DATA_PRESENT,OECD_ICIO_2022+WIOD_2014,,"OECD: Aggregated from 2 OECD ISIC sectors; gross_output=2,498 USD m | WIOD: Aggregated from 3 NACE Rev.2 codes; employment_share NULL — SEA files not in repo",2022,2014
LVA,aerospace,0.001143,0.002772,0.001257,,5,DATA_PRESENT,OECD_ICIO_2022+WIOD_2014,,OECD: Aggregated from 1 OECD ISIC sectors; gross_output=116 USD m | WIOD: Aggregated from 1 NACE Rev.2 codes; employment_share NULL — SEA files not in repo,2022,2014
LVA,agriculture,0.058054,0.077365,0.032662,,5,DATA_PRESENT,OECD_ICIO_2022+WIOD_2014,"CONFLICT: OECD gdp_share=0.0581 (2022) vs WIOD value_added_share=0.0327 (2014), relative diff=43.74%. Vintages differ.","CONFLICT: OECD gdp_share=0.0581 (2022) vs WIOD value_added_share=0.0327 (2014), relative diff=43.74%. Vintages differ. | OECD: Aggregated from 3 OECD ISIC sectors; gross_output=5,179 USD m | WIOD: Aggregated from 3 NACE Rev.2 codes; employment_share NULL — SEA files not in repo",2022,2014
LVA,automotive,0.002774,0.010837,0.002356,,5,DATA_PRESENT,OECD_ICIO_2022+WIOD_2014,,OECD: Aggregated from 1 OECD ISIC sectors; gross_output=358 USD m | WIOD: Aggregated from 1 NACE Rev.2 codes; employment_share NULL — SEA files not in repo,2022,2014
LVA,aviation,0.001492,0.013982,0.003109,,5,DATA_PRESENT,OECD_ICIO_2022+WIOD_2014,"CONFLICT: OECD gdp_share=0.0015 (2022) vs WIOD value_added_share=0.0031 (2014), relative diff=52.01%. Vintages differ.","CONFLICT: OECD gdp_share=0.0015 (2022) vs WIOD value_added_share=0.0031 (2014), relative diff=52.01%. Vintages differ. | OECD: Aggregated from 1 OECD ISIC sectors; gross_output=857 USD m | WIOD: Aggregated from 1 NACE Rev.2 codes; employment_share NULL — SEA files not in repo",2022,2014
LVA,banking,0.036115,0.015348,0.036564,,5,DATA_PRESENT,OECD_ICIO_2022+WIOD_2014,,"OECD: Aggregated from 1 OECD ISIC sectors; gross_output=2,043 USD m | WIOD: Aggregated from 1 NACE Rev.2 codes; employment_share NULL — SEA files not in repo",2022,2014
LVA,capital_markets,,,0.004367,,4,DATA_PRESENT,WIOD_2014,,OECD: OECD ICIO has no clean line item for this sector. See OECD_ICIO_SCHEMA_AUDIT.md for the bundling exp | WIOD: Aggregated from 1 NACE Rev.2 codes; employment_share NULL — SEA files not in repo,2022,2014
LVA,consumer_goods,0.241541,0.392006,0.250416,,5,DATA_PRESENT,OECD_ICIO_2022+WIOD_2014,,"OECD: Aggregated from 11 OECD ISIC sectors; gross_output=20,962 USD m | WIOD: Aggregated from 17 NACE Rev.2 codes; employment_share NULL — SEA files not in repo",2022,2014
LVA,electronics,0.013238,0.037297,0.007594,,5,DATA_PRESENT,OECD_ICIO_2022+WIOD_2014,"CONFLICT: OECD gdp_share=0.0132 (2022) vs WIOD value_added_share=0.0076 (2014), relative diff=42.63%. Vintages differ.","CONFLICT: OECD gdp_share=0.0132 (2022) vs WIOD value_added_share=0.0076 (2014), relative diff=42.63%. Vintages differ. | OECD: Aggregated from 2 OECD ISIC sectors; gross_output=1,156 USD m | WIOD: Aggregated from 2 NACE Rev.2 codes; employment_share NULL — SEA files not in repo",2022,2014
LVA,energy,,,,,,MISSING_NO_SOURCE_ANY,NONE,,OECD: OECD ICIO has no clean line item for this sector. See OECD_ICIO_SCHEMA_AUDIT.md for the bundling exp | WIOD: Country in WIOD but no VA for this GEDS sector,2022,2014
LVA,gas,,,,,,MISSING_NO_SOURCE_ANY,NONE,,OECD: OECD ICIO has no clean line item for this sector. See OECD_ICIO_SCHEMA_AUDIT.md for the bundling exp | WIOD: C26 bundles semis; B+D35 bundles gas with oil/utilities,2022,2014
LVA,government,0.125418,0.010398,0.122652,,5,DATA_PRESENT,OECD_ICIO_2022+WIOD_2014,,"OECD: Aggregated from 2 OECD ISIC sectors; gross_output=6,012 USD m | WIOD: Aggregated from 2 NACE Rev.2 codes; employment_share NULL — SEA files not in repo",2022,2014
LVA,insurance,,,0.003638,,4,DATA_PRESENT,WIOD_2014,,OECD: OECD ICIO has no clean line item for this sector. See OECD_ICIO_SCHEMA_AUDIT.md for the bundling exp | WIOD: Aggregated from 1 NACE Rev.2 codes; employment_share NULL — SEA files not in repo,2022,2014
LVA,oil,0.000025,0.000030,0.004992,,5,DATA_PRESENT,OECD_ICIO_2022+WIOD_2014,"CONFLICT: OECD gdp_share=0.0000 (2022) vs WIOD value_added_share=0.0050 (2014), relative diff=99.50%. Vintages differ.","CONFLICT: OECD gdp_share=0.0000 (2022) vs WIOD value_added_share=0.0050 (2014), relative diff=99.50%. Vintages differ. | OECD: Aggregated from 2 OECD ISIC sectors; gross_output=2 USD m | WIOD: Aggregated from 2 NACE Rev.2 codes; employment_share NULL — SEA files not in repo",2022,2014
LVA,ports,0.029791,0.047118,0.048074,,5,DATA_PRESENT,OECD_ICIO_2022+WIOD_2014,"CONFLICT: OECD gdp_share=0.0298 (2022) vs WIOD value_added_share=0.0481 (2014), relative diff=38.03%. Vintages differ.","CONFLICT: OECD gdp_share=0.0298 (2022) vs WIOD value_added_share=0.0481 (2014), relative diff=38.03%. Vintages differ. | OECD: Aggregated from 1 OECD ISIC sectors; gross_output=3,627 USD m | WIOD: Aggregated from 1 NACE Rev.2 codes; employment_share NULL — SEA files not in repo",2022,2014
LVA,semiconductors,,,,,,MISSING_NO_SOURCE_ANY,NONE,,OECD: OECD ICIO has no clean line item for this sector. See OECD_ICIO_SCHEMA_AUDIT.md for the bundling exp | WIOD: C26 bundles semis; B+D35 bundles gas with oil/utilities,2022,2014
LVA,shipping,0.039289,0.093999,0.046118,,5,DATA_PRESENT,OECD_ICIO_2022+WIOD_2014,,"OECD: Aggregated from 2 OECD ISIC sectors; gross_output=3,342 USD m | WIOD: Aggregated from 2 NACE Rev.2 codes; employment_share NULL — SEA files not in repo",2022,2014
LVA,telecommunications,0.068279,0.061992,0.050296,,5,DATA_PRESENT,OECD_ICIO_2022+WIOD_2014,,"OECD: Aggregated from 3 OECD ISIC sectors; gross_output=3,667 USD m | WIOD: Aggregated from 5 NACE Rev.2 codes; employment_share NULL — SEA files not in repo",2022,2014
LVA,tourism,0.016500,0.026966,0.016894,,5,DATA_PRESENT,OECD_ICIO_2022+WIOD_2014,,"OECD: Aggregated from 1 OECD ISIC sectors; gross_output=1,180 USD m | WIOD: Aggregated from 1 NACE Rev.2 codes; employment_share NULL — SEA files not in repo",2022,2014
LVA,utilities,0.039103,0.049815,0.038791,,5,DATA_PRESENT,OECD_ICIO_2022+WIOD_2014,,"OECD: Aggregated from 2 OECD ISIC sectors; gross_output=5,827 USD m | WIOD: Aggregated from 3 NACE Rev.2 codes; employment_share NULL — SEA files not in repo",2022,2014
MAR,aerospace,0.001590,0.004256,,,4,DATA_PRESENT,OECD_ICIO_2022,,OECD: Aggregated from 1 OECD ISIC sectors; gross_output=418 USD m,2022,
MAR,agriculture,0.135626,0.059209,,,4,DATA_PRESENT,OECD_ICIO_2022,,"OECD: Aggregated from 3 OECD ISIC sectors; gross_output=27,391 USD m",2022,
MAR,automotive,0.014608,0.128385,,,4,DATA_PRESENT,OECD_ICIO_2022,,"OECD: Aggregated from 1 OECD ISIC sectors; gross_output=10,579 USD m",2022,
MAR,aviation,0.003205,0.028119,,,4,DATA_PRESENT,OECD_ICIO_2022,,"OECD: Aggregated from 1 OECD ISIC sectors; gross_output=1,834 USD m",2022,
MAR,banking,0.047527,0.009717,,,4,DATA_PRESENT,OECD_ICIO_2022,,"OECD: Aggregated from 1 OECD ISIC sectors; gross_output=8,905 USD m",2022,
MAR,capital_markets,,,,,,MISSING_NO_SOURCE_ANY,NONE,,OECD: OECD ICIO has no clean line item for this sector. See OECD_ICIO_SCHEMA_AUDIT.md for the bundling exp,2022,
MAR,consumer_goods,0.228489,0.379740,,,4,DATA_PRESENT,OECD_ICIO_2022,,"OECD: Aggregated from 11 OECD ISIC sectors; gross_output=71,475 USD m",2022,
MAR,electronics,0.012294,0.049325,,,4,DATA_PRESENT,OECD_ICIO_2022,,"OECD: Aggregated from 2 OECD ISIC sectors; gross_output=4,085 USD m",2022,
MAR,energy,,,,,,MISSING_NO_SOURCE_ANY,NONE,,OECD: OECD ICIO has no clean line item for this sector. See OECD_ICIO_SCHEMA_AUDIT.md for the bundling exp,2022,
MAR,gas,,,,,,MISSING_NO_SOURCE_ANY,NONE,,OECD: OECD ICIO has no clean line item for this sector. See OECD_ICIO_SCHEMA_AUDIT.md for the bundling exp,2022,
MAR,government,0.189199,0.025756,,,4,DATA_PRESENT,OECD_ICIO_2022,,"OECD: Aggregated from 2 OECD ISIC sectors; gross_output=28,099 USD m",2022,
MAR,insurance,,,,,,MISSING_NO_SOURCE_ANY,NONE,,OECD: OECD ICIO has no clean line item for this sector. See OECD_ICIO_SCHEMA_AUDIT.md for the bundling exp,2022,
MAR,oil,0.000161,0.000448,,,4,DATA_PRESENT,OECD_ICIO_2022,,OECD: Aggregated from 2 OECD ISIC sectors; gross_output=76 USD m,2022,
MAR,ports,0.010785,0.017343,,,4,DATA_PRESENT,OECD_ICIO_2022,,"OECD: Aggregated from 1 OECD ISIC sectors; gross_output=2,122 USD m",2022,
MAR,semiconductors,,,,,,MISSING_NO_SOURCE_ANY,NONE,,OECD: OECD ICIO has no clean line item for this sector. See OECD_ICIO_SCHEMA_AUDIT.md for the bundling exp,2022,
MAR,shipping,0.017431,0.042268,,,4,DATA_PRESENT,OECD_ICIO_2022,,"OECD: Aggregated from 2 OECD ISIC sectors; gross_output=4,339 USD m",2022,
MAR,telecommunications,0.028154,0.023762,,,4,DATA_PRESENT,OECD_ICIO_2022,,"OECD: Aggregated from 3 OECD ISIC sectors; gross_output=5,086 USD m",2022,
MAR,tourism,0.024154,0.030106,,,4,DATA_PRESENT,OECD_ICIO_2022,,"OECD: Aggregated from 1 OECD ISIC sectors; gross_output=5,077 USD m",2022,
MAR,utilities,0.025652,0.022799,,,4,DATA_PRESENT,OECD_ICIO_2022,,"OECD: Aggregated from 2 OECD ISIC sectors; gross_output=7,514 USD m",2022,
MEX,aerospace,0.002359,0.018591,0.002259,,5,DATA_PRESENT,OECD_ICIO_2022+WIOD_2014,,"OECD: Aggregated from 1 OECD ISIC sectors; gross_output=15,653 USD m | WIOD: Aggregated from 1 NACE Rev.2 codes; employment_share NULL — SEA files not in repo",2022,2014
MEX,agriculture,0.038680,0.023101,0.032994,,5,DATA_PRESENT,OECD_ICIO_2022+WIOD_2014,,"OECD: Aggregated from 3 OECD ISIC sectors; gross_output=85,469 USD m | WIOD: Aggregated from 3 NACE Rev.2 codes; employment_share NULL — SEA files not in repo",2022,2014
MEX,automotive,0.041886,0.205760,0.029787,,5,DATA_PRESENT,OECD_ICIO_2022+WIOD_2014,,"OECD: Aggregated from 1 OECD ISIC sectors; gross_output=207,439 USD m | WIOD: Aggregated from 1 NACE Rev.2 codes; employment_share NULL — SEA files not in repo",2022,2014
MEX,aviation,0.003425,0.009471,0.002128,,5,DATA_PRESENT,OECD_ICIO_2022+WIOD_2014,"CONFLICT: OECD gdp_share=0.0034 (2022) vs WIOD value_added_share=0.0021 (2014), relative diff=37.87%. Vintages differ.","CONFLICT: OECD gdp_share=0.0034 (2022) vs WIOD value_added_share=0.0021 (2014), relative diff=37.87%. Vintages differ. | OECD: Aggregated from 1 OECD ISIC sectors; gross_output=16,387 USD m | WIOD: Aggregated from 1 NACE Rev.2 codes; employment_share NULL — SEA files not in repo",2022,2014
MEX,banking,0.040548,0.011640,0.029725,,5,DATA_PRESENT,OECD_ICIO_2022+WIOD_2014,,"OECD: Aggregated from 1 OECD ISIC sectors; gross_output=88,703 USD m | WIOD: Aggregated from 1 NACE Rev.2 codes; employment_share NULL — SEA files not in repo",2022,2014
MEX,capital_markets,,,0.002797,,4,DATA_PRESENT,WIOD_2014,,OECD: OECD ICIO has no clean line item for this sector. See OECD_ICIO_SCHEMA_AUDIT.md for the bundling exp | WIOD: Aggregated from 1 NACE Rev.2 codes; employment_share NULL — SEA files not in repo,2022,2014
MEX,consumer_goods,0.333983,0.303464,0.293502,,5,DATA_PRESENT,OECD_ICIO_2022+WIOD_2014,,"OECD: Aggregated from 11 OECD ISIC sectors; gross_output=840,614 USD m | WIOD: Aggregated from 17 NACE Rev.2 codes; employment_share NULL — SEA files not in repo",2022,2014
MEX,electronics,0.026266,0.171287,0.012495,,5,DATA_PRESENT,OECD_ICIO_2022+WIOD_2014,"CONFLICT: OECD gdp_share=0.0263 (2022) vs WIOD value_added_share=0.0125 (2014), relative diff=52.43%. Vintages differ.","CONFLICT: OECD gdp_share=0.0263 (2022) vs WIOD value_added_share=0.0125 (2014), relative diff=52.43%. Vintages differ. | OECD: Aggregated from 2 OECD ISIC sectors; gross_output=156,113 USD m | WIOD: Aggregated from 2 NACE Rev.2 codes; employment_share NULL — SEA files not in repo",2022,2014
MEX,energy,,,,,,MISSING_NO_SOURCE_ANY,NONE,,OECD: OECD ICIO has no clean line item for this sector. See OECD_ICIO_SCHEMA_AUDIT.md for the bundling exp | WIOD: Country in WIOD but no VA for this GEDS sector,2022,2014
MEX,gas,,,,,,MISSING_NO_SOURCE_ANY,NONE,,OECD: OECD ICIO has no clean line item for this sector. See OECD_ICIO_SCHEMA_AUDIT.md for the bundling exp | WIOD: C26 bundles semis; B+D35 bundles gas with oil/utilities,2022,2014
MEX,government,0.068257,0.007949,0.086972,,5,DATA_PRESENT,OECD_ICIO_2022+WIOD_2014,,"OECD: Aggregated from 2 OECD ISIC sectors; gross_output=129,898 USD m | WIOD: Aggregated from 2 NACE Rev.2 codes; employment_share NULL — SEA files not in repo",2022,2014
MEX,insurance,,,0.002398,,4,DATA_PRESENT,WIOD_2014,,OECD: OECD ICIO has no clean line item for this sector. See OECD_ICIO_SCHEMA_AUDIT.md for the bundling exp | WIOD: Aggregated from 1 NACE Rev.2 codes; employment_share NULL — SEA files not in repo,2022,2014
MEX,oil,0.025393,0.059923,0.078829,,5,DATA_PRESENT,OECD_ICIO_2022+WIOD_2014,"CONFLICT: OECD gdp_share=0.0254 (2022) vs WIOD value_added_share=0.0788 (2014), relative diff=67.79%. Vintages differ.","CONFLICT: OECD gdp_share=0.0254 (2022) vs WIOD value_added_share=0.0788 (2014), relative diff=67.79%. Vintages differ. | OECD: Aggregated from 2 OECD ISIC sectors; gross_output=90,641 USD m | WIOD: Aggregated from 2 NACE Rev.2 codes; employment_share NULL — SEA files not in repo",2022,2014
MEX,ports,0.008996,0.009712,0.005593,,5,DATA_PRESENT,OECD_ICIO_2022+WIOD_2014,"CONFLICT: OECD gdp_share=0.0090 (2022) vs WIOD value_added_share=0.0056 (2014), relative diff=37.83%. Vintages differ.","CONFLICT: OECD gdp_share=0.0090 (2022) vs WIOD value_added_share=0.0056 (2014), relative diff=37.83%. Vintages differ. | OECD: Aggregated from 1 OECD ISIC sectors; gross_output=20,483 USD m | WIOD: Aggregated from 1 NACE Rev.2 codes; employment_share NULL — SEA files not in repo",2022,2014
MEX,semiconductors,,,,,,MISSING_NO_SOURCE_ANY,NONE,,OECD: OECD ICIO has no clean line item for this sector. See OECD_ICIO_SCHEMA_AUDIT.md for the bundling exp | WIOD: C26 bundles semis; B+D35 bundles gas with oil/utilities,2022,2014
MEX,shipping,0.057671,0.039344,0.056256,,5,DATA_PRESENT,OECD_ICIO_2022+WIOD_2014,,"OECD: Aggregated from 2 OECD ISIC sectors; gross_output=125,936 USD m | WIOD: Aggregated from 2 NACE Rev.2 codes; employment_share NULL — SEA files not in repo",2022,2014
MEX,telecommunications,0.015301,0.006305,0.023475,,5,DATA_PRESENT,OECD_ICIO_2022+WIOD_2014,"CONFLICT: OECD gdp_share=0.0153 (2022) vs WIOD value_added_share=0.0235 (2014), relative diff=34.82%. Vintages differ.","CONFLICT: OECD gdp_share=0.0153 (2022) vs WIOD value_added_share=0.0235 (2014), relative diff=34.82%. Vintages differ. | OECD: Aggregated from 3 OECD ISIC sectors; gross_output=39,169 USD m | WIOD: Aggregated from 5 NACE Rev.2 codes; employment_share NULL — SEA files not in repo",2022,2014
MEX,tourism,0.022991,0.013310,0.022412,,5,DATA_PRESENT,OECD_ICIO_2022+WIOD_2014,,"OECD: Aggregated from 1 OECD ISIC sectors; gross_output=53,819 USD m | WIOD: Aggregated from 1 NACE Rev.2 codes; employment_share NULL — SEA files not in repo",2022,2014
MEX,utilities,0.020978,0.005981,0.020394,,5,DATA_PRESENT,OECD_ICIO_2022+WIOD_2014,,"OECD: Aggregated from 2 OECD ISIC sectors; gross_output=48,371 USD m | WIOD: Aggregated from 3 NACE Rev.2 codes; employment_share NULL — SEA files not in repo",2022,2014
MLT,aerospace,0.001816,0.002150,0.002561,,5,DATA_PRESENT,OECD_ICIO_2022+WIOD_2014,,OECD: Aggregated from 1 OECD ISIC sectors; gross_output=83 USD m | WIOD: Aggregated from 1 NACE Rev.2 codes; employment_share NULL — SEA files not in repo,2022,2014
MLT,agriculture,0.008268,0.009683,0.014050,,5,DATA_PRESENT,OECD_ICIO_2022+WIOD_2014,"CONFLICT: OECD gdp_share=0.0083 (2022) vs WIOD value_added_share=0.0140 (2014), relative diff=41.15%. Vintages differ.","CONFLICT: OECD gdp_share=0.0083 (2022) vs WIOD value_added_share=0.0140 (2014), relative diff=41.15%. Vintages differ. | OECD: Aggregated from 3 OECD ISIC sectors; gross_output=473 USD m | WIOD: Aggregated from 3 NACE Rev.2 codes; employment_share NULL — SEA files not in repo",2022,2014
MLT,automotive,0.004147,0.002704,0.004093,,5,DATA_PRESENT,OECD_ICIO_2022+WIOD_2014,,OECD: Aggregated from 1 OECD ISIC sectors; gross_output=194 USD m | WIOD: Aggregated from 1 NACE Rev.2 codes; employment_share NULL — SEA files not in repo,2022,2014
MLT,aviation,0.011258,0.128507,0.005130,,5,DATA_PRESENT,OECD_ICIO_2022+WIOD_2014,"CONFLICT: OECD gdp_share=0.0113 (2022) vs WIOD value_added_share=0.0051 (2014), relative diff=54.43%. Vintages differ.","CONFLICT: OECD gdp_share=0.0113 (2022) vs WIOD value_added_share=0.0051 (2014), relative diff=54.43%. Vintages differ. | OECD: Aggregated from 1 OECD ISIC sectors; gross_output=3,134 USD m | WIOD: Aggregated from 1 NACE Rev.2 codes; employment_share NULL — SEA files not in repo",2022,2014
MLT,banking,0.078408,0.129363,0.047504,,5,DATA_PRESENT,OECD_ICIO_2022+WIOD_2014,"CONFLICT: OECD gdp_share=0.0784 (2022) vs WIOD value_added_share=0.0475 (2014), relative diff=39.41%. Vintages differ.","CONFLICT: OECD gdp_share=0.0784 (2022) vs WIOD value_added_share=0.0475 (2014), relative diff=39.41%. Vintages differ. | OECD: Aggregated from 1 OECD ISIC sectors; gross_output=3,469 USD m | WIOD: Aggregated from 1 NACE Rev.2 codes; employment_share NULL — SEA files not in repo",2022,2014
MLT,capital_markets,,,0.009614,,4,DATA_PRESENT,WIOD_2014,,OECD: OECD ICIO has no clean line item for this sector. See OECD_ICIO_SCHEMA_AUDIT.md for the bundling exp | WIOD: Aggregated from 1 NACE Rev.2 codes; employment_share NULL — SEA files not in repo,2022,2014
MLT,consumer_goods,0.140213,0.066719,0.190229,,5,DATA_PRESENT,OECD_ICIO_2022+WIOD_2014,,"OECD: Aggregated from 11 OECD ISIC sectors; gross_output=4,745 USD m | WIOD: Aggregated from 17 NACE Rev.2 codes; employment_share NULL — SEA files not in repo",2022,2014
MLT,electronics,0.008759,0.025610,0.006190,,5,DATA_PRESENT,OECD_ICIO_2022+WIOD_2014,,"OECD: Aggregated from 2 OECD ISIC sectors; gross_output=3,727 USD m | WIOD: Aggregated from 2 NACE Rev.2 codes; employment_share NULL — SEA files not in repo",2022,2014
MLT,energy,,,,,,MISSING_NO_SOURCE_ANY,NONE,,OECD: OECD ICIO has no clean line item for this sector. See OECD_ICIO_SCHEMA_AUDIT.md for the bundling exp | WIOD: Country in WIOD but no VA for this GEDS sector,2022,2014
MLT,gas,,,,,,MISSING_NO_SOURCE_ANY,NONE,,OECD: OECD ICIO has no clean line item for this sector. See OECD_ICIO_SCHEMA_AUDIT.md for the bundling exp | WIOD: C26 bundles semis; B+D35 bundles gas with oil/utilities,2022,2014
MLT,government,0.098052,0.010674,0.121883,,5,DATA_PRESENT,OECD_ICIO_2022+WIOD_2014,,"OECD: Aggregated from 2 OECD ISIC sectors; gross_output=2,389 USD m | WIOD: Aggregated from 2 NACE Rev.2 codes; employment_share NULL — SEA files not in repo",2022,2014
MLT,insurance,,,0.010023,,4,DATA_PRESENT,WIOD_2014,,OECD: OECD ICIO has no clean line item for this sector. See OECD_ICIO_SCHEMA_AUDIT.md for the bundling exp | WIOD: Aggregated from 1 NACE Rev.2 codes; employment_share NULL — SEA files not in repo,2022,2014
MLT,oil,0.000338,0.000441,0.001075,,5,DATA_PRESENT,OECD_ICIO_2022+WIOD_2014,"CONFLICT: OECD gdp_share=0.0003 (2022) vs WIOD value_added_share=0.0011 (2014), relative diff=68.56%. Vintages differ.","CONFLICT: OECD gdp_share=0.0003 (2022) vs WIOD value_added_share=0.0011 (2014), relative diff=68.56%. Vintages differ. | OECD: Aggregated from 2 OECD ISIC sectors; gross_output=18 USD m | WIOD: Aggregated from 2 NACE Rev.2 codes; employment_share NULL — SEA files not in repo",2022,2014
MLT,ports,0.023710,0.023688,0.032411,,5,DATA_PRESENT,OECD_ICIO_2022+WIOD_2014,,OECD: Aggregated from 1 OECD ISIC sectors; gross_output=878 USD m | WIOD: Aggregated from 1 NACE Rev.2 codes; employment_share NULL — SEA files not in repo,2022,2014
MLT,semiconductors,,,,,,MISSING_NO_SOURCE_ANY,NONE,,OECD: OECD ICIO has no clean line item for this sector. See OECD_ICIO_SCHEMA_AUDIT.md for the bundling exp | WIOD: C26 bundles semis; B+D35 bundles gas with oil/utilities,2022,2014
MLT,shipping,0.009192,0.019084,0.021870,,5,DATA_PRESENT,OECD_ICIO_2022+WIOD_2014,"CONFLICT: OECD gdp_share=0.0092 (2022) vs WIOD value_added_share=0.0219 (2014), relative diff=57.97%. Vintages differ.","CONFLICT: OECD gdp_share=0.0092 (2022) vs WIOD value_added_share=0.0219 (2014), relative diff=57.97%. Vintages differ. | OECD: Aggregated from 2 OECD ISIC sectors; gross_output=644 USD m | WIOD: Aggregated from 2 NACE Rev.2 codes; employment_share NULL — SEA files not in repo",2022,2014
MLT,telecommunications,0.113281,0.054769,0.089996,,5,DATA_PRESENT,OECD_ICIO_2022+WIOD_2014,,"OECD: Aggregated from 3 OECD ISIC sectors; gross_output=4,204 USD m | WIOD: Aggregated from 5 NACE Rev.2 codes; employment_share NULL — SEA files not in repo",2022,2014
MLT,tourism,0.037480,0.027224,0.051744,,5,DATA_PRESENT,OECD_ICIO_2022+WIOD_2014,,"OECD: Aggregated from 1 OECD ISIC sectors; gross_output=1,562 USD m | WIOD: Aggregated from 1 NACE Rev.2 codes; employment_share NULL — SEA files not in repo",2022,2014
MLT,utilities,0.014258,0.014974,0.014583,,5,DATA_PRESENT,OECD_ICIO_2022+WIOD_2014,,"OECD: Aggregated from 2 OECD ISIC sectors; gross_output=1,259 USD m | WIOD: Aggregated from 3 NACE Rev.2 codes; employment_share NULL — SEA files not in repo",2022,2014
MMR,aerospace,0.000962,0.002168,,,4,DATA_PRESENT,OECD_ICIO_2022,,OECD: Aggregated from 1 OECD ISIC sectors; gross_output=160 USD m,2022,
MMR,agriculture,0.410545,0.119995,,,4,DATA_PRESENT,OECD_ICIO_2022,,"OECD: Aggregated from 3 OECD ISIC sectors; gross_output=52,215 USD m",2022,
MMR,automotive,0.006992,0.012572,,,4,DATA_PRESENT,OECD_ICIO_2022,,"OECD: Aggregated from 1 OECD ISIC sectors; gross_output=1,365 USD m",2022,
MMR,aviation,0.005817,0.020379,,,4,DATA_PRESENT,OECD_ICIO_2022,,"OECD: Aggregated from 1 OECD ISIC sectors; gross_output=1,111 USD m",2022,
MMR,banking,0.021664,0.006887,,,4,DATA_PRESENT,OECD_ICIO_2022,,"OECD: Aggregated from 1 OECD ISIC sectors; gross_output=2,575 USD m",2022,
MMR,capital_markets,,,,,,MISSING_NO_SOURCE_ANY,NONE,,OECD: OECD ICIO has no clean line item for this sector. See OECD_ICIO_SCHEMA_AUDIT.md for the bundling exp,2022,
MMR,consumer_goods,0.214870,0.360765,,,4,DATA_PRESENT,OECD_ICIO_2022,,"OECD: Aggregated from 11 OECD ISIC sectors; gross_output=35,983 USD m",2022,
MMR,electronics,0.008986,0.019616,,,4,DATA_PRESENT,OECD_ICIO_2022,,"OECD: Aggregated from 2 OECD ISIC sectors; gross_output=1,748 USD m",2022,
MMR,energy,,,,,,MISSING_NO_SOURCE_ANY,NONE,,OECD: OECD ICIO has no clean line item for this sector. See OECD_ICIO_SCHEMA_AUDIT.md for the bundling exp,2022,
MMR,gas,,,,,,MISSING_NO_SOURCE_ANY,NONE,,OECD: OECD ICIO has no clean line item for this sector. See OECD_ICIO_SCHEMA_AUDIT.md for the bundling exp,2022,
MMR,government,0.050373,0.004022,,,4,DATA_PRESENT,OECD_ICIO_2022,,"OECD: Aggregated from 2 OECD ISIC sectors; gross_output=4,225 USD m",2022,
MMR,insurance,,,,,,MISSING_NO_SOURCE_ANY,NONE,,OECD: OECD ICIO has no clean line item for this sector. See OECD_ICIO_SCHEMA_AUDIT.md for the bundling exp,2022,
MMR,oil,0.038375,0.199375,,,4,DATA_PRESENT,OECD_ICIO_2022,,"OECD: Aggregated from 2 OECD ISIC sectors; gross_output=6,713 USD m",2022,
MMR,ports,0.007063,0.012823,,,4,DATA_PRESENT,OECD_ICIO_2022,,OECD: Aggregated from 1 OECD ISIC sectors; gross_output=994 USD m,2022,
MMR,semiconductors,,,,,,MISSING_NO_SOURCE_ANY,NONE,,OECD: OECD ICIO has no clean line item for this sector. See OECD_ICIO_SCHEMA_AUDIT.md for the bundling exp,2022,
MMR,shipping,0.028020,0.045131,,,4,DATA_PRESENT,OECD_ICIO_2022,,"OECD: Aggregated from 2 OECD ISIC sectors; gross_output=4,306 USD m",2022,
MMR,telecommunications,0.026050,0.015439,,,4,DATA_PRESENT,OECD_ICIO_2022,,"OECD: Aggregated from 3 OECD ISIC sectors; gross_output=3,507 USD m",2022,
MMR,tourism,0.023834,0.009153,,,4,DATA_PRESENT,OECD_ICIO_2022,,"OECD: Aggregated from 1 OECD ISIC sectors; gross_output=3,458 USD m",2022,
MMR,utilities,0.005931,0.004349,,,4,DATA_PRESENT,OECD_ICIO_2022,,OECD: Aggregated from 2 OECD ISIC sectors; gross_output=904 USD m,2022,
MYS,aerospace,0.001821,0.007162,,,4,DATA_PRESENT,OECD_ICIO_2022,,"OECD: Aggregated from 1 OECD ISIC sectors; gross_output=3,129 USD m",2022,
MYS,agriculture,0.080869,0.014503,,,4,DATA_PRESENT,OECD_ICIO_2022,,"OECD: Aggregated from 3 OECD ISIC sectors; gross_output=48,569 USD m",2022,
MYS,automotive,0.014405,0.007662,,,4,DATA_PRESENT,OECD_ICIO_2022,,"OECD: Aggregated from 1 OECD ISIC sectors; gross_output=15,879 USD m",2022,
MYS,aviation,0.004324,0.013552,,,4,DATA_PRESENT,OECD_ICIO_2022,,"OECD: Aggregated from 1 OECD ISIC sectors; gross_output=7,928 USD m",2022,
MYS,banking,0.062519,0.021466,,,4,DATA_PRESENT,OECD_ICIO_2022,,"OECD: Aggregated from 1 OECD ISIC sectors; gross_output=48,328 USD m",2022,
MYS,capital_markets,,,,,,MISSING_NO_SOURCE_ANY,NONE,,OECD: OECD ICIO has no clean line item for this sector. See OECD_ICIO_SCHEMA_AUDIT.md for the bundling exp,2022,
MYS,consumer_goods,0.296635,0.366168,,,4,DATA_PRESENT,OECD_ICIO_2022,,"OECD: Aggregated from 11 OECD ISIC sectors; gross_output=324,986 USD m",2022,
MYS,electronics,0.055533,0.226663,,,4,DATA_PRESENT,OECD_ICIO_2022,,"OECD: Aggregated from 2 OECD ISIC sectors; gross_output=87,203 USD m",2022,
MYS,energy,,,,,,MISSING_NO_SOURCE_ANY,NONE,,OECD: OECD ICIO has no clean line item for this sector. See OECD_ICIO_SCHEMA_AUDIT.md for the bundling exp,2022,
MYS,gas,,,,,,MISSING_NO_SOURCE_ANY,NONE,,OECD: OECD ICIO has no clean line item for this sector. See OECD_ICIO_SCHEMA_AUDIT.md for the bundling exp,2022,
MYS,government,0.105884,0.005821,,,4,DATA_PRESENT,OECD_ICIO_2022,,"OECD: Aggregated from 2 OECD ISIC sectors; gross_output=54,458 USD m",2022,
MYS,insurance,,,,,,MISSING_NO_SOURCE_ANY,NONE,,OECD: OECD ICIO has no clean line item for this sector. See OECD_ICIO_SCHEMA_AUDIT.md for the bundling exp,2022,
MYS,oil,0.079382,0.121421,,,4,DATA_PRESENT,OECD_ICIO_2022,,"OECD: Aggregated from 2 OECD ISIC sectors; gross_output=114,883 USD m",2022,
MYS,ports,0.013151,0.006485,,,4,DATA_PRESENT,OECD_ICIO_2022,,"OECD: Aggregated from 1 OECD ISIC sectors; gross_output=11,890 USD m",2022,
MYS,semiconductors,,,,,,MISSING_NO_SOURCE_ANY,NONE,,OECD: OECD ICIO has no clean line item for this sector. See OECD_ICIO_SCHEMA_AUDIT.md for the bundling exp,2022,
MYS,shipping,0.012857,0.016858,,,4,DATA_PRESENT,OECD_ICIO_2022,,"OECD: Aggregated from 2 OECD ISIC sectors; gross_output=14,774 USD m",2022,
MYS,telecommunications,0.044979,0.026250,,,4,DATA_PRESENT,OECD_ICIO_2022,,"OECD: Aggregated from 3 OECD ISIC sectors; gross_output=41,731 USD m",2022,
MYS,tourism,0.027691,0.012305,,,4,DATA_PRESENT,OECD_ICIO_2022,,"OECD: Aggregated from 1 OECD ISIC sectors; gross_output=26,897 USD m",2022,
MYS,utilities,0.022407,0.008519,,,4,DATA_PRESENT,OECD_ICIO_2022,,"OECD: Aggregated from 2 OECD ISIC sectors; gross_output=25,028 USD m",2022,
NGA,aerospace,0.000009,0.000052,,,4,DATA_PRESENT,OECD_ICIO_2022,,OECD: Aggregated from 1 OECD ISIC sectors; gross_output=11 USD m,2022,
NGA,agriculture,0.224036,0.044057,,,4,DATA_PRESENT,OECD_ICIO_2022,,"OECD: Aggregated from 3 OECD ISIC sectors; gross_output=132,937 USD m",2022,
NGA,automotive,0.004961,0.016428,,,4,DATA_PRESENT,OECD_ICIO_2022,,"OECD: Aggregated from 1 OECD ISIC sectors; gross_output=8,889 USD m",2022,
NGA,aviation,0.001255,0.009067,,,4,DATA_PRESENT,OECD_ICIO_2022,,"OECD: Aggregated from 1 OECD ISIC sectors; gross_output=1,826 USD m",2022,
NGA,banking,0.034620,0.010650,,,4,DATA_PRESENT,OECD_ICIO_2022,,"OECD: Aggregated from 1 OECD ISIC sectors; gross_output=23,616 USD m",2022,
NGA,capital_markets,,,,,,MISSING_NO_SOURCE_ANY,NONE,,OECD: OECD ICIO has no clean line item for this sector. See OECD_ICIO_SCHEMA_AUDIT.md for the bundling exp,2022,
NGA,consumer_goods,0.265382,0.264098,,,4,DATA_PRESENT,OECD_ICIO_2022,,"OECD: Aggregated from 11 OECD ISIC sectors; gross_output=296,192 USD m",2022,
NGA,electronics,0.000544,0.000393,,,4,DATA_PRESENT,OECD_ICIO_2022,,OECD: Aggregated from 2 OECD ISIC sectors; gross_output=378 USD m,2022,
NGA,energy,,,,,,MISSING_NO_SOURCE_ANY,NONE,,OECD: OECD ICIO has no clean line item for this sector. See OECD_ICIO_SCHEMA_AUDIT.md for the bundling exp,2022,
NGA,gas,,,,,,MISSING_NO_SOURCE_ANY,NONE,,OECD: OECD ICIO has no clean line item for this sector. See OECD_ICIO_SCHEMA_AUDIT.md for the bundling exp,2022,
NGA,government,0.029706,0.007366,,,4,DATA_PRESENT,OECD_ICIO_2022,,"OECD: Aggregated from 2 OECD ISIC sectors; gross_output=20,866 USD m",2022,
NGA,insurance,,,,,,MISSING_NO_SOURCE_ANY,NONE,,OECD: OECD ICIO has no clean line item for this sector. See OECD_ICIO_SCHEMA_AUDIT.md for the bundling exp,2022,
NGA,oil,0.081037,0.508358,,,4,DATA_PRESENT,OECD_ICIO_2022,,"OECD: Aggregated from 2 OECD ISIC sectors; gross_output=53,218 USD m",2022,
NGA,ports,0.003875,0.003321,,,4,DATA_PRESENT,OECD_ICIO_2022,,"OECD: Aggregated from 1 OECD ISIC sectors; gross_output=1,994 USD m",2022,
NGA,semiconductors,,,,,,MISSING_NO_SOURCE_ANY,NONE,,OECD: OECD ICIO has no clean line item for this sector. See OECD_ICIO_SCHEMA_AUDIT.md for the bundling exp,2022,
NGA,shipping,0.019390,0.035308,,,4,DATA_PRESENT,OECD_ICIO_2022,,"OECD: Aggregated from 2 OECD ISIC sectors; gross_output=19,518 USD m",2022,
NGA,telecommunications,0.103560,0.018568,,,4,DATA_PRESENT,OECD_ICIO_2022,,"OECD: Aggregated from 3 OECD ISIC sectors; gross_output=91,430 USD m",2022,
NGA,tourism,0.006014,0.003106,,,4,DATA_PRESENT,OECD_ICIO_2022,,"OECD: Aggregated from 1 OECD ISIC sectors; gross_output=6,002 USD m",2022,
NGA,utilities,0.010009,0.003944,,,4,DATA_PRESENT,OECD_ICIO_2022,,"OECD: Aggregated from 2 OECD ISIC sectors; gross_output=8,231 USD m",2022,
NLD,aerospace,0.000946,0.005267,0.002799,,5,DATA_PRESENT,OECD_ICIO_2022+WIOD_2014,"CONFLICT: OECD gdp_share=0.0009 (2022) vs WIOD value_added_share=0.0028 (2014), relative diff=66.20%. Vintages differ.","CONFLICT: OECD gdp_share=0.0009 (2022) vs WIOD value_added_share=0.0028 (2014), relative diff=66.20%. Vintages differ. | OECD: Aggregated from 1 OECD ISIC sectors; gross_output=3,819 USD m | WIOD: Aggregated from 1 NACE Rev.2 codes; employment_share NULL — SEA files not in repo",2022,2014
NLD,agriculture,0.018335,0.025063,0.018341,,5,DATA_PRESENT,OECD_ICIO_2022+WIOD_2014,,"OECD: Aggregated from 3 OECD ISIC sectors; gross_output=45,386 USD m | WIOD: Aggregated from 3 NACE Rev.2 codes; employment_share NULL — SEA files not in repo",2022,2014
NLD,automotive,0.003461,0.013665,0.003171,,5,DATA_PRESENT,OECD_ICIO_2022+WIOD_2014,,"OECD: Aggregated from 1 OECD ISIC sectors; gross_output=15,808 USD m | WIOD: Aggregated from 1 NACE Rev.2 codes; employment_share NULL — SEA files not in repo",2022,2014
NLD,aviation,0.004092,0.009592,0.004111,,5,DATA_PRESENT,OECD_ICIO_2022+WIOD_2014,,"OECD: Aggregated from 1 OECD ISIC sectors; gross_output=12,563 USD m | WIOD: Aggregated from 1 NACE Rev.2 codes; employment_share NULL — SEA files not in repo",2022,2014
NLD,banking,0.058166,0.026006,0.058315,,5,DATA_PRESENT,OECD_ICIO_2022+WIOD_2014,,"OECD: Aggregated from 1 OECD ISIC sectors; gross_output=94,267 USD m | WIOD: Aggregated from 1 NACE Rev.2 codes; employment_share NULL — SEA files not in repo",2022,2014
NLD,capital_markets,,,0.006654,,4,DATA_PRESENT,WIOD_2014,,OECD: OECD ICIO has no clean line item for this sector. See OECD_ICIO_SCHEMA_AUDIT.md for the bundling exp | WIOD: Aggregated from 1 NACE Rev.2 codes; employment_share NULL — SEA files not in repo,2022,2014
NLD,consumer_goods,0.217934,0.414951,0.238034,,5,DATA_PRESENT,OECD_ICIO_2022+WIOD_2014,,"OECD: Aggregated from 11 OECD ISIC sectors; gross_output=544,334 USD m | WIOD: Aggregated from 17 NACE Rev.2 codes; employment_share NULL — SEA files not in repo",2022,2014
NLD,electronics,0.011691,0.029883,0.009714,,5,DATA_PRESENT,OECD_ICIO_2022+WIOD_2014,,"OECD: Aggregated from 2 OECD ISIC sectors; gross_output=29,751 USD m | WIOD: Aggregated from 2 NACE Rev.2 codes; employment_share NULL — SEA files not in repo",2022,2014
NLD,energy,,,,,,MISSING_NO_SOURCE_ANY,NONE,,OECD: OECD ICIO has no clean line item for this sector. See OECD_ICIO_SCHEMA_AUDIT.md for the bundling exp | WIOD: Country in WIOD but no VA for this GEDS sector,2022,2014
NLD,gas,,,,,,MISSING_NO_SOURCE_ANY,NONE,,OECD: OECD ICIO has no clean line item for this sector. See OECD_ICIO_SCHEMA_AUDIT.md for the bundling exp | WIOD: C26 bundles semis; B+D35 bundles gas with oil/utilities,2022,2014
NLD,government,0.119682,0.015357,0.126618,,5,DATA_PRESENT,OECD_ICIO_2022+WIOD_2014,,"OECD: Aggregated from 2 OECD ISIC sectors; gross_output=160,570 USD m | WIOD: Aggregated from 2 NACE Rev.2 codes; employment_share NULL — SEA files not in repo",2022,2014
NLD,insurance,,,0.013291,,4,DATA_PRESENT,WIOD_2014,,OECD: OECD ICIO has no clean line item for this sector. See OECD_ICIO_SCHEMA_AUDIT.md for the bundling exp | WIOD: Aggregated from 1 NACE Rev.2 codes; employment_share NULL — SEA files not in repo,2022,2014
NLD,oil,0.023022,0.093525,0.030101,,5,DATA_PRESENT,OECD_ICIO_2022+WIOD_2014,,"OECD: Aggregated from 2 OECD ISIC sectors; gross_output=75,111 USD m | WIOD: Aggregated from 2 NACE Rev.2 codes; employment_share NULL — SEA files not in repo",2022,2014
NLD,ports,0.019584,0.015623,0.016976,,5,DATA_PRESENT,OECD_ICIO_2022+WIOD_2014,,"OECD: Aggregated from 1 OECD ISIC sectors; gross_output=38,107 USD m | WIOD: Aggregated from 1 NACE Rev.2 codes; employment_share NULL — SEA files not in repo",2022,2014
NLD,semiconductors,,,,,,MISSING_NO_SOURCE_ANY,NONE,,OECD: OECD ICIO has no clean line item for this sector. See OECD_ICIO_SCHEMA_AUDIT.md for the bundling exp | WIOD: C26 bundles semis; B+D35 bundles gas with oil/utilities,2022,2014
NLD,shipping,0.022934,0.034341,0.024639,,5,DATA_PRESENT,OECD_ICIO_2022+WIOD_2014,,"OECD: Aggregated from 2 OECD ISIC sectors; gross_output=57,247 USD m | WIOD: Aggregated from 2 NACE Rev.2 codes; employment_share NULL — SEA files not in repo",2022,2014
NLD,telecommunications,0.049802,0.050545,0.051083,,5,DATA_PRESENT,OECD_ICIO_2022+WIOD_2014,,"OECD: Aggregated from 3 OECD ISIC sectors; gross_output=100,937 USD m | WIOD: Aggregated from 5 NACE Rev.2 codes; employment_share NULL — SEA files not in repo",2022,2014
NLD,tourism,0.017912,0.011594,0.017591,,5,DATA_PRESENT,OECD_ICIO_2022+WIOD_2014,,"OECD: Aggregated from 1 OECD ISIC sectors; gross_output=36,660 USD m | WIOD: Aggregated from 1 NACE Rev.2 codes; employment_share NULL — SEA files not in repo",2022,2014
NLD,utilities,0.024315,0.017748,0.017836,,5,DATA_PRESENT,OECD_ICIO_2022+WIOD_2014,,"OECD: Aggregated from 2 OECD ISIC sectors; gross_output=51,095 USD m | WIOD: Aggregated from 3 NACE Rev.2 codes; employment_share NULL — SEA files not in repo",2022,2014
NOR,aerospace,0.000165,0.000544,0.007920,,5,DATA_PRESENT,OECD_ICIO_2022+WIOD_2014,"CONFLICT: OECD gdp_share=0.0002 (2022) vs WIOD value_added_share=0.0079 (2014), relative diff=97.92%. Vintages differ.","CONFLICT: OECD gdp_share=0.0002 (2022) vs WIOD value_added_share=0.0079 (2014), relative diff=97.92%. Vintages differ. | OECD: Aggregated from 1 OECD ISIC sectors; gross_output=201 USD m | WIOD: Aggregated from 1 NACE Rev.2 codes; employment_share NULL — SEA files not in repo",2022,2014
NOR,agriculture,0.017634,0.022727,0.016757,,5,DATA_PRESENT,OECD_ICIO_2022+WIOD_2014,,"OECD: Aggregated from 3 OECD ISIC sectors; gross_output=22,462 USD m | WIOD: Aggregated from 3 NACE Rev.2 codes; employment_share NULL — SEA files not in repo",2022,2014
NOR,automotive,0.000623,0.002836,0.000941,,5,DATA_PRESENT,OECD_ICIO_2022+WIOD_2014,"CONFLICT: OECD gdp_share=0.0006 (2022) vs WIOD value_added_share=0.0009 (2014), relative diff=33.79%. Vintages differ.","CONFLICT: OECD gdp_share=0.0006 (2022) vs WIOD value_added_share=0.0009 (2014), relative diff=33.79%. Vintages differ. | OECD: Aggregated from 1 OECD ISIC sectors; gross_output=1,186 USD m | WIOD: Aggregated from 1 NACE Rev.2 codes; employment_share NULL — SEA files not in repo",2022,2014
NOR,aviation,0.000533,0.008546,0.002640,,5,DATA_PRESENT,OECD_ICIO_2022+WIOD_2014,"CONFLICT: OECD gdp_share=0.0005 (2022) vs WIOD value_added_share=0.0026 (2014), relative diff=79.81%. Vintages differ.","CONFLICT: OECD gdp_share=0.0005 (2022) vs WIOD value_added_share=0.0026 (2014), relative diff=79.81%. Vintages differ. | OECD: Aggregated from 1 OECD ISIC sectors; gross_output=3,414 USD m | WIOD: Aggregated from 1 NACE Rev.2 codes; employment_share NULL — SEA files not in repo",2022,2014
NOR,banking,0.031877,0.018934,0.039242,,5,DATA_PRESENT,OECD_ICIO_2022+WIOD_2014,,"OECD: Aggregated from 1 OECD ISIC sectors; gross_output=25,791 USD m | WIOD: Aggregated from 1 NACE Rev.2 codes; employment_share NULL — SEA files not in repo",2022,2014
NOR,capital_markets,,,0.002775,,4,DATA_PRESENT,WIOD_2014,,OECD: OECD ICIO has no clean line item for this sector. See OECD_ICIO_SCHEMA_AUDIT.md for the bundling exp | WIOD: Aggregated from 1 NACE Rev.2 codes; employment_share NULL — SEA files not in repo,2022,2014
NOR,consumer_goods,0.095089,0.111796,0.130618,,5,DATA_PRESENT,OECD_ICIO_2022+WIOD_2014,,"OECD: Aggregated from 11 OECD ISIC sectors; gross_output=130,445 USD m | WIOD: Aggregated from 17 NACE Rev.2 codes; employment_share NULL — SEA files not in repo",2022,2014
NOR,electronics,0.004379,0.014535,0.006910,,5,DATA_PRESENT,OECD_ICIO_2022+WIOD_2014,"CONFLICT: OECD gdp_share=0.0044 (2022) vs WIOD value_added_share=0.0069 (2014), relative diff=36.63%. Vintages differ.","CONFLICT: OECD gdp_share=0.0044 (2022) vs WIOD value_added_share=0.0069 (2014), relative diff=36.63%. Vintages differ. | OECD: Aggregated from 2 OECD ISIC sectors; gross_output=6,510 USD m | WIOD: Aggregated from 2 NACE Rev.2 codes; employment_share NULL — SEA files not in repo",2022,2014
NOR,energy,,,,,,MISSING_NO_SOURCE_ANY,NONE,,OECD: OECD ICIO has no clean line item for this sector. See OECD_ICIO_SCHEMA_AUDIT.md for the bundling exp | WIOD: Country in WIOD but no VA for this GEDS sector,2022,2014
NOR,gas,,,,,,MISSING_NO_SOURCE_ANY,NONE,,OECD: OECD ICIO has no clean line item for this sector. See OECD_ICIO_SCHEMA_AUDIT.md for the bundling exp | WIOD: C26 bundles semis; B+D35 bundles gas with oil/utilities,2022,2014
NOR,government,0.084300,0.010126,0.108729,,5,DATA_PRESENT,OECD_ICIO_2022+WIOD_2014,,"OECD: Aggregated from 2 OECD ISIC sectors; gross_output=69,034 USD m | WIOD: Aggregated from 2 NACE Rev.2 codes; employment_share NULL — SEA files not in repo",2022,2014
NOR,insurance,,,0.009302,,4,DATA_PRESENT,WIOD_2014,,OECD: OECD ICIO has no clean line item for this sector. See OECD_ICIO_SCHEMA_AUDIT.md for the bundling exp | WIOD: Aggregated from 1 NACE Rev.2 codes; employment_share NULL — SEA files not in repo,2022,2014
NOR,oil,0.377786,0.547761,0.224999,,5,DATA_PRESENT,OECD_ICIO_2022+WIOD_2014,"CONFLICT: OECD gdp_share=0.3778 (2022) vs WIOD value_added_share=0.2250 (2014), relative diff=40.44%. Vintages differ.","CONFLICT: OECD gdp_share=0.3778 (2022) vs WIOD value_added_share=0.2250 (2014), relative diff=40.44%. Vintages differ. | OECD: Aggregated from 2 OECD ISIC sectors; gross_output=232,477 USD m | WIOD: Aggregated from 2 NACE Rev.2 codes; employment_share NULL — SEA files not in repo",2022,2014
NOR,ports,0.006419,0.009727,0.009851,,5,DATA_PRESENT,OECD_ICIO_2022+WIOD_2014,"CONFLICT: OECD gdp_share=0.0064 (2022) vs WIOD value_added_share=0.0099 (2014), relative diff=34.84%. Vintages differ.","CONFLICT: OECD gdp_share=0.0064 (2022) vs WIOD value_added_share=0.0099 (2014), relative diff=34.84%. Vintages differ. | OECD: Aggregated from 1 OECD ISIC sectors; gross_output=11,788 USD m | WIOD: Aggregated from 1 NACE Rev.2 codes; employment_share NULL — SEA files not in repo",2022,2014
NOR,semiconductors,,,,,,MISSING_NO_SOURCE_ANY,NONE,,OECD: OECD ICIO has no clean line item for this sector. See OECD_ICIO_SCHEMA_AUDIT.md for the bundling exp | WIOD: C26 bundles semis; B+D35 bundles gas with oil/utilities,2022,2014
NOR,shipping,0.019521,0.075784,0.038805,,5,DATA_PRESENT,OECD_ICIO_2022+WIOD_2014,"CONFLICT: OECD gdp_share=0.0195 (2022) vs WIOD value_added_share=0.0388 (2014), relative diff=49.69%. Vintages differ.","CONFLICT: OECD gdp_share=0.0195 (2022) vs WIOD value_added_share=0.0388 (2014), relative diff=49.69%. Vintages differ. | OECD: Aggregated from 2 OECD ISIC sectors; gross_output=35,506 USD m | WIOD: Aggregated from 2 NACE Rev.2 codes; employment_share NULL — SEA files not in repo",2022,2014
NOR,telecommunications,0.031469,0.022757,0.041681,,5,DATA_PRESENT,OECD_ICIO_2022+WIOD_2014,,"OECD: Aggregated from 3 OECD ISIC sectors; gross_output=35,521 USD m | WIOD: Aggregated from 5 NACE Rev.2 codes; employment_share NULL — SEA files not in repo",2022,2014
NOR,tourism,0.010723,0.007450,0.013003,,5,DATA_PRESENT,OECD_ICIO_2022+WIOD_2014,,"OECD: Aggregated from 1 OECD ISIC sectors; gross_output=12,451 USD m | WIOD: Aggregated from 1 NACE Rev.2 codes; employment_share NULL — SEA files not in repo",2022,2014
NOR,utilities,0.042803,0.016238,0.026334,,5,DATA_PRESENT,OECD_ICIO_2022+WIOD_2014,"CONFLICT: OECD gdp_share=0.0428 (2022) vs WIOD value_added_share=0.0263 (2014), relative diff=38.48%. Vintages differ.","CONFLICT: OECD gdp_share=0.0428 (2022) vs WIOD value_added_share=0.0263 (2014), relative diff=38.48%. Vintages differ. | OECD: Aggregated from 2 OECD ISIC sectors; gross_output=33,567 USD m | WIOD: Aggregated from 3 NACE Rev.2 codes; employment_share NULL — SEA files not in repo",2022,2014
NZL,aerospace,0.001880,0.004600,,,4,DATA_PRESENT,OECD_ICIO_2022,,"OECD: Aggregated from 1 OECD ISIC sectors; gross_output=1,296 USD m",2022,
NZL,agriculture,0.053611,0.103902,,,4,DATA_PRESENT,OECD_ICIO_2022,,"OECD: Aggregated from 3 OECD ISIC sectors; gross_output=29,831 USD m",2022,
NZL,automotive,0.001385,0.005296,,,4,DATA_PRESENT,OECD_ICIO_2022,,"OECD: Aggregated from 1 OECD ISIC sectors; gross_output=1,079 USD m",2022,
NZL,aviation,0.012155,0.019199,,,4,DATA_PRESENT,OECD_ICIO_2022,,"OECD: Aggregated from 1 OECD ISIC sectors; gross_output=5,292 USD m",2022,
NZL,banking,0.070376,0.017723,,,4,DATA_PRESENT,OECD_ICIO_2022,,"OECD: Aggregated from 1 OECD ISIC sectors; gross_output=24,718 USD m",2022,
NZL,capital_markets,,,,,,MISSING_NO_SOURCE_ANY,NONE,,OECD: OECD ICIO has no clean line item for this sector. See OECD_ICIO_SCHEMA_AUDIT.md for the bundling exp,2022,
NZL,consumer_goods,0.193369,0.485069,,,4,DATA_PRESENT,OECD_ICIO_2022,,"OECD: Aggregated from 11 OECD ISIC sectors; gross_output=107,160 USD m",2022,
NZL,electronics,0.005149,0.016881,,,4,DATA_PRESENT,OECD_ICIO_2022,,"OECD: Aggregated from 2 OECD ISIC sectors; gross_output=3,067 USD m",2022,
NZL,energy,,,,,,MISSING_NO_SOURCE_ANY,NONE,,OECD: OECD ICIO has no clean line item for this sector. See OECD_ICIO_SCHEMA_AUDIT.md for the bundling exp,2022,
NZL,gas,,,,,,MISSING_NO_SOURCE_ANY,NONE,,OECD: OECD ICIO has no clean line item for this sector. See OECD_ICIO_SCHEMA_AUDIT.md for the bundling exp,2022,
NZL,government,0.095732,0.016798,,,4,DATA_PRESENT,OECD_ICIO_2022,,"OECD: Aggregated from 2 OECD ISIC sectors; gross_output=32,205 USD m",2022,
NZL,insurance,,,,,,MISSING_NO_SOURCE_ANY,NONE,,OECD: OECD ICIO has no clean line item for this sector. See OECD_ICIO_SCHEMA_AUDIT.md for the bundling exp,2022,
NZL,oil,0.005581,0.008705,,,4,DATA_PRESENT,OECD_ICIO_2022,,"OECD: Aggregated from 2 OECD ISIC sectors; gross_output=2,392 USD m",2022,
NZL,ports,0.016480,0.007117,,,4,DATA_PRESENT,OECD_ICIO_2022,,"OECD: Aggregated from 1 OECD ISIC sectors; gross_output=5,003 USD m",2022,
NZL,semiconductors,,,,,,MISSING_NO_SOURCE_ANY,NONE,,OECD: OECD ICIO has no clean line item for this sector. See OECD_ICIO_SCHEMA_AUDIT.md for the bundling exp,2022,
NZL,shipping,0.017450,0.018437,,,4,DATA_PRESENT,OECD_ICIO_2022,,"OECD: Aggregated from 2 OECD ISIC sectors; gross_output=8,387 USD m",2022,
NZL,telecommunications,0.023429,0.042538,,,4,DATA_PRESENT,OECD_ICIO_2022,,"OECD: Aggregated from 3 OECD ISIC sectors; gross_output=15,791 USD m",2022,
NZL,tourism,0.025510,0.021437,,,4,DATA_PRESENT,OECD_ICIO_2022,,"OECD: Aggregated from 1 OECD ISIC sectors; gross_output=11,074 USD m",2022,
NZL,utilities,0.029708,0.015157,,,4,DATA_PRESENT,OECD_ICIO_2022,,"OECD: Aggregated from 2 OECD ISIC sectors; gross_output=16,483 USD m",2022,
PAK,aerospace,0.001199,0.001601,,,4,DATA_PRESENT,OECD_ICIO_2022,,OECD: Aggregated from 1 OECD ISIC sectors; gross_output=726 USD m,2022,
PAK,agriculture,0.241921,0.036232,,,4,DATA_PRESENT,OECD_ICIO_2022,,"OECD: Aggregated from 3 OECD ISIC sectors; gross_output=90,042 USD m",2022,
PAK,automotive,0.007880,0.011942,,,4,DATA_PRESENT,OECD_ICIO_2022,,"OECD: Aggregated from 1 OECD ISIC sectors; gross_output=5,530 USD m",2022,
PAK,aviation,0.005627,0.016171,,,4,DATA_PRESENT,OECD_ICIO_2022,,"OECD: Aggregated from 1 OECD ISIC sectors; gross_output=3,795 USD m",2022,
PAK,banking,0.037606,0.012103,,,4,DATA_PRESENT,OECD_ICIO_2022,,"OECD: Aggregated from 1 OECD ISIC sectors; gross_output=15,954 USD m",2022,
PAK,capital_markets,,,,,,MISSING_NO_SOURCE_ANY,NONE,,OECD: OECD ICIO has no clean line item for this sector. See OECD_ICIO_SCHEMA_AUDIT.md for the bundling exp,2022,
PAK,consumer_goods,0.251699,0.468120,,,4,DATA_PRESENT,OECD_ICIO_2022,,"OECD: Aggregated from 11 OECD ISIC sectors; gross_output=150,029 USD m",2022,
PAK,electronics,0.009012,0.015671,,,4,DATA_PRESENT,OECD_ICIO_2022,,"OECD: Aggregated from 2 OECD ISIC sectors; gross_output=6,812 USD m",2022,
PAK,energy,,,,,,MISSING_NO_SOURCE_ANY,NONE,,OECD: OECD ICIO has no clean line item for this sector. See OECD_ICIO_SCHEMA_AUDIT.md for the bundling exp,2022,
PAK,gas,,,,,,MISSING_NO_SOURCE_ANY,NONE,,OECD: OECD ICIO has no clean line item for this sector. See OECD_ICIO_SCHEMA_AUDIT.md for the bundling exp,2022,
PAK,government,0.074552,0.017228,,,4,DATA_PRESENT,OECD_ICIO_2022,,"OECD: Aggregated from 2 OECD ISIC sectors; gross_output=31,422 USD m",2022,
PAK,insurance,,,,,,MISSING_NO_SOURCE_ANY,NONE,,OECD: OECD ICIO has no clean line item for this sector. See OECD_ICIO_SCHEMA_AUDIT.md for the bundling exp,2022,
PAK,oil,0.026131,0.074386,,,4,DATA_PRESENT,OECD_ICIO_2022,,"OECD: Aggregated from 2 OECD ISIC sectors; gross_output=18,870 USD m",2022,
PAK,ports,0.008508,0.007429,,,4,DATA_PRESENT,OECD_ICIO_2022,,"OECD: Aggregated from 1 OECD ISIC sectors; gross_output=4,461 USD m",2022,
PAK,semiconductors,,,,,,MISSING_NO_SOURCE_ANY,NONE,,OECD: OECD ICIO has no clean line item for this sector. See OECD_ICIO_SCHEMA_AUDIT.md for the bundling exp,2022,
PAK,shipping,0.037925,0.051483,,,4,DATA_PRESENT,OECD_ICIO_2022,,"OECD: Aggregated from 2 OECD ISIC sectors; gross_output=20,990 USD m",2022,
PAK,telecommunications,0.036649,0.035321,,,4,DATA_PRESENT,OECD_ICIO_2022,,"OECD: Aggregated from 3 OECD ISIC sectors; gross_output=17,895 USD m",2022,
PAK,tourism,0.028451,0.009720,,,4,DATA_PRESENT,OECD_ICIO_2022,,"OECD: Aggregated from 1 OECD ISIC sectors; gross_output=14,955 USD m",2022,
PAK,utilities,0.019610,0.099863,,,4,DATA_PRESENT,OECD_ICIO_2022,,"OECD: Aggregated from 2 OECD ISIC sectors; gross_output=33,259 USD m",2022,
PER,aerospace,0.001434,0.001296,,,4,DATA_PRESENT,OECD_ICIO_2022,,OECD: Aggregated from 1 OECD ISIC sectors; gross_output=661 USD m,2022,
PER,agriculture,0.075311,0.092377,,,4,DATA_PRESENT,OECD_ICIO_2022,,"OECD: Aggregated from 3 OECD ISIC sectors; gross_output=23,135 USD m",2022,
PER,automotive,0.004698,0.003194,,,4,DATA_PRESENT,OECD_ICIO_2022,,"OECD: Aggregated from 1 OECD ISIC sectors; gross_output=1,831 USD m",2022,
PER,aviation,0.002600,0.007545,,,4,DATA_PRESENT,OECD_ICIO_2022,,"OECD: Aggregated from 1 OECD ISIC sectors; gross_output=2,724 USD m",2022,
PER,banking,0.047011,0.009451,,,4,DATA_PRESENT,OECD_ICIO_2022,,"OECD: Aggregated from 1 OECD ISIC sectors; gross_output=14,862 USD m",2022,
PER,capital_markets,,,,,,MISSING_NO_SOURCE_ANY,NONE,,OECD: OECD ICIO has no clean line item for this sector. See OECD_ICIO_SCHEMA_AUDIT.md for the bundling exp,2022,
PER,consumer_goods,0.197339,0.299739,,,4,DATA_PRESENT,OECD_ICIO_2022,,"OECD: Aggregated from 11 OECD ISIC sectors; gross_output=94,250 USD m",2022,
PER,electronics,0.000452,0.008077,,,4,DATA_PRESENT,OECD_ICIO_2022,,"OECD: Aggregated from 2 OECD ISIC sectors; gross_output=1,291 USD m",2022,
PER,energy,,,,,,MISSING_NO_SOURCE_ANY,NONE,,OECD: OECD ICIO has no clean line item for this sector. See OECD_ICIO_SCHEMA_AUDIT.md for the bundling exp,2022,
PER,gas,,,,,,MISSING_NO_SOURCE_ANY,NONE,,OECD: OECD ICIO has no clean line item for this sector. See OECD_ICIO_SCHEMA_AUDIT.md for the bundling exp,2022,
PER,government,0.108619,0.015676,,,4,DATA_PRESENT,OECD_ICIO_2022,,"OECD: Aggregated from 2 OECD ISIC sectors; gross_output=33,472 USD m",2022,
PER,insurance,,,,,,MISSING_NO_SOURCE_ANY,NONE,,OECD: OECD ICIO has no clean line item for this sector. See OECD_ICIO_SCHEMA_AUDIT.md for the bundling exp,2022,
PER,oil,0.041985,0.055753,,,4,DATA_PRESENT,OECD_ICIO_2022,,"OECD: Aggregated from 2 OECD ISIC sectors; gross_output=16,001 USD m",2022,
PER,ports,0.013902,0.005912,,,4,DATA_PRESENT,OECD_ICIO_2022,,"OECD: Aggregated from 1 OECD ISIC sectors; gross_output=6,133 USD m",2022,
PER,semiconductors,,,,,,MISSING_NO_SOURCE_ANY,NONE,,OECD: OECD ICIO has no clean line item for this sector. See OECD_ICIO_SCHEMA_AUDIT.md for the bundling exp,2022,
PER,shipping,0.034990,0.031196,,,4,DATA_PRESENT,OECD_ICIO_2022,,"OECD: Aggregated from 2 OECD ISIC sectors; gross_output=19,373 USD m",2022,
PER,telecommunications,0.018245,0.015277,,,4,DATA_PRESENT,OECD_ICIO_2022,,"OECD: Aggregated from 3 OECD ISIC sectors; gross_output=11,295 USD m",2022,
PER,tourism,0.038271,0.014409,,,4,DATA_PRESENT,OECD_ICIO_2022,,"OECD: Aggregated from 1 OECD ISIC sectors; gross_output=15,353 USD m",2022,
PER,utilities,0.028953,0.003854,,,4,DATA_PRESENT,OECD_ICIO_2022,,"OECD: Aggregated from 2 OECD ISIC sectors; gross_output=9,371 USD m",2022,
PHL,aerospace,0.001422,0.006027,,,4,DATA_PRESENT,OECD_ICIO_2022,,"OECD: Aggregated from 1 OECD ISIC sectors; gross_output=1,615 USD m",2022,
PHL,agriculture,0.093202,0.041686,,,4,DATA_PRESENT,OECD_ICIO_2022,,"OECD: Aggregated from 3 OECD ISIC sectors; gross_output=67,120 USD m",2022,
PHL,automotive,0.001694,0.012100,,,4,DATA_PRESENT,OECD_ICIO_2022,,"OECD: Aggregated from 1 OECD ISIC sectors; gross_output=2,759 USD m",2022,
PHL,aviation,0.004089,0.015980,,,4,DATA_PRESENT,OECD_ICIO_2022,,"OECD: Aggregated from 1 OECD ISIC sectors; gross_output=5,177 USD m",2022,
PHL,banking,0.098544,0.021728,,,4,DATA_PRESENT,OECD_ICIO_2022,,"OECD: Aggregated from 1 OECD ISIC sectors; gross_output=48,214 USD m",2022,
PHL,capital_markets,,,,,,MISSING_NO_SOURCE_ANY,NONE,,OECD: OECD ICIO has no clean line item for this sector. See OECD_ICIO_SCHEMA_AUDIT.md for the bundling exp,2022,
PHL,consumer_goods,0.317205,0.295961,,,4,DATA_PRESENT,OECD_ICIO_2022,,"OECD: Aggregated from 11 OECD ISIC sectors; gross_output=279,660 USD m",2022,
PHL,electronics,0.018247,0.167779,,,4,DATA_PRESENT,OECD_ICIO_2022,,"OECD: Aggregated from 2 OECD ISIC sectors; gross_output=25,417 USD m",2022,
PHL,energy,,,,,,MISSING_NO_SOURCE_ANY,NONE,,OECD: OECD ICIO has no clean line item for this sector. See OECD_ICIO_SCHEMA_AUDIT.md for the bundling exp,2022,
PHL,gas,,,,,,MISSING_NO_SOURCE_ANY,NONE,,OECD: OECD ICIO has no clean line item for this sector. See OECD_ICIO_SCHEMA_AUDIT.md for the bundling exp,2022,
PHL,government,0.088596,0.015159,,,4,DATA_PRESENT,OECD_ICIO_2022,,"OECD: Aggregated from 2 OECD ISIC sectors; gross_output=46,874 USD m",2022,
PHL,insurance,,,,,,MISSING_NO_SOURCE_ANY,NONE,,OECD: OECD ICIO has no clean line item for this sector. See OECD_ICIO_SCHEMA_AUDIT.md for the bundling exp,2022,
PHL,oil,0.007183,0.030531,,,4,DATA_PRESENT,OECD_ICIO_2022,,"OECD: Aggregated from 2 OECD ISIC sectors; gross_output=12,924 USD m",2022,
PHL,ports,0.009349,0.025517,,,4,DATA_PRESENT,OECD_ICIO_2022,,"OECD: Aggregated from 1 OECD ISIC sectors; gross_output=6,802 USD m",2022,
PHL,semiconductors,,,,,,MISSING_NO_SOURCE_ANY,NONE,,OECD: OECD ICIO has no clean line item for this sector. See OECD_ICIO_SCHEMA_AUDIT.md for the bundling exp,2022,
PHL,shipping,0.021667,0.030285,,,4,DATA_PRESENT,OECD_ICIO_2022,,"OECD: Aggregated from 2 OECD ISIC sectors; gross_output=14,565 USD m",2022,
PHL,telecommunications,0.039469,0.068124,,,4,DATA_PRESENT,OECD_ICIO_2022,,"OECD: Aggregated from 3 OECD ISIC sectors; gross_output=25,643 USD m",2022,
PHL,tourism,0.017547,0.004481,,,4,DATA_PRESENT,OECD_ICIO_2022,,"OECD: Aggregated from 1 OECD ISIC sectors; gross_output=12,304 USD m",2022,
PHL,utilities,0.033049,0.029042,,,4,DATA_PRESENT,OECD_ICIO_2022,,"OECD: Aggregated from 2 OECD ISIC sectors; gross_output=26,980 USD m",2022,
POL,aerospace,0.002592,0.012423,0.004303,,5,DATA_PRESENT,OECD_ICIO_2022+WIOD_2014,"CONFLICT: OECD gdp_share=0.0026 (2022) vs WIOD value_added_share=0.0043 (2014), relative diff=39.76%. Vintages differ.","CONFLICT: OECD gdp_share=0.0026 (2022) vs WIOD value_added_share=0.0043 (2014), relative diff=39.76%. Vintages differ. | OECD: Aggregated from 1 OECD ISIC sectors; gross_output=6,656 USD m | WIOD: Aggregated from 1 NACE Rev.2 codes; employment_share NULL — SEA files not in repo",2022,2014
POL,agriculture,0.031794,0.022714,0.030069,,5,DATA_PRESENT,OECD_ICIO_2022+WIOD_2014,,"OECD: Aggregated from 3 OECD ISIC sectors; gross_output=53,556 USD m | WIOD: Aggregated from 3 NACE Rev.2 codes; employment_share NULL — SEA files not in repo",2022,2014
POL,automotive,0.014088,0.080743,0.015789,,5,DATA_PRESENT,OECD_ICIO_2022+WIOD_2014,,"OECD: Aggregated from 1 OECD ISIC sectors; gross_output=46,459 USD m | WIOD: Aggregated from 1 NACE Rev.2 codes; employment_share NULL — SEA files not in repo",2022,2014
POL,aviation,0.002364,0.007523,0.000660,,5,DATA_PRESENT,OECD_ICIO_2022+WIOD_2014,"CONFLICT: OECD gdp_share=0.0024 (2022) vs WIOD value_added_share=0.0007 (2014), relative diff=72.08%. Vintages differ.","CONFLICT: OECD gdp_share=0.0024 (2022) vs WIOD value_added_share=0.0007 (2014), relative diff=72.08%. Vintages differ. | OECD: Aggregated from 1 OECD ISIC sectors; gross_output=7,296 USD m | WIOD: Aggregated from 1 NACE Rev.2 codes; employment_share NULL — SEA files not in repo",2022,2014
POL,banking,0.052876,0.010801,0.032225,,5,DATA_PRESENT,OECD_ICIO_2022+WIOD_2014,"CONFLICT: OECD gdp_share=0.0529 (2022) vs WIOD value_added_share=0.0322 (2014), relative diff=39.06%. Vintages differ.","CONFLICT: OECD gdp_share=0.0529 (2022) vs WIOD value_added_share=0.0322 (2014), relative diff=39.06%. Vintages differ. | OECD: Aggregated from 1 OECD ISIC sectors; gross_output=48,218 USD m | WIOD: Aggregated from 1 NACE Rev.2 codes; employment_share NULL — SEA files not in repo",2022,2014
POL,capital_markets,,,0.004424,,4,DATA_PRESENT,WIOD_2014,,OECD: OECD ICIO has no clean line item for this sector. See OECD_ICIO_SCHEMA_AUDIT.md for the bundling exp | WIOD: Aggregated from 1 NACE Rev.2 codes; employment_share NULL — SEA files not in repo,2022,2014
POL,consumer_goods,0.276697,0.399922,0.342473,,5,DATA_PRESENT,OECD_ICIO_2022+WIOD_2014,,"OECD: Aggregated from 11 OECD ISIC sectors; gross_output=455,465 USD m | WIOD: Aggregated from 17 NACE Rev.2 codes; employment_share NULL — SEA files not in repo",2022,2014
POL,electronics,0.016900,0.078489,0.013090,,5,DATA_PRESENT,OECD_ICIO_2022+WIOD_2014,,"OECD: Aggregated from 2 OECD ISIC sectors; gross_output=46,571 USD m | WIOD: Aggregated from 2 NACE Rev.2 codes; employment_share NULL — SEA files not in repo",2022,2014
POL,energy,,,,,,MISSING_NO_SOURCE_ANY,NONE,,OECD: OECD ICIO has no clean line item for this sector. See OECD_ICIO_SCHEMA_AUDIT.md for the bundling exp | WIOD: Country in WIOD but no VA for this GEDS sector,2022,2014
POL,gas,,,,,,MISSING_NO_SOURCE_ANY,NONE,,OECD: OECD ICIO has no clean line item for this sector. See OECD_ICIO_SCHEMA_AUDIT.md for the bundling exp | WIOD: C26 bundles semis; B+D35 bundles gas with oil/utilities,2022,2014
POL,government,0.096690,0.006457,0.105515,,5,DATA_PRESENT,OECD_ICIO_2022+WIOD_2014,,"OECD: Aggregated from 2 OECD ISIC sectors; gross_output=78,808 USD m | WIOD: Aggregated from 2 NACE Rev.2 codes; employment_share NULL — SEA files not in repo",2022,2014
POL,insurance,,,0.004753,,4,DATA_PRESENT,WIOD_2014,,OECD: OECD ICIO has no clean line item for this sector. See OECD_ICIO_SCHEMA_AUDIT.md for the bundling exp | WIOD: Aggregated from 1 NACE Rev.2 codes; employment_share NULL — SEA files not in repo,2022,2014
POL,oil,0.014120,0.038965,0.028572,,5,DATA_PRESENT,OECD_ICIO_2022+WIOD_2014,"CONFLICT: OECD gdp_share=0.0141 (2022) vs WIOD value_added_share=0.0286 (2014), relative diff=50.58%. Vintages differ.","CONFLICT: OECD gdp_share=0.0141 (2022) vs WIOD value_added_share=0.0286 (2014), relative diff=50.58%. Vintages differ. | OECD: Aggregated from 2 OECD ISIC sectors; gross_output=40,277 USD m | WIOD: Aggregated from 2 NACE Rev.2 codes; employment_share NULL — SEA files not in repo",2022,2014
POL,ports,0.017901,0.016817,0.019101,,5,DATA_PRESENT,OECD_ICIO_2022+WIOD_2014,,"OECD: Aggregated from 1 OECD ISIC sectors; gross_output=30,605 USD m | WIOD: Aggregated from 1 NACE Rev.2 codes; employment_share NULL — SEA files not in repo",2022,2014
POL,semiconductors,,,,,,MISSING_NO_SOURCE_ANY,NONE,,OECD: OECD ICIO has no clean line item for this sector. See OECD_ICIO_SCHEMA_AUDIT.md for the bundling exp | WIOD: C26 bundles semis; B+D35 bundles gas with oil/utilities,2022,2014
POL,shipping,0.039336,0.051392,0.035327,,5,DATA_PRESENT,OECD_ICIO_2022+WIOD_2014,,"OECD: Aggregated from 2 OECD ISIC sectors; gross_output=75,258 USD m | WIOD: Aggregated from 2 NACE Rev.2 codes; employment_share NULL — SEA files not in repo",2022,2014
POL,telecommunications,0.050662,0.040619,0.042440,,5,DATA_PRESENT,OECD_ICIO_2022+WIOD_2014,,"OECD: Aggregated from 3 OECD ISIC sectors; gross_output=57,901 USD m | WIOD: Aggregated from 5 NACE Rev.2 codes; employment_share NULL — SEA files not in repo",2022,2014
POL,tourism,0.016213,0.005623,0.012716,,5,DATA_PRESENT,OECD_ICIO_2022+WIOD_2014,,"OECD: Aggregated from 1 OECD ISIC sectors; gross_output=20,246 USD m | WIOD: Aggregated from 1 NACE Rev.2 codes; employment_share NULL — SEA files not in repo",2022,2014
POL,utilities,0.044625,0.017982,0.044460,,5,DATA_PRESENT,OECD_ICIO_2022+WIOD_2014,,"OECD: Aggregated from 2 OECD ISIC sectors; gross_output=72,298 USD m | WIOD: Aggregated from 3 NACE Rev.2 codes; employment_share NULL — SEA files not in repo",2022,2014
PRT,aerospace,0.001218,0.005208,0.000895,,5,DATA_PRESENT,OECD_ICIO_2022+WIOD_2014,,"OECD: Aggregated from 1 OECD ISIC sectors; gross_output=1,116 USD m | WIOD: Aggregated from 1 NACE Rev.2 codes; employment_share NULL — SEA files not in repo",2022,2014
PRT,agriculture,0.022028,0.023183,0.023258,,5,DATA_PRESENT,OECD_ICIO_2022+WIOD_2014,,"OECD: Aggregated from 3 OECD ISIC sectors; gross_output=13,670 USD m | WIOD: Aggregated from 3 NACE Rev.2 codes; employment_share NULL — SEA files not in repo",2022,2014
PRT,automotive,0.009038,0.077892,0.007825,,5,DATA_PRESENT,OECD_ICIO_2022+WIOD_2014,,"OECD: Aggregated from 1 OECD ISIC sectors; gross_output=13,212 USD m | WIOD: Aggregated from 1 NACE Rev.2 codes; employment_share NULL — SEA files not in repo",2022,2014
PRT,aviation,0.003028,0.031411,0.006767,,5,DATA_PRESENT,OECD_ICIO_2022+WIOD_2014,"CONFLICT: OECD gdp_share=0.0030 (2022) vs WIOD value_added_share=0.0068 (2014), relative diff=55.25%. Vintages differ.","CONFLICT: OECD gdp_share=0.0030 (2022) vs WIOD value_added_share=0.0068 (2014), relative diff=55.25%. Vintages differ. | OECD: Aggregated from 1 OECD ISIC sectors; gross_output=5,564 USD m | WIOD: Aggregated from 1 NACE Rev.2 codes; employment_share NULL — SEA files not in repo",2022,2014
PRT,banking,0.054168,0.013361,0.035202,,5,DATA_PRESENT,OECD_ICIO_2022+WIOD_2014,"CONFLICT: OECD gdp_share=0.0542 (2022) vs WIOD value_added_share=0.0352 (2014), relative diff=35.01%. Vintages differ.","CONFLICT: OECD gdp_share=0.0542 (2022) vs WIOD value_added_share=0.0352 (2014), relative diff=35.01%. Vintages differ. | OECD: Aggregated from 1 OECD ISIC sectors; gross_output=19,332 USD m | WIOD: Aggregated from 1 NACE Rev.2 codes; employment_share NULL — SEA files not in repo",2022,2014
PRT,capital_markets,,,0.005020,,4,DATA_PRESENT,WIOD_2014,,OECD: OECD ICIO has no clean line item for this sector. See OECD_ICIO_SCHEMA_AUDIT.md for the bundling exp | WIOD: Aggregated from 1 NACE Rev.2 codes; employment_share NULL — SEA files not in repo,2022,2014
PRT,consumer_goods,0.227449,0.368804,0.263768,,5,DATA_PRESENT,OECD_ICIO_2022+WIOD_2014,,"OECD: Aggregated from 11 OECD ISIC sectors; gross_output=134,080 USD m | WIOD: Aggregated from 17 NACE Rev.2 codes; employment_share NULL — SEA files not in repo",2022,2014
PRT,electronics,0.006565,0.042529,0.006650,,5,DATA_PRESENT,OECD_ICIO_2022+WIOD_2014,,"OECD: Aggregated from 2 OECD ISIC sectors; gross_output=7,195 USD m | WIOD: Aggregated from 2 NACE Rev.2 codes; employment_share NULL — SEA files not in repo",2022,2014
PRT,energy,,,,,,MISSING_NO_SOURCE_ANY,NONE,,OECD: OECD ICIO has no clean line item for this sector. See OECD_ICIO_SCHEMA_AUDIT.md for the bundling exp | WIOD: Country in WIOD but no VA for this GEDS sector,2022,2014
PRT,gas,,,,,,MISSING_NO_SOURCE_ANY,NONE,,OECD: OECD ICIO has no clean line item for this sector. See OECD_ICIO_SCHEMA_AUDIT.md for the bundling exp | WIOD: C26 bundles semis; B+D35 bundles gas with oil/utilities,2022,2014
PRT,government,0.119880,0.010041,0.141284,,5,DATA_PRESENT,OECD_ICIO_2022+WIOD_2014,,"OECD: Aggregated from 2 OECD ISIC sectors; gross_output=33,310 USD m | WIOD: Aggregated from 2 NACE Rev.2 codes; employment_share NULL — SEA files not in repo",2022,2014
PRT,insurance,,,0.012076,,4,DATA_PRESENT,WIOD_2014,,OECD: OECD ICIO has no clean line item for this sector. See OECD_ICIO_SCHEMA_AUDIT.md for the bundling exp | WIOD: Aggregated from 1 NACE Rev.2 codes; employment_share NULL — SEA files not in repo,2022,2014
PRT,oil,0.003983,0.070101,0.005197,,5,DATA_PRESENT,OECD_ICIO_2022+WIOD_2014,,"OECD: Aggregated from 2 OECD ISIC sectors; gross_output=13,282 USD m | WIOD: Aggregated from 2 NACE Rev.2 codes; employment_share NULL — SEA files not in repo",2022,2014
PRT,ports,0.019296,0.019364,0.018898,,5,DATA_PRESENT,OECD_ICIO_2022+WIOD_2014,,"OECD: Aggregated from 1 OECD ISIC sectors; gross_output=9,800 USD m | WIOD: Aggregated from 1 NACE Rev.2 codes; employment_share NULL — SEA files not in repo",2022,2014
PRT,semiconductors,,,,,,MISSING_NO_SOURCE_ANY,NONE,,OECD: OECD ICIO has no clean line item for this sector. See OECD_ICIO_SCHEMA_AUDIT.md for the bundling exp | WIOD: C26 bundles semis; B+D35 bundles gas with oil/utilities,2022,2014
PRT,shipping,0.021520,0.035250,0.019929,,5,DATA_PRESENT,OECD_ICIO_2022+WIOD_2014,,"OECD: Aggregated from 2 OECD ISIC sectors; gross_output=12,540 USD m | WIOD: Aggregated from 2 NACE Rev.2 codes; employment_share NULL — SEA files not in repo",2022,2014
PRT,telecommunications,0.047481,0.038221,0.036798,,5,DATA_PRESENT,OECD_ICIO_2022+WIOD_2014,,"OECD: Aggregated from 3 OECD ISIC sectors; gross_output=21,098 USD m | WIOD: Aggregated from 5 NACE Rev.2 codes; employment_share NULL — SEA files not in repo",2022,2014
PRT,tourism,0.061413,0.062033,0.050966,,5,DATA_PRESENT,OECD_ICIO_2022+WIOD_2014,,"OECD: Aggregated from 1 OECD ISIC sectors; gross_output=25,908 USD m | WIOD: Aggregated from 1 NACE Rev.2 codes; employment_share NULL — SEA files not in repo",2022,2014
PRT,utilities,0.017848,0.036103,0.034085,,5,DATA_PRESENT,OECD_ICIO_2022+WIOD_2014,"CONFLICT: OECD gdp_share=0.0178 (2022) vs WIOD value_added_share=0.0341 (2014), relative diff=47.64%. Vintages differ.","CONFLICT: OECD gdp_share=0.0178 (2022) vs WIOD value_added_share=0.0341 (2014), relative diff=47.64%. Vintages differ. | OECD: Aggregated from 2 OECD ISIC sectors; gross_output=28,856 USD m | WIOD: Aggregated from 3 NACE Rev.2 codes; employment_share NULL — SEA files not in repo",2022,2014
ROU,aerospace,0.001861,0.005500,0.005661,,5,DATA_PRESENT,OECD_ICIO_2022+WIOD_2014,"CONFLICT: OECD gdp_share=0.0019 (2022) vs WIOD value_added_share=0.0057 (2014), relative diff=67.13%. Vintages differ.","CONFLICT: OECD gdp_share=0.0019 (2022) vs WIOD value_added_share=0.0057 (2014), relative diff=67.13%. Vintages differ. | OECD: Aggregated from 1 OECD ISIC sectors; gross_output=1,406 USD m | WIOD: Aggregated from 1 NACE Rev.2 codes; employment_share NULL — SEA files not in repo",2022,2014
ROU,agriculture,0.041039,0.041213,0.053318,,5,DATA_PRESENT,OECD_ICIO_2022+WIOD_2014,,"OECD: Aggregated from 3 OECD ISIC sectors; gross_output=23,261 USD m | WIOD: Aggregated from 3 NACE Rev.2 codes; employment_share NULL — SEA files not in repo",2022,2014
ROU,automotive,0.017419,0.126195,0.016140,,5,DATA_PRESENT,OECD_ICIO_2022+WIOD_2014,,"OECD: Aggregated from 1 OECD ISIC sectors; gross_output=23,991 USD m | WIOD: Aggregated from 1 NACE Rev.2 codes; employment_share NULL — SEA files not in repo",2022,2014
ROU,aviation,0.000681,0.003250,0.001666,,5,DATA_PRESENT,OECD_ICIO_2022+WIOD_2014,"CONFLICT: OECD gdp_share=0.0007 (2022) vs WIOD value_added_share=0.0017 (2014), relative diff=59.12%. Vintages differ.","CONFLICT: OECD gdp_share=0.0007 (2022) vs WIOD value_added_share=0.0017 (2014), relative diff=59.12%. Vintages differ. | OECD: Aggregated from 1 OECD ISIC sectors; gross_output=725 USD m | WIOD: Aggregated from 1 NACE Rev.2 codes; employment_share NULL — SEA files not in repo",2022,2014
ROU,banking,0.031234,0.004432,0.027134,,5,DATA_PRESENT,OECD_ICIO_2022+WIOD_2014,,"OECD: Aggregated from 1 OECD ISIC sectors; gross_output=12,075 USD m | WIOD: Aggregated from 1 NACE Rev.2 codes; employment_share NULL — SEA files not in repo",2022,2014
ROU,capital_markets,,,0.008375,,4,DATA_PRESENT,WIOD_2014,,OECD: OECD ICIO has no clean line item for this sector. See OECD_ICIO_SCHEMA_AUDIT.md for the bundling exp | WIOD: Aggregated from 1 NACE Rev.2 codes; employment_share NULL — SEA files not in repo,2022,2014
ROU,consumer_goods,0.228015,0.297620,0.247941,,5,DATA_PRESENT,OECD_ICIO_2022+WIOD_2014,,"OECD: Aggregated from 11 OECD ISIC sectors; gross_output=158,918 USD m | WIOD: Aggregated from 17 NACE Rev.2 codes; employment_share NULL — SEA files not in repo",2022,2014
ROU,electronics,0.013217,0.068430,0.019231,,5,DATA_PRESENT,OECD_ICIO_2022+WIOD_2014,"CONFLICT: OECD gdp_share=0.0132 (2022) vs WIOD value_added_share=0.0192 (2014), relative diff=31.27%. Vintages differ.","CONFLICT: OECD gdp_share=0.0132 (2022) vs WIOD value_added_share=0.0192 (2014), relative diff=31.27%. Vintages differ. | OECD: Aggregated from 2 OECD ISIC sectors; gross_output=13,585 USD m | WIOD: Aggregated from 2 NACE Rev.2 codes; employment_share NULL — SEA files not in repo",2022,2014
ROU,energy,,,,,,MISSING_NO_SOURCE_ANY,NONE,,OECD: OECD ICIO has no clean line item for this sector. See OECD_ICIO_SCHEMA_AUDIT.md for the bundling exp | WIOD: Country in WIOD but no VA for this GEDS sector,2022,2014
ROU,gas,,,,,,MISSING_NO_SOURCE_ANY,NONE,,OECD: OECD ICIO has no clean line item for this sector. See OECD_ICIO_SCHEMA_AUDIT.md for the bundling exp | WIOD: C26 bundles semis; B+D35 bundles gas with oil/utilities,2022,2014
ROU,government,0.084214,0.005582,0.087167,,5,DATA_PRESENT,OECD_ICIO_2022+WIOD_2014,,"OECD: Aggregated from 2 OECD ISIC sectors; gross_output=29,442 USD m | WIOD: Aggregated from 2 NACE Rev.2 codes; employment_share NULL — SEA files not in repo",2022,2014
ROU,insurance,,,0.002979,,4,DATA_PRESENT,WIOD_2014,,OECD: OECD ICIO has no clean line item for this sector. See OECD_ICIO_SCHEMA_AUDIT.md for the bundling exp | WIOD: Aggregated from 1 NACE Rev.2 codes; employment_share NULL — SEA files not in repo,2022,2014
ROU,oil,0.021554,0.024802,0.027406,,5,DATA_PRESENT,OECD_ICIO_2022+WIOD_2014,,"OECD: Aggregated from 2 OECD ISIC sectors; gross_output=12,974 USD m | WIOD: Aggregated from 2 NACE Rev.2 codes; employment_share NULL — SEA files not in repo",2022,2014
ROU,ports,0.013867,0.014756,0.012548,,5,DATA_PRESENT,OECD_ICIO_2022+WIOD_2014,,"OECD: Aggregated from 1 OECD ISIC sectors; gross_output=9,062 USD m | WIOD: Aggregated from 1 NACE Rev.2 codes; employment_share NULL — SEA files not in repo",2022,2014
ROU,semiconductors,,,,,,MISSING_NO_SOURCE_ANY,NONE,,OECD: OECD ICIO has no clean line item for this sector. See OECD_ICIO_SCHEMA_AUDIT.md for the bundling exp | WIOD: C26 bundles semis; B+D35 bundles gas with oil/utilities,2022,2014
ROU,shipping,0.057734,0.099464,0.055577,,5,DATA_PRESENT,OECD_ICIO_2022+WIOD_2014,,"OECD: Aggregated from 2 OECD ISIC sectors; gross_output=36,508 USD m | WIOD: Aggregated from 2 NACE Rev.2 codes; employment_share NULL — SEA files not in repo",2022,2014
ROU,telecommunications,0.074453,0.064920,0.060761,,5,DATA_PRESENT,OECD_ICIO_2022+WIOD_2014,,"OECD: Aggregated from 3 OECD ISIC sectors; gross_output=34,772 USD m | WIOD: Aggregated from 5 NACE Rev.2 codes; employment_share NULL — SEA files not in repo",2022,2014
ROU,tourism,0.015442,0.009991,0.017522,,5,DATA_PRESENT,OECD_ICIO_2022+WIOD_2014,,"OECD: Aggregated from 1 OECD ISIC sectors; gross_output=10,315 USD m | WIOD: Aggregated from 1 NACE Rev.2 codes; employment_share NULL — SEA files not in repo",2022,2014
ROU,utilities,0.054358,0.029928,0.046749,,5,DATA_PRESENT,OECD_ICIO_2022+WIOD_2014,,"OECD: Aggregated from 2 OECD ISIC sectors; gross_output=37,275 USD m | WIOD: Aggregated from 3 NACE Rev.2 codes; employment_share NULL — SEA files not in repo",2022,2014
ROW,aerospace,0.000828,0.001780,,,4,DATA_PRESENT,OECD_ICIO_2022,,"OECD: Aggregated from 1 OECD ISIC sectors; gross_output=8,784 USD m",2022,
ROW,agriculture,0.118645,0.064344,,,4,DATA_PRESENT,OECD_ICIO_2022,,"OECD: Aggregated from 3 OECD ISIC sectors; gross_output=879,525 USD m",2022,
ROW,automotive,0.005638,0.011175,,,4,DATA_PRESENT,OECD_ICIO_2022,,"OECD: Aggregated from 1 OECD ISIC sectors; gross_output=75,989 USD m",2022,
ROW,aviation,0.005589,0.022051,,,4,DATA_PRESENT,OECD_ICIO_2022,,"OECD: Aggregated from 1 OECD ISIC sectors; gross_output=79,178 USD m",2022,
ROW,banking,0.034345,0.017849,,,4,DATA_PRESENT,OECD_ICIO_2022,,"OECD: Aggregated from 1 OECD ISIC sectors; gross_output=209,066 USD m",2022,
ROW,capital_markets,,,,,,MISSING_NO_SOURCE_ANY,NONE,,OECD: OECD ICIO has no clean line item for this sector. See OECD_ICIO_SCHEMA_AUDIT.md for the bundling exp,2022,
ROW,consumer_goods,0.195328,0.232187,,,4,DATA_PRESENT,OECD_ICIO_2022,,"OECD: Aggregated from 11 OECD ISIC sectors; gross_output=1,636,016 USD m",2022,
ROW,electronics,0.007429,0.013962,,,4,DATA_PRESENT,OECD_ICIO_2022,,"OECD: Aggregated from 2 OECD ISIC sectors; gross_output=75,119 USD m",2022,
ROW,energy,,,,,,MISSING_NO_SOURCE_ANY,NONE,,OECD: OECD ICIO has no clean line item for this sector. See OECD_ICIO_SCHEMA_AUDIT.md for the bundling exp,2022,
ROW,gas,,,,,,MISSING_NO_SOURCE_ANY,NONE,,OECD: OECD ICIO has no clean line item for this sector. See OECD_ICIO_SCHEMA_AUDIT.md for the bundling exp,2022,
ROW,government,0.102256,0.015356,,,4,DATA_PRESENT,OECD_ICIO_2022,,"OECD: Aggregated from 2 OECD ISIC sectors; gross_output=544,146 USD m",2022,
ROW,insurance,,,,,,MISSING_NO_SOURCE_ANY,NONE,,OECD: OECD ICIO has no clean line item for this sector. See OECD_ICIO_SCHEMA_AUDIT.md for the bundling exp,2022,
ROW,oil,0.148935,0.330480,,,4,DATA_PRESENT,OECD_ICIO_2022,,"OECD: Aggregated from 2 OECD ISIC sectors; gross_output=983,220 USD m",2022,
ROW,ports,0.009628,0.011956,,,4,DATA_PRESENT,OECD_ICIO_2022,,"OECD: Aggregated from 1 OECD ISIC sectors; gross_output=67,196 USD m",2022,
ROW,semiconductors,,,,,,MISSING_NO_SOURCE_ANY,NONE,,OECD: OECD ICIO has no clean line item for this sector. See OECD_ICIO_SCHEMA_AUDIT.md for the bundling exp,2022,
ROW,shipping,0.031680,0.042157,,,4,DATA_PRESENT,OECD_ICIO_2022,,"OECD: Aggregated from 2 OECD ISIC sectors; gross_output=238,145 USD m",2022,
ROW,telecommunications,0.030312,0.026300,,,4,DATA_PRESENT,OECD_ICIO_2022,,"OECD: Aggregated from 3 OECD ISIC sectors; gross_output=214,132 USD m",2022,
ROW,tourism,0.022733,0.023170,,,4,DATA_PRESENT,OECD_ICIO_2022,,"OECD: Aggregated from 1 OECD ISIC sectors; gross_output=172,710 USD m",2022,
ROW,utilities,0.021979,0.012239,,,4,DATA_PRESENT,OECD_ICIO_2022,,"OECD: Aggregated from 2 OECD ISIC sectors; gross_output=200,500 USD m",2022,
RUS,aerospace,0.006157,0.013266,0.000000,,5,DATA_PRESENT,OECD_ICIO_2022+WIOD_2014,"CONFLICT: OECD gdp_share=0.0062 (2022) vs WIOD value_added_share=0.0000 (2014), relative diff=100.00%. Vintages differ.","CONFLICT: OECD gdp_share=0.0062 (2022) vs WIOD value_added_share=0.0000 (2014), relative diff=100.00%. Vintages differ. | OECD: Aggregated from 1 OECD ISIC sectors; gross_output=39,421 USD m | WIOD: Aggregated from 1 NACE Rev.2 codes; employment_share NULL — SEA files not in repo",2022,2014
RUS,agriculture,0.041586,0.034447,0.031139,,5,DATA_PRESENT,OECD_ICIO_2022+WIOD_2014,,"OECD: Aggregated from 3 OECD ISIC sectors; gross_output=165,990 USD m | WIOD: Aggregated from 3 NACE Rev.2 codes; employment_share NULL — SEA files not in repo",2022,2014
RUS,automotive,0.004085,0.017189,0.008361,,5,DATA_PRESENT,OECD_ICIO_2022+WIOD_2014,"CONFLICT: OECD gdp_share=0.0041 (2022) vs WIOD value_added_share=0.0084 (2014), relative diff=51.14%. Vintages differ.","CONFLICT: OECD gdp_share=0.0041 (2022) vs WIOD value_added_share=0.0084 (2014), relative diff=51.14%. Vintages differ. | OECD: Aggregated from 1 OECD ISIC sectors; gross_output=54,741 USD m | WIOD: Aggregated from 1 NACE Rev.2 codes; employment_share NULL — SEA files not in repo",2022,2014
RUS,aviation,0.002126,0.020790,0.002698,,5,DATA_PRESENT,OECD_ICIO_2022+WIOD_2014,,"OECD: Aggregated from 1 OECD ISIC sectors; gross_output=21,947 USD m | WIOD: Aggregated from 1 NACE Rev.2 codes; employment_share NULL — SEA files not in repo",2022,2014
RUS,banking,0.049103,0.007514,0.047754,,5,DATA_PRESENT,OECD_ICIO_2022+WIOD_2014,,"OECD: Aggregated from 1 OECD ISIC sectors; gross_output=137,844 USD m | WIOD: Aggregated from 1 NACE Rev.2 codes; employment_share NULL — SEA files not in repo",2022,2014
RUS,capital_markets,,,0.000000,,4,DATA_PRESENT,WIOD_2014,,OECD: OECD ICIO has no clean line item for this sector. See OECD_ICIO_SCHEMA_AUDIT.md for the bundling exp | WIOD: Aggregated from 1 NACE Rev.2 codes; employment_share NULL — SEA files not in repo,2022,2014
RUS,consumer_goods,0.198688,0.270188,0.291023,,5,DATA_PRESENT,OECD_ICIO_2022+WIOD_2014,"CONFLICT: OECD gdp_share=0.1987 (2022) vs WIOD value_added_share=0.2910 (2014), relative diff=31.73%. Vintages differ.","CONFLICT: OECD gdp_share=0.1987 (2022) vs WIOD value_added_share=0.2910 (2014), relative diff=31.73%. Vintages differ. | OECD: Aggregated from 11 OECD ISIC sectors; gross_output=938,948 USD m | WIOD: Aggregated from 17 NACE Rev.2 codes; employment_share NULL — SEA files not in repo",2022,2014
RUS,electronics,0.008714,0.021321,0.007836,,5,DATA_PRESENT,OECD_ICIO_2022+WIOD_2014,,"OECD: Aggregated from 2 OECD ISIC sectors; gross_output=51,342 USD m | WIOD: Aggregated from 2 NACE Rev.2 codes; employment_share NULL — SEA files not in repo",2022,2014
RUS,energy,,,,,,MISSING_NO_SOURCE_ANY,NONE,,OECD: OECD ICIO has no clean line item for this sector. See OECD_ICIO_SCHEMA_AUDIT.md for the bundling exp | WIOD: Country in WIOD but no VA for this GEDS sector,2022,2014
RUS,gas,,,,,,MISSING_NO_SOURCE_ANY,NONE,,OECD: OECD ICIO has no clean line item for this sector. See OECD_ICIO_SCHEMA_AUDIT.md for the bundling exp | WIOD: C26 bundles semis; B+D35 bundles gas with oil/utilities,2022,2014
RUS,government,0.118555,0.011147,0.095804,,5,DATA_PRESENT,OECD_ICIO_2022+WIOD_2014,,"OECD: Aggregated from 2 OECD ISIC sectors; gross_output=351,141 USD m | WIOD: Aggregated from 2 NACE Rev.2 codes; employment_share NULL — SEA files not in repo",2022,2014
RUS,insurance,,,0.000000,,4,DATA_PRESENT,WIOD_2014,,OECD: OECD ICIO has no clean line item for this sector. See OECD_ICIO_SCHEMA_AUDIT.md for the bundling exp | WIOD: Aggregated from 1 NACE Rev.2 codes; employment_share NULL — SEA files not in repo,2022,2014
RUS,oil,0.099400,0.290799,0.140412,,5,DATA_PRESENT,OECD_ICIO_2022+WIOD_2014,,"OECD: Aggregated from 2 OECD ISIC sectors; gross_output=356,636 USD m | WIOD: Aggregated from 2 NACE Rev.2 codes; employment_share NULL — SEA files not in repo",2022,2014
RUS,ports,0.019211,0.024037,0.017993,,5,DATA_PRESENT,OECD_ICIO_2022+WIOD_2014,,"OECD: Aggregated from 1 OECD ISIC sectors; gross_output=95,575 USD m | WIOD: Aggregated from 1 NACE Rev.2 codes; employment_share NULL — SEA files not in repo",2022,2014
RUS,semiconductors,,,,,,MISSING_NO_SOURCE_ANY,NONE,,OECD: OECD ICIO has no clean line item for this sector. See OECD_ICIO_SCHEMA_AUDIT.md for the bundling exp | WIOD: C26 bundles semis; B+D35 bundles gas with oil/utilities,2022,2014
RUS,shipping,0.042389,0.028271,0.044235,,5,DATA_PRESENT,OECD_ICIO_2022+WIOD_2014,,"OECD: Aggregated from 2 OECD ISIC sectors; gross_output=164,179 USD m | WIOD: Aggregated from 2 NACE Rev.2 codes; employment_share NULL — SEA files not in repo",2022,2014
RUS,telecommunications,0.028127,0.024309,0.018811,,5,DATA_PRESENT,OECD_ICIO_2022+WIOD_2014,"CONFLICT: OECD gdp_share=0.0281 (2022) vs WIOD value_added_share=0.0188 (2014), relative diff=33.12%. Vintages differ.","CONFLICT: OECD gdp_share=0.0281 (2022) vs WIOD value_added_share=0.0188 (2014), relative diff=33.12%. Vintages differ. | OECD: Aggregated from 3 OECD ISIC sectors; gross_output=112,081 USD m | WIOD: Aggregated from 5 NACE Rev.2 codes; employment_share NULL — SEA files not in repo",2022,2014
RUS,tourism,0.007407,0.003573,0.008866,,5,DATA_PRESENT,OECD_ICIO_2022+WIOD_2014,,"OECD: Aggregated from 1 OECD ISIC sectors; gross_output=32,258 USD m | WIOD: Aggregated from 1 NACE Rev.2 codes; employment_share NULL — SEA files not in repo",2022,2014
RUS,utilities,0.031866,0.010728,0.026437,,5,DATA_PRESENT,OECD_ICIO_2022+WIOD_2014,,"OECD: Aggregated from 2 OECD ISIC sectors; gross_output=210,492 USD m | WIOD: Aggregated from 3 NACE Rev.2 codes; employment_share NULL — SEA files not in repo",2022,2014
SAU,aerospace,0.000064,0.000245,,,4,DATA_PRESENT,OECD_ICIO_2022,,OECD: Aggregated from 1 OECD ISIC sectors; gross_output=254 USD m,2022,
SAU,agriculture,0.028022,0.006979,,,4,DATA_PRESENT,OECD_ICIO_2022,,"OECD: Aggregated from 3 OECD ISIC sectors; gross_output=50,085 USD m",2022,
SAU,automotive,0.001014,0.000608,,,4,DATA_PRESENT,OECD_ICIO_2022,,"OECD: Aggregated from 1 OECD ISIC sectors; gross_output=2,072 USD m",2022,
SAU,aviation,0.003616,0.009083,,,4,DATA_PRESENT,OECD_ICIO_2022,,"OECD: Aggregated from 1 OECD ISIC sectors; gross_output=9,837 USD m",2022,
SAU,banking,0.036644,0.004260,,,4,DATA_PRESENT,OECD_ICIO_2022,,"OECD: Aggregated from 1 OECD ISIC sectors; gross_output=44,160 USD m",2022,
SAU,capital_markets,,,,,,MISSING_NO_SOURCE_ANY,NONE,,OECD: OECD ICIO has no clean line item for this sector. See OECD_ICIO_SCHEMA_AUDIT.md for the bundling exp,2022,
SAU,consumer_goods,0.160791,0.266632,,,4,DATA_PRESENT,OECD_ICIO_2022,,"OECD: Aggregated from 11 OECD ISIC sectors; gross_output=418,621 USD m",2022,
SAU,electronics,0.003784,0.005116,,,4,DATA_PRESENT,OECD_ICIO_2022,,"OECD: Aggregated from 2 OECD ISIC sectors; gross_output=9,938 USD m",2022,
SAU,energy,,,,,,MISSING_NO_SOURCE_ANY,NONE,,OECD: OECD ICIO has no clean line item for this sector. See OECD_ICIO_SCHEMA_AUDIT.md for the bundling exp,2022,
SAU,gas,,,,,,MISSING_NO_SOURCE_ANY,NONE,,OECD: OECD ICIO has no clean line item for this sector. See OECD_ICIO_SCHEMA_AUDIT.md for the bundling exp,2022,
SAU,government,0.196015,0.007263,,,4,DATA_PRESENT,OECD_ICIO_2022,,"OECD: Aggregated from 2 OECD ISIC sectors; gross_output=229,644 USD m",2022,
SAU,insurance,,,,,,MISSING_NO_SOURCE_ANY,NONE,,OECD: OECD ICIO has no clean line item for this sector. See OECD_ICIO_SCHEMA_AUDIT.md for the bundling exp,2022,
SAU,oil,0.313838,0.574434,,,4,DATA_PRESENT,OECD_ICIO_2022,,"OECD: Aggregated from 2 OECD ISIC sectors; gross_output=458,698 USD m",2022,
SAU,ports,0.009078,0.009202,,,4,DATA_PRESENT,OECD_ICIO_2022,,"OECD: Aggregated from 1 OECD ISIC sectors; gross_output=16,107 USD m",2022,
SAU,semiconductors,,,,,,MISSING_NO_SOURCE_ANY,NONE,,OECD: OECD ICIO has no clean line item for this sector. See OECD_ICIO_SCHEMA_AUDIT.md for the bundling exp,2022,
SAU,shipping,0.011427,0.013816,,,4,DATA_PRESENT,OECD_ICIO_2022,,"OECD: Aggregated from 2 OECD ISIC sectors; gross_output=22,296 USD m",2022,
SAU,telecommunications,0.031253,0.007623,,,4,DATA_PRESENT,OECD_ICIO_2022,,"OECD: Aggregated from 3 OECD ISIC sectors; gross_output=61,468 USD m",2022,
SAU,tourism,0.018096,0.013115,,,4,DATA_PRESENT,OECD_ICIO_2022,,"OECD: Aggregated from 1 OECD ISIC sectors; gross_output=40,588 USD m",2022,
SAU,utilities,0.012731,0.002478,,,4,DATA_PRESENT,OECD_ICIO_2022,,"OECD: Aggregated from 2 OECD ISIC sectors; gross_output=31,252 USD m",2022,
SEN,aerospace,0.002648,0.001056,,,4,DATA_PRESENT,OECD_ICIO_2022,,OECD: Aggregated from 1 OECD ISIC sectors; gross_output=100 USD m,2022,
SEN,agriculture,0.169779,0.053013,,,4,DATA_PRESENT,OECD_ICIO_2022,,"OECD: Aggregated from 3 OECD ISIC sectors; gross_output=5,544 USD m",2022,
SEN,automotive,0.000086,0.000222,,,4,DATA_PRESENT,OECD_ICIO_2022,,OECD: Aggregated from 1 OECD ISIC sectors; gross_output=4 USD m,2022,
SEN,aviation,0.002297,0.009096,,,4,DATA_PRESENT,OECD_ICIO_2022,,OECD: Aggregated from 1 OECD ISIC sectors; gross_output=199 USD m,2022,
SEN,banking,0.026193,0.019971,,,4,DATA_PRESENT,OECD_ICIO_2022,,"OECD: Aggregated from 1 OECD ISIC sectors; gross_output=1,223 USD m",2022,
SEN,capital_markets,,,,,,MISSING_NO_SOURCE_ANY,NONE,,OECD: OECD ICIO has no clean line item for this sector. See OECD_ICIO_SCHEMA_AUDIT.md for the bundling exp,2022,
SEN,consumer_goods,0.276482,0.393261,,,4,DATA_PRESENT,OECD_ICIO_2022,,"OECD: Aggregated from 11 OECD ISIC sectors; gross_output=13,796 USD m",2022,
SEN,electronics,0.001962,0.003426,,,4,DATA_PRESENT,OECD_ICIO_2022,,OECD: Aggregated from 2 OECD ISIC sectors; gross_output=99 USD m,2022,
SEN,energy,,,,,,MISSING_NO_SOURCE_ANY,NONE,,OECD: OECD ICIO has no clean line item for this sector. See OECD_ICIO_SCHEMA_AUDIT.md for the bundling exp,2022,
SEN,gas,,,,,,MISSING_NO_SOURCE_ANY,NONE,,OECD: OECD ICIO has no clean line item for this sector. See OECD_ICIO_SCHEMA_AUDIT.md for the bundling exp,2022,
SEN,government,0.115274,0.024132,,,4,DATA_PRESENT,OECD_ICIO_2022,,"OECD: Aggregated from 2 OECD ISIC sectors; gross_output=3,831 USD m",2022,
SEN,insurance,,,,,,MISSING_NO_SOURCE_ANY,NONE,,OECD: OECD ICIO has no clean line item for this sector. See OECD_ICIO_SCHEMA_AUDIT.md for the bundling exp,2022,
SEN,oil,0.006955,0.079155,,,4,DATA_PRESENT,OECD_ICIO_2022,,OECD: Aggregated from 2 OECD ISIC sectors; gross_output=794 USD m,2022,
SEN,ports,0.011777,0.023249,,,4,DATA_PRESENT,OECD_ICIO_2022,,OECD: Aggregated from 1 OECD ISIC sectors; gross_output=938 USD m,2022,
SEN,semiconductors,,,,,,MISSING_NO_SOURCE_ANY,NONE,,OECD: OECD ICIO has no clean line item for this sector. See OECD_ICIO_SCHEMA_AUDIT.md for the bundling exp,2022,
SEN,shipping,0.018087,0.029912,,,4,DATA_PRESENT,OECD_ICIO_2022,,OECD: Aggregated from 2 OECD ISIC sectors; gross_output=892 USD m,2022,
SEN,telecommunications,0.031722,0.033927,,,4,DATA_PRESENT,OECD_ICIO_2022,,"OECD: Aggregated from 3 OECD ISIC sectors; gross_output=1,648 USD m",2022,
SEN,tourism,0.009589,0.015808,,,4,DATA_PRESENT,OECD_ICIO_2022,,OECD: Aggregated from 1 OECD ISIC sectors; gross_output=783 USD m,2022,
SEN,utilities,0.023068,0.065255,,,4,DATA_PRESENT,OECD_ICIO_2022,,"OECD: Aggregated from 2 OECD ISIC sectors; gross_output=1,880 USD m",2022,
SGP,aerospace,0.006469,0.007413,,,4,DATA_PRESENT,OECD_ICIO_2022,,"OECD: Aggregated from 1 OECD ISIC sectors; gross_output=7,870 USD m",2022,
SGP,agriculture,0.000131,0.000110,,,4,DATA_PRESENT,OECD_ICIO_2022,,OECD: Aggregated from 3 OECD ISIC sectors; gross_output=159 USD m,2022,
SGP,automotive,0.000664,0.001254,,,4,DATA_PRESENT,OECD_ICIO_2022,,"OECD: Aggregated from 1 OECD ISIC sectors; gross_output=1,064 USD m",2022,
SGP,aviation,0.003348,0.009705,,,4,DATA_PRESENT,OECD_ICIO_2022,,"OECD: Aggregated from 1 OECD ISIC sectors; gross_output=10,522 USD m",2022,
SGP,banking,0.119264,0.075734,,,4,DATA_PRESENT,OECD_ICIO_2022,,"OECD: Aggregated from 1 OECD ISIC sectors; gross_output=104,740 USD m",2022,
SGP,capital_markets,,,,,,MISSING_NO_SOURCE_ANY,NONE,,OECD: OECD ICIO has no clean line item for this sector. See OECD_ICIO_SCHEMA_AUDIT.md for the bundling exp,2022,
SGP,consumer_goods,0.288854,0.259103,,,4,DATA_PRESENT,OECD_ICIO_2022,,"OECD: Aggregated from 11 OECD ISIC sectors; gross_output=310,468 USD m",2022,
SGP,electronics,0.104288,0.159227,,,4,DATA_PRESENT,OECD_ICIO_2022,,"OECD: Aggregated from 2 OECD ISIC sectors; gross_output=136,084 USD m",2022,
SGP,energy,,,,,,MISSING_NO_SOURCE_ANY,NONE,,OECD: OECD ICIO has no clean line item for this sector. See OECD_ICIO_SCHEMA_AUDIT.md for the bundling exp,2022,
SGP,gas,,,,,,MISSING_NO_SOURCE_ANY,NONE,,OECD: OECD ICIO has no clean line item for this sector. See OECD_ICIO_SCHEMA_AUDIT.md for the bundling exp,2022,
SGP,government,0.044940,0.011236,,,4,DATA_PRESENT,OECD_ICIO_2022,,"OECD: Aggregated from 2 OECD ISIC sectors; gross_output=42,723 USD m",2022,
SGP,insurance,,,,,,MISSING_NO_SOURCE_ANY,NONE,,OECD: OECD ICIO has no clean line item for this sector. See OECD_ICIO_SCHEMA_AUDIT.md for the bundling exp,2022,
SGP,oil,0.006917,0.033312,,,4,DATA_PRESENT,OECD_ICIO_2022,,"OECD: Aggregated from 2 OECD ISIC sectors; gross_output=31,211 USD m",2022,
SGP,ports,0.018141,0.027328,,,4,DATA_PRESENT,OECD_ICIO_2022,,"OECD: Aggregated from 1 OECD ISIC sectors; gross_output=32,599 USD m",2022,
SGP,semiconductors,,,,,,MISSING_NO_SOURCE_ANY,NONE,,OECD: OECD ICIO has no clean line item for this sector. See OECD_ICIO_SCHEMA_AUDIT.md for the bundling exp,2022,
SGP,shipping,0.089923,0.184437,,,4,DATA_PRESENT,OECD_ICIO_2022,,"OECD: Aggregated from 2 OECD ISIC sectors; gross_output=151,772 USD m",2022,
SGP,telecommunications,0.051350,0.136211,,,4,DATA_PRESENT,OECD_ICIO_2022,,"OECD: Aggregated from 3 OECD ISIC sectors; gross_output=116,001 USD m",2022,
SGP,tourism,0.011884,0.007473,,,4,DATA_PRESENT,OECD_ICIO_2022,,"OECD: Aggregated from 1 OECD ISIC sectors; gross_output=13,176 USD m",2022,
SGP,utilities,0.014662,0.003580,,,4,DATA_PRESENT,OECD_ICIO_2022,,"OECD: Aggregated from 2 OECD ISIC sectors; gross_output=15,210 USD m",2022,
STP,aerospace,0.000003,0.000001,,,4,DATA_PRESENT,OECD_ICIO_2022,,OECD: Aggregated from 1 OECD ISIC sectors; gross_output=0 USD m,2022,
STP,agriculture,0.130569,0.093977,,,4,DATA_PRESENT,OECD_ICIO_2022,,OECD: Aggregated from 3 OECD ISIC sectors; gross_output=94 USD m,2022,
STP,automotive,0.000031,0.000087,,,4,DATA_PRESENT,OECD_ICIO_2022,,OECD: Aggregated from 1 OECD ISIC sectors; gross_output=0 USD m,2022,
STP,aviation,0.008142,0.042254,,,4,DATA_PRESENT,OECD_ICIO_2022,,OECD: Aggregated from 1 OECD ISIC sectors; gross_output=17 USD m,2022,
STP,banking,0.094094,0.185133,,,4,DATA_PRESENT,OECD_ICIO_2022,,OECD: Aggregated from 1 OECD ISIC sectors; gross_output=185 USD m,2022,
STP,capital_markets,,,,,,MISSING_NO_SOURCE_ANY,NONE,,OECD: OECD ICIO has no clean line item for this sector. See OECD_ICIO_SCHEMA_AUDIT.md for the bundling exp,2022,
STP,consumer_goods,0.199307,0.138007,,,4,DATA_PRESENT,OECD_ICIO_2022,,OECD: Aggregated from 11 OECD ISIC sectors; gross_output=145 USD m,2022,
STP,electronics,0.000047,0.001285,,,4,DATA_PRESENT,OECD_ICIO_2022,,OECD: Aggregated from 2 OECD ISIC sectors; gross_output=1 USD m,2022,
STP,energy,,,,,,MISSING_NO_SOURCE_ANY,NONE,,OECD: OECD ICIO has no clean line item for this sector. See OECD_ICIO_SCHEMA_AUDIT.md for the bundling exp,2022,
STP,gas,,,,,,MISSING_NO_SOURCE_ANY,NONE,,OECD: OECD ICIO has no clean line item for this sector. See OECD_ICIO_SCHEMA_AUDIT.md for the bundling exp,2022,
STP,government,0.137636,0.026208,,,4,DATA_PRESENT,OECD_ICIO_2022,,OECD: Aggregated from 2 OECD ISIC sectors; gross_output=92 USD m,2022,
STP,insurance,,,,,,MISSING_NO_SOURCE_ANY,NONE,,OECD: OECD ICIO has no clean line item for this sector. See OECD_ICIO_SCHEMA_AUDIT.md for the bundling exp,2022,
STP,oil,0.001647,0.003037,,,4,DATA_PRESENT,OECD_ICIO_2022,,OECD: Aggregated from 2 OECD ISIC sectors; gross_output=2 USD m,2022,
STP,ports,0.042915,0.049603,,,4,DATA_PRESENT,OECD_ICIO_2022,,OECD: Aggregated from 1 OECD ISIC sectors; gross_output=42 USD m,2022,
STP,semiconductors,,,,,,MISSING_NO_SOURCE_ANY,NONE,,OECD: OECD ICIO has no clean line item for this sector. See OECD_ICIO_SCHEMA_AUDIT.md for the bundling exp,2022,
STP,shipping,0.063058,0.089508,,,4,DATA_PRESENT,OECD_ICIO_2022,,OECD: Aggregated from 2 OECD ISIC sectors; gross_output=65 USD m,2022,
STP,telecommunications,0.044924,0.077289,,,4,DATA_PRESENT,OECD_ICIO_2022,,OECD: Aggregated from 3 OECD ISIC sectors; gross_output=38 USD m,2022,
STP,tourism,0.108025,0.135551,,,4,DATA_PRESENT,OECD_ICIO_2022,,OECD: Aggregated from 1 OECD ISIC sectors; gross_output=79 USD m,2022,
STP,utilities,0.023624,0.034009,,,4,DATA_PRESENT,OECD_ICIO_2022,,OECD: Aggregated from 2 OECD ISIC sectors; gross_output=47 USD m,2022,
SVK,aerospace,0.001645,0.003094,0.001579,,5,DATA_PRESENT,OECD_ICIO_2022+WIOD_2014,,OECD: Aggregated from 1 OECD ISIC sectors; gross_output=750 USD m | WIOD: Aggregated from 1 NACE Rev.2 codes; employment_share NULL — SEA files not in repo,2022,2014
SVK,agriculture,0.021247,0.018579,0.043982,,5,DATA_PRESENT,OECD_ICIO_2022+WIOD_2014,"CONFLICT: OECD gdp_share=0.0212 (2022) vs WIOD value_added_share=0.0440 (2014), relative diff=51.69%. Vintages differ.","CONFLICT: OECD gdp_share=0.0212 (2022) vs WIOD value_added_share=0.0440 (2014), relative diff=51.69%. Vintages differ. | OECD: Aggregated from 3 OECD ISIC sectors; gross_output=5,667 USD m | WIOD: Aggregated from 3 NACE Rev.2 codes; employment_share NULL — SEA files not in repo",2022,2014
SVK,automotive,0.035803,0.344244,0.038375,,5,DATA_PRESENT,OECD_ICIO_2022+WIOD_2014,,"OECD: Aggregated from 1 OECD ISIC sectors; gross_output=35,797 USD m | WIOD: Aggregated from 1 NACE Rev.2 codes; employment_share NULL — SEA files not in repo",2022,2014
SVK,aviation,0.000350,0.001057,0.000591,,5,DATA_PRESENT,OECD_ICIO_2022+WIOD_2014,"CONFLICT: OECD gdp_share=0.0003 (2022) vs WIOD value_added_share=0.0006 (2014), relative diff=40.78%. Vintages differ.","CONFLICT: OECD gdp_share=0.0003 (2022) vs WIOD value_added_share=0.0006 (2014), relative diff=40.78%. Vintages differ. | OECD: Aggregated from 1 OECD ISIC sectors; gross_output=253 USD m | WIOD: Aggregated from 1 NACE Rev.2 codes; employment_share NULL — SEA files not in repo",2022,2014
SVK,banking,0.026818,0.006107,0.030812,,5,DATA_PRESENT,OECD_ICIO_2022+WIOD_2014,,"OECD: Aggregated from 1 OECD ISIC sectors; gross_output=5,728 USD m | WIOD: Aggregated from 1 NACE Rev.2 codes; employment_share NULL — SEA files not in repo",2022,2014
SVK,capital_markets,,,0.006660,,4,DATA_PRESENT,WIOD_2014,,OECD: OECD ICIO has no clean line item for this sector. See OECD_ICIO_SCHEMA_AUDIT.md for the bundling exp | WIOD: Aggregated from 1 NACE Rev.2 codes; employment_share NULL — SEA files not in repo,2022,2014
SVK,consumer_goods,0.210202,0.255004,0.284847,,5,DATA_PRESENT,OECD_ICIO_2022+WIOD_2014,,"OECD: Aggregated from 11 OECD ISIC sectors; gross_output=59,706 USD m | WIOD: Aggregated from 17 NACE Rev.2 codes; employment_share NULL — SEA files not in repo",2022,2014
SVK,electronics,0.014851,0.067215,0.019866,,5,DATA_PRESENT,OECD_ICIO_2022+WIOD_2014,,"OECD: Aggregated from 2 OECD ISIC sectors; gross_output=9,799 USD m | WIOD: Aggregated from 2 NACE Rev.2 codes; employment_share NULL — SEA files not in repo",2022,2014
SVK,energy,,,,,,MISSING_NO_SOURCE_ANY,NONE,,OECD: OECD ICIO has no clean line item for this sector. See OECD_ICIO_SCHEMA_AUDIT.md for the bundling exp | WIOD: Country in WIOD but no VA for this GEDS sector,2022,2014
SVK,gas,,,,,,MISSING_NO_SOURCE_ANY,NONE,,OECD: OECD ICIO has no clean line item for this sector. See OECD_ICIO_SCHEMA_AUDIT.md for the bundling exp | WIOD: C26 bundles semis; B+D35 bundles gas with oil/utilities,2022,2014
SVK,government,0.115911,0.006550,0.100016,,5,DATA_PRESENT,OECD_ICIO_2022+WIOD_2014,,"OECD: Aggregated from 2 OECD ISIC sectors; gross_output=17,172 USD m | WIOD: Aggregated from 2 NACE Rev.2 codes; employment_share NULL — SEA files not in repo",2022,2014
SVK,insurance,,,0.004385,,4,DATA_PRESENT,WIOD_2014,,OECD: OECD ICIO has no clean line item for this sector. See OECD_ICIO_SCHEMA_AUDIT.md for the bundling exp | WIOD: Aggregated from 1 NACE Rev.2 codes; employment_share NULL — SEA files not in repo,2022,2014
SVK,oil,0.012386,0.030398,0.007460,,5,DATA_PRESENT,OECD_ICIO_2022+WIOD_2014,"CONFLICT: OECD gdp_share=0.0124 (2022) vs WIOD value_added_share=0.0075 (2014), relative diff=39.77%. Vintages differ.","CONFLICT: OECD gdp_share=0.0124 (2022) vs WIOD value_added_share=0.0075 (2014), relative diff=39.77%. Vintages differ. | OECD: Aggregated from 2 OECD ISIC sectors; gross_output=6,141 USD m | WIOD: Aggregated from 2 NACE Rev.2 codes; employment_share NULL — SEA files not in repo",2022,2014
SVK,ports,0.024906,0.012010,0.027787,,5,DATA_PRESENT,OECD_ICIO_2022+WIOD_2014,,"OECD: Aggregated from 1 OECD ISIC sectors; gross_output=6,818 USD m | WIOD: Aggregated from 1 NACE Rev.2 codes; employment_share NULL — SEA files not in repo",2022,2014
SVK,semiconductors,,,,,,MISSING_NO_SOURCE_ANY,NONE,,OECD: OECD ICIO has no clean line item for this sector. See OECD_ICIO_SCHEMA_AUDIT.md for the bundling exp | WIOD: C26 bundles semis; B+D35 bundles gas with oil/utilities,2022,2014
SVK,shipping,0.037722,0.029040,0.035485,,5,DATA_PRESENT,OECD_ICIO_2022+WIOD_2014,,"OECD: Aggregated from 2 OECD ISIC sectors; gross_output=8,979 USD m | WIOD: Aggregated from 2 NACE Rev.2 codes; employment_share NULL — SEA files not in repo",2022,2014
SVK,telecommunications,0.051703,0.023175,0.047946,,5,DATA_PRESENT,OECD_ICIO_2022+WIOD_2014,,"OECD: Aggregated from 3 OECD ISIC sectors; gross_output=10,209 USD m | WIOD: Aggregated from 5 NACE Rev.2 codes; employment_share NULL — SEA files not in repo",2022,2014
SVK,tourism,0.018139,0.005418,0.015105,,5,DATA_PRESENT,OECD_ICIO_2022+WIOD_2014,,"OECD: Aggregated from 1 OECD ISIC sectors; gross_output=3,277 USD m | WIOD: Aggregated from 1 NACE Rev.2 codes; employment_share NULL — SEA files not in repo",2022,2014
SVK,utilities,0.015584,0.037843,0.038746,,5,DATA_PRESENT,OECD_ICIO_2022+WIOD_2014,"CONFLICT: OECD gdp_share=0.0156 (2022) vs WIOD value_added_share=0.0387 (2014), relative diff=59.78%. Vintages differ.","CONFLICT: OECD gdp_share=0.0156 (2022) vs WIOD value_added_share=0.0387 (2014), relative diff=59.78%. Vintages differ. | OECD: Aggregated from 2 OECD ISIC sectors; gross_output=22,556 USD m | WIOD: Aggregated from 3 NACE Rev.2 codes; employment_share NULL — SEA files not in repo",2022,2014
SVN,aerospace,0.000491,0.001753,0.000698,,5,DATA_PRESENT,OECD_ICIO_2022+WIOD_2014,,OECD: Aggregated from 1 OECD ISIC sectors; gross_output=98 USD m | WIOD: Aggregated from 1 NACE Rev.2 codes; employment_share NULL — SEA files not in repo,2022,2014
SVN,agriculture,0.019419,0.021181,0.024163,,5,DATA_PRESENT,OECD_ICIO_2022+WIOD_2014,,"OECD: Aggregated from 3 OECD ISIC sectors; gross_output=2,354 USD m | WIOD: Aggregated from 3 NACE Rev.2 codes; employment_share NULL — SEA files not in repo",2022,2014
SVN,automotive,0.013976,0.065372,0.018439,,5,DATA_PRESENT,OECD_ICIO_2022+WIOD_2014,,"OECD: Aggregated from 1 OECD ISIC sectors; gross_output=3,661 USD m | WIOD: Aggregated from 1 NACE Rev.2 codes; employment_share NULL — SEA files not in repo",2022,2014
SVN,aviation,0.001227,0.001623,0.001046,,5,DATA_PRESENT,OECD_ICIO_2022+WIOD_2014,,OECD: Aggregated from 1 OECD ISIC sectors; gross_output=131 USD m | WIOD: Aggregated from 1 NACE Rev.2 codes; employment_share NULL — SEA files not in repo,2022,2014
SVN,banking,0.041391,0.009891,0.026263,,5,DATA_PRESENT,OECD_ICIO_2022+WIOD_2014,"CONFLICT: OECD gdp_share=0.0414 (2022) vs WIOD value_added_share=0.0263 (2014), relative diff=36.55%. Vintages differ.","CONFLICT: OECD gdp_share=0.0414 (2022) vs WIOD value_added_share=0.0263 (2014), relative diff=36.55%. Vintages differ. | OECD: Aggregated from 1 OECD ISIC sectors; gross_output=3,536 USD m | WIOD: Aggregated from 1 NACE Rev.2 codes; employment_share NULL — SEA files not in repo",2022,2014
SVN,capital_markets,,,0.002535,,4,DATA_PRESENT,WIOD_2014,,OECD: OECD ICIO has no clean line item for this sector. See OECD_ICIO_SCHEMA_AUDIT.md for the bundling exp | WIOD: Aggregated from 1 NACE Rev.2 codes; employment_share NULL — SEA files not in repo,2022,2014
SVN,consumer_goods,0.248801,0.395982,0.301246,,5,DATA_PRESENT,OECD_ICIO_2022+WIOD_2014,,"OECD: Aggregated from 11 OECD ISIC sectors; gross_output=33,555 USD m | WIOD: Aggregated from 17 NACE Rev.2 codes; employment_share NULL — SEA files not in repo",2022,2014
SVN,electronics,0.030747,0.101683,0.028894,,5,DATA_PRESENT,OECD_ICIO_2022+WIOD_2014,,"OECD: Aggregated from 2 OECD ISIC sectors; gross_output=5,969 USD m | WIOD: Aggregated from 2 NACE Rev.2 codes; employment_share NULL — SEA files not in repo",2022,2014
SVN,energy,,,,,,MISSING_NO_SOURCE_ANY,NONE,,OECD: OECD ICIO has no clean line item for this sector. See OECD_ICIO_SCHEMA_AUDIT.md for the bundling exp | WIOD: Country in WIOD but no VA for this GEDS sector,2022,2014
SVN,gas,,,,,,MISSING_NO_SOURCE_ANY,NONE,,OECD: OECD ICIO has no clean line item for this sector. See OECD_ICIO_SCHEMA_AUDIT.md for the bundling exp | WIOD: C26 bundles semis; B+D35 bundles gas with oil/utilities,2022,2014
SVN,government,0.113554,0.013248,0.115398,,5,DATA_PRESENT,OECD_ICIO_2022+WIOD_2014,,"OECD: Aggregated from 2 OECD ISIC sectors; gross_output=8,370 USD m | WIOD: Aggregated from 2 NACE Rev.2 codes; employment_share NULL — SEA files not in repo",2022,2014
SVN,insurance,,,0.011442,,4,DATA_PRESENT,WIOD_2014,,OECD: OECD ICIO has no clean line item for this sector. See OECD_ICIO_SCHEMA_AUDIT.md for the bundling exp | WIOD: Aggregated from 1 NACE Rev.2 codes; employment_share NULL — SEA files not in repo,2022,2014
SVN,oil,0.000010,0.000009,0.004018,,5,DATA_PRESENT,OECD_ICIO_2022+WIOD_2014,"CONFLICT: OECD gdp_share=0.0000 (2022) vs WIOD value_added_share=0.0040 (2014), relative diff=99.75%. Vintages differ.","CONFLICT: OECD gdp_share=0.0000 (2022) vs WIOD value_added_share=0.0040 (2014), relative diff=99.75%. Vintages differ. | OECD: Aggregated from 2 OECD ISIC sectors; gross_output=1 USD m | WIOD: Aggregated from 2 NACE Rev.2 codes; employment_share NULL — SEA files not in repo",2022,2014
SVN,ports,0.023832,0.025036,0.020880,,5,DATA_PRESENT,OECD_ICIO_2022+WIOD_2014,,"OECD: Aggregated from 1 OECD ISIC sectors; gross_output=3,453 USD m | WIOD: Aggregated from 1 NACE Rev.2 codes; employment_share NULL — SEA files not in repo",2022,2014
SVN,semiconductors,,,,,,MISSING_NO_SOURCE_ANY,NONE,,OECD: OECD ICIO has no clean line item for this sector. See OECD_ICIO_SCHEMA_AUDIT.md for the bundling exp | WIOD: C26 bundles semis; B+D35 bundles gas with oil/utilities,2022,2014
SVN,shipping,0.035609,0.057919,0.032841,,5,DATA_PRESENT,OECD_ICIO_2022+WIOD_2014,,"OECD: Aggregated from 2 OECD ISIC sectors; gross_output=5,189 USD m | WIOD: Aggregated from 2 NACE Rev.2 codes; employment_share NULL — SEA files not in repo",2022,2014
SVN,telecommunications,0.044091,0.027775,0.047752,,5,DATA_PRESENT,OECD_ICIO_2022+WIOD_2014,,"OECD: Aggregated from 3 OECD ISIC sectors; gross_output=4,673 USD m | WIOD: Aggregated from 5 NACE Rev.2 codes; employment_share NULL — SEA files not in repo",2022,2014
SVN,tourism,0.024710,0.024388,0.022481,,5,DATA_PRESENT,OECD_ICIO_2022+WIOD_2014,,"OECD: Aggregated from 1 OECD ISIC sectors; gross_output=2,925 USD m | WIOD: Aggregated from 1 NACE Rev.2 codes; employment_share NULL — SEA files not in repo",2022,2014
SVN,utilities,0.021053,0.028363,0.038817,,5,DATA_PRESENT,OECD_ICIO_2022+WIOD_2014,"CONFLICT: OECD gdp_share=0.0211 (2022) vs WIOD value_added_share=0.0388 (2014), relative diff=45.76%. Vintages differ.","CONFLICT: OECD gdp_share=0.0211 (2022) vs WIOD value_added_share=0.0388 (2014), relative diff=45.76%. Vintages differ. | OECD: Aggregated from 2 OECD ISIC sectors; gross_output=3,919 USD m | WIOD: Aggregated from 3 NACE Rev.2 codes; employment_share NULL — SEA files not in repo",2022,2014
SWE,aerospace,0.003942,0.004582,0.005798,,5,DATA_PRESENT,OECD_ICIO_2022+WIOD_2014,"CONFLICT: OECD gdp_share=0.0039 (2022) vs WIOD value_added_share=0.0058 (2014), relative diff=32.01%. Vintages differ.","CONFLICT: OECD gdp_share=0.0039 (2022) vs WIOD value_added_share=0.0058 (2014), relative diff=32.01%. Vintages differ. | OECD: Aggregated from 1 OECD ISIC sectors; gross_output=4,831 USD m | WIOD: Aggregated from 1 NACE Rev.2 codes; employment_share NULL — SEA files not in repo",2022,2014
SWE,agriculture,0.011681,0.010567,0.013785,,5,DATA_PRESENT,OECD_ICIO_2022+WIOD_2014,,"OECD: Aggregated from 3 OECD ISIC sectors; gross_output=21,080 USD m | WIOD: Aggregated from 3 NACE Rev.2 codes; employment_share NULL — SEA files not in repo",2022,2014
SWE,automotive,0.022317,0.082992,0.016406,,5,DATA_PRESENT,OECD_ICIO_2022+WIOD_2014,,"OECD: Aggregated from 1 OECD ISIC sectors; gross_output=40,864 USD m | WIOD: Aggregated from 1 NACE Rev.2 codes; employment_share NULL — SEA files not in repo",2022,2014
SWE,aviation,0.000275,0.007963,0.002382,,5,DATA_PRESENT,OECD_ICIO_2022+WIOD_2014,"CONFLICT: OECD gdp_share=0.0003 (2022) vs WIOD value_added_share=0.0024 (2014), relative diff=88.46%. Vintages differ.","CONFLICT: OECD gdp_share=0.0003 (2022) vs WIOD value_added_share=0.0024 (2014), relative diff=88.46%. Vintages differ. | OECD: Aggregated from 1 OECD ISIC sectors; gross_output=3,341 USD m | WIOD: Aggregated from 1 NACE Rev.2 codes; employment_share NULL — SEA files not in repo",2022,2014
SWE,banking,0.042644,0.020562,0.032705,,5,DATA_PRESENT,OECD_ICIO_2022+WIOD_2014,,"OECD: Aggregated from 1 OECD ISIC sectors; gross_output=31,901 USD m | WIOD: Aggregated from 1 NACE Rev.2 codes; employment_share NULL — SEA files not in repo",2022,2014
SWE,capital_markets,,,0.002535,,4,DATA_PRESENT,WIOD_2014,,OECD: OECD ICIO has no clean line item for this sector. See OECD_ICIO_SCHEMA_AUDIT.md for the bundling exp | WIOD: Aggregated from 1 NACE Rev.2 codes; employment_share NULL — SEA files not in repo,2022,2014
SWE,consumer_goods,0.202833,0.344578,0.218687,,5,DATA_PRESENT,OECD_ICIO_2022+WIOD_2014,,"OECD: Aggregated from 11 OECD ISIC sectors; gross_output=256,458 USD m | WIOD: Aggregated from 17 NACE Rev.2 codes; employment_share NULL — SEA files not in repo",2022,2014
SWE,electronics,0.010853,0.032320,0.029044,,5,DATA_PRESENT,OECD_ICIO_2022+WIOD_2014,"CONFLICT: OECD gdp_share=0.0109 (2022) vs WIOD value_added_share=0.0290 (2014), relative diff=62.63%. Vintages differ.","CONFLICT: OECD gdp_share=0.0109 (2022) vs WIOD value_added_share=0.0290 (2014), relative diff=62.63%. Vintages differ. | OECD: Aggregated from 2 OECD ISIC sectors; gross_output=16,284 USD m | WIOD: Aggregated from 2 NACE Rev.2 codes; employment_share NULL — SEA files not in repo",2022,2014
SWE,energy,,,,,,MISSING_NO_SOURCE_ANY,NONE,,OECD: OECD ICIO has no clean line item for this sector. See OECD_ICIO_SCHEMA_AUDIT.md for the bundling exp | WIOD: Country in WIOD but no VA for this GEDS sector,2022,2014
SWE,gas,,,,,,MISSING_NO_SOURCE_ANY,NONE,,OECD: OECD ICIO has no clean line item for this sector. See OECD_ICIO_SCHEMA_AUDIT.md for the bundling exp | WIOD: C26 bundles semis; B+D35 bundles gas with oil/utilities,2022,2014
SWE,government,0.100945,0.008981,0.105815,,5,DATA_PRESENT,OECD_ICIO_2022+WIOD_2014,,"OECD: Aggregated from 2 OECD ISIC sectors; gross_output=68,478 USD m | WIOD: Aggregated from 2 NACE Rev.2 codes; employment_share NULL — SEA files not in repo",2022,2014
SWE,insurance,,,0.010743,,4,DATA_PRESENT,WIOD_2014,,OECD: OECD ICIO has no clean line item for this sector. See OECD_ICIO_SCHEMA_AUDIT.md for the bundling exp | WIOD: Aggregated from 1 NACE Rev.2 codes; employment_share NULL — SEA files not in repo,2022,2014
SWE,oil,0.004221,0.060520,0.007709,,5,DATA_PRESENT,OECD_ICIO_2022+WIOD_2014,"CONFLICT: OECD gdp_share=0.0042 (2022) vs WIOD value_added_share=0.0077 (2014), relative diff=45.25%. Vintages differ.","CONFLICT: OECD gdp_share=0.0042 (2022) vs WIOD value_added_share=0.0077 (2014), relative diff=45.25%. Vintages differ. | OECD: Aggregated from 2 OECD ISIC sectors; gross_output=22,115 USD m | WIOD: Aggregated from 2 NACE Rev.2 codes; employment_share NULL — SEA files not in repo",2022,2014
SWE,ports,0.020286,0.023581,0.026301,,5,DATA_PRESENT,OECD_ICIO_2022+WIOD_2014,,"OECD: Aggregated from 1 OECD ISIC sectors; gross_output=23,722 USD m | WIOD: Aggregated from 1 NACE Rev.2 codes; employment_share NULL — SEA files not in repo",2022,2014
SWE,semiconductors,,,,,,MISSING_NO_SOURCE_ANY,NONE,,OECD: OECD ICIO has no clean line item for this sector. See OECD_ICIO_SCHEMA_AUDIT.md for the bundling exp | WIOD: C26 bundles semis; B+D35 bundles gas with oil/utilities,2022,2014
SWE,shipping,0.023984,0.024475,0.025742,,5,DATA_PRESENT,OECD_ICIO_2022+WIOD_2014,,"OECD: Aggregated from 2 OECD ISIC sectors; gross_output=30,726 USD m | WIOD: Aggregated from 2 NACE Rev.2 codes; employment_share NULL — SEA files not in repo",2022,2014
SWE,telecommunications,0.077159,0.095785,0.056293,,5,DATA_PRESENT,OECD_ICIO_2022+WIOD_2014,,"OECD: Aggregated from 3 OECD ISIC sectors; gross_output=91,119 USD m | WIOD: Aggregated from 5 NACE Rev.2 codes; employment_share NULL — SEA files not in repo",2022,2014
SWE,tourism,0.016293,0.016769,0.017456,,5,DATA_PRESENT,OECD_ICIO_2022+WIOD_2014,,"OECD: Aggregated from 1 OECD ISIC sectors; gross_output=20,457 USD m | WIOD: Aggregated from 1 NACE Rev.2 codes; employment_share NULL — SEA files not in repo",2022,2014
SWE,utilities,0.037663,0.032288,0.030807,,5,DATA_PRESENT,OECD_ICIO_2022+WIOD_2014,,"OECD: Aggregated from 2 OECD ISIC sectors; gross_output=44,037 USD m | WIOD: Aggregated from 3 NACE Rev.2 codes; employment_share NULL — SEA files not in repo",2022,2014
THA,aerospace,0.002296,0.011109,,,4,DATA_PRESENT,OECD_ICIO_2022,,"OECD: Aggregated from 1 OECD ISIC sectors; gross_output=6,210 USD m",2022,
THA,agriculture,0.081348,0.032421,,,4,DATA_PRESENT,OECD_ICIO_2022,,"OECD: Aggregated from 3 OECD ISIC sectors; gross_output=65,850 USD m",2022,
THA,automotive,0.019212,0.084542,,,4,DATA_PRESENT,OECD_ICIO_2022,,"OECD: Aggregated from 1 OECD ISIC sectors; gross_output=43,031 USD m",2022,
THA,aviation,0.004015,0.018344,,,4,DATA_PRESENT,OECD_ICIO_2022,,"OECD: Aggregated from 1 OECD ISIC sectors; gross_output=12,383 USD m",2022,
THA,banking,0.078143,0.007294,,,4,DATA_PRESENT,OECD_ICIO_2022,,"OECD: Aggregated from 1 OECD ISIC sectors; gross_output=43,649 USD m",2022,
THA,capital_markets,,,,,,MISSING_NO_SOURCE_ANY,NONE,,OECD: OECD ICIO has no clean line item for this sector. See OECD_ICIO_SCHEMA_AUDIT.md for the bundling exp,2022,
THA,consumer_goods,0.345852,0.400054,,,4,DATA_PRESENT,OECD_ICIO_2022,,"OECD: Aggregated from 11 OECD ISIC sectors; gross_output=390,361 USD m",2022,
THA,electronics,0.032992,0.192467,,,4,DATA_PRESENT,OECD_ICIO_2022,,"OECD: Aggregated from 2 OECD ISIC sectors; gross_output=106,784 USD m",2022,
THA,energy,,,,,,MISSING_NO_SOURCE_ANY,NONE,,OECD: OECD ICIO has no clean line item for this sector. See OECD_ICIO_SCHEMA_AUDIT.md for the bundling exp,2022,
THA,gas,,,,,,MISSING_NO_SOURCE_ANY,NONE,,OECD: OECD ICIO has no clean line item for this sector. See OECD_ICIO_SCHEMA_AUDIT.md for the bundling exp,2022,
THA,government,0.097221,0.006588,,,4,DATA_PRESENT,OECD_ICIO_2022,,"OECD: Aggregated from 2 OECD ISIC sectors; gross_output=60,382 USD m",2022,
THA,insurance,,,,,,MISSING_NO_SOURCE_ANY,NONE,,OECD: OECD ICIO has no clean line item for this sector. See OECD_ICIO_SCHEMA_AUDIT.md for the bundling exp,2022,
THA,oil,0.049647,0.049521,,,4,DATA_PRESENT,OECD_ICIO_2022,,"OECD: Aggregated from 2 OECD ISIC sectors; gross_output=51,614 USD m",2022,
THA,ports,0.008674,0.001705,,,4,DATA_PRESENT,OECD_ICIO_2022,,"OECD: Aggregated from 1 OECD ISIC sectors; gross_output=5,240 USD m",2022,
THA,semiconductors,,,,,,MISSING_NO_SOURCE_ANY,NONE,,OECD: OECD ICIO has no clean line item for this sector. See OECD_ICIO_SCHEMA_AUDIT.md for the bundling exp,2022,
THA,shipping,0.026672,0.033328,,,4,DATA_PRESENT,OECD_ICIO_2022,,"OECD: Aggregated from 2 OECD ISIC sectors; gross_output=34,868 USD m",2022,
THA,telecommunications,0.026253,0.012580,,,4,DATA_PRESENT,OECD_ICIO_2022,,"OECD: Aggregated from 3 OECD ISIC sectors; gross_output=22,493 USD m",2022,
THA,tourism,0.039743,0.013270,,,4,DATA_PRESENT,OECD_ICIO_2022,,"OECD: Aggregated from 1 OECD ISIC sectors; gross_output=45,280 USD m",2022,
THA,utilities,0.031155,0.042897,,,4,DATA_PRESENT,OECD_ICIO_2022,,"OECD: Aggregated from 2 OECD ISIC sectors; gross_output=56,791 USD m",2022,
TUN,aerospace,0.001285,0.005062,,,4,DATA_PRESENT,OECD_ICIO_2022,,OECD: Aggregated from 1 OECD ISIC sectors; gross_output=131 USD m,2022,
TUN,agriculture,0.109008,0.059581,,,4,DATA_PRESENT,OECD_ICIO_2022,,"OECD: Aggregated from 3 OECD ISIC sectors; gross_output=8,750 USD m",2022,
TUN,automotive,0.008190,0.037944,,,4,DATA_PRESENT,OECD_ICIO_2022,,"OECD: Aggregated from 1 OECD ISIC sectors; gross_output=1,022 USD m",2022,
TUN,aviation,0.004494,0.014099,,,4,DATA_PRESENT,OECD_ICIO_2022,,OECD: Aggregated from 1 OECD ISIC sectors; gross_output=448 USD m,2022,
TUN,banking,0.044663,0.011030,,,4,DATA_PRESENT,OECD_ICIO_2022,,"OECD: Aggregated from 1 OECD ISIC sectors; gross_output=2,893 USD m",2022,
TUN,capital_markets,,,,,,MISSING_NO_SOURCE_ANY,NONE,,OECD: OECD ICIO has no clean line item for this sector. See OECD_ICIO_SCHEMA_AUDIT.md for the bundling exp,2022,
TUN,consumer_goods,0.220208,0.414061,,,4,DATA_PRESENT,OECD_ICIO_2022,,"OECD: Aggregated from 11 OECD ISIC sectors; gross_output=20,177 USD m",2022,
TUN,electronics,0.025730,0.109609,,,4,DATA_PRESENT,OECD_ICIO_2022,,"OECD: Aggregated from 2 OECD ISIC sectors; gross_output=2,763 USD m",2022,
TUN,energy,,,,,,MISSING_NO_SOURCE_ANY,NONE,,OECD: OECD ICIO has no clean line item for this sector. See OECD_ICIO_SCHEMA_AUDIT.md for the bundling exp,2022,
TUN,gas,,,,,,MISSING_NO_SOURCE_ANY,NONE,,OECD: OECD ICIO has no clean line item for this sector. See OECD_ICIO_SCHEMA_AUDIT.md for the bundling exp,2022,
TUN,government,0.184533,0.023063,,,4,DATA_PRESENT,OECD_ICIO_2022,,"OECD: Aggregated from 2 OECD ISIC sectors; gross_output=10,598 USD m",2022,
TUN,insurance,,,,,,MISSING_NO_SOURCE_ANY,NONE,,OECD: OECD ICIO has no clean line item for this sector. See OECD_ICIO_SCHEMA_AUDIT.md for the bundling exp,2022,
TUN,oil,0.030177,0.066620,,,4,DATA_PRESENT,OECD_ICIO_2022,,"OECD: Aggregated from 2 OECD ISIC sectors; gross_output=2,006 USD m",2022,
TUN,ports,0.023926,0.021717,,,4,DATA_PRESENT,OECD_ICIO_2022,,"OECD: Aggregated from 1 OECD ISIC sectors; gross_output=1,936 USD m",2022,
TUN,semiconductors,,,,,,MISSING_NO_SOURCE_ANY,NONE,,OECD: OECD ICIO has no clean line item for this sector. See OECD_ICIO_SCHEMA_AUDIT.md for the bundling exp,2022,
TUN,shipping,0.048465,0.055677,,,4,DATA_PRESENT,OECD_ICIO_2022,,"OECD: Aggregated from 2 OECD ISIC sectors; gross_output=4,070 USD m",2022,
TUN,telecommunications,0.048360,0.019354,,,4,DATA_PRESENT,OECD_ICIO_2022,,"OECD: Aggregated from 3 OECD ISIC sectors; gross_output=3,358 USD m",2022,
TUN,tourism,0.046948,0.022823,,,4,DATA_PRESENT,OECD_ICIO_2022,,"OECD: Aggregated from 1 OECD ISIC sectors; gross_output=3,647 USD m",2022,
TUN,utilities,0.016082,0.010969,,,4,DATA_PRESENT,OECD_ICIO_2022,,"OECD: Aggregated from 2 OECD ISIC sectors; gross_output=1,361 USD m",2022,
TUR,aerospace,0.001677,0.005775,0.001807,,5,DATA_PRESENT,OECD_ICIO_2022+WIOD_2014,,"OECD: Aggregated from 1 OECD ISIC sectors; gross_output=2,835 USD m | WIOD: Aggregated from 1 NACE Rev.2 codes; employment_share NULL — SEA files not in repo",2022,2014
TUR,agriculture,0.075413,0.037347,0.080135,,5,DATA_PRESENT,OECD_ICIO_2022+WIOD_2014,,"OECD: Aggregated from 3 OECD ISIC sectors; gross_output=112,801 USD m | WIOD: Aggregated from 3 NACE Rev.2 codes; employment_share NULL — SEA files not in repo",2022,2014
TUR,automotive,0.009539,0.062672,0.007506,,5,DATA_PRESENT,OECD_ICIO_2022+WIOD_2014,,"OECD: Aggregated from 1 OECD ISIC sectors; gross_output=34,273 USD m | WIOD: Aggregated from 1 NACE Rev.2 codes; employment_share NULL — SEA files not in repo",2022,2014
TUR,aviation,0.007336,0.022519,0.004640,,5,DATA_PRESENT,OECD_ICIO_2022+WIOD_2014,"CONFLICT: OECD gdp_share=0.0073 (2022) vs WIOD value_added_share=0.0046 (2014), relative diff=36.75%. Vintages differ.","CONFLICT: OECD gdp_share=0.0073 (2022) vs WIOD value_added_share=0.0046 (2014), relative diff=36.75%. Vintages differ. | OECD: Aggregated from 1 OECD ISIC sectors; gross_output=12,688 USD m | WIOD: Aggregated from 1 NACE Rev.2 codes; employment_share NULL — SEA files not in repo",2022,2014
TUR,banking,0.038360,0.014512,0.031344,,5,DATA_PRESENT,OECD_ICIO_2022+WIOD_2014,,"OECD: Aggregated from 1 OECD ISIC sectors; gross_output=42,808 USD m | WIOD: Aggregated from 1 NACE Rev.2 codes; employment_share NULL — SEA files not in repo",2022,2014
TUR,capital_markets,,,0.001026,,4,DATA_PRESENT,WIOD_2014,,OECD: OECD ICIO has no clean line item for this sector. See OECD_ICIO_SCHEMA_AUDIT.md for the bundling exp | WIOD: Aggregated from 1 NACE Rev.2 codes; employment_share NULL — SEA files not in repo,2022,2014
TUR,consumer_goods,0.296968,0.372209,0.291396,,5,DATA_PRESENT,OECD_ICIO_2022+WIOD_2014,,"OECD: Aggregated from 11 OECD ISIC sectors; gross_output=506,386 USD m | WIOD: Aggregated from 17 NACE Rev.2 codes; employment_share NULL — SEA files not in repo",2022,2014
TUR,electronics,0.009044,0.045343,0.008234,,5,DATA_PRESENT,OECD_ICIO_2022+WIOD_2014,,"OECD: Aggregated from 2 OECD ISIC sectors; gross_output=28,823 USD m | WIOD: Aggregated from 2 NACE Rev.2 codes; employment_share NULL — SEA files not in repo",2022,2014
TUR,energy,,,,,,MISSING_NO_SOURCE_ANY,NONE,,OECD: OECD ICIO has no clean line item for this sector. See OECD_ICIO_SCHEMA_AUDIT.md for the bundling exp | WIOD: Country in WIOD but no VA for this GEDS sector,2022,2014
TUR,gas,,,,,,MISSING_NO_SOURCE_ANY,NONE,,OECD: OECD ICIO has no clean line item for this sector. See OECD_ICIO_SCHEMA_AUDIT.md for the bundling exp | WIOD: C26 bundles semis; B+D35 bundles gas with oil/utilities,2022,2014
TUR,government,0.079246,0.013589,0.089419,,5,DATA_PRESENT,OECD_ICIO_2022+WIOD_2014,,"OECD: Aggregated from 2 OECD ISIC sectors; gross_output=107,315 USD m | WIOD: Aggregated from 2 NACE Rev.2 codes; employment_share NULL — SEA files not in repo",2022,2014
TUR,insurance,,,0.001714,,4,DATA_PRESENT,WIOD_2014,,OECD: OECD ICIO has no clean line item for this sector. See OECD_ICIO_SCHEMA_AUDIT.md for the bundling exp | WIOD: Aggregated from 1 NACE Rev.2 codes; employment_share NULL — SEA files not in repo,2022,2014
TUR,oil,0.005554,0.042386,0.019914,,5,DATA_PRESENT,OECD_ICIO_2022+WIOD_2014,"CONFLICT: OECD gdp_share=0.0056 (2022) vs WIOD value_added_share=0.0199 (2014), relative diff=72.11%. Vintages differ.","CONFLICT: OECD gdp_share=0.0056 (2022) vs WIOD value_added_share=0.0199 (2014), relative diff=72.11%. Vintages differ. | OECD: Aggregated from 2 OECD ISIC sectors; gross_output=27,749 USD m | WIOD: Aggregated from 2 NACE Rev.2 codes; employment_share NULL — SEA files not in repo",2022,2014
TUR,ports,0.022953,0.010897,0.021219,,5,DATA_PRESENT,OECD_ICIO_2022+WIOD_2014,,"OECD: Aggregated from 1 OECD ISIC sectors; gross_output=24,830 USD m | WIOD: Aggregated from 1 NACE Rev.2 codes; employment_share NULL — SEA files not in repo",2022,2014
TUR,semiconductors,,,,,,MISSING_NO_SOURCE_ANY,NONE,,OECD: OECD ICIO has no clean line item for this sector. See OECD_ICIO_SCHEMA_AUDIT.md for the bundling exp | WIOD: C26 bundles semis; B+D35 bundles gas with oil/utilities,2022,2014
TUR,shipping,0.078052,0.053090,0.108371,,5,DATA_PRESENT,OECD_ICIO_2022+WIOD_2014,,"OECD: Aggregated from 2 OECD ISIC sectors; gross_output=123,613 USD m | WIOD: Aggregated from 2 NACE Rev.2 codes; employment_share NULL — SEA files not in repo",2022,2014
TUR,telecommunications,0.027579,0.014963,0.021218,,5,DATA_PRESENT,OECD_ICIO_2022+WIOD_2014,,"OECD: Aggregated from 3 OECD ISIC sectors; gross_output=43,158 USD m | WIOD: Aggregated from 5 NACE Rev.2 codes; employment_share NULL — SEA files not in repo",2022,2014
TUR,tourism,0.033414,0.025107,0.028867,,5,DATA_PRESENT,OECD_ICIO_2022+WIOD_2014,,"OECD: Aggregated from 1 OECD ISIC sectors; gross_output=48,336 USD m | WIOD: Aggregated from 1 NACE Rev.2 codes; employment_share NULL — SEA files not in repo",2022,2014
TUR,utilities,0.034224,0.028695,0.025587,,5,DATA_PRESENT,OECD_ICIO_2022+WIOD_2014,,"OECD: Aggregated from 2 OECD ISIC sectors; gross_output=86,685 USD m | WIOD: Aggregated from 3 NACE Rev.2 codes; employment_share NULL — SEA files not in repo",2022,2014
TWN,aerospace,0.006073,0.014380,0.005734,,5,DATA_PRESENT,OECD_ICIO_2022+WIOD_2014,,"OECD: Aggregated from 1 OECD ISIC sectors; gross_output=16,084 USD m | WIOD: Aggregated from 1 NACE Rev.2 codes; employment_share NULL — SEA files not in repo",2022,2014
TWN,agriculture,0.013929,0.005633,0.018702,,5,DATA_PRESENT,OECD_ICIO_2022+WIOD_2014,,"OECD: Aggregated from 3 OECD ISIC sectors; gross_output=21,581 USD m | WIOD: Aggregated from 3 NACE Rev.2 codes; employment_share NULL — SEA files not in repo",2022,2014
TWN,automotive,0.006812,0.015753,0.008460,,5,DATA_PRESENT,OECD_ICIO_2022+WIOD_2014,,"OECD: Aggregated from 1 OECD ISIC sectors; gross_output=17,387 USD m | WIOD: Aggregated from 1 NACE Rev.2 codes; employment_share NULL — SEA files not in repo",2022,2014
TWN,aviation,0.003855,0.012547,0.004076,,5,DATA_PRESENT,OECD_ICIO_2022+WIOD_2014,,"OECD: Aggregated from 1 OECD ISIC sectors; gross_output=9,731 USD m | WIOD: Aggregated from 1 NACE Rev.2 codes; employment_share NULL — SEA files not in repo",2022,2014
TWN,banking,0.063844,0.008703,0.043619,,5,DATA_PRESENT,OECD_ICIO_2022+WIOD_2014,"CONFLICT: OECD gdp_share=0.0638 (2022) vs WIOD value_added_share=0.0436 (2014), relative diff=31.68%. Vintages differ.","CONFLICT: OECD gdp_share=0.0638 (2022) vs WIOD value_added_share=0.0436 (2014), relative diff=31.68%. Vintages differ. | OECD: Aggregated from 1 OECD ISIC sectors; gross_output=68,224 USD m | WIOD: Aggregated from 1 NACE Rev.2 codes; employment_share NULL — SEA files not in repo",2022,2014
TWN,capital_markets,,,0.006668,,4,DATA_PRESENT,WIOD_2014,,OECD: OECD ICIO has no clean line item for this sector. See OECD_ICIO_SCHEMA_AUDIT.md for the bundling exp | WIOD: Aggregated from 1 NACE Rev.2 codes; employment_share NULL — SEA files not in repo,2022,2014
TWN,consumer_goods,0.247491,0.270917,0.294730,,5,DATA_PRESENT,OECD_ICIO_2022+WIOD_2014,,"OECD: Aggregated from 11 OECD ISIC sectors; gross_output=430,550 USD m | WIOD: Aggregated from 17 NACE Rev.2 codes; employment_share NULL — SEA files not in repo",2022,2014
TWN,electronics,0.209718,0.395900,0.158903,,5,DATA_PRESENT,OECD_ICIO_2022+WIOD_2014,,"OECD: Aggregated from 2 OECD ISIC sectors; gross_output=356,920 USD m | WIOD: Aggregated from 2 NACE Rev.2 codes; employment_share NULL — SEA files not in repo",2022,2014
TWN,energy,,,,,,MISSING_NO_SOURCE_ANY,NONE,,OECD: OECD ICIO has no clean line item for this sector. See OECD_ICIO_SCHEMA_AUDIT.md for the bundling exp | WIOD: Country in WIOD but no VA for this GEDS sector,2022,2014
TWN,gas,,,,,,MISSING_NO_SOURCE_ANY,NONE,,OECD: OECD ICIO has no clean line item for this sector. See OECD_ICIO_SCHEMA_AUDIT.md for the bundling exp | WIOD: C26 bundles semis; B+D35 bundles gas with oil/utilities,2022,2014
TWN,government,0.089098,0.006069,0.113819,,5,DATA_PRESENT,OECD_ICIO_2022+WIOD_2014,,"OECD: Aggregated from 2 OECD ISIC sectors; gross_output=91,125 USD m | WIOD: Aggregated from 2 NACE Rev.2 codes; employment_share NULL — SEA files not in repo",2022,2014
TWN,insurance,,,0.017535,,4,DATA_PRESENT,WIOD_2014,,OECD: OECD ICIO has no clean line item for this sector. See OECD_ICIO_SCHEMA_AUDIT.md for the bundling exp | WIOD: Aggregated from 1 NACE Rev.2 codes; employment_share NULL — SEA files not in repo,2022,2014
TWN,oil,0.003869,0.065686,0.009830,,5,DATA_PRESENT,OECD_ICIO_2022+WIOD_2014,"CONFLICT: OECD gdp_share=0.0039 (2022) vs WIOD value_added_share=0.0098 (2014), relative diff=60.64%. Vintages differ.","CONFLICT: OECD gdp_share=0.0039 (2022) vs WIOD value_added_share=0.0098 (2014), relative diff=60.64%. Vintages differ. | OECD: Aggregated from 2 OECD ISIC sectors; gross_output=41,125 USD m | WIOD: Aggregated from 2 NACE Rev.2 codes; employment_share NULL — SEA files not in repo",2022,2014
TWN,ports,0.008091,0.007315,0.008661,,5,DATA_PRESENT,OECD_ICIO_2022+WIOD_2014,,"OECD: Aggregated from 1 OECD ISIC sectors; gross_output=9,511 USD m | WIOD: Aggregated from 1 NACE Rev.2 codes; employment_share NULL — SEA files not in repo",2022,2014
TWN,semiconductors,,,,,,MISSING_NO_SOURCE_ANY,NONE,,OECD: OECD ICIO has no clean line item for this sector. See OECD_ICIO_SCHEMA_AUDIT.md for the bundling exp | WIOD: C26 bundles semis; B+D35 bundles gas with oil/utilities,2022,2014
TWN,shipping,0.024844,0.015678,0.014378,,5,DATA_PRESENT,OECD_ICIO_2022+WIOD_2014,"CONFLICT: OECD gdp_share=0.0248 (2022) vs WIOD value_added_share=0.0144 (2014), relative diff=42.13%. Vintages differ.","CONFLICT: OECD gdp_share=0.0248 (2022) vs WIOD value_added_share=0.0144 (2014), relative diff=42.13%. Vintages differ. | OECD: Aggregated from 2 OECD ISIC sectors; gross_output=32,533 USD m | WIOD: Aggregated from 2 NACE Rev.2 codes; employment_share NULL — SEA files not in repo",2022,2014
TWN,telecommunications,0.030800,0.013364,0.032535,,5,DATA_PRESENT,OECD_ICIO_2022+WIOD_2014,,"OECD: Aggregated from 3 OECD ISIC sectors; gross_output=40,175 USD m | WIOD: Aggregated from 5 NACE Rev.2 codes; employment_share NULL — SEA files not in repo",2022,2014
TWN,tourism,0.023355,0.005748,0.025214,,5,DATA_PRESENT,OECD_ICIO_2022+WIOD_2014,,"OECD: Aggregated from 1 OECD ISIC sectors; gross_output=36,926 USD m | WIOD: Aggregated from 1 NACE Rev.2 codes; employment_share NULL — SEA files not in repo",2022,2014
TWN,utilities,0.010611,0.027594,0.022027,,5,DATA_PRESENT,OECD_ICIO_2022+WIOD_2014,"CONFLICT: OECD gdp_share=0.0106 (2022) vs WIOD value_added_share=0.0220 (2014), relative diff=51.83%. Vintages differ.","CONFLICT: OECD gdp_share=0.0106 (2022) vs WIOD value_added_share=0.0220 (2014), relative diff=51.83%. Vintages differ. | OECD: Aggregated from 2 OECD ISIC sectors; gross_output=36,131 USD m | WIOD: Aggregated from 3 NACE Rev.2 codes; employment_share NULL — SEA files not in repo",2022,2014
UKR,aerospace,0.002566,0.004784,,,4,DATA_PRESENT,OECD_ICIO_2022,,"OECD: Aggregated from 1 OECD ISIC sectors; gross_output=1,389 USD m",2022,
UKR,agriculture,0.098811,0.161151,,,4,DATA_PRESENT,OECD_ICIO_2022,,"OECD: Aggregated from 3 OECD ISIC sectors; gross_output=43,110 USD m",2022,
UKR,automotive,0.001206,0.006137,,,4,DATA_PRESENT,OECD_ICIO_2022,,"OECD: Aggregated from 1 OECD ISIC sectors; gross_output=1,004 USD m",2022,
UKR,aviation,0.004984,0.019527,,,4,DATA_PRESENT,OECD_ICIO_2022,,"OECD: Aggregated from 1 OECD ISIC sectors; gross_output=3,109 USD m",2022,
UKR,banking,0.032791,0.010479,,,4,DATA_PRESENT,OECD_ICIO_2022,,"OECD: Aggregated from 1 OECD ISIC sectors; gross_output=9,167 USD m",2022,
UKR,capital_markets,,,,,,MISSING_NO_SOURCE_ANY,NONE,,OECD: OECD ICIO has no clean line item for this sector. See OECD_ICIO_SCHEMA_AUDIT.md for the bundling exp,2022,
UKR,consumer_goods,0.200861,0.332077,,,4,DATA_PRESENT,OECD_ICIO_2022,,"OECD: Aggregated from 11 OECD ISIC sectors; gross_output=98,737 USD m",2022,
UKR,electronics,0.002913,0.012545,,,4,DATA_PRESENT,OECD_ICIO_2022,,"OECD: Aggregated from 2 OECD ISIC sectors; gross_output=1,958 USD m",2022,
UKR,energy,,,,,,MISSING_NO_SOURCE_ANY,NONE,,OECD: OECD ICIO has no clean line item for this sector. See OECD_ICIO_SCHEMA_AUDIT.md for the bundling exp,2022,
UKR,gas,,,,,,MISSING_NO_SOURCE_ANY,NONE,,OECD: OECD ICIO has no clean line item for this sector. See OECD_ICIO_SCHEMA_AUDIT.md for the bundling exp,2022,
UKR,government,0.273904,0.028837,,,4,DATA_PRESENT,OECD_ICIO_2022,,"OECD: Aggregated from 2 OECD ISIC sectors; gross_output=49,994 USD m",2022,
UKR,insurance,,,,,,MISSING_NO_SOURCE_ANY,NONE,,OECD: OECD ICIO has no clean line item for this sector. See OECD_ICIO_SCHEMA_AUDIT.md for the bundling exp,2022,
UKR,oil,0.018035,0.020694,,,4,DATA_PRESENT,OECD_ICIO_2022,,"OECD: Aggregated from 2 OECD ISIC sectors; gross_output=9,381 USD m",2022,
UKR,ports,0.023476,0.022666,,,4,DATA_PRESENT,OECD_ICIO_2022,,"OECD: Aggregated from 1 OECD ISIC sectors; gross_output=7,984 USD m",2022,
UKR,semiconductors,,,,,,MISSING_NO_SOURCE_ANY,NONE,,OECD: OECD ICIO has no clean line item for this sector. See OECD_ICIO_SCHEMA_AUDIT.md for the bundling exp,2022,
UKR,shipping,0.050695,0.066430,,,4,DATA_PRESENT,OECD_ICIO_2022,,"OECD: Aggregated from 2 OECD ISIC sectors; gross_output=18,236 USD m",2022,
UKR,telecommunications,0.042590,0.087105,,,4,DATA_PRESENT,OECD_ICIO_2022,,"OECD: Aggregated from 3 OECD ISIC sectors; gross_output=15,075 USD m",2022,
UKR,tourism,0.008478,0.004968,,,4,DATA_PRESENT,OECD_ICIO_2022,,"OECD: Aggregated from 1 OECD ISIC sectors; gross_output=3,149 USD m",2022,
UKR,utilities,0.050487,0.007994,,,4,DATA_PRESENT,OECD_ICIO_2022,,"OECD: Aggregated from 2 OECD ISIC sectors; gross_output=9,220 USD m",2022,
USA,aerospace,0.005378,0.028298,0.007248,,5,DATA_PRESENT,OECD_ICIO_2022+WIOD_2014,,"OECD: Aggregated from 1 OECD ISIC sectors; gross_output=305,724 USD m | WIOD: Aggregated from 1 NACE Rev.2 codes; employment_share NULL — SEA files not in repo",2022,2014
USA,agriculture,0.012059,0.023685,0.012417,,5,DATA_PRESENT,OECD_ICIO_2022+WIOD_2014,,"OECD: Aggregated from 3 OECD ISIC sectors; gross_output=663,889 USD m | WIOD: Aggregated from 3 NACE Rev.2 codes; employment_share NULL — SEA files not in repo",2022,2014
USA,automotive,0.005998,0.045942,0.008084,,5,DATA_PRESENT,OECD_ICIO_2022+WIOD_2014,,"OECD: Aggregated from 1 OECD ISIC sectors; gross_output=733,535 USD m | WIOD: Aggregated from 1 NACE Rev.2 codes; employment_share NULL — SEA files not in repo",2022,2014
USA,aviation,0.005115,0.009136,0.004845,,5,DATA_PRESENT,OECD_ICIO_2022+WIOD_2014,,"OECD: Aggregated from 1 OECD ISIC sectors; gross_output=252,594 USD m | WIOD: Aggregated from 1 NACE Rev.2 codes; employment_share NULL — SEA files not in repo",2022,2014
USA,banking,0.079552,0.069769,0.028130,,5,DATA_PRESENT,OECD_ICIO_2022+WIOD_2014,"CONFLICT: OECD gdp_share=0.0796 (2022) vs WIOD value_added_share=0.0281 (2014), relative diff=64.64%. Vintages differ.","CONFLICT: OECD gdp_share=0.0796 (2022) vs WIOD value_added_share=0.0281 (2014), relative diff=64.64%. Vintages differ. | OECD: Aggregated from 1 OECD ISIC sectors; gross_output=3,528,094 USD m | WIOD: Aggregated from 1 NACE Rev.2 codes; employment_share NULL — SEA files not in repo",2022,2014
USA,capital_markets,,,0.014076,,4,DATA_PRESENT,WIOD_2014,,OECD: OECD ICIO has no clean line item for this sector. See OECD_ICIO_SCHEMA_AUDIT.md for the bundling exp | WIOD: Aggregated from 1 NACE Rev.2 codes; employment_share NULL — SEA files not in repo,2022,2014
USA,consumer_goods,0.166698,0.301718,0.200463,,5,DATA_PRESENT,OECD_ICIO_2022+WIOD_2014,,"OECD: Aggregated from 11 OECD ISIC sectors; gross_output=8,793,911 USD m | WIOD: Aggregated from 17 NACE Rev.2 codes; employment_share NULL — SEA files not in repo",2022,2014
USA,electronics,0.017208,0.042822,0.018544,,5,DATA_PRESENT,OECD_ICIO_2022+WIOD_2014,,"OECD: Aggregated from 2 OECD ISIC sectors; gross_output=646,395 USD m | WIOD: Aggregated from 2 NACE Rev.2 codes; employment_share NULL — SEA files not in repo",2022,2014
USA,energy,,,,,,MISSING_NO_SOURCE_ANY,NONE,,OECD: OECD ICIO has no clean line item for this sector. See OECD_ICIO_SCHEMA_AUDIT.md for the bundling exp | WIOD: Country in WIOD but no VA for this GEDS sector,2022,2014
USA,gas,,,,,,MISSING_NO_SOURCE_ANY,NONE,,OECD: OECD ICIO has no clean line item for this sector. See OECD_ICIO_SCHEMA_AUDIT.md for the bundling exp | WIOD: C26 bundles semis; B+D35 bundles gas with oil/utilities,2022,2014
USA,government,0.129790,0.029130,0.142228,,5,DATA_PRESENT,OECD_ICIO_2022+WIOD_2014,,"OECD: Aggregated from 2 OECD ISIC sectors; gross_output=5,145,937 USD m | WIOD: Aggregated from 2 NACE Rev.2 codes; employment_share NULL — SEA files not in repo",2022,2014
USA,insurance,,,0.028285,,4,DATA_PRESENT,WIOD_2014,,OECD: OECD ICIO has no clean line item for this sector. See OECD_ICIO_SCHEMA_AUDIT.md for the bundling exp | WIOD: Aggregated from 1 NACE Rev.2 codes; employment_share NULL — SEA files not in repo,2022,2014
USA,oil,0.023260,0.118782,0.035965,,5,DATA_PRESENT,OECD_ICIO_2022+WIOD_2014,"CONFLICT: OECD gdp_share=0.0233 (2022) vs WIOD value_added_share=0.0360 (2014), relative diff=35.33%. Vintages differ.","CONFLICT: OECD gdp_share=0.0233 (2022) vs WIOD value_added_share=0.0360 (2014), relative diff=35.33%. Vintages differ. | OECD: Aggregated from 2 OECD ISIC sectors; gross_output=1,595,141 USD m | WIOD: Aggregated from 2 NACE Rev.2 codes; employment_share NULL — SEA files not in repo",2022,2014
USA,ports,0.009040,0.004983,0.006113,,5,DATA_PRESENT,OECD_ICIO_2022+WIOD_2014,"CONFLICT: OECD gdp_share=0.0090 (2022) vs WIOD value_added_share=0.0061 (2014), relative diff=32.38%. Vintages differ.","CONFLICT: OECD gdp_share=0.0090 (2022) vs WIOD value_added_share=0.0061 (2014), relative diff=32.38%. Vintages differ. | OECD: Aggregated from 1 OECD ISIC sectors; gross_output=428,398 USD m | WIOD: Aggregated from 1 NACE Rev.2 codes; employment_share NULL — SEA files not in repo",2022,2014
USA,semiconductors,,,,,,MISSING_NO_SOURCE_ANY,NONE,,OECD: OECD ICIO has no clean line item for this sector. See OECD_ICIO_SCHEMA_AUDIT.md for the bundling exp | WIOD: C26 bundles semis; B+D35 bundles gas with oil/utilities,2022,2014
USA,shipping,0.016386,0.022456,0.014885,,5,DATA_PRESENT,OECD_ICIO_2022+WIOD_2014,,"OECD: Aggregated from 2 OECD ISIC sectors; gross_output=873,619 USD m | WIOD: Aggregated from 2 NACE Rev.2 codes; employment_share NULL — SEA files not in repo",2022,2014
USA,telecommunications,0.067501,0.054263,0.065227,,5,DATA_PRESENT,OECD_ICIO_2022+WIOD_2014,,"OECD: Aggregated from 3 OECD ISIC sectors; gross_output=2,968,919 USD m | WIOD: Aggregated from 5 NACE Rev.2 codes; employment_share NULL — SEA files not in repo",2022,2014
USA,tourism,0.027949,0.018505,0.028129,,5,DATA_PRESENT,OECD_ICIO_2022+WIOD_2014,,"OECD: Aggregated from 1 OECD ISIC sectors; gross_output=1,397,056 USD m | WIOD: Aggregated from 1 NACE Rev.2 codes; employment_share NULL — SEA files not in repo",2022,2014
USA,utilities,0.019278,0.013009,0.018666,,5,DATA_PRESENT,OECD_ICIO_2022+WIOD_2014,,"OECD: Aggregated from 2 OECD ISIC sectors; gross_output=842,492 USD m | WIOD: Aggregated from 3 NACE Rev.2 codes; employment_share NULL — SEA files not in repo",2022,2014
VNM,aerospace,0.002256,0.007338,,,4,DATA_PRESENT,OECD_ICIO_2022,,"OECD: Aggregated from 1 OECD ISIC sectors; gross_output=4,840 USD m",2022,
VNM,agriculture,0.110114,0.043442,,,4,DATA_PRESENT,OECD_ICIO_2022,,"OECD: Aggregated from 3 OECD ISIC sectors; gross_output=185,042 USD m",2022,
VNM,automotive,0.003873,0.012844,,,4,DATA_PRESENT,OECD_ICIO_2022,,"OECD: Aggregated from 1 OECD ISIC sectors; gross_output=8,574 USD m",2022,
VNM,aviation,0.003475,0.004376,,,4,DATA_PRESENT,OECD_ICIO_2022,,"OECD: Aggregated from 1 OECD ISIC sectors; gross_output=10,524 USD m",2022,
VNM,banking,0.031498,0.003982,,,4,DATA_PRESENT,OECD_ICIO_2022,,"OECD: Aggregated from 1 OECD ISIC sectors; gross_output=33,176 USD m",2022,
VNM,capital_markets,,,,,,MISSING_NO_SOURCE_ANY,NONE,,OECD: OECD ICIO has no clean line item for this sector. See OECD_ICIO_SCHEMA_AUDIT.md for the bundling exp,2022,
VNM,consumer_goods,0.279598,0.393418,,,4,DATA_PRESENT,OECD_ICIO_2022,,"OECD: Aggregated from 11 OECD ISIC sectors; gross_output=486,671 USD m",2022,
VNM,electronics,0.151430,0.353028,,,4,DATA_PRESENT,OECD_ICIO_2022,,"OECD: Aggregated from 2 OECD ISIC sectors; gross_output=247,043 USD m",2022,
VNM,energy,,,,,,MISSING_NO_SOURCE_ANY,NONE,,OECD: OECD ICIO has no clean line item for this sector. See OECD_ICIO_SCHEMA_AUDIT.md for the bundling exp,2022,
VNM,gas,,,,,,MISSING_NO_SOURCE_ANY,NONE,,OECD: OECD ICIO has no clean line item for this sector. See OECD_ICIO_SCHEMA_AUDIT.md for the bundling exp,2022,
VNM,government,0.053104,0.004663,,,4,DATA_PRESENT,OECD_ICIO_2022,,"OECD: Aggregated from 2 OECD ISIC sectors; gross_output=38,441 USD m",2022,
VNM,insurance,,,,,,MISSING_NO_SOURCE_ANY,NONE,,OECD: OECD ICIO has no clean line item for this sector. See OECD_ICIO_SCHEMA_AUDIT.md for the bundling exp,2022,
VNM,oil,0.010576,0.024788,,,4,DATA_PRESENT,OECD_ICIO_2022,,"OECD: Aggregated from 2 OECD ISIC sectors; gross_output=46,116 USD m",2022,
VNM,ports,0.008046,0.004320,,,4,DATA_PRESENT,OECD_ICIO_2022,,"OECD: Aggregated from 1 OECD ISIC sectors; gross_output=11,651 USD m",2022,
VNM,semiconductors,,,,,,MISSING_NO_SOURCE_ANY,NONE,,OECD: OECD ICIO has no clean line item for this sector. See OECD_ICIO_SCHEMA_AUDIT.md for the bundling exp,2022,
VNM,shipping,0.015981,0.014188,,,4,DATA_PRESENT,OECD_ICIO_2022,,"OECD: Aggregated from 2 OECD ISIC sectors; gross_output=26,871 USD m",2022,
VNM,telecommunications,0.016725,0.007909,,,4,DATA_PRESENT,OECD_ICIO_2022,,"OECD: Aggregated from 3 OECD ISIC sectors; gross_output=23,296 USD m",2022,
VNM,tourism,0.022590,0.005329,,,4,DATA_PRESENT,OECD_ICIO_2022,,"OECD: Aggregated from 1 OECD ISIC sectors; gross_output=34,287 USD m",2022,
VNM,utilities,0.042400,0.013926,,,4,DATA_PRESENT,OECD_ICIO_2022,,"OECD: Aggregated from 2 OECD ISIC sectors; gross_output=62,723 USD m",2022,
ZAF,aerospace,0.001593,0.003288,,,4,DATA_PRESENT,OECD_ICIO_2022,,"OECD: Aggregated from 1 OECD ISIC sectors; gross_output=1,116 USD m",2022,
ZAF,agriculture,0.023253,0.057266,,,4,DATA_PRESENT,OECD_ICIO_2022,,"OECD: Aggregated from 3 OECD ISIC sectors; gross_output=29,746 USD m",2022,
ZAF,automotive,0.008608,0.087043,,,4,DATA_PRESENT,OECD_ICIO_2022,,"OECD: Aggregated from 1 OECD ISIC sectors; gross_output=18,394 USD m",2022,
ZAF,aviation,0.001607,0.014183,,,4,DATA_PRESENT,OECD_ICIO_2022,,"OECD: Aggregated from 1 OECD ISIC sectors; gross_output=3,276 USD m",2022,
ZAF,banking,0.130929,0.005730,,,4,DATA_PRESENT,OECD_ICIO_2022,,"OECD: Aggregated from 1 OECD ISIC sectors; gross_output=53,280 USD m",2022,
ZAF,capital_markets,,,,,,MISSING_NO_SOURCE_ANY,NONE,,OECD: OECD ICIO has no clean line item for this sector. See OECD_ICIO_SCHEMA_AUDIT.md for the bundling exp,2022,
ZAF,consumer_goods,0.149141,0.277789,,,4,DATA_PRESENT,OECD_ICIO_2022,,"OECD: Aggregated from 11 OECD ISIC sectors; gross_output=146,982 USD m",2022,
ZAF,electronics,0.004267,0.022650,,,4,DATA_PRESENT,OECD_ICIO_2022,,"OECD: Aggregated from 2 OECD ISIC sectors; gross_output=6,004 USD m",2022,
ZAF,energy,,,,,,MISSING_NO_SOURCE_ANY,NONE,,OECD: OECD ICIO has no clean line item for this sector. See OECD_ICIO_SCHEMA_AUDIT.md for the bundling exp,2022,
ZAF,gas,,,,,,MISSING_NO_SOURCE_ANY,NONE,,OECD: OECD ICIO has no clean line item for this sector. See OECD_ICIO_SCHEMA_AUDIT.md for the bundling exp,2022,
ZAF,government,0.052996,0.030817,,,4,DATA_PRESENT,OECD_ICIO_2022,,"OECD: Aggregated from 2 OECD ISIC sectors; gross_output=75,830 USD m",2022,
ZAF,insurance,,,,,,MISSING_NO_SOURCE_ANY,NONE,,OECD: OECD ICIO has no clean line item for this sector. See OECD_ICIO_SCHEMA_AUDIT.md for the bundling exp,2022,
ZAF,oil,0.013953,0.059976,,,4,DATA_PRESENT,OECD_ICIO_2022,,"OECD: Aggregated from 2 OECD ISIC sectors; gross_output=24,792 USD m",2022,
ZAF,ports,0.007074,0.017863,,,4,DATA_PRESENT,OECD_ICIO_2022,,"OECD: Aggregated from 1 OECD ISIC sectors; gross_output=10,883 USD m",2022,
ZAF,semiconductors,,,,,,MISSING_NO_SOURCE_ANY,NONE,,OECD: OECD ICIO has no clean line item for this sector. See OECD_ICIO_SCHEMA_AUDIT.md for the bundling exp,2022,
ZAF,shipping,0.018293,0.027141,,,4,DATA_PRESENT,OECD_ICIO_2022,,"OECD: Aggregated from 2 OECD ISIC sectors; gross_output=17,975 USD m",2022,
ZAF,telecommunications,0.058995,0.019476,,,4,DATA_PRESENT,OECD_ICIO_2022,,"OECD: Aggregated from 3 OECD ISIC sectors; gross_output=36,080 USD m",2022,
ZAF,tourism,0.006992,0.004240,,,4,DATA_PRESENT,OECD_ICIO_2022,,"OECD: Aggregated from 1 OECD ISIC sectors; gross_output=8,760 USD m",2022,
ZAF,utilities,0.027894,0.020681,,,4,DATA_PRESENT,OECD_ICIO_2022,,"OECD: Aggregated from 2 OECD ISIC sectors; gross_output=27,130 USD m",2022,
