country_iso3,sector,gdp_share,employment_share,trade_share,confidence,presence_status,evidence_source,note,year_used
AGO,semiconductors,,,,,MISSING_OECD_HAS_NO_SOURCE,OECD_ICIO_DOES_NOT_SEPARATE_THIS_SECTOR,OECD ICIO has no clean line item for this sector. See OECD_ICIO_SCHEMA_AUDIT.md for the bundling explanation. Requires supplementary source (SIA / EIA / ECB) — NOT in repo.,2022
AGO,automotive,0.004853,,0.004711,5,DATA_PRESENT,OECD_ICIO,"Aggregated from 1 OECD ISIC sectors; gross_output=1,460 USD m",2022
AGO,electronics,0.005844,,0.003260,5,DATA_PRESENT,OECD_ICIO,"Aggregated from 2 OECD ISIC sectors; gross_output=1,318 USD m",2022
AGO,aerospace,0.000114,,0.000176,5,DATA_PRESENT,OECD_ICIO,Aggregated from 1 OECD ISIC sectors; gross_output=32 USD m,2022
AGO,shipping,0.011013,,0.013418,5,DATA_PRESENT,OECD_ICIO,"Aggregated from 2 OECD ISIC sectors; gross_output=2,303 USD m",2022
AGO,energy,,,,,MISSING_OECD_HAS_NO_SOURCE,OECD_ICIO_DOES_NOT_SEPARATE_THIS_SECTOR,OECD ICIO has no clean line item for this sector. See OECD_ICIO_SCHEMA_AUDIT.md for the bundling explanation. Requires supplementary source (SIA / EIA / ECB) — NOT in repo.,2022
AGO,consumer_goods,0.102701,,0.051435,5,DATA_PRESENT,OECD_ICIO,"Aggregated from 11 OECD ISIC sectors; gross_output=19,987 USD m",2022
AGO,banking,0.023658,,0.004339,5,DATA_PRESENT,OECD_ICIO,"Aggregated from 1 OECD ISIC sectors; gross_output=3,852 USD m",2022
AGO,insurance,,,,,MISSING_OECD_HAS_NO_SOURCE,OECD_ICIO_DOES_NOT_SEPARATE_THIS_SECTOR,OECD ICIO has no clean line item for this sector. See OECD_ICIO_SCHEMA_AUDIT.md for the bundling explanation. Requires supplementary source (SIA / EIA / ECB) — NOT in repo.,2022
AGO,capital_markets,,,,,MISSING_OECD_HAS_NO_SOURCE,OECD_ICIO_DOES_NOT_SEPARATE_THIS_SECTOR,OECD ICIO has no clean line item for this sector. See OECD_ICIO_SCHEMA_AUDIT.md for the bundling explanation. Requires supplementary source (SIA / EIA / ECB) — NOT in repo.,2022
AGO,oil,0.298108,,0.800752,5,DATA_PRESENT,OECD_ICIO,"Aggregated from 2 OECD ISIC sectors; gross_output=46,956 USD m",2022
AGO,gas,,,,,MISSING_OECD_HAS_NO_SOURCE,OECD_ICIO_DOES_NOT_SEPARATE_THIS_SECTOR,OECD ICIO has no clean line item for this sector. See OECD_ICIO_SCHEMA_AUDIT.md for the bundling explanation. Requires supplementary source (SIA / EIA / ECB) — NOT in repo.,2022
AGO,utilities,0.034291,,0.023069,5,DATA_PRESENT,OECD_ICIO,"Aggregated from 2 OECD ISIC sectors; gross_output=7,096 USD m",2022
AGO,aviation,0.004507,,0.007313,5,DATA_PRESENT,OECD_ICIO,"Aggregated from 1 OECD ISIC sectors; gross_output=1,656 USD m",2022
AGO,ports,0.005543,,0.003342,5,DATA_PRESENT,OECD_ICIO,"Aggregated from 1 OECD ISIC sectors; gross_output=1,059 USD m",2022
AGO,telecommunications,0.030281,,0.005150,5,DATA_PRESENT,OECD_ICIO,"Aggregated from 3 OECD ISIC sectors; gross_output=5,231 USD m",2022
AGO,agriculture,0.081524,,0.006109,5,DATA_PRESENT,OECD_ICIO,"Aggregated from 3 OECD ISIC sectors; gross_output=15,498 USD m",2022
AGO,tourism,0.017792,,0.001394,5,DATA_PRESENT,OECD_ICIO,"Aggregated from 1 OECD ISIC sectors; gross_output=3,325 USD m",2022
AGO,government,0.111887,,0.007197,5,DATA_PRESENT,OECD_ICIO,"Aggregated from 2 OECD ISIC sectors; gross_output=15,220 USD m",2022
ARE,semiconductors,,,,,MISSING_OECD_HAS_NO_SOURCE,OECD_ICIO_DOES_NOT_SEPARATE_THIS_SECTOR,OECD ICIO has no clean line item for this sector. See OECD_ICIO_SCHEMA_AUDIT.md for the bundling explanation. Requires supplementary source (SIA / EIA / ECB) — NOT in repo.,2022
ARE,automotive,0.004076,,0.006044,5,DATA_PRESENT,OECD_ICIO,"Aggregated from 1 OECD ISIC sectors; gross_output=7,136 USD m",2022
ARE,electronics,0.015688,,0.018928,5,DATA_PRESENT,OECD_ICIO,"Aggregated from 2 OECD ISIC sectors; gross_output=19,679 USD m",2022
ARE,aerospace,0.001859,,0.002783,5,DATA_PRESENT,OECD_ICIO,"Aggregated from 1 OECD ISIC sectors; gross_output=2,994 USD m",2022
ARE,shipping,0.015355,,0.026940,5,DATA_PRESENT,OECD_ICIO,"Aggregated from 2 OECD ISIC sectors; gross_output=17,309 USD m",2022
ARE,energy,,,,,MISSING_OECD_HAS_NO_SOURCE,OECD_ICIO_DOES_NOT_SEPARATE_THIS_SECTOR,OECD ICIO has no clean line item for this sector. See OECD_ICIO_SCHEMA_AUDIT.md for the bundling explanation. Requires supplementary source (SIA / EIA / ECB) — NOT in repo.,2022
ARE,consumer_goods,0.150724,,0.149882,5,DATA_PRESENT,OECD_ICIO,"Aggregated from 11 OECD ISIC sectors; gross_output=149,877 USD m",2022
ARE,banking,0.033073,,0.034221,5,DATA_PRESENT,OECD_ICIO,"Aggregated from 1 OECD ISIC sectors; gross_output=29,101 USD m",2022
ARE,insurance,,,,,MISSING_OECD_HAS_NO_SOURCE,OECD_ICIO_DOES_NOT_SEPARATE_THIS_SECTOR,OECD ICIO has no clean line item for this sector. See OECD_ICIO_SCHEMA_AUDIT.md for the bundling explanation. Requires supplementary source (SIA / EIA / ECB) — NOT in repo.,2022
ARE,capital_markets,,,,,MISSING_OECD_HAS_NO_SOURCE,OECD_ICIO_DOES_NOT_SEPARATE_THIS_SECTOR,OECD ICIO has no clean line item for this sector. See OECD_ICIO_SCHEMA_AUDIT.md for the bundling explanation. Requires supplementary source (SIA / EIA / ECB) — NOT in repo.,2022
ARE,oil,0.270040,,0.363986,5,DATA_PRESENT,OECD_ICIO,"Aggregated from 2 OECD ISIC sectors; gross_output=223,594 USD m",2022
ARE,gas,,,,,MISSING_OECD_HAS_NO_SOURCE,OECD_ICIO_DOES_NOT_SEPARATE_THIS_SECTOR,OECD ICIO has no clean line item for this sector. See OECD_ICIO_SCHEMA_AUDIT.md for the bundling explanation. Requires supplementary source (SIA / EIA / ECB) — NOT in repo.,2022
ARE,utilities,0.048569,,0.006013,5,DATA_PRESENT,OECD_ICIO,"Aggregated from 2 OECD ISIC sectors; gross_output=35,446 USD m",2022
ARE,aviation,0.006061,,0.029084,5,DATA_PRESENT,OECD_ICIO,"Aggregated from 1 OECD ISIC sectors; gross_output=13,265 USD m",2022
ARE,ports,0.009116,,0.009448,5,DATA_PRESENT,OECD_ICIO,"Aggregated from 1 OECD ISIC sectors; gross_output=7,057 USD m",2022
ARE,telecommunications,0.039841,,0.041265,5,DATA_PRESENT,OECD_ICIO,"Aggregated from 3 OECD ISIC sectors; gross_output=37,449 USD m",2022
ARE,agriculture,0.011334,,0.008276,5,DATA_PRESENT,OECD_ICIO,"Aggregated from 3 OECD ISIC sectors; gross_output=8,666 USD m",2022
ARE,tourism,0.018575,,0.062376,5,DATA_PRESENT,OECD_ICIO,"Aggregated from 1 OECD ISIC sectors; gross_output=31,499 USD m",2022
ARE,government,0.082360,,0.010937,5,DATA_PRESENT,OECD_ICIO,"Aggregated from 2 OECD ISIC sectors; gross_output=58,329 USD m",2022
ARG,semiconductors,,,,,MISSING_OECD_HAS_NO_SOURCE,OECD_ICIO_DOES_NOT_SEPARATE_THIS_SECTOR,OECD ICIO has no clean line item for this sector. See OECD_ICIO_SCHEMA_AUDIT.md for the bundling explanation. Requires supplementary source (SIA / EIA / ECB) — NOT in repo.,2022
ARG,automotive,0.012291,,0.057184,5,DATA_PRESENT,OECD_ICIO,"Aggregated from 1 OECD ISIC sectors; gross_output=26,022 USD m",2022
ARG,electronics,0.004786,,0.010702,5,DATA_PRESENT,OECD_ICIO,"Aggregated from 2 OECD ISIC sectors; gross_output=9,261 USD m",2022
ARG,aerospace,0.000787,,0.005229,5,DATA_PRESENT,OECD_ICIO,Aggregated from 1 OECD ISIC sectors; gross_output=915 USD m,2022
ARG,shipping,0.019549,,0.031427,5,DATA_PRESENT,OECD_ICIO,"Aggregated from 2 OECD ISIC sectors; gross_output=30,485 USD m",2022
ARG,energy,,,,,MISSING_OECD_HAS_NO_SOURCE,OECD_ICIO_DOES_NOT_SEPARATE_THIS_SECTOR,OECD ICIO has no clean line item for this sector. See OECD_ICIO_SCHEMA_AUDIT.md for the bundling explanation. Requires supplementary source (SIA / EIA / ECB) — NOT in repo.,2022
ARG,consumer_goods,0.339736,,0.452547,5,DATA_PRESENT,OECD_ICIO,"Aggregated from 11 OECD ISIC sectors; gross_output=376,356 USD m",2022
ARG,banking,0.027828,,0.006278,5,DATA_PRESENT,OECD_ICIO,"Aggregated from 1 OECD ISIC sectors; gross_output=27,833 USD m",2022
ARG,insurance,,,,,MISSING_OECD_HAS_NO_SOURCE,OECD_ICIO_DOES_NOT_SEPARATE_THIS_SECTOR,OECD ICIO has no clean line item for this sector. See OECD_ICIO_SCHEMA_AUDIT.md for the bundling explanation. Requires supplementary source (SIA / EIA / ECB) — NOT in repo.,2022
ARG,capital_markets,,,,,MISSING_OECD_HAS_NO_SOURCE,OECD_ICIO_DOES_NOT_SEPARATE_THIS_SECTOR,OECD ICIO has no clean line item for this sector. See OECD_ICIO_SCHEMA_AUDIT.md for the bundling explanation. Requires supplementary source (SIA / EIA / ECB) — NOT in repo.,2022
ARG,oil,0.026666,,0.066433,5,DATA_PRESENT,OECD_ICIO,"Aggregated from 2 OECD ISIC sectors; gross_output=47,987 USD m",2022
ARG,gas,,,,,MISSING_OECD_HAS_NO_SOURCE,OECD_ICIO_DOES_NOT_SEPARATE_THIS_SECTOR,OECD ICIO has no clean line item for this sector. See OECD_ICIO_SCHEMA_AUDIT.md for the bundling explanation. Requires supplementary source (SIA / EIA / ECB) — NOT in repo.,2022
ARG,utilities,0.009388,,0.020144,5,DATA_PRESENT,OECD_ICIO,"Aggregated from 2 OECD ISIC sectors; gross_output=21,663 USD m",2022
ARG,aviation,0.003328,,0.008998,5,DATA_PRESENT,OECD_ICIO,"Aggregated from 1 OECD ISIC sectors; gross_output=6,972 USD m",2022
ARG,ports,0.010975,,0.015760,5,DATA_PRESENT,OECD_ICIO,"Aggregated from 1 OECD ISIC sectors; gross_output=11,318 USD m",2022
ARG,telecommunications,0.033379,,0.037643,5,DATA_PRESENT,OECD_ICIO,"Aggregated from 3 OECD ISIC sectors; gross_output=38,455 USD m",2022
ARG,agriculture,0.075641,,0.132181,5,DATA_PRESENT,OECD_ICIO,"Aggregated from 3 OECD ISIC sectors; gross_output=76,879 USD m",2022
ARG,tourism,0.020448,,0.017138,5,DATA_PRESENT,OECD_ICIO,"Aggregated from 1 OECD ISIC sectors; gross_output=28,800 USD m",2022
ARG,government,0.135110,,0.014610,5,DATA_PRESENT,OECD_ICIO,"Aggregated from 2 OECD ISIC sectors; gross_output=96,300 USD m",2022
AUS,semiconductors,,,,,MISSING_OECD_HAS_NO_SOURCE,OECD_ICIO_DOES_NOT_SEPARATE_THIS_SECTOR,OECD ICIO has no clean line item for this sector. See OECD_ICIO_SCHEMA_AUDIT.md for the bundling explanation. Requires supplementary source (SIA / EIA / ECB) — NOT in repo.,2022
AUS,automotive,0.002227,,0.006661,5,DATA_PRESENT,OECD_ICIO,"Aggregated from 1 OECD ISIC sectors; gross_output=10,356 USD m",2022
AUS,electronics,0.004659,,0.009870,5,DATA_PRESENT,OECD_ICIO,"Aggregated from 2 OECD ISIC sectors; gross_output=14,937 USD m",2022
AUS,aerospace,0.001357,,0.004811,5,DATA_PRESENT,OECD_ICIO,"Aggregated from 1 OECD ISIC sectors; gross_output=7,239 USD m",2022
AUS,shipping,0.020168,,0.020886,5,DATA_PRESENT,OECD_ICIO,"Aggregated from 2 OECD ISIC sectors; gross_output=74,542 USD m",2022
AUS,energy,,,,,MISSING_OECD_HAS_NO_SOURCE,OECD_ICIO_DOES_NOT_SEPARATE_THIS_SECTOR,OECD ICIO has no clean line item for this sector. See OECD_ICIO_SCHEMA_AUDIT.md for the bundling explanation. Requires supplementary source (SIA / EIA / ECB) — NOT in repo.,2022
AUS,consumer_goods,0.129080,,0.170254,5,DATA_PRESENT,OECD_ICIO,"Aggregated from 11 OECD ISIC sectors; gross_output=467,353 USD m",2022
AUS,banking,0.073535,,0.012945,5,DATA_PRESENT,OECD_ICIO,"Aggregated from 1 OECD ISIC sectors; gross_output=198,024 USD m",2022
AUS,insurance,,,,,MISSING_OECD_HAS_NO_SOURCE,OECD_ICIO_DOES_NOT_SEPARATE_THIS_SECTOR,OECD ICIO has no clean line item for this sector. See OECD_ICIO_SCHEMA_AUDIT.md for the bundling explanation. Requires supplementary source (SIA / EIA / ECB) — NOT in repo.,2022
AUS,capital_markets,,,,,MISSING_OECD_HAS_NO_SOURCE,OECD_ICIO_DOES_NOT_SEPARATE_THIS_SECTOR,OECD ICIO has no clean line item for this sector. See OECD_ICIO_SCHEMA_AUDIT.md for the bundling explanation. Requires supplementary source (SIA / EIA / ECB) — NOT in repo.,2022
AUS,oil,0.043841,,0.133453,5,DATA_PRESENT,OECD_ICIO,"Aggregated from 2 OECD ISIC sectors; gross_output=100,549 USD m",2022
AUS,gas,,,,,MISSING_OECD_HAS_NO_SOURCE,OECD_ICIO_DOES_NOT_SEPARATE_THIS_SECTOR,OECD ICIO has no clean line item for this sector. See OECD_ICIO_SCHEMA_AUDIT.md for the bundling explanation. Requires supplementary source (SIA / EIA / ECB) — NOT in repo.,2022
AUS,utilities,0.019921,,0.011292,5,DATA_PRESENT,OECD_ICIO,"Aggregated from 2 OECD ISIC sectors; gross_output=98,457 USD m",2022
AUS,aviation,0.004655,,0.011321,5,DATA_PRESENT,OECD_ICIO,"Aggregated from 1 OECD ISIC sectors; gross_output=21,713 USD m",2022
AUS,ports,0.017966,,0.009887,5,DATA_PRESENT,OECD_ICIO,"Aggregated from 1 OECD ISIC sectors; gross_output=62,658 USD m",2022
AUS,telecommunications,0.040285,,0.023107,5,DATA_PRESENT,OECD_ICIO,"Aggregated from 3 OECD ISIC sectors; gross_output=146,265 USD m",2022
AUS,agriculture,0.027454,,0.040018,5,DATA_PRESENT,OECD_ICIO,"Aggregated from 3 OECD ISIC sectors; gross_output=98,238 USD m",2022
AUS,tourism,0.023887,,0.012290,5,DATA_PRESENT,OECD_ICIO,"Aggregated from 1 OECD ISIC sectors; gross_output=78,743 USD m",2022
AUS,government,0.099608,,0.025523,5,DATA_PRESENT,OECD_ICIO,"Aggregated from 2 OECD ISIC sectors; gross_output=263,067 USD m",2022
AUT,semiconductors,,,,,MISSING_OECD_HAS_NO_SOURCE,OECD_ICIO_DOES_NOT_SEPARATE_THIS_SECTOR,OECD ICIO has no clean line item for this sector. See OECD_ICIO_SCHEMA_AUDIT.md for the bundling explanation. Requires supplementary source (SIA / EIA / ECB) — NOT in repo.,2022
AUT,automotive,0.010738,,0.056478,5,DATA_PRESENT,OECD_ICIO,"Aggregated from 1 OECD ISIC sectors; gross_output=18,867 USD m",2022
AUT,electronics,0.026228,,0.079201,5,DATA_PRESENT,OECD_ICIO,"Aggregated from 2 OECD ISIC sectors; gross_output=30,393 USD m",2022
AUT,aerospace,0.003106,,0.014887,5,DATA_PRESENT,OECD_ICIO,"Aggregated from 1 OECD ISIC sectors; gross_output=4,699 USD m",2022
AUT,shipping,0.026940,,0.038446,5,DATA_PRESENT,OECD_ICIO,"Aggregated from 2 OECD ISIC sectors; gross_output=22,575 USD m",2022
AUT,energy,,,,,MISSING_OECD_HAS_NO_SOURCE,OECD_ICIO_DOES_NOT_SEPARATE_THIS_SECTOR,OECD ICIO has no clean line item for this sector. See OECD_ICIO_SCHEMA_AUDIT.md for the bundling explanation. Requires supplementary source (SIA / EIA / ECB) — NOT in repo.,2022
AUT,consumer_goods,0.234396,,0.392236,5,DATA_PRESENT,OECD_ICIO,"Aggregated from 11 OECD ISIC sectors; gross_output=253,311 USD m",2022
AUT,banking,0.047459,,0.018822,5,DATA_PRESENT,OECD_ICIO,"Aggregated from 1 OECD ISIC sectors; gross_output=35,847 USD m",2022
AUT,insurance,,,,,MISSING_OECD_HAS_NO_SOURCE,OECD_ICIO_DOES_NOT_SEPARATE_THIS_SECTOR,OECD ICIO has no clean line item for this sector. See OECD_ICIO_SCHEMA_AUDIT.md for the bundling explanation. Requires supplementary source (SIA / EIA / ECB) — NOT in repo.,2022
AUT,capital_markets,,,,,MISSING_OECD_HAS_NO_SOURCE,OECD_ICIO_DOES_NOT_SEPARATE_THIS_SECTOR,OECD ICIO has no clean line item for this sector. See OECD_ICIO_SCHEMA_AUDIT.md for the bundling explanation. Requires supplementary source (SIA / EIA / ECB) — NOT in repo.,2022
AUT,oil,0.004440,,0.021375,5,DATA_PRESENT,OECD_ICIO,"Aggregated from 2 OECD ISIC sectors; gross_output=9,751 USD m",2022
AUT,gas,,,,,MISSING_OECD_HAS_NO_SOURCE,OECD_ICIO_DOES_NOT_SEPARATE_THIS_SECTOR,OECD ICIO has no clean line item for this sector. See OECD_ICIO_SCHEMA_AUDIT.md for the bundling explanation. Requires supplementary source (SIA / EIA / ECB) — NOT in repo.,2022
AUT,utilities,0.030059,,0.052861,5,DATA_PRESENT,OECD_ICIO,"Aggregated from 2 OECD ISIC sectors; gross_output=84,407 USD m",2022
AUT,aviation,0.002406,,0.009985,5,DATA_PRESENT,OECD_ICIO,"Aggregated from 1 OECD ISIC sectors; gross_output=4,384 USD m",2022
AUT,ports,0.021307,,0.015964,5,DATA_PRESENT,OECD_ICIO,"Aggregated from 1 OECD ISIC sectors; gross_output=15,604 USD m",2022
AUT,telecommunications,0.039301,,0.037333,5,DATA_PRESENT,OECD_ICIO,"Aggregated from 3 OECD ISIC sectors; gross_output=35,186 USD m",2022
AUT,agriculture,0.015397,,0.011147,5,DATA_PRESENT,OECD_ICIO,"Aggregated from 3 OECD ISIC sectors; gross_output=14,760 USD m",2022
AUT,tourism,0.035054,,0.015274,5,DATA_PRESENT,OECD_ICIO,"Aggregated from 1 OECD ISIC sectors; gross_output=29,893 USD m",2022
AUT,government,0.101837,,0.012013,5,DATA_PRESENT,OECD_ICIO,"Aggregated from 2 OECD ISIC sectors; gross_output=62,125 USD m",2022
BEL,semiconductors,,,,,MISSING_OECD_HAS_NO_SOURCE,OECD_ICIO_DOES_NOT_SEPARATE_THIS_SECTOR,OECD ICIO has no clean line item for this sector. See OECD_ICIO_SCHEMA_AUDIT.md for the bundling explanation. Requires supplementary source (SIA / EIA / ECB) — NOT in repo.,2022
BEL,automotive,0.004590,,0.029779,5,DATA_PRESENT,OECD_ICIO,"Aggregated from 1 OECD ISIC sectors; gross_output=17,077 USD m",2022
BEL,electronics,0.005265,,0.014103,5,DATA_PRESENT,OECD_ICIO,"Aggregated from 2 OECD ISIC sectors; gross_output=8,835 USD m",2022
BEL,aerospace,0.001234,,0.002203,5,DATA_PRESENT,OECD_ICIO,"Aggregated from 1 OECD ISIC sectors; gross_output=2,114 USD m",2022
BEL,shipping,0.021207,,0.033463,5,DATA_PRESENT,OECD_ICIO,"Aggregated from 2 OECD ISIC sectors; gross_output=30,111 USD m",2022
BEL,energy,,,,,MISSING_OECD_HAS_NO_SOURCE,OECD_ICIO_DOES_NOT_SEPARATE_THIS_SECTOR,OECD ICIO has no clean line item for this sector. See OECD_ICIO_SCHEMA_AUDIT.md for the bundling explanation. Requires supplementary source (SIA / EIA / ECB) — NOT in repo.,2022
BEL,consumer_goods,0.225690,,0.403718,5,DATA_PRESENT,OECD_ICIO,"Aggregated from 11 OECD ISIC sectors; gross_output=339,003 USD m",2022
BEL,banking,0.058002,,0.047637,5,DATA_PRESENT,OECD_ICIO,"Aggregated from 1 OECD ISIC sectors; gross_output=72,657 USD m",2022
BEL,insurance,,,,,MISSING_OECD_HAS_NO_SOURCE,OECD_ICIO_DOES_NOT_SEPARATE_THIS_SECTOR,OECD ICIO has no clean line item for this sector. See OECD_ICIO_SCHEMA_AUDIT.md for the bundling explanation. Requires supplementary source (SIA / EIA / ECB) — NOT in repo.,2022
BEL,capital_markets,,,,,MISSING_OECD_HAS_NO_SOURCE,OECD_ICIO_DOES_NOT_SEPARATE_THIS_SECTOR,OECD ICIO has no clean line item for this sector. See OECD_ICIO_SCHEMA_AUDIT.md for the bundling explanation. Requires supplementary source (SIA / EIA / ECB) — NOT in repo.,2022
BEL,oil,0.004189,,0.062858,5,DATA_PRESENT,OECD_ICIO,"Aggregated from 2 OECD ISIC sectors; gross_output=39,930 USD m",2022
BEL,gas,,,,,MISSING_OECD_HAS_NO_SOURCE,OECD_ICIO_DOES_NOT_SEPARATE_THIS_SECTOR,OECD ICIO has no clean line item for this sector. See OECD_ICIO_SCHEMA_AUDIT.md for the bundling explanation. Requires supplementary source (SIA / EIA / ECB) — NOT in repo.,2022
BEL,utilities,0.027531,,0.013703,5,DATA_PRESENT,OECD_ICIO,"Aggregated from 2 OECD ISIC sectors; gross_output=42,008 USD m",2022
BEL,aviation,0.000789,,0.006158,5,DATA_PRESENT,OECD_ICIO,"Aggregated from 1 OECD ISIC sectors; gross_output=6,006 USD m",2022
BEL,ports,0.027752,,0.038306,5,DATA_PRESENT,OECD_ICIO,"Aggregated from 1 OECD ISIC sectors; gross_output=41,789 USD m",2022
BEL,telecommunications,0.043263,,0.046132,5,DATA_PRESENT,OECD_ICIO,"Aggregated from 3 OECD ISIC sectors; gross_output=53,477 USD m",2022
BEL,agriculture,0.007730,,0.012465,5,DATA_PRESENT,OECD_ICIO,"Aggregated from 3 OECD ISIC sectors; gross_output=14,986 USD m",2022
BEL,tourism,0.017393,,0.008893,5,DATA_PRESENT,OECD_ICIO,"Aggregated from 1 OECD ISIC sectors; gross_output=24,069 USD m",2022
BEL,government,0.141462,,0.013983,5,DATA_PRESENT,OECD_ICIO,"Aggregated from 2 OECD ISIC sectors; gross_output=93,792 USD m",2022
BGD,semiconductors,,,,,MISSING_OECD_HAS_NO_SOURCE,OECD_ICIO_DOES_NOT_SEPARATE_THIS_SECTOR,OECD ICIO has no clean line item for this sector. See OECD_ICIO_SCHEMA_AUDIT.md for the bundling explanation. Requires supplementary source (SIA / EIA / ECB) — NOT in repo.,2022
BGD,automotive,0.000193,,0.000309,5,DATA_PRESENT,OECD_ICIO,Aggregated from 1 OECD ISIC sectors; gross_output=237 USD m,2022
BGD,electronics,0.004059,,0.005592,5,DATA_PRESENT,OECD_ICIO,"Aggregated from 2 OECD ISIC sectors; gross_output=3,966 USD m",2022
BGD,aerospace,0.001242,,0.003406,5,DATA_PRESENT,OECD_ICIO,"Aggregated from 1 OECD ISIC sectors; gross_output=1,412 USD m",2022
BGD,shipping,0.037976,,0.044242,5,DATA_PRESENT,OECD_ICIO,"Aggregated from 2 OECD ISIC sectors; gross_output=30,685 USD m",2022
BGD,energy,,,,,MISSING_OECD_HAS_NO_SOURCE,OECD_ICIO_DOES_NOT_SEPARATE_THIS_SECTOR,OECD ICIO has no clean line item for this sector. See OECD_ICIO_SCHEMA_AUDIT.md for the bundling explanation. Requires supplementary source (SIA / EIA / ECB) — NOT in repo.,2022
BGD,consumer_goods,0.318694,,0.649200,5,DATA_PRESENT,OECD_ICIO,"Aggregated from 11 OECD ISIC sectors; gross_output=261,817 USD m",2022
BGD,banking,0.038740,,0.009620,5,DATA_PRESENT,OECD_ICIO,"Aggregated from 1 OECD ISIC sectors; gross_output=23,079 USD m",2022
BGD,insurance,,,,,MISSING_OECD_HAS_NO_SOURCE,OECD_ICIO_DOES_NOT_SEPARATE_THIS_SECTOR,OECD ICIO has no clean line item for this sector. See OECD_ICIO_SCHEMA_AUDIT.md for the bundling explanation. Requires supplementary source (SIA / EIA / ECB) — NOT in repo.,2022
BGD,capital_markets,,,,,MISSING_OECD_HAS_NO_SOURCE,OECD_ICIO_DOES_NOT_SEPARATE_THIS_SECTOR,OECD ICIO has no clean line item for this sector. See OECD_ICIO_SCHEMA_AUDIT.md for the bundling explanation. Requires supplementary source (SIA / EIA / ECB) — NOT in repo.,2022
BGD,oil,0.011274,,0.002732,5,DATA_PRESENT,OECD_ICIO,"Aggregated from 2 OECD ISIC sectors; gross_output=6,739 USD m",2022
BGD,gas,,,,,MISSING_OECD_HAS_NO_SOURCE,OECD_ICIO_DOES_NOT_SEPARATE_THIS_SECTOR,OECD ICIO has no clean line item for this sector. See OECD_ICIO_SCHEMA_AUDIT.md for the bundling explanation. Requires supplementary source (SIA / EIA / ECB) — NOT in repo.,2022
BGD,utilities,0.034695,,0.008040,5,DATA_PRESENT,OECD_ICIO,"Aggregated from 2 OECD ISIC sectors; gross_output=28,602 USD m",2022
BGD,aviation,0.006898,,0.024878,5,DATA_PRESENT,OECD_ICIO,"Aggregated from 1 OECD ISIC sectors; gross_output=10,464 USD m",2022
BGD,ports,0.009727,,0.008066,5,DATA_PRESENT,OECD_ICIO,"Aggregated from 1 OECD ISIC sectors; gross_output=7,274 USD m",2022
BGD,telecommunications,0.035258,,0.020492,5,DATA_PRESENT,OECD_ICIO,"Aggregated from 3 OECD ISIC sectors; gross_output=24,189 USD m",2022
BGD,agriculture,0.121603,,0.065027,5,DATA_PRESENT,OECD_ICIO,"Aggregated from 3 OECD ISIC sectors; gross_output=89,359 USD m",2022
BGD,tourism,0.025072,,0.008357,5,DATA_PRESENT,OECD_ICIO,"Aggregated from 1 OECD ISIC sectors; gross_output=18,163 USD m",2022
BGD,government,0.064654,,0.004302,5,DATA_PRESENT,OECD_ICIO,"Aggregated from 2 OECD ISIC sectors; gross_output=32,772 USD m",2022
BGR,semiconductors,,,,,MISSING_OECD_HAS_NO_SOURCE,OECD_ICIO_DOES_NOT_SEPARATE_THIS_SECTOR,OECD ICIO has no clean line item for this sector. See OECD_ICIO_SCHEMA_AUDIT.md for the bundling explanation. Requires supplementary source (SIA / EIA / ECB) — NOT in repo.,2022
BGR,automotive,0.005542,,0.025391,5,DATA_PRESENT,OECD_ICIO,"Aggregated from 1 OECD ISIC sectors; gross_output=2,327 USD m",2022
BGR,electronics,0.012198,,0.054325,5,DATA_PRESENT,OECD_ICIO,"Aggregated from 2 OECD ISIC sectors; gross_output=3,947 USD m",2022
BGR,aerospace,0.000720,,0.007272,5,DATA_PRESENT,OECD_ICIO,Aggregated from 1 OECD ISIC sectors; gross_output=980 USD m,2022
BGR,shipping,0.030780,,0.042023,5,DATA_PRESENT,OECD_ICIO,"Aggregated from 2 OECD ISIC sectors; gross_output=7,994 USD m",2022
BGR,energy,,,,,MISSING_OECD_HAS_NO_SOURCE,OECD_ICIO_DOES_NOT_SEPARATE_THIS_SECTOR,OECD ICIO has no clean line item for this sector. See OECD_ICIO_SCHEMA_AUDIT.md for the bundling explanation. Requires supplementary source (SIA / EIA / ECB) — NOT in repo.,2022
BGR,consumer_goods,0.239647,,0.404568,5,DATA_PRESENT,OECD_ICIO,"Aggregated from 11 OECD ISIC sectors; gross_output=52,382 USD m",2022
BGR,banking,0.065544,,0.015913,5,DATA_PRESENT,OECD_ICIO,"Aggregated from 1 OECD ISIC sectors; gross_output=7,237 USD m",2022
BGR,insurance,,,,,MISSING_OECD_HAS_NO_SOURCE,OECD_ICIO_DOES_NOT_SEPARATE_THIS_SECTOR,OECD ICIO has no clean line item for this sector. See OECD_ICIO_SCHEMA_AUDIT.md for the bundling explanation. Requires supplementary source (SIA / EIA / ECB) — NOT in repo.,2022
BGR,capital_markets,,,,,MISSING_OECD_HAS_NO_SOURCE,OECD_ICIO_DOES_NOT_SEPARATE_THIS_SECTOR,OECD ICIO has no clean line item for this sector. See OECD_ICIO_SCHEMA_AUDIT.md for the bundling explanation. Requires supplementary source (SIA / EIA / ECB) — NOT in repo.,2022
BGR,oil,0.007908,,0.029520,5,DATA_PRESENT,OECD_ICIO,"Aggregated from 2 OECD ISIC sectors; gross_output=2,165 USD m",2022
BGR,gas,,,,,MISSING_OECD_HAS_NO_SOURCE,OECD_ICIO_DOES_NOT_SEPARATE_THIS_SECTOR,OECD ICIO has no clean line item for this sector. See OECD_ICIO_SCHEMA_AUDIT.md for the bundling explanation. Requires supplementary source (SIA / EIA / ECB) — NOT in repo.,2022
BGR,utilities,0.089358,,0.050906,5,DATA_PRESENT,OECD_ICIO,"Aggregated from 2 OECD ISIC sectors; gross_output=12,752 USD m",2022
BGR,aviation,0.001410,,0.006669,5,DATA_PRESENT,OECD_ICIO,Aggregated from 1 OECD ISIC sectors; gross_output=617 USD m,2022
BGR,ports,0.012316,,0.017229,5,DATA_PRESENT,OECD_ICIO,"Aggregated from 1 OECD ISIC sectors; gross_output=3,907 USD m",2022
BGR,telecommunications,0.074974,,0.033245,5,DATA_PRESENT,OECD_ICIO,"Aggregated from 3 OECD ISIC sectors; gross_output=10,910 USD m",2022
BGR,agriculture,0.041773,,0.063072,5,DATA_PRESENT,OECD_ICIO,"Aggregated from 3 OECD ISIC sectors; gross_output=8,378 USD m",2022
BGR,tourism,0.025555,,0.018765,5,DATA_PRESENT,OECD_ICIO,"Aggregated from 1 OECD ISIC sectors; gross_output=3,899 USD m",2022
BGR,government,0.102530,,0.005465,5,DATA_PRESENT,OECD_ICIO,"Aggregated from 2 OECD ISIC sectors; gross_output=10,769 USD m",2022
BLR,semiconductors,,,,,MISSING_OECD_HAS_NO_SOURCE,OECD_ICIO_DOES_NOT_SEPARATE_THIS_SECTOR,OECD ICIO has no clean line item for this sector. See OECD_ICIO_SCHEMA_AUDIT.md for the bundling explanation. Requires supplementary source (SIA / EIA / ECB) — NOT in repo.,2022
BLR,automotive,0.018131,,0.021352,5,DATA_PRESENT,OECD_ICIO,"Aggregated from 1 OECD ISIC sectors; gross_output=3,009 USD m",2022
BLR,electronics,0.014373,,0.043269,5,DATA_PRESENT,OECD_ICIO,"Aggregated from 2 OECD ISIC sectors; gross_output=2,890 USD m",2022
BLR,aerospace,0.001954,,0.005381,5,DATA_PRESENT,OECD_ICIO,Aggregated from 1 OECD ISIC sectors; gross_output=316 USD m,2022
BLR,shipping,0.038303,,0.040103,5,DATA_PRESENT,OECD_ICIO,"Aggregated from 2 OECD ISIC sectors; gross_output=5,152 USD m",2022
BLR,energy,,,,,MISSING_OECD_HAS_NO_SOURCE,OECD_ICIO_DOES_NOT_SEPARATE_THIS_SECTOR,OECD ICIO has no clean line item for this sector. See OECD_ICIO_SCHEMA_AUDIT.md for the bundling explanation. Requires supplementary source (SIA / EIA / ECB) — NOT in repo.,2022
BLR,consumer_goods,0.311883,,0.456140,5,DATA_PRESENT,OECD_ICIO,"Aggregated from 11 OECD ISIC sectors; gross_output=50,591 USD m",2022
BLR,banking,0.038789,,0.010222,5,DATA_PRESENT,OECD_ICIO,"Aggregated from 1 OECD ISIC sectors; gross_output=4,076 USD m",2022
BLR,insurance,,,,,MISSING_OECD_HAS_NO_SOURCE,OECD_ICIO_DOES_NOT_SEPARATE_THIS_SECTOR,OECD ICIO has no clean line item for this sector. See OECD_ICIO_SCHEMA_AUDIT.md for the bundling explanation. Requires supplementary source (SIA / EIA / ECB) — NOT in repo.,2022
BLR,capital_markets,,,,,MISSING_OECD_HAS_NO_SOURCE,OECD_ICIO_DOES_NOT_SEPARATE_THIS_SECTOR,OECD ICIO has no clean line item for this sector. See OECD_ICIO_SCHEMA_AUDIT.md for the bundling explanation. Requires supplementary source (SIA / EIA / ECB) — NOT in repo.,2022
BLR,oil,0.032735,,0.138381,5,DATA_PRESENT,OECD_ICIO,"Aggregated from 2 OECD ISIC sectors; gross_output=8,866 USD m",2022
BLR,gas,,,,,MISSING_OECD_HAS_NO_SOURCE,OECD_ICIO_DOES_NOT_SEPARATE_THIS_SECTOR,OECD ICIO has no clean line item for this sector. See OECD_ICIO_SCHEMA_AUDIT.md for the bundling explanation. Requires supplementary source (SIA / EIA / ECB) — NOT in repo.,2022
BLR,utilities,0.035608,,0.021882,5,DATA_PRESENT,OECD_ICIO,"Aggregated from 2 OECD ISIC sectors; gross_output=6,157 USD m",2022
BLR,aviation,0.006921,,0.039122,5,DATA_PRESENT,OECD_ICIO,"Aggregated from 1 OECD ISIC sectors; gross_output=2,159 USD m",2022
BLR,ports,0.009095,,0.007916,5,DATA_PRESENT,OECD_ICIO,Aggregated from 1 OECD ISIC sectors; gross_output=946 USD m,2022
BLR,telecommunications,0.032934,,0.033452,5,DATA_PRESENT,OECD_ICIO,"Aggregated from 3 OECD ISIC sectors; gross_output=3,755 USD m",2022
BLR,agriculture,0.096674,,0.032988,5,DATA_PRESENT,OECD_ICIO,"Aggregated from 3 OECD ISIC sectors; gross_output=12,697 USD m",2022
BLR,tourism,0.025013,,0.005352,5,DATA_PRESENT,OECD_ICIO,"Aggregated from 1 OECD ISIC sectors; gross_output=2,960 USD m",2022
BLR,government,0.085997,,0.005726,5,DATA_PRESENT,OECD_ICIO,"Aggregated from 2 OECD ISIC sectors; gross_output=7,127 USD m",2022
BRA,semiconductors,,,,,MISSING_OECD_HAS_NO_SOURCE,OECD_ICIO_DOES_NOT_SEPARATE_THIS_SECTOR,OECD ICIO has no clean line item for this sector. See OECD_ICIO_SCHEMA_AUDIT.md for the bundling explanation. Requires supplementary source (SIA / EIA / ECB) — NOT in repo.,2022
BRA,automotive,0.006993,,0.036365,5,DATA_PRESENT,OECD_ICIO,"Aggregated from 1 OECD ISIC sectors; gross_output=80,447 USD m",2022
BRA,electronics,0.005963,,0.024125,5,DATA_PRESENT,OECD_ICIO,"Aggregated from 2 OECD ISIC sectors; gross_output=58,976 USD m",2022
BRA,aerospace,0.001187,,0.010967,5,DATA_PRESENT,OECD_ICIO,"Aggregated from 1 OECD ISIC sectors; gross_output=8,958 USD m",2022
BRA,shipping,0.023890,,0.023416,5,DATA_PRESENT,OECD_ICIO,"Aggregated from 2 OECD ISIC sectors; gross_output=111,786 USD m",2022
BRA,energy,,,,,MISSING_OECD_HAS_NO_SOURCE,OECD_ICIO_DOES_NOT_SEPARATE_THIS_SECTOR,OECD ICIO has no clean line item for this sector. See OECD_ICIO_SCHEMA_AUDIT.md for the bundling explanation. Requires supplementary source (SIA / EIA / ECB) — NOT in repo.,2022
BRA,consumer_goods,0.241432,,0.363112,5,DATA_PRESENT,OECD_ICIO,"Aggregated from 11 OECD ISIC sectors; gross_output=1,122,107 USD m",2022
BRA,banking,0.060127,,0.013345,5,DATA_PRESENT,OECD_ICIO,"Aggregated from 1 OECD ISIC sectors; gross_output=168,375 USD m",2022
BRA,insurance,,,,,MISSING_OECD_HAS_NO_SOURCE,OECD_ICIO_DOES_NOT_SEPARATE_THIS_SECTOR,OECD ICIO has no clean line item for this sector. See OECD_ICIO_SCHEMA_AUDIT.md for the bundling explanation. Requires supplementary source (SIA / EIA / ECB) — NOT in repo.,2022
BRA,capital_markets,,,,,MISSING_OECD_HAS_NO_SOURCE,OECD_ICIO_DOES_NOT_SEPARATE_THIS_SECTOR,OECD ICIO has no clean line item for this sector. See OECD_ICIO_SCHEMA_AUDIT.md for the bundling explanation. Requires supplementary source (SIA / EIA / ECB) — NOT in repo.,2022
BRA,oil,0.040739,,0.121812,5,DATA_PRESENT,OECD_ICIO,"Aggregated from 2 OECD ISIC sectors; gross_output=243,421 USD m",2022
BRA,gas,,,,,MISSING_OECD_HAS_NO_SOURCE,OECD_ICIO_DOES_NOT_SEPARATE_THIS_SECTOR,OECD ICIO has no clean line item for this sector. See OECD_ICIO_SCHEMA_AUDIT.md for the bundling explanation. Requires supplementary source (SIA / EIA / ECB) — NOT in repo.,2022
BRA,utilities,0.026105,,0.011999,5,DATA_PRESENT,OECD_ICIO,"Aggregated from 2 OECD ISIC sectors; gross_output=115,494 USD m",2022
BRA,aviation,0.000370,,0.005919,5,DATA_PRESENT,OECD_ICIO,"Aggregated from 1 OECD ISIC sectors; gross_output=7,440 USD m",2022
BRA,ports,0.012385,,0.012969,5,DATA_PRESENT,OECD_ICIO,"Aggregated from 1 OECD ISIC sectors; gross_output=38,662 USD m",2022
BRA,telecommunications,0.031893,,0.020197,5,DATA_PRESENT,OECD_ICIO,"Aggregated from 3 OECD ISIC sectors; gross_output=105,810 USD m",2022
BRA,agriculture,0.073150,,0.122992,5,DATA_PRESENT,OECD_ICIO,"Aggregated from 3 OECD ISIC sectors; gross_output=231,266 USD m",2022
BRA,tourism,0.016533,,0.005167,5,DATA_PRESENT,OECD_ICIO,"Aggregated from 1 OECD ISIC sectors; gross_output=65,811 USD m",2022
BRA,government,0.139974,,0.019169,5,DATA_PRESENT,OECD_ICIO,"Aggregated from 2 OECD ISIC sectors; gross_output=316,633 USD m",2022
BRN,semiconductors,,,,,MISSING_OECD_HAS_NO_SOURCE,OECD_ICIO_DOES_NOT_SEPARATE_THIS_SECTOR,OECD ICIO has no clean line item for this sector. See OECD_ICIO_SCHEMA_AUDIT.md for the bundling explanation. Requires supplementary source (SIA / EIA / ECB) — NOT in repo.,2022
BRN,automotive,0.000000,,0.000000,5,DATA_PRESENT,OECD_ICIO,Aggregated from 1 OECD ISIC sectors; gross_output=0 USD m,2022
BRN,electronics,0.000706,,0.000834,5,DATA_PRESENT,OECD_ICIO,Aggregated from 2 OECD ISIC sectors; gross_output=37 USD m,2022
BRN,aerospace,0.000492,,0.000621,5,DATA_PRESENT,OECD_ICIO,Aggregated from 1 OECD ISIC sectors; gross_output=25 USD m,2022
BRN,shipping,0.015145,,0.003086,5,DATA_PRESENT,OECD_ICIO,Aggregated from 2 OECD ISIC sectors; gross_output=420 USD m,2022
BRN,energy,,,,,MISSING_OECD_HAS_NO_SOURCE,OECD_ICIO_DOES_NOT_SEPARATE_THIS_SECTOR,OECD ICIO has no clean line item for this sector. See OECD_ICIO_SCHEMA_AUDIT.md for the bundling explanation. Requires supplementary source (SIA / EIA / ECB) — NOT in repo.,2022
BRN,consumer_goods,0.050859,,0.028828,5,DATA_PRESENT,OECD_ICIO,"Aggregated from 11 OECD ISIC sectors; gross_output=1,573 USD m",2022
BRN,banking,0.051041,,0.005646,5,DATA_PRESENT,OECD_ICIO,"Aggregated from 1 OECD ISIC sectors; gross_output=1,436 USD m",2022
BRN,insurance,,,,,MISSING_OECD_HAS_NO_SOURCE,OECD_ICIO_DOES_NOT_SEPARATE_THIS_SECTOR,OECD ICIO has no clean line item for this sector. See OECD_ICIO_SCHEMA_AUDIT.md for the bundling explanation. Requires supplementary source (SIA / EIA / ECB) — NOT in repo.,2022
BRN,capital_markets,,,,,MISSING_OECD_HAS_NO_SOURCE,OECD_ICIO_DOES_NOT_SEPARATE_THIS_SECTOR,OECD ICIO has no clean line item for this sector. See OECD_ICIO_SCHEMA_AUDIT.md for the bundling explanation. Requires supplementary source (SIA / EIA / ECB) — NOT in repo.,2022
BRN,oil,0.455050,,0.899471,5,DATA_PRESENT,OECD_ICIO,"Aggregated from 2 OECD ISIC sectors; gross_output=20,814 USD m",2022
BRN,gas,,,,,MISSING_OECD_HAS_NO_SOURCE,OECD_ICIO_DOES_NOT_SEPARATE_THIS_SECTOR,OECD ICIO has no clean line item for this sector. See OECD_ICIO_SCHEMA_AUDIT.md for the bundling explanation. Requires supplementary source (SIA / EIA / ECB) — NOT in repo.,2022
BRN,utilities,0.009368,,0.001252,5,DATA_PRESENT,OECD_ICIO,Aggregated from 2 OECD ISIC sectors; gross_output=298 USD m,2022
BRN,aviation,0.001447,,0.002460,5,DATA_PRESENT,OECD_ICIO,Aggregated from 1 OECD ISIC sectors; gross_output=93 USD m,2022
BRN,ports,0.004956,,0.003196,5,DATA_PRESENT,OECD_ICIO,Aggregated from 1 OECD ISIC sectors; gross_output=132 USD m,2022
BRN,telecommunications,0.016644,,0.005103,5,DATA_PRESENT,OECD_ICIO,Aggregated from 3 OECD ISIC sectors; gross_output=600 USD m,2022
BRN,agriculture,0.008584,,0.002344,5,DATA_PRESENT,OECD_ICIO,Aggregated from 3 OECD ISIC sectors; gross_output=282 USD m,2022
BRN,tourism,0.009118,,0.003155,5,DATA_PRESENT,OECD_ICIO,Aggregated from 1 OECD ISIC sectors; gross_output=284 USD m,2022
BRN,government,0.107735,,0.011406,5,DATA_PRESENT,OECD_ICIO,"Aggregated from 2 OECD ISIC sectors; gross_output=3,075 USD m",2022
CAN,semiconductors,,,,,MISSING_OECD_HAS_NO_SOURCE,OECD_ICIO_DOES_NOT_SEPARATE_THIS_SECTOR,OECD ICIO has no clean line item for this sector. See OECD_ICIO_SCHEMA_AUDIT.md for the bundling explanation. Requires supplementary source (SIA / EIA / ECB) — NOT in repo.,2022
CAN,automotive,0.005213,,0.056984,5,DATA_PRESENT,OECD_ICIO,"Aggregated from 1 OECD ISIC sectors; gross_output=58,840 USD m",2022
CAN,electronics,0.005148,,0.021660,5,DATA_PRESENT,OECD_ICIO,"Aggregated from 2 OECD ISIC sectors; gross_output=25,564 USD m",2022
CAN,aerospace,0.004879,,0.022827,5,DATA_PRESENT,OECD_ICIO,"Aggregated from 1 OECD ISIC sectors; gross_output=35,844 USD m",2022
CAN,shipping,0.025473,,0.037769,5,DATA_PRESENT,OECD_ICIO,"Aggregated from 2 OECD ISIC sectors; gross_output=103,310 USD m",2022
CAN,energy,,,,,MISSING_OECD_HAS_NO_SOURCE,OECD_ICIO_DOES_NOT_SEPARATE_THIS_SECTOR,OECD ICIO has no clean line item for this sector. See OECD_ICIO_SCHEMA_AUDIT.md for the bundling explanation. Requires supplementary source (SIA / EIA / ECB) — NOT in repo.,2022
CAN,consumer_goods,0.175464,,0.310193,5,DATA_PRESENT,OECD_ICIO,"Aggregated from 11 OECD ISIC sectors; gross_output=767,253 USD m",2022
CAN,banking,0.071953,,0.031083,5,DATA_PRESENT,OECD_ICIO,"Aggregated from 1 OECD ISIC sectors; gross_output=267,822 USD m",2022
CAN,insurance,,,,,MISSING_OECD_HAS_NO_SOURCE,OECD_ICIO_DOES_NOT_SEPARATE_THIS_SECTOR,OECD ICIO has no clean line item for this sector. See OECD_ICIO_SCHEMA_AUDIT.md for the bundling explanation. Requires supplementary source (SIA / EIA / ECB) — NOT in repo.,2022
CAN,capital_markets,,,,,MISSING_OECD_HAS_NO_SOURCE,OECD_ICIO_DOES_NOT_SEPARATE_THIS_SECTOR,OECD ICIO has no clean line item for this sector. See OECD_ICIO_SCHEMA_AUDIT.md for the bundling explanation. Requires supplementary source (SIA / EIA / ECB) — NOT in repo.,2022
CAN,oil,0.049789,,0.136544,5,DATA_PRESENT,OECD_ICIO,"Aggregated from 2 OECD ISIC sectors; gross_output=202,875 USD m",2022
CAN,gas,,,,,MISSING_OECD_HAS_NO_SOURCE,OECD_ICIO_DOES_NOT_SEPARATE_THIS_SECTOR,OECD ICIO has no clean line item for this sector. See OECD_ICIO_SCHEMA_AUDIT.md for the bundling explanation. Requires supplementary source (SIA / EIA / ECB) — NOT in repo.,2022
CAN,utilities,0.025756,,0.009283,5,DATA_PRESENT,OECD_ICIO,"Aggregated from 2 OECD ISIC sectors; gross_output=71,669 USD m",2022
CAN,aviation,0.001710,,0.006197,5,DATA_PRESENT,OECD_ICIO,"Aggregated from 1 OECD ISIC sectors; gross_output=11,271 USD m",2022
CAN,ports,0.010725,,0.011547,5,DATA_PRESENT,OECD_ICIO,"Aggregated from 1 OECD ISIC sectors; gross_output=48,340 USD m",2022
CAN,telecommunications,0.051177,,0.039684,5,DATA_PRESENT,OECD_ICIO,"Aggregated from 3 OECD ISIC sectors; gross_output=183,599 USD m",2022
CAN,agriculture,0.017035,,0.035902,5,DATA_PRESENT,OECD_ICIO,"Aggregated from 3 OECD ISIC sectors; gross_output=95,275 USD m",2022
CAN,tourism,0.015463,,0.014032,5,DATA_PRESENT,OECD_ICIO,"Aggregated from 1 OECD ISIC sectors; gross_output=75,112 USD m",2022
CAN,government,0.125366,,0.032130,5,DATA_PRESENT,OECD_ICIO,"Aggregated from 2 OECD ISIC sectors; gross_output=408,423 USD m",2022
CHE,semiconductors,,,,,MISSING_OECD_HAS_NO_SOURCE,OECD_ICIO_DOES_NOT_SEPARATE_THIS_SECTOR,OECD ICIO has no clean line item for this sector. See OECD_ICIO_SCHEMA_AUDIT.md for the bundling explanation. Requires supplementary source (SIA / EIA / ECB) — NOT in repo.,2022
CHE,automotive,0.000757,,0.002375,5,DATA_PRESENT,OECD_ICIO,"Aggregated from 1 OECD ISIC sectors; gross_output=1,971 USD m",2022
CHE,electronics,0.045589,,0.084471,5,DATA_PRESENT,OECD_ICIO,"Aggregated from 2 OECD ISIC sectors; gross_output=100,781 USD m",2022
CHE,aerospace,0.001838,,0.008465,5,DATA_PRESENT,OECD_ICIO,"Aggregated from 1 OECD ISIC sectors; gross_output=5,531 USD m",2022
CHE,shipping,0.021899,,0.048467,5,DATA_PRESENT,OECD_ICIO,"Aggregated from 2 OECD ISIC sectors; gross_output=87,314 USD m",2022
CHE,energy,,,,,MISSING_OECD_HAS_NO_SOURCE,OECD_ICIO_DOES_NOT_SEPARATE_THIS_SECTOR,OECD ICIO has no clean line item for this sector. See OECD_ICIO_SCHEMA_AUDIT.md for the bundling explanation. Requires supplementary source (SIA / EIA / ECB) — NOT in repo.,2022
CHE,consumer_goods,0.287315,,0.462539,5,DATA_PRESENT,OECD_ICIO,"Aggregated from 11 OECD ISIC sectors; gross_output=607,802 USD m",2022
CHE,banking,0.096017,,0.090448,5,DATA_PRESENT,OECD_ICIO,"Aggregated from 1 OECD ISIC sectors; gross_output=124,367 USD m",2022
CHE,insurance,,,,,MISSING_OECD_HAS_NO_SOURCE,OECD_ICIO_DOES_NOT_SEPARATE_THIS_SECTOR,OECD ICIO has no clean line item for this sector. See OECD_ICIO_SCHEMA_AUDIT.md for the bundling explanation. Requires supplementary source (SIA / EIA / ECB) — NOT in repo.,2022
CHE,capital_markets,,,,,MISSING_OECD_HAS_NO_SOURCE,OECD_ICIO_DOES_NOT_SEPARATE_THIS_SECTOR,OECD ICIO has no clean line item for this sector. See OECD_ICIO_SCHEMA_AUDIT.md for the bundling explanation. Requires supplementary source (SIA / EIA / ECB) — NOT in repo.,2022
CHE,oil,0.000196,,0.000363,5,DATA_PRESENT,OECD_ICIO,Aggregated from 2 OECD ISIC sectors; gross_output=426 USD m,2022
CHE,gas,,,,,MISSING_OECD_HAS_NO_SOURCE,OECD_ICIO_DOES_NOT_SEPARATE_THIS_SECTOR,OECD ICIO has no clean line item for this sector. See OECD_ICIO_SCHEMA_AUDIT.md for the bundling explanation. Requires supplementary source (SIA / EIA / ECB) — NOT in repo.,2022
CHE,utilities,0.017004,,0.020860,5,DATA_PRESENT,OECD_ICIO,"Aggregated from 2 OECD ISIC sectors; gross_output=95,017 USD m",2022
CHE,aviation,0.003480,,0.012367,5,DATA_PRESENT,OECD_ICIO,"Aggregated from 1 OECD ISIC sectors; gross_output=20,665 USD m",2022
CHE,ports,0.008296,,0.016624,5,DATA_PRESENT,OECD_ICIO,"Aggregated from 1 OECD ISIC sectors; gross_output=29,547 USD m",2022
CHE,telecommunications,0.045749,,0.057957,5,DATA_PRESENT,OECD_ICIO,"Aggregated from 3 OECD ISIC sectors; gross_output=79,941 USD m",2022
CHE,agriculture,0.006490,,0.003262,5,DATA_PRESENT,OECD_ICIO,"Aggregated from 3 OECD ISIC sectors; gross_output=13,723 USD m",2022
CHE,tourism,0.015730,,0.012935,5,DATA_PRESENT,OECD_ICIO,"Aggregated from 1 OECD ISIC sectors; gross_output=26,742 USD m",2022
CHE,government,0.085511,,0.013346,5,DATA_PRESENT,OECD_ICIO,"Aggregated from 2 OECD ISIC sectors; gross_output=102,599 USD m",2022
CHL,semiconductors,,,,,MISSING_OECD_HAS_NO_SOURCE,OECD_ICIO_DOES_NOT_SEPARATE_THIS_SECTOR,OECD ICIO has no clean line item for this sector. See OECD_ICIO_SCHEMA_AUDIT.md for the bundling explanation. Requires supplementary source (SIA / EIA / ECB) — NOT in repo.,2022
CHL,automotive,0.000000,,0.000000,5,DATA_PRESENT,OECD_ICIO,Aggregated from 1 OECD ISIC sectors; gross_output=0 USD m,2022
CHL,electronics,0.021415,,0.013613,5,DATA_PRESENT,OECD_ICIO,"Aggregated from 2 OECD ISIC sectors; gross_output=13,415 USD m",2022
CHL,aerospace,0.001310,,0.002223,5,DATA_PRESENT,OECD_ICIO,Aggregated from 1 OECD ISIC sectors; gross_output=944 USD m,2022
CHL,shipping,0.024541,,0.037341,5,DATA_PRESENT,OECD_ICIO,"Aggregated from 2 OECD ISIC sectors; gross_output=21,168 USD m",2022
CHL,energy,,,,,MISSING_OECD_HAS_NO_SOURCE,OECD_ICIO_DOES_NOT_SEPARATE_THIS_SECTOR,OECD ICIO has no clean line item for this sector. See OECD_ICIO_SCHEMA_AUDIT.md for the bundling explanation. Requires supplementary source (SIA / EIA / ECB) — NOT in repo.,2022
CHL,consumer_goods,0.186494,,0.334866,5,DATA_PRESENT,OECD_ICIO,"Aggregated from 11 OECD ISIC sectors; gross_output=138,501 USD m",2022
CHL,banking,0.036557,,0.011870,5,DATA_PRESENT,OECD_ICIO,"Aggregated from 1 OECD ISIC sectors; gross_output=23,877 USD m",2022
CHL,insurance,,,,,MISSING_OECD_HAS_NO_SOURCE,OECD_ICIO_DOES_NOT_SEPARATE_THIS_SECTOR,OECD ICIO has no clean line item for this sector. See OECD_ICIO_SCHEMA_AUDIT.md for the bundling explanation. Requires supplementary source (SIA / EIA / ECB) — NOT in repo.,2022
CHL,capital_markets,,,,,MISSING_OECD_HAS_NO_SOURCE,OECD_ICIO_DOES_NOT_SEPARATE_THIS_SECTOR,OECD ICIO has no clean line item for this sector. See OECD_ICIO_SCHEMA_AUDIT.md for the bundling explanation. Requires supplementary source (SIA / EIA / ECB) — NOT in repo.,2022
CHL,oil,0.007450,,0.037492,5,DATA_PRESENT,OECD_ICIO,"Aggregated from 2 OECD ISIC sectors; gross_output=8,272 USD m",2022
CHL,gas,,,,,MISSING_OECD_HAS_NO_SOURCE,OECD_ICIO_DOES_NOT_SEPARATE_THIS_SECTOR,OECD ICIO has no clean line item for this sector. See OECD_ICIO_SCHEMA_AUDIT.md for the bundling explanation. Requires supplementary source (SIA / EIA / ECB) — NOT in repo.,2022
CHL,utilities,0.025728,,0.025432,5,DATA_PRESENT,OECD_ICIO,"Aggregated from 2 OECD ISIC sectors; gross_output=17,473 USD m",2022
CHL,aviation,0.003462,,0.022078,5,DATA_PRESENT,OECD_ICIO,"Aggregated from 1 OECD ISIC sectors; gross_output=5,029 USD m",2022
CHL,ports,0.022735,,0.010603,5,DATA_PRESENT,OECD_ICIO,"Aggregated from 1 OECD ISIC sectors; gross_output=8,894 USD m",2022
CHL,telecommunications,0.028975,,0.011616,5,DATA_PRESENT,OECD_ICIO,"Aggregated from 3 OECD ISIC sectors; gross_output=16,068 USD m",2022
CHL,agriculture,0.035844,,0.059762,5,DATA_PRESENT,OECD_ICIO,"Aggregated from 3 OECD ISIC sectors; gross_output=25,604 USD m",2022
CHL,tourism,0.018894,,0.007910,5,DATA_PRESENT,OECD_ICIO,"Aggregated from 1 OECD ISIC sectors; gross_output=11,845 USD m",2022
CHL,government,0.102857,,0.007960,5,DATA_PRESENT,OECD_ICIO,"Aggregated from 2 OECD ISIC sectors; gross_output=35,242 USD m",2022
CHN,semiconductors,,,,,MISSING_OECD_HAS_NO_SOURCE,OECD_ICIO_DOES_NOT_SEPARATE_THIS_SECTOR,OECD ICIO has no clean line item for this sector. See OECD_ICIO_SCHEMA_AUDIT.md for the bundling explanation. Requires supplementary source (SIA / EIA / ECB) — NOT in repo.,2022
CHN,automotive,0.015979,,0.032300,5,DATA_PRESENT,OECD_ICIO,"Aggregated from 1 OECD ISIC sectors; gross_output=1,216,322 USD m",2022
CHN,electronics,0.036568,,0.245696,5,DATA_PRESENT,OECD_ICIO,"Aggregated from 2 OECD ISIC sectors; gross_output=3,337,908 USD m",2022
CHN,aerospace,0.002505,,0.009311,5,DATA_PRESENT,OECD_ICIO,"Aggregated from 1 OECD ISIC sectors; gross_output=210,647 USD m",2022
CHN,shipping,0.035587,,0.021794,5,DATA_PRESENT,OECD_ICIO,"Aggregated from 2 OECD ISIC sectors; gross_output=1,364,277 USD m",2022
CHN,energy,,,,,MISSING_OECD_HAS_NO_SOURCE,OECD_ICIO_DOES_NOT_SEPARATE_THIS_SECTOR,OECD ICIO has no clean line item for this sector. See OECD_ICIO_SCHEMA_AUDIT.md for the bundling explanation. Requires supplementary source (SIA / EIA / ECB) — NOT in repo.,2022
CHN,consumer_goods,0.274554,,0.368464,5,DATA_PRESENT,OECD_ICIO,"Aggregated from 11 OECD ISIC sectors; gross_output=13,888,322 USD m",2022
CHN,banking,0.064399,,0.004785,5,DATA_PRESENT,OECD_ICIO,"Aggregated from 1 OECD ISIC sectors; gross_output=1,596,187 USD m",2022
CHN,insurance,,,,,MISSING_OECD_HAS_NO_SOURCE,OECD_ICIO_DOES_NOT_SEPARATE_THIS_SECTOR,OECD ICIO has no clean line item for this sector. See OECD_ICIO_SCHEMA_AUDIT.md for the bundling explanation. Requires supplementary source (SIA / EIA / ECB) — NOT in repo.,2022
CHN,capital_markets,,,,,MISSING_OECD_HAS_NO_SOURCE,OECD_ICIO_DOES_NOT_SEPARATE_THIS_SECTOR,OECD ICIO has no clean line item for this sector. See OECD_ICIO_SCHEMA_AUDIT.md for the bundling explanation. Requires supplementary source (SIA / EIA / ECB) — NOT in repo.,2022
CHN,oil,0.022166,,0.057804,5,DATA_PRESENT,OECD_ICIO,"Aggregated from 2 OECD ISIC sectors; gross_output=1,165,811 USD m",2022
CHN,gas,,,,,MISSING_OECD_HAS_NO_SOURCE,OECD_ICIO_DOES_NOT_SEPARATE_THIS_SECTOR,OECD ICIO has no clean line item for this sector. See OECD_ICIO_SCHEMA_AUDIT.md for the bundling explanation. Requires supplementary source (SIA / EIA / ECB) — NOT in repo.,2022
CHN,utilities,0.028559,,0.026911,5,DATA_PRESENT,OECD_ICIO,"Aggregated from 2 OECD ISIC sectors; gross_output=1,642,043 USD m",2022
CHN,aviation,0.002421,,0.004357,5,DATA_PRESENT,OECD_ICIO,"Aggregated from 1 OECD ISIC sectors; gross_output=122,257 USD m",2022
CHN,ports,0.006295,,0.004033,5,DATA_PRESENT,OECD_ICIO,"Aggregated from 1 OECD ISIC sectors; gross_output=290,676 USD m",2022
CHN,telecommunications,0.029724,,0.018855,5,DATA_PRESENT,OECD_ICIO,"Aggregated from 3 OECD ISIC sectors; gross_output=989,379 USD m",2022
CHN,agriculture,0.083405,,0.015686,5,DATA_PRESENT,OECD_ICIO,"Aggregated from 3 OECD ISIC sectors; gross_output=2,763,894 USD m",2022
CHN,tourism,0.016719,,0.003533,5,DATA_PRESENT,OECD_ICIO,"Aggregated from 1 OECD ISIC sectors; gross_output=786,176 USD m",2022
CHN,government,0.087334,,0.004098,5,DATA_PRESENT,OECD_ICIO,"Aggregated from 2 OECD ISIC sectors; gross_output=2,053,281 USD m",2022
CIV,semiconductors,,,,,MISSING_OECD_HAS_NO_SOURCE,OECD_ICIO_DOES_NOT_SEPARATE_THIS_SECTOR,OECD ICIO has no clean line item for this sector. See OECD_ICIO_SCHEMA_AUDIT.md for the bundling explanation. Requires supplementary source (SIA / EIA / ECB) — NOT in repo.,2022
CIV,automotive,0.000855,,0.001989,5,DATA_PRESENT,OECD_ICIO,Aggregated from 1 OECD ISIC sectors; gross_output=212 USD m,2022
CIV,electronics,0.000054,,0.000158,5,DATA_PRESENT,OECD_ICIO,Aggregated from 2 OECD ISIC sectors; gross_output=7 USD m,2022
CIV,aerospace,0.000216,,0.001607,5,DATA_PRESENT,OECD_ICIO,Aggregated from 1 OECD ISIC sectors; gross_output=43 USD m,2022
CIV,shipping,0.027065,,0.031486,5,DATA_PRESENT,OECD_ICIO,"Aggregated from 2 OECD ISIC sectors; gross_output=3,498 USD m",2022
CIV,energy,,,,,MISSING_OECD_HAS_NO_SOURCE,OECD_ICIO_DOES_NOT_SEPARATE_THIS_SECTOR,OECD ICIO has no clean line item for this sector. See OECD_ICIO_SCHEMA_AUDIT.md for the bundling explanation. Requires supplementary source (SIA / EIA / ECB) — NOT in repo.,2022
CIV,consumer_goods,0.276658,,0.294069,5,DATA_PRESENT,OECD_ICIO,"Aggregated from 11 OECD ISIC sectors; gross_output=36,030 USD m",2022
CIV,banking,0.031284,,0.007432,5,DATA_PRESENT,OECD_ICIO,"Aggregated from 1 OECD ISIC sectors; gross_output=2,714 USD m",2022
CIV,insurance,,,,,MISSING_OECD_HAS_NO_SOURCE,OECD_ICIO_DOES_NOT_SEPARATE_THIS_SECTOR,OECD ICIO has no clean line item for this sector. See OECD_ICIO_SCHEMA_AUDIT.md for the bundling explanation. Requires supplementary source (SIA / EIA / ECB) — NOT in repo.,2022
CIV,capital_markets,,,,,MISSING_OECD_HAS_NO_SOURCE,OECD_ICIO_DOES_NOT_SEPARATE_THIS_SECTOR,OECD ICIO has no clean line item for this sector. See OECD_ICIO_SCHEMA_AUDIT.md for the bundling explanation. Requires supplementary source (SIA / EIA / ECB) — NOT in repo.,2022
CIV,oil,0.022341,,0.160397,5,DATA_PRESENT,OECD_ICIO,"Aggregated from 2 OECD ISIC sectors; gross_output=4,650 USD m",2022
CIV,gas,,,,,MISSING_OECD_HAS_NO_SOURCE,OECD_ICIO_DOES_NOT_SEPARATE_THIS_SECTOR,OECD ICIO has no clean line item for this sector. See OECD_ICIO_SCHEMA_AUDIT.md for the bundling explanation. Requires supplementary source (SIA / EIA / ECB) — NOT in repo.,2022
CIV,utilities,0.023004,,0.015959,5,DATA_PRESENT,OECD_ICIO,"Aggregated from 2 OECD ISIC sectors; gross_output=2,076 USD m",2022
CIV,aviation,0.004722,,0.015029,5,DATA_PRESENT,OECD_ICIO,"Aggregated from 1 OECD ISIC sectors; gross_output=1,164 USD m",2022
CIV,ports,0.017670,,0.014271,5,DATA_PRESENT,OECD_ICIO,"Aggregated from 1 OECD ISIC sectors; gross_output=2,143 USD m",2022
CIV,telecommunications,0.035194,,0.021239,5,DATA_PRESENT,OECD_ICIO,"Aggregated from 3 OECD ISIC sectors; gross_output=3,495 USD m",2022
CIV,agriculture,0.247851,,0.254631,5,DATA_PRESENT,OECD_ICIO,"Aggregated from 3 OECD ISIC sectors; gross_output=20,572 USD m",2022
CIV,tourism,0.006892,,0.004988,5,DATA_PRESENT,OECD_ICIO,Aggregated from 1 OECD ISIC sectors; gross_output=988 USD m,2022
CIV,government,0.114008,,0.012669,5,DATA_PRESENT,OECD_ICIO,"Aggregated from 2 OECD ISIC sectors; gross_output=9,103 USD m",2022
CMR,semiconductors,,,,,MISSING_OECD_HAS_NO_SOURCE,OECD_ICIO_DOES_NOT_SEPARATE_THIS_SECTOR,OECD ICIO has no clean line item for this sector. See OECD_ICIO_SCHEMA_AUDIT.md for the bundling explanation. Requires supplementary source (SIA / EIA / ECB) — NOT in repo.,2022
CMR,automotive,0.000124,,0.000601,5,DATA_PRESENT,OECD_ICIO,Aggregated from 1 OECD ISIC sectors; gross_output=12 USD m,2022
CMR,electronics,0.000362,,0.001299,5,DATA_PRESENT,OECD_ICIO,Aggregated from 2 OECD ISIC sectors; gross_output=27 USD m,2022
CMR,aerospace,0.000056,,0.000122,5,DATA_PRESENT,OECD_ICIO,Aggregated from 1 OECD ISIC sectors; gross_output=4 USD m,2022
CMR,shipping,0.056736,,0.076496,5,DATA_PRESENT,OECD_ICIO,"Aggregated from 2 OECD ISIC sectors; gross_output=3,241 USD m",2022
CMR,energy,,,,,MISSING_OECD_HAS_NO_SOURCE,OECD_ICIO_DOES_NOT_SEPARATE_THIS_SECTOR,OECD ICIO has no clean line item for this sector. See OECD_ICIO_SCHEMA_AUDIT.md for the bundling explanation. Requires supplementary source (SIA / EIA / ECB) — NOT in repo.,2022
CMR,consumer_goods,0.250851,,0.234957,5,DATA_PRESENT,OECD_ICIO,"Aggregated from 11 OECD ISIC sectors; gross_output=16,495 USD m",2022
CMR,banking,0.019205,,0.036124,5,DATA_PRESENT,OECD_ICIO,"Aggregated from 1 OECD ISIC sectors; gross_output=1,021 USD m",2022
CMR,insurance,,,,,MISSING_OECD_HAS_NO_SOURCE,OECD_ICIO_DOES_NOT_SEPARATE_THIS_SECTOR,OECD ICIO has no clean line item for this sector. See OECD_ICIO_SCHEMA_AUDIT.md for the bundling explanation. Requires supplementary source (SIA / EIA / ECB) — NOT in repo.,2022
CMR,capital_markets,,,,,MISSING_OECD_HAS_NO_SOURCE,OECD_ICIO_DOES_NOT_SEPARATE_THIS_SECTOR,OECD ICIO has no clean line item for this sector. See OECD_ICIO_SCHEMA_AUDIT.md for the bundling explanation. Requires supplementary source (SIA / EIA / ECB) — NOT in repo.,2022
CMR,oil,0.064984,,0.221058,5,DATA_PRESENT,OECD_ICIO,"Aggregated from 2 OECD ISIC sectors; gross_output=3,222 USD m",2022
CMR,gas,,,,,MISSING_OECD_HAS_NO_SOURCE,OECD_ICIO_DOES_NOT_SEPARATE_THIS_SECTOR,OECD ICIO has no clean line item for this sector. See OECD_ICIO_SCHEMA_AUDIT.md for the bundling explanation. Requires supplementary source (SIA / EIA / ECB) — NOT in repo.,2022
CMR,utilities,0.014429,,0.005132,5,DATA_PRESENT,OECD_ICIO,Aggregated from 2 OECD ISIC sectors; gross_output=933 USD m,2022
CMR,aviation,0.007003,,0.023969,5,DATA_PRESENT,OECD_ICIO,Aggregated from 1 OECD ISIC sectors; gross_output=582 USD m,2022
CMR,ports,0.028701,,0.034733,5,DATA_PRESENT,OECD_ICIO,"Aggregated from 1 OECD ISIC sectors; gross_output=1,576 USD m",2022
CMR,telecommunications,0.022013,,0.031081,5,DATA_PRESENT,OECD_ICIO,"Aggregated from 3 OECD ISIC sectors; gross_output=1,313 USD m",2022
CMR,agriculture,0.173897,,0.113919,5,DATA_PRESENT,OECD_ICIO,"Aggregated from 3 OECD ISIC sectors; gross_output=8,499 USD m",2022
CMR,tourism,0.052495,,0.011404,5,DATA_PRESENT,OECD_ICIO,"Aggregated from 1 OECD ISIC sectors; gross_output=3,159 USD m",2022
CMR,government,0.089585,,0.031057,5,DATA_PRESENT,OECD_ICIO,"Aggregated from 2 OECD ISIC sectors; gross_output=4,976 USD m",2022
COD,semiconductors,,,,,MISSING_OECD_HAS_NO_SOURCE,OECD_ICIO_DOES_NOT_SEPARATE_THIS_SECTOR,OECD ICIO has no clean line item for this sector. See OECD_ICIO_SCHEMA_AUDIT.md for the bundling explanation. Requires supplementary source (SIA / EIA / ECB) — NOT in repo.,2022
COD,automotive,0.007429,,0.006230,5,DATA_PRESENT,OECD_ICIO,Aggregated from 1 OECD ISIC sectors; gross_output=926 USD m,2022
COD,electronics,0.003777,,0.006638,5,DATA_PRESENT,OECD_ICIO,Aggregated from 2 OECD ISIC sectors; gross_output=470 USD m,2022
COD,aerospace,0.000010,,0.000022,5,DATA_PRESENT,OECD_ICIO,Aggregated from 1 OECD ISIC sectors; gross_output=1 USD m,2022
COD,shipping,0.055930,,0.056739,5,DATA_PRESENT,OECD_ICIO,"Aggregated from 2 OECD ISIC sectors; gross_output=5,029 USD m",2022
COD,energy,,,,,MISSING_OECD_HAS_NO_SOURCE,OECD_ICIO_DOES_NOT_SEPARATE_THIS_SECTOR,OECD ICIO has no clean line item for this sector. See OECD_ICIO_SCHEMA_AUDIT.md for the bundling explanation. Requires supplementary source (SIA / EIA / ECB) — NOT in repo.,2022
COD,consumer_goods,0.237864,,0.168130,5,DATA_PRESENT,OECD_ICIO,"Aggregated from 11 OECD ISIC sectors; gross_output=25,017 USD m",2022
COD,banking,0.015663,,0.003921,5,DATA_PRESENT,OECD_ICIO,"Aggregated from 1 OECD ISIC sectors; gross_output=1,159 USD m",2022
COD,insurance,,,,,MISSING_OECD_HAS_NO_SOURCE,OECD_ICIO_DOES_NOT_SEPARATE_THIS_SECTOR,OECD ICIO has no clean line item for this sector. See OECD_ICIO_SCHEMA_AUDIT.md for the bundling explanation. Requires supplementary source (SIA / EIA / ECB) — NOT in repo.,2022
COD,capital_markets,,,,,MISSING_OECD_HAS_NO_SOURCE,OECD_ICIO_DOES_NOT_SEPARATE_THIS_SECTOR,OECD ICIO has no clean line item for this sector. See OECD_ICIO_SCHEMA_AUDIT.md for the bundling explanation. Requires supplementary source (SIA / EIA / ECB) — NOT in repo.,2022
COD,oil,0.005172,,0.010765,5,DATA_PRESENT,OECD_ICIO,Aggregated from 2 OECD ISIC sectors; gross_output=445 USD m,2022
COD,gas,,,,,MISSING_OECD_HAS_NO_SOURCE,OECD_ICIO_DOES_NOT_SEPARATE_THIS_SECTOR,OECD ICIO has no clean line item for this sector. See OECD_ICIO_SCHEMA_AUDIT.md for the bundling explanation. Requires supplementary source (SIA / EIA / ECB) — NOT in repo.,2022
COD,utilities,0.006135,,0.002903,5,DATA_PRESENT,OECD_ICIO,Aggregated from 2 OECD ISIC sectors; gross_output=552 USD m,2022
COD,aviation,0.000803,,0.001558,5,DATA_PRESENT,OECD_ICIO,Aggregated from 1 OECD ISIC sectors; gross_output=118 USD m,2022
COD,ports,0.006418,,0.006809,5,DATA_PRESENT,OECD_ICIO,Aggregated from 1 OECD ISIC sectors; gross_output=563 USD m,2022
COD,telecommunications,0.026465,,0.007253,5,DATA_PRESENT,OECD_ICIO,"Aggregated from 3 OECD ISIC sectors; gross_output=2,247 USD m",2022
COD,agriculture,0.081758,,0.062929,5,DATA_PRESENT,OECD_ICIO,"Aggregated from 3 OECD ISIC sectors; gross_output=7,121 USD m",2022
COD,tourism,0.042177,,0.010533,5,DATA_PRESENT,OECD_ICIO,"Aggregated from 1 OECD ISIC sectors; gross_output=3,697 USD m",2022
COD,government,0.095771,,0.010677,5,DATA_PRESENT,OECD_ICIO,"Aggregated from 2 OECD ISIC sectors; gross_output=6,820 USD m",2022
COL,semiconductors,,,,,MISSING_OECD_HAS_NO_SOURCE,OECD_ICIO_DOES_NOT_SEPARATE_THIS_SECTOR,OECD ICIO has no clean line item for this sector. See OECD_ICIO_SCHEMA_AUDIT.md for the bundling explanation. Requires supplementary source (SIA / EIA / ECB) — NOT in repo.,2022
COL,automotive,0.001622,,0.008788,5,DATA_PRESENT,OECD_ICIO,"Aggregated from 1 OECD ISIC sectors; gross_output=2,669 USD m",2022
COL,electronics,0.004528,,0.020729,5,DATA_PRESENT,OECD_ICIO,"Aggregated from 2 OECD ISIC sectors; gross_output=5,219 USD m",2022
COL,aerospace,0.000452,,0.001879,5,DATA_PRESENT,OECD_ICIO,Aggregated from 1 OECD ISIC sectors; gross_output=665 USD m,2022
COL,shipping,0.034346,,0.023293,5,DATA_PRESENT,OECD_ICIO,"Aggregated from 2 OECD ISIC sectors; gross_output=21,783 USD m",2022
COL,energy,,,,,MISSING_OECD_HAS_NO_SOURCE,OECD_ICIO_DOES_NOT_SEPARATE_THIS_SECTOR,OECD ICIO has no clean line item for this sector. See OECD_ICIO_SCHEMA_AUDIT.md for the bundling explanation. Requires supplementary source (SIA / EIA / ECB) — NOT in repo.,2022
COL,consumer_goods,0.208726,,0.350691,5,DATA_PRESENT,OECD_ICIO,"Aggregated from 11 OECD ISIC sectors; gross_output=169,745 USD m",2022
COL,banking,0.043914,,0.011425,5,DATA_PRESENT,OECD_ICIO,"Aggregated from 1 OECD ISIC sectors; gross_output=24,830 USD m",2022
COL,insurance,,,,,MISSING_OECD_HAS_NO_SOURCE,OECD_ICIO_DOES_NOT_SEPARATE_THIS_SECTOR,OECD ICIO has no clean line item for this sector. See OECD_ICIO_SCHEMA_AUDIT.md for the bundling explanation. Requires supplementary source (SIA / EIA / ECB) — NOT in repo.,2022
COL,capital_markets,,,,,MISSING_OECD_HAS_NO_SOURCE,OECD_ICIO_DOES_NOT_SEPARATE_THIS_SECTOR,OECD ICIO has no clean line item for this sector. See OECD_ICIO_SCHEMA_AUDIT.md for the bundling explanation. Requires supplementary source (SIA / EIA / ECB) — NOT in repo.,2022
COL,oil,0.057998,,0.174729,5,DATA_PRESENT,OECD_ICIO,"Aggregated from 2 OECD ISIC sectors; gross_output=49,034 USD m",2022
COL,gas,,,,,MISSING_OECD_HAS_NO_SOURCE,OECD_ICIO_DOES_NOT_SEPARATE_THIS_SECTOR,OECD ICIO has no clean line item for this sector. See OECD_ICIO_SCHEMA_AUDIT.md for the bundling explanation. Requires supplementary source (SIA / EIA / ECB) — NOT in repo.,2022
COL,utilities,0.040701,,0.013253,5,DATA_PRESENT,OECD_ICIO,"Aggregated from 2 OECD ISIC sectors; gross_output=27,247 USD m",2022
COL,aviation,0.004808,,0.020294,5,DATA_PRESENT,OECD_ICIO,"Aggregated from 1 OECD ISIC sectors; gross_output=4,425 USD m",2022
COL,ports,0.010177,,0.008705,5,DATA_PRESENT,OECD_ICIO,"Aggregated from 1 OECD ISIC sectors; gross_output=5,762 USD m",2022
COL,telecommunications,0.026851,,0.013405,5,DATA_PRESENT,OECD_ICIO,"Aggregated from 3 OECD ISIC sectors; gross_output=16,103 USD m",2022
COL,agriculture,0.096546,,0.067593,5,DATA_PRESENT,OECD_ICIO,"Aggregated from 3 OECD ISIC sectors; gross_output=45,892 USD m",2022
COL,tourism,0.038869,,0.023694,5,DATA_PRESENT,OECD_ICIO,"Aggregated from 1 OECD ISIC sectors; gross_output=26,528 USD m",2022
COL,government,0.103761,,0.017195,5,DATA_PRESENT,OECD_ICIO,"Aggregated from 2 OECD ISIC sectors; gross_output=51,492 USD m",2022
CRI,semiconductors,,,,,MISSING_OECD_HAS_NO_SOURCE,OECD_ICIO_DOES_NOT_SEPARATE_THIS_SECTOR,OECD ICIO has no clean line item for this sector. See OECD_ICIO_SCHEMA_AUDIT.md for the bundling explanation. Requires supplementary source (SIA / EIA / ECB) — NOT in repo.,2022
CRI,automotive,0.000222,,0.000299,5,DATA_PRESENT,OECD_ICIO,Aggregated from 1 OECD ISIC sectors; gross_output=36 USD m,2022
CRI,electronics,0.011132,,0.033053,5,DATA_PRESENT,OECD_ICIO,"Aggregated from 2 OECD ISIC sectors; gross_output=1,412 USD m",2022
CRI,aerospace,0.000028,,0.000114,5,DATA_PRESENT,OECD_ICIO,Aggregated from 1 OECD ISIC sectors; gross_output=4 USD m,2022
CRI,shipping,0.032465,,0.049286,5,DATA_PRESENT,OECD_ICIO,"Aggregated from 2 OECD ISIC sectors; gross_output=4,101 USD m",2022
CRI,energy,,,,,MISSING_OECD_HAS_NO_SOURCE,OECD_ICIO_DOES_NOT_SEPARATE_THIS_SECTOR,OECD ICIO has no clean line item for this sector. See OECD_ICIO_SCHEMA_AUDIT.md for the bundling explanation. Requires supplementary source (SIA / EIA / ECB) — NOT in repo.,2022
CRI,consumer_goods,0.314947,,0.448876,5,DATA_PRESENT,OECD_ICIO,"Aggregated from 11 OECD ISIC sectors; gross_output=39,447 USD m",2022
CRI,banking,0.049873,,0.016772,5,DATA_PRESENT,OECD_ICIO,"Aggregated from 1 OECD ISIC sectors; gross_output=5,238 USD m",2022
CRI,insurance,,,,,MISSING_OECD_HAS_NO_SOURCE,OECD_ICIO_DOES_NOT_SEPARATE_THIS_SECTOR,OECD ICIO has no clean line item for this sector. See OECD_ICIO_SCHEMA_AUDIT.md for the bundling explanation. Requires supplementary source (SIA / EIA / ECB) — NOT in repo.,2022
CRI,capital_markets,,,,,MISSING_OECD_HAS_NO_SOURCE,OECD_ICIO_DOES_NOT_SEPARATE_THIS_SECTOR,OECD ICIO has no clean line item for this sector. See OECD_ICIO_SCHEMA_AUDIT.md for the bundling explanation. Requires supplementary source (SIA / EIA / ECB) — NOT in repo.,2022
CRI,oil,0.002202,,0.011314,5,DATA_PRESENT,OECD_ICIO,Aggregated from 2 OECD ISIC sectors; gross_output=660 USD m,2022
CRI,gas,,,,,MISSING_OECD_HAS_NO_SOURCE,OECD_ICIO_DOES_NOT_SEPARATE_THIS_SECTOR,OECD ICIO has no clean line item for this sector. See OECD_ICIO_SCHEMA_AUDIT.md for the bundling explanation. Requires supplementary source (SIA / EIA / ECB) — NOT in repo.,2022
CRI,utilities,0.023535,,0.005984,5,DATA_PRESENT,OECD_ICIO,"Aggregated from 2 OECD ISIC sectors; gross_output=2,219 USD m",2022
CRI,aviation,0.001649,,0.008033,5,DATA_PRESENT,OECD_ICIO,Aggregated from 1 OECD ISIC sectors; gross_output=343 USD m,2022
CRI,ports,0.007762,,0.015271,5,DATA_PRESENT,OECD_ICIO,Aggregated from 1 OECD ISIC sectors; gross_output=890 USD m,2022
CRI,telecommunications,0.055043,,0.041161,5,DATA_PRESENT,OECD_ICIO,"Aggregated from 3 OECD ISIC sectors; gross_output=5,196 USD m",2022
CRI,agriculture,0.038646,,0.077249,5,DATA_PRESENT,OECD_ICIO,"Aggregated from 3 OECD ISIC sectors; gross_output=5,218 USD m",2022
CRI,tourism,0.024302,,0.049103,5,DATA_PRESENT,OECD_ICIO,"Aggregated from 1 OECD ISIC sectors; gross_output=3,375 USD m",2022
CRI,government,0.099787,,0.010611,5,DATA_PRESENT,OECD_ICIO,"Aggregated from 2 OECD ISIC sectors; gross_output=7,910 USD m",2022
CYP,semiconductors,,,,,MISSING_OECD_HAS_NO_SOURCE,OECD_ICIO_DOES_NOT_SEPARATE_THIS_SECTOR,OECD ICIO has no clean line item for this sector. See OECD_ICIO_SCHEMA_AUDIT.md for the bundling explanation. Requires supplementary source (SIA / EIA / ECB) — NOT in repo.,2022
CYP,automotive,0.000207,,0.000484,5,DATA_PRESENT,OECD_ICIO,Aggregated from 1 OECD ISIC sectors; gross_output=19 USD m,2022
CYP,electronics,0.001410,,0.002251,5,DATA_PRESENT,OECD_ICIO,Aggregated from 2 OECD ISIC sectors; gross_output=86 USD m,2022
CYP,aerospace,0.000081,,0.000104,5,DATA_PRESENT,OECD_ICIO,Aggregated from 1 OECD ISIC sectors; gross_output=6 USD m,2022
CYP,shipping,0.026121,,0.040517,5,DATA_PRESENT,OECD_ICIO,"Aggregated from 2 OECD ISIC sectors; gross_output=2,024 USD m",2022
CYP,energy,,,,,MISSING_OECD_HAS_NO_SOURCE,OECD_ICIO_DOES_NOT_SEPARATE_THIS_SECTOR,OECD ICIO has no clean line item for this sector. See OECD_ICIO_SCHEMA_AUDIT.md for the bundling explanation. Requires supplementary source (SIA / EIA / ECB) — NOT in repo.,2022
CYP,consumer_goods,0.174449,,0.096370,5,DATA_PRESENT,OECD_ICIO,"Aggregated from 11 OECD ISIC sectors; gross_output=7,719 USD m",2022
CYP,banking,0.093913,,0.276214,5,DATA_PRESENT,OECD_ICIO,"Aggregated from 1 OECD ISIC sectors; gross_output=7,336 USD m",2022
CYP,insurance,,,,,MISSING_OECD_HAS_NO_SOURCE,OECD_ICIO_DOES_NOT_SEPARATE_THIS_SECTOR,OECD ICIO has no clean line item for this sector. See OECD_ICIO_SCHEMA_AUDIT.md for the bundling explanation. Requires supplementary source (SIA / EIA / ECB) — NOT in repo.,2022
CYP,capital_markets,,,,,MISSING_OECD_HAS_NO_SOURCE,OECD_ICIO_DOES_NOT_SEPARATE_THIS_SECTOR,OECD ICIO has no clean line item for this sector. See OECD_ICIO_SCHEMA_AUDIT.md for the bundling explanation. Requires supplementary source (SIA / EIA / ECB) — NOT in repo.,2022
CYP,oil,0.000783,,0.000269,5,DATA_PRESENT,OECD_ICIO,Aggregated from 2 OECD ISIC sectors; gross_output=37 USD m,2022
CYP,gas,,,,,MISSING_OECD_HAS_NO_SOURCE,OECD_ICIO_DOES_NOT_SEPARATE_THIS_SECTOR,OECD ICIO has no clean line item for this sector. See OECD_ICIO_SCHEMA_AUDIT.md for the bundling explanation. Requires supplementary source (SIA / EIA / ECB) — NOT in repo.,2022
CYP,utilities,0.016949,,0.010148,5,DATA_PRESENT,OECD_ICIO,"Aggregated from 2 OECD ISIC sectors; gross_output=1,631 USD m",2022
CYP,aviation,-0.000257,,0.003189,5,DATA_PRESENT,OECD_ICIO,Aggregated from 1 OECD ISIC sectors; gross_output=75 USD m,2022
CYP,ports,0.027171,,0.105704,5,DATA_PRESENT,OECD_ICIO,"Aggregated from 1 OECD ISIC sectors; gross_output=3,526 USD m",2022
CYP,telecommunications,0.107148,,0.275627,5,DATA_PRESENT,OECD_ICIO,"Aggregated from 3 OECD ISIC sectors; gross_output=8,925 USD m",2022
CYP,agriculture,0.013258,,0.010209,5,DATA_PRESENT,OECD_ICIO,Aggregated from 3 OECD ISIC sectors; gross_output=737 USD m,2022
CYP,tourism,0.056255,,0.034920,5,DATA_PRESENT,OECD_ICIO,"Aggregated from 1 OECD ISIC sectors; gross_output=2,721 USD m",2022
CYP,government,0.138194,,0.012402,5,DATA_PRESENT,OECD_ICIO,"Aggregated from 2 OECD ISIC sectors; gross_output=4,069 USD m",2022
CZE,semiconductors,,,,,MISSING_OECD_HAS_NO_SOURCE,OECD_ICIO_DOES_NOT_SEPARATE_THIS_SECTOR,OECD ICIO has no clean line item for this sector. See OECD_ICIO_SCHEMA_AUDIT.md for the bundling explanation. Requires supplementary source (SIA / EIA / ECB) — NOT in repo.,2022
CZE,automotive,0.039590,,0.207345,5,DATA_PRESENT,OECD_ICIO,"Aggregated from 1 OECD ISIC sectors; gross_output=60,288 USD m",2022
CZE,electronics,0.029675,,0.105361,5,DATA_PRESENT,OECD_ICIO,"Aggregated from 2 OECD ISIC sectors; gross_output=30,308 USD m",2022
CZE,aerospace,0.004266,,0.010270,5,DATA_PRESENT,OECD_ICIO,"Aggregated from 1 OECD ISIC sectors; gross_output=4,061 USD m",2022
CZE,shipping,0.027841,,0.033850,5,DATA_PRESENT,OECD_ICIO,"Aggregated from 2 OECD ISIC sectors; gross_output=18,630 USD m",2022
CZE,energy,,,,,MISSING_OECD_HAS_NO_SOURCE,OECD_ICIO_DOES_NOT_SEPARATE_THIS_SECTOR,OECD ICIO has no clean line item for this sector. See OECD_ICIO_SCHEMA_AUDIT.md for the bundling explanation. Requires supplementary source (SIA / EIA / ECB) — NOT in repo.,2022
CZE,consumer_goods,0.218101,,0.316591,5,DATA_PRESENT,OECD_ICIO,"Aggregated from 11 OECD ISIC sectors; gross_output=164,873 USD m",2022
CZE,banking,0.036200,,0.009209,5,DATA_PRESENT,OECD_ICIO,"Aggregated from 1 OECD ISIC sectors; gross_output=19,847 USD m",2022
CZE,insurance,,,,,MISSING_OECD_HAS_NO_SOURCE,OECD_ICIO_DOES_NOT_SEPARATE_THIS_SECTOR,OECD ICIO has no clean line item for this sector. See OECD_ICIO_SCHEMA_AUDIT.md for the bundling explanation. Requires supplementary source (SIA / EIA / ECB) — NOT in repo.,2022
CZE,capital_markets,,,,,MISSING_OECD_HAS_NO_SOURCE,OECD_ICIO_DOES_NOT_SEPARATE_THIS_SECTOR,OECD ICIO has no clean line item for this sector. See OECD_ICIO_SCHEMA_AUDIT.md for the bundling explanation. Requires supplementary source (SIA / EIA / ECB) — NOT in repo.,2022
CZE,oil,0.000336,,0.001752,5,DATA_PRESENT,OECD_ICIO,Aggregated from 2 OECD ISIC sectors; gross_output=702 USD m,2022
CZE,gas,,,,,MISSING_OECD_HAS_NO_SOURCE,OECD_ICIO_DOES_NOT_SEPARATE_THIS_SECTOR,OECD ICIO has no clean line item for this sector. See OECD_ICIO_SCHEMA_AUDIT.md for the bundling explanation. Requires supplementary source (SIA / EIA / ECB) — NOT in repo.,2022
CZE,utilities,0.047619,,0.055510,5,DATA_PRESENT,OECD_ICIO,"Aggregated from 2 OECD ISIC sectors; gross_output=37,582 USD m",2022
CZE,aviation,0.000557,,0.003091,5,DATA_PRESENT,OECD_ICIO,"Aggregated from 1 OECD ISIC sectors; gross_output=1,152 USD m",2022
CZE,ports,0.022419,,0.016278,5,DATA_PRESENT,OECD_ICIO,"Aggregated from 1 OECD ISIC sectors; gross_output=15,202 USD m",2022
CZE,telecommunications,0.067170,,0.038183,5,DATA_PRESENT,OECD_ICIO,"Aggregated from 3 OECD ISIC sectors; gross_output=30,989 USD m",2022
CZE,agriculture,0.022803,,0.019169,5,DATA_PRESENT,OECD_ICIO,"Aggregated from 3 OECD ISIC sectors; gross_output=15,887 USD m",2022
CZE,tourism,0.015876,,0.010269,5,DATA_PRESENT,OECD_ICIO,"Aggregated from 1 OECD ISIC sectors; gross_output=9,825 USD m",2022
CZE,government,0.105288,,0.005825,5,DATA_PRESENT,OECD_ICIO,"Aggregated from 2 OECD ISIC sectors; gross_output=37,301 USD m",2022
DEU,semiconductors,,,,,MISSING_OECD_HAS_NO_SOURCE,OECD_ICIO_DOES_NOT_SEPARATE_THIS_SECTOR,OECD ICIO has no clean line item for this sector. See OECD_ICIO_SCHEMA_AUDIT.md for the bundling explanation. Requires supplementary source (SIA / EIA / ECB) — NOT in repo.,2022
DEU,automotive,0.042275,,0.120957,5,DATA_PRESENT,OECD_ICIO,"Aggregated from 1 OECD ISIC sectors; gross_output=496,516 USD m",2022
DEU,electronics,0.026717,,0.085342,5,DATA_PRESENT,OECD_ICIO,"Aggregated from 2 OECD ISIC sectors; gross_output=245,451 USD m",2022
DEU,aerospace,0.004404,,0.012279,5,DATA_PRESENT,OECD_ICIO,"Aggregated from 1 OECD ISIC sectors; gross_output=47,670 USD m",2022
DEU,shipping,0.022542,,0.039600,5,DATA_PRESENT,OECD_ICIO,"Aggregated from 2 OECD ISIC sectors; gross_output=197,141 USD m",2022
DEU,energy,,,,,MISSING_OECD_HAS_NO_SOURCE,OECD_ICIO_DOES_NOT_SEPARATE_THIS_SECTOR,OECD ICIO has no clean line item for this sector. See OECD_ICIO_SCHEMA_AUDIT.md for the bundling explanation. Requires supplementary source (SIA / EIA / ECB) — NOT in repo.,2022
DEU,consumer_goods,0.212271,,0.383609,5,DATA_PRESENT,OECD_ICIO,"Aggregated from 11 OECD ISIC sectors; gross_output=1,962,235 USD m",2022
DEU,banking,0.037388,,0.039418,5,DATA_PRESENT,OECD_ICIO,"Aggregated from 1 OECD ISIC sectors; gross_output=319,409 USD m",2022
DEU,insurance,,,,,MISSING_OECD_HAS_NO_SOURCE,OECD_ICIO_DOES_NOT_SEPARATE_THIS_SECTOR,OECD ICIO has no clean line item for this sector. See OECD_ICIO_SCHEMA_AUDIT.md for the bundling explanation. Requires supplementary source (SIA / EIA / ECB) — NOT in repo.,2022
DEU,capital_markets,,,,,MISSING_OECD_HAS_NO_SOURCE,OECD_ICIO_DOES_NOT_SEPARATE_THIS_SECTOR,OECD ICIO has no clean line item for this sector. See OECD_ICIO_SCHEMA_AUDIT.md for the bundling explanation. Requires supplementary source (SIA / EIA / ECB) — NOT in repo.,2022
DEU,oil,0.003335,,0.031684,5,DATA_PRESENT,OECD_ICIO,"Aggregated from 2 OECD ISIC sectors; gross_output=114,274 USD m",2022
DEU,gas,,,,,MISSING_OECD_HAS_NO_SOURCE,OECD_ICIO_DOES_NOT_SEPARATE_THIS_SECTOR,OECD ICIO has no clean line item for this sector. See OECD_ICIO_SCHEMA_AUDIT.md for the bundling explanation. Requires supplementary source (SIA / EIA / ECB) — NOT in repo.,2022
DEU,utilities,0.031699,,0.025989,5,DATA_PRESENT,OECD_ICIO,"Aggregated from 2 OECD ISIC sectors; gross_output=314,644 USD m",2022
DEU,aviation,0.002574,,0.009762,5,DATA_PRESENT,OECD_ICIO,"Aggregated from 1 OECD ISIC sectors; gross_output=38,450 USD m",2022
DEU,ports,0.016467,,0.015147,5,DATA_PRESENT,OECD_ICIO,"Aggregated from 1 OECD ISIC sectors; gross_output=191,364 USD m",2022
DEU,telecommunications,0.046905,,0.036241,5,DATA_PRESENT,OECD_ICIO,"Aggregated from 3 OECD ISIC sectors; gross_output=366,958 USD m",2022
DEU,agriculture,0.011141,,0.007825,5,DATA_PRESENT,OECD_ICIO,"Aggregated from 3 OECD ISIC sectors; gross_output=85,213 USD m",2022
DEU,tourism,0.014447,,0.007538,5,DATA_PRESENT,OECD_ICIO,"Aggregated from 1 OECD ISIC sectors; gross_output=120,315 USD m",2022
DEU,government,0.110121,,0.011086,5,DATA_PRESENT,OECD_ICIO,"Aggregated from 2 OECD ISIC sectors; gross_output=598,848 USD m",2022
DNK,semiconductors,,,,,MISSING_OECD_HAS_NO_SOURCE,OECD_ICIO_DOES_NOT_SEPARATE_THIS_SECTOR,OECD ICIO has no clean line item for this sector. See OECD_ICIO_SCHEMA_AUDIT.md for the bundling explanation. Requires supplementary source (SIA / EIA / ECB) — NOT in repo.,2022
DNK,automotive,0.000967,,0.002307,5,DATA_PRESENT,OECD_ICIO,"Aggregated from 1 OECD ISIC sectors; gross_output=1,006 USD m",2022
DNK,electronics,0.011993,,0.025407,5,DATA_PRESENT,OECD_ICIO,"Aggregated from 2 OECD ISIC sectors; gross_output=9,421 USD m",2022
DNK,aerospace,0.000418,,0.000729,5,DATA_PRESENT,OECD_ICIO,Aggregated from 1 OECD ISIC sectors; gross_output=394 USD m,2022
DNK,shipping,0.104030,,0.293401,5,DATA_PRESENT,OECD_ICIO,"Aggregated from 2 OECD ISIC sectors; gross_output=98,070 USD m",2022
DNK,energy,,,,,MISSING_OECD_HAS_NO_SOURCE,OECD_ICIO_DOES_NOT_SEPARATE_THIS_SECTOR,OECD ICIO has no clean line item for this sector. See OECD_ICIO_SCHEMA_AUDIT.md for the bundling explanation. Requires supplementary source (SIA / EIA / ECB) — NOT in repo.,2022
DNK,consumer_goods,0.241438,,0.327269,5,DATA_PRESENT,OECD_ICIO,"Aggregated from 11 OECD ISIC sectors; gross_output=196,307 USD m",2022
DNK,banking,0.046652,,0.020030,5,DATA_PRESENT,OECD_ICIO,"Aggregated from 1 OECD ISIC sectors; gross_output=29,977 USD m",2022
DNK,insurance,,,,,MISSING_OECD_HAS_NO_SOURCE,OECD_ICIO_DOES_NOT_SEPARATE_THIS_SECTOR,OECD ICIO has no clean line item for this sector. See OECD_ICIO_SCHEMA_AUDIT.md for the bundling explanation. Requires supplementary source (SIA / EIA / ECB) — NOT in repo.,2022
DNK,capital_markets,,,,,MISSING_OECD_HAS_NO_SOURCE,OECD_ICIO_DOES_NOT_SEPARATE_THIS_SECTOR,OECD ICIO has no clean line item for this sector. See OECD_ICIO_SCHEMA_AUDIT.md for the bundling explanation. Requires supplementary source (SIA / EIA / ECB) — NOT in repo.,2022
DNK,oil,0.007656,,0.016195,5,DATA_PRESENT,OECD_ICIO,"Aggregated from 2 OECD ISIC sectors; gross_output=10,900 USD m",2022
DNK,gas,,,,,MISSING_OECD_HAS_NO_SOURCE,OECD_ICIO_DOES_NOT_SEPARATE_THIS_SECTOR,OECD ICIO has no clean line item for this sector. See OECD_ICIO_SCHEMA_AUDIT.md for the bundling explanation. Requires supplementary source (SIA / EIA / ECB) — NOT in repo.,2022
DNK,utilities,0.030893,,0.020764,5,DATA_PRESENT,OECD_ICIO,"Aggregated from 2 OECD ISIC sectors; gross_output=26,355 USD m",2022
DNK,aviation,0.000954,,0.009062,5,DATA_PRESENT,OECD_ICIO,"Aggregated from 1 OECD ISIC sectors; gross_output=2,449 USD m",2022
DNK,ports,0.014939,,0.032431,5,DATA_PRESENT,OECD_ICIO,"Aggregated from 1 OECD ISIC sectors; gross_output=12,179 USD m",2022
DNK,telecommunications,0.045128,,0.041121,5,DATA_PRESENT,OECD_ICIO,"Aggregated from 3 OECD ISIC sectors; gross_output=34,570 USD m",2022
DNK,agriculture,0.008980,,0.022535,5,DATA_PRESENT,OECD_ICIO,"Aggregated from 3 OECD ISIC sectors; gross_output=14,642 USD m",2022
DNK,tourism,0.015063,,0.010278,5,DATA_PRESENT,OECD_ICIO,"Aggregated from 1 OECD ISIC sectors; gross_output=12,211 USD m",2022
DNK,government,0.094869,,0.016359,5,DATA_PRESENT,OECD_ICIO,"Aggregated from 2 OECD ISIC sectors; gross_output=49,997 USD m",2022
EGY,semiconductors,,,,,MISSING_OECD_HAS_NO_SOURCE,OECD_ICIO_DOES_NOT_SEPARATE_THIS_SECTOR,OECD ICIO has no clean line item for this sector. See OECD_ICIO_SCHEMA_AUDIT.md for the bundling explanation. Requires supplementary source (SIA / EIA / ECB) — NOT in repo.,2022
EGY,automotive,0.001940,,0.005850,5,DATA_PRESENT,OECD_ICIO,"Aggregated from 1 OECD ISIC sectors; gross_output=2,288 USD m",2022
EGY,electronics,0.006092,,0.032115,5,DATA_PRESENT,OECD_ICIO,"Aggregated from 2 OECD ISIC sectors; gross_output=7,229 USD m",2022
EGY,aerospace,0.000288,,0.000172,5,DATA_PRESENT,OECD_ICIO,Aggregated from 1 OECD ISIC sectors; gross_output=165 USD m,2022
EGY,shipping,0.056147,,0.063080,5,DATA_PRESENT,OECD_ICIO,"Aggregated from 2 OECD ISIC sectors; gross_output=29,669 USD m",2022
EGY,energy,,,,,MISSING_OECD_HAS_NO_SOURCE,OECD_ICIO_DOES_NOT_SEPARATE_THIS_SECTOR,OECD ICIO has no clean line item for this sector. See OECD_ICIO_SCHEMA_AUDIT.md for the bundling explanation. Requires supplementary source (SIA / EIA / ECB) — NOT in repo.,2022
EGY,consumer_goods,0.217585,,0.319563,5,DATA_PRESENT,OECD_ICIO,"Aggregated from 11 OECD ISIC sectors; gross_output=142,389 USD m",2022
EGY,banking,0.043027,,0.017922,5,DATA_PRESENT,OECD_ICIO,"Aggregated from 1 OECD ISIC sectors; gross_output=18,065 USD m",2022
EGY,insurance,,,,,MISSING_OECD_HAS_NO_SOURCE,OECD_ICIO_DOES_NOT_SEPARATE_THIS_SECTOR,OECD ICIO has no clean line item for this sector. See OECD_ICIO_SCHEMA_AUDIT.md for the bundling explanation. Requires supplementary source (SIA / EIA / ECB) — NOT in repo.,2022
EGY,capital_markets,,,,,MISSING_OECD_HAS_NO_SOURCE,OECD_ICIO_DOES_NOT_SEPARATE_THIS_SECTOR,OECD ICIO has no clean line item for this sector. See OECD_ICIO_SCHEMA_AUDIT.md for the bundling explanation. Requires supplementary source (SIA / EIA / ECB) — NOT in repo.,2022
EGY,oil,0.127899,,0.175317,5,DATA_PRESENT,OECD_ICIO,"Aggregated from 2 OECD ISIC sectors; gross_output=75,118 USD m",2022
EGY,gas,,,,,MISSING_OECD_HAS_NO_SOURCE,OECD_ICIO_DOES_NOT_SEPARATE_THIS_SECTOR,OECD ICIO has no clean line item for this sector. See OECD_ICIO_SCHEMA_AUDIT.md for the bundling explanation. Requires supplementary source (SIA / EIA / ECB) — NOT in repo.,2022
EGY,utilities,0.019672,,0.017202,5,DATA_PRESENT,OECD_ICIO,"Aggregated from 2 OECD ISIC sectors; gross_output=19,225 USD m",2022
EGY,aviation,0.007012,,0.018397,5,DATA_PRESENT,OECD_ICIO,"Aggregated from 1 OECD ISIC sectors; gross_output=4,658 USD m",2022
EGY,ports,0.032992,,0.054293,5,DATA_PRESENT,OECD_ICIO,"Aggregated from 1 OECD ISIC sectors; gross_output=16,623 USD m",2022
EGY,telecommunications,0.027952,,0.022068,5,DATA_PRESENT,OECD_ICIO,"Aggregated from 3 OECD ISIC sectors; gross_output=13,764 USD m",2022
EGY,agriculture,0.109001,,0.048876,5,DATA_PRESENT,OECD_ICIO,"Aggregated from 3 OECD ISIC sectors; gross_output=55,753 USD m",2022
EGY,tourism,0.020195,,0.049640,5,DATA_PRESENT,OECD_ICIO,"Aggregated from 1 OECD ISIC sectors; gross_output=12,629 USD m",2022
EGY,government,0.080755,,0.006783,5,DATA_PRESENT,OECD_ICIO,"Aggregated from 2 OECD ISIC sectors; gross_output=33,942 USD m",2022
ESP,semiconductors,,,,,MISSING_OECD_HAS_NO_SOURCE,OECD_ICIO_DOES_NOT_SEPARATE_THIS_SECTOR,OECD ICIO has no clean line item for this sector. See OECD_ICIO_SCHEMA_AUDIT.md for the bundling explanation. Requires supplementary source (SIA / EIA / ECB) — NOT in repo.,2022
ESP,automotive,0.010369,,0.077560,5,DATA_PRESENT,OECD_ICIO,"Aggregated from 1 OECD ISIC sectors; gross_output=73,784 USD m",2022
ESP,electronics,0.005502,,0.032097,5,DATA_PRESENT,OECD_ICIO,"Aggregated from 2 OECD ISIC sectors; gross_output=27,621 USD m",2022
ESP,aerospace,0.003450,,0.018543,5,DATA_PRESENT,OECD_ICIO,"Aggregated from 1 OECD ISIC sectors; gross_output=16,586 USD m",2022
ESP,shipping,0.023771,,0.032964,5,DATA_PRESENT,OECD_ICIO,"Aggregated from 2 OECD ISIC sectors; gross_output=73,089 USD m",2022
ESP,energy,,,,,MISSING_OECD_HAS_NO_SOURCE,OECD_ICIO_DOES_NOT_SEPARATE_THIS_SECTOR,OECD ICIO has no clean line item for this sector. See OECD_ICIO_SCHEMA_AUDIT.md for the bundling explanation. Requires supplementary source (SIA / EIA / ECB) — NOT in repo.,2022
ESP,consumer_goods,0.211734,,0.376650,5,DATA_PRESENT,OECD_ICIO,"Aggregated from 11 OECD ISIC sectors; gross_output=722,040 USD m",2022
ESP,banking,0.042508,,0.015100,5,DATA_PRESENT,OECD_ICIO,"Aggregated from 1 OECD ISIC sectors; gross_output=94,223 USD m",2022
ESP,insurance,,,,,MISSING_OECD_HAS_NO_SOURCE,OECD_ICIO_DOES_NOT_SEPARATE_THIS_SECTOR,OECD ICIO has no clean line item for this sector. See OECD_ICIO_SCHEMA_AUDIT.md for the bundling explanation. Requires supplementary source (SIA / EIA / ECB) — NOT in repo.,2022
ESP,capital_markets,,,,,MISSING_OECD_HAS_NO_SOURCE,OECD_ICIO_DOES_NOT_SEPARATE_THIS_SECTOR,OECD ICIO has no clean line item for this sector. See OECD_ICIO_SCHEMA_AUDIT.md for the bundling explanation. Requires supplementary source (SIA / EIA / ECB) — NOT in repo.,2022
ESP,oil,0.006514,,0.072577,5,DATA_PRESENT,OECD_ICIO,"Aggregated from 2 OECD ISIC sectors; gross_output=67,044 USD m",2022
ESP,gas,,,,,MISSING_OECD_HAS_NO_SOURCE,OECD_ICIO_DOES_NOT_SEPARATE_THIS_SECTOR,OECD ICIO has no clean line item for this sector. See OECD_ICIO_SCHEMA_AUDIT.md for the bundling explanation. Requires supplementary source (SIA / EIA / ECB) — NOT in repo.,2022
ESP,utilities,0.045487,,0.022290,5,DATA_PRESENT,OECD_ICIO,"Aggregated from 2 OECD ISIC sectors; gross_output=143,766 USD m",2022
ESP,aviation,0.002549,,0.013037,5,DATA_PRESENT,OECD_ICIO,"Aggregated from 1 OECD ISIC sectors; gross_output=14,780 USD m",2022
ESP,ports,0.016771,,0.018031,5,DATA_PRESENT,OECD_ICIO,"Aggregated from 1 OECD ISIC sectors; gross_output=66,889 USD m",2022
ESP,telecommunications,0.039390,,0.054009,5,DATA_PRESENT,OECD_ICIO,"Aggregated from 3 OECD ISIC sectors; gross_output=113,432 USD m",2022
ESP,agriculture,0.025334,,0.036014,5,DATA_PRESENT,OECD_ICIO,"Aggregated from 3 OECD ISIC sectors; gross_output=72,574 USD m",2022
ESP,tourism,0.059258,,0.030365,5,DATA_PRESENT,OECD_ICIO,"Aggregated from 1 OECD ISIC sectors; gross_output=134,524 USD m",2022
ESP,government,0.112691,,0.011284,5,DATA_PRESENT,OECD_ICIO,"Aggregated from 2 OECD ISIC sectors; gross_output=188,887 USD m",2022
EST,semiconductors,,,,,MISSING_OECD_HAS_NO_SOURCE,OECD_ICIO_DOES_NOT_SEPARATE_THIS_SECTOR,OECD ICIO has no clean line item for this sector. See OECD_ICIO_SCHEMA_AUDIT.md for the bundling explanation. Requires supplementary source (SIA / EIA / ECB) — NOT in repo.,2022
EST,automotive,0.003768,,0.020008,5,DATA_PRESENT,OECD_ICIO,Aggregated from 1 OECD ISIC sectors; gross_output=670 USD m,2022
EST,electronics,0.017018,,0.079319,5,DATA_PRESENT,OECD_ICIO,"Aggregated from 2 OECD ISIC sectors; gross_output=2,669 USD m",2022
EST,aerospace,0.000023,,0.000070,5,DATA_PRESENT,OECD_ICIO,Aggregated from 1 OECD ISIC sectors; gross_output=4 USD m,2022
EST,shipping,0.030763,,0.052315,5,DATA_PRESENT,OECD_ICIO,"Aggregated from 2 OECD ISIC sectors; gross_output=2,825 USD m",2022
EST,energy,,,,,MISSING_OECD_HAS_NO_SOURCE,OECD_ICIO_DOES_NOT_SEPARATE_THIS_SECTOR,OECD ICIO has no clean line item for this sector. See OECD_ICIO_SCHEMA_AUDIT.md for the bundling explanation. Requires supplementary source (SIA / EIA / ECB) — NOT in repo.,2022
EST,consumer_goods,0.212277,,0.353061,5,DATA_PRESENT,OECD_ICIO,"Aggregated from 11 OECD ISIC sectors; gross_output=20,362 USD m",2022
EST,banking,0.045391,,0.014352,5,DATA_PRESENT,OECD_ICIO,"Aggregated from 1 OECD ISIC sectors; gross_output=2,318 USD m",2022
EST,insurance,,,,,MISSING_OECD_HAS_NO_SOURCE,OECD_ICIO_DOES_NOT_SEPARATE_THIS_SECTOR,OECD ICIO has no clean line item for this sector. See OECD_ICIO_SCHEMA_AUDIT.md for the bundling explanation. Requires supplementary source (SIA / EIA / ECB) — NOT in repo.,2022
EST,capital_markets,,,,,MISSING_OECD_HAS_NO_SOURCE,OECD_ICIO_DOES_NOT_SEPARATE_THIS_SECTOR,OECD ICIO has no clean line item for this sector. See OECD_ICIO_SCHEMA_AUDIT.md for the bundling explanation. Requires supplementary source (SIA / EIA / ECB) — NOT in repo.,2022
EST,oil,0.008728,,0.014629,5,DATA_PRESENT,OECD_ICIO,Aggregated from 2 OECD ISIC sectors; gross_output=869 USD m,2022
EST,gas,,,,,MISSING_OECD_HAS_NO_SOURCE,OECD_ICIO_DOES_NOT_SEPARATE_THIS_SECTOR,OECD ICIO has no clean line item for this sector. See OECD_ICIO_SCHEMA_AUDIT.md for the bundling explanation. Requires supplementary source (SIA / EIA / ECB) — NOT in repo.,2022
EST,utilities,0.057158,,0.030210,5,DATA_PRESENT,OECD_ICIO,"Aggregated from 2 OECD ISIC sectors; gross_output=4,500 USD m",2022
EST,aviation,0.001444,,0.007505,5,DATA_PRESENT,OECD_ICIO,Aggregated from 1 OECD ISIC sectors; gross_output=256 USD m,2022
EST,ports,0.026582,,0.077527,5,DATA_PRESENT,OECD_ICIO,"Aggregated from 1 OECD ISIC sectors; gross_output=3,366 USD m",2022
EST,telecommunications,0.073183,,0.089106,5,DATA_PRESENT,OECD_ICIO,"Aggregated from 3 OECD ISIC sectors; gross_output=6,223 USD m",2022
EST,agriculture,0.027454,,0.035017,5,DATA_PRESENT,OECD_ICIO,"Aggregated from 3 OECD ISIC sectors; gross_output=3,140 USD m",2022
EST,tourism,0.016502,,0.014723,5,DATA_PRESENT,OECD_ICIO,"Aggregated from 1 OECD ISIC sectors; gross_output=1,402 USD m",2022
EST,government,0.104255,,0.010737,5,DATA_PRESENT,OECD_ICIO,"Aggregated from 2 OECD ISIC sectors; gross_output=5,015 USD m",2022
FIN,semiconductors,,,,,MISSING_OECD_HAS_NO_SOURCE,OECD_ICIO_DOES_NOT_SEPARATE_THIS_SECTOR,OECD ICIO has no clean line item for this sector. See OECD_ICIO_SCHEMA_AUDIT.md for the bundling explanation. Requires supplementary source (SIA / EIA / ECB) — NOT in repo.,2022
FIN,automotive,0.002628,,0.010500,5,DATA_PRESENT,OECD_ICIO,"Aggregated from 1 OECD ISIC sectors; gross_output=2,290 USD m",2022
FIN,electronics,0.031574,,0.077906,5,DATA_PRESENT,OECD_ICIO,"Aggregated from 2 OECD ISIC sectors; gross_output=22,589 USD m",2022
FIN,aerospace,0.000292,,0.002085,5,DATA_PRESENT,OECD_ICIO,Aggregated from 1 OECD ISIC sectors; gross_output=370 USD m,2022
FIN,shipping,0.024581,,0.024405,5,DATA_PRESENT,OECD_ICIO,"Aggregated from 2 OECD ISIC sectors; gross_output=15,990 USD m",2022
FIN,energy,,,,,MISSING_OECD_HAS_NO_SOURCE,OECD_ICIO_DOES_NOT_SEPARATE_THIS_SECTOR,OECD ICIO has no clean line item for this sector. See OECD_ICIO_SCHEMA_AUDIT.md for the bundling explanation. Requires supplementary source (SIA / EIA / ECB) — NOT in repo.,2022
FIN,consumer_goods,0.197087,,0.362950,5,DATA_PRESENT,OECD_ICIO,"Aggregated from 11 OECD ISIC sectors; gross_output=140,428 USD m",2022
FIN,banking,0.035011,,0.013653,5,DATA_PRESENT,OECD_ICIO,"Aggregated from 1 OECD ISIC sectors; gross_output=17,009 USD m",2022
FIN,insurance,,,,,MISSING_OECD_HAS_NO_SOURCE,OECD_ICIO_DOES_NOT_SEPARATE_THIS_SECTOR,OECD ICIO has no clean line item for this sector. See OECD_ICIO_SCHEMA_AUDIT.md for the bundling explanation. Requires supplementary source (SIA / EIA / ECB) — NOT in repo.,2022
FIN,capital_markets,,,,,MISSING_OECD_HAS_NO_SOURCE,OECD_ICIO_DOES_NOT_SEPARATE_THIS_SECTOR,OECD ICIO has no clean line item for this sector. See OECD_ICIO_SCHEMA_AUDIT.md for the bundling explanation. Requires supplementary source (SIA / EIA / ECB) — NOT in repo.,2022
FIN,oil,0.005239,,0.067520,5,DATA_PRESENT,OECD_ICIO,"Aggregated from 2 OECD ISIC sectors; gross_output=14,175 USD m",2022
FIN,gas,,,,,MISSING_OECD_HAS_NO_SOURCE,OECD_ICIO_DOES_NOT_SEPARATE_THIS_SECTOR,OECD ICIO has no clean line item for this sector. See OECD_ICIO_SCHEMA_AUDIT.md for the bundling explanation. Requires supplementary source (SIA / EIA / ECB) — NOT in repo.,2022
FIN,utilities,0.037924,,0.015635,5,DATA_PRESENT,OECD_ICIO,"Aggregated from 2 OECD ISIC sectors; gross_output=19,733 USD m",2022
FIN,aviation,0.001249,,0.007112,5,DATA_PRESENT,OECD_ICIO,"Aggregated from 1 OECD ISIC sectors; gross_output=2,739 USD m",2022
FIN,ports,0.012431,,0.010876,5,DATA_PRESENT,OECD_ICIO,"Aggregated from 1 OECD ISIC sectors; gross_output=9,891 USD m",2022
FIN,telecommunications,0.060789,,0.086826,5,DATA_PRESENT,OECD_ICIO,"Aggregated from 3 OECD ISIC sectors; gross_output=29,793 USD m",2022
FIN,agriculture,0.025783,,0.010729,5,DATA_PRESENT,OECD_ICIO,"Aggregated from 3 OECD ISIC sectors; gross_output=13,087 USD m",2022
FIN,tourism,0.015470,,0.008773,5,DATA_PRESENT,OECD_ICIO,"Aggregated from 1 OECD ISIC sectors; gross_output=9,903 USD m",2022
FIN,government,0.102845,,0.018849,5,DATA_PRESENT,OECD_ICIO,"Aggregated from 2 OECD ISIC sectors; gross_output=41,023 USD m",2022
FRA,semiconductors,,,,,MISSING_OECD_HAS_NO_SOURCE,OECD_ICIO_DOES_NOT_SEPARATE_THIS_SECTOR,OECD ICIO has no clean line item for this sector. See OECD_ICIO_SCHEMA_AUDIT.md for the bundling explanation. Requires supplementary source (SIA / EIA / ECB) — NOT in repo.,2022
FRA,automotive,0.005898,,0.047893,5,DATA_PRESENT,OECD_ICIO,"Aggregated from 1 OECD ISIC sectors; gross_output=82,291 USD m",2022
FRA,electronics,0.007924,,0.040724,5,DATA_PRESENT,OECD_ICIO,"Aggregated from 2 OECD ISIC sectors; gross_output=55,992 USD m",2022
FRA,aerospace,0.006849,,0.065041,5,DATA_PRESENT,OECD_ICIO,"Aggregated from 1 OECD ISIC sectors; gross_output=90,053 USD m",2022
FRA,shipping,0.027188,,0.045557,5,DATA_PRESENT,OECD_ICIO,"Aggregated from 2 OECD ISIC sectors; gross_output=172,390 USD m",2022
FRA,energy,,,,,MISSING_OECD_HAS_NO_SOURCE,OECD_ICIO_DOES_NOT_SEPARATE_THIS_SECTOR,OECD ICIO has no clean line item for this sector. See OECD_ICIO_SCHEMA_AUDIT.md for the bundling explanation. Requires supplementary source (SIA / EIA / ECB) — NOT in repo.,2022
FRA,consumer_goods,0.176854,,0.344208,5,DATA_PRESENT,OECD_ICIO,"Aggregated from 11 OECD ISIC sectors; gross_output=1,100,645 USD m",2022
FRA,banking,0.037019,,0.031620,5,DATA_PRESENT,OECD_ICIO,"Aggregated from 1 OECD ISIC sectors; gross_output=278,551 USD m",2022
FRA,insurance,,,,,MISSING_OECD_HAS_NO_SOURCE,OECD_ICIO_DOES_NOT_SEPARATE_THIS_SECTOR,OECD ICIO has no clean line item for this sector. See OECD_ICIO_SCHEMA_AUDIT.md for the bundling explanation. Requires supplementary source (SIA / EIA / ECB) — NOT in repo.,2022
FRA,capital_markets,,,,,MISSING_OECD_HAS_NO_SOURCE,OECD_ICIO_DOES_NOT_SEPARATE_THIS_SECTOR,OECD ICIO has no clean line item for this sector. See OECD_ICIO_SCHEMA_AUDIT.md for the bundling explanation. Requires supplementary source (SIA / EIA / ECB) — NOT in repo.,2022
FRA,oil,0.002187,,0.024273,5,DATA_PRESENT,OECD_ICIO,"Aggregated from 2 OECD ISIC sectors; gross_output=60,610 USD m",2022
FRA,gas,,,,,MISSING_OECD_HAS_NO_SOURCE,OECD_ICIO_DOES_NOT_SEPARATE_THIS_SECTOR,OECD ICIO has no clean line item for this sector. See OECD_ICIO_SCHEMA_AUDIT.md for the bundling explanation. Requires supplementary source (SIA / EIA / ECB) — NOT in repo.,2022
FRA,utilities,0.018967,,0.036119,5,DATA_PRESENT,OECD_ICIO,"Aggregated from 2 OECD ISIC sectors; gross_output=302,757 USD m",2022
FRA,aviation,0.003465,,0.012968,5,DATA_PRESENT,OECD_ICIO,"Aggregated from 1 OECD ISIC sectors; gross_output=24,824 USD m",2022
FRA,ports,0.020848,,0.010560,5,DATA_PRESENT,OECD_ICIO,"Aggregated from 1 OECD ISIC sectors; gross_output=94,689 USD m",2022
FRA,telecommunications,0.054318,,0.040400,5,DATA_PRESENT,OECD_ICIO,"Aggregated from 3 OECD ISIC sectors; gross_output=288,855 USD m",2022
FRA,agriculture,0.019744,,0.025998,5,DATA_PRESENT,OECD_ICIO,"Aggregated from 3 OECD ISIC sectors; gross_output=117,691 USD m",2022
FRA,tourism,0.017685,,0.026399,5,DATA_PRESENT,OECD_ICIO,"Aggregated from 1 OECD ISIC sectors; gross_output=134,204 USD m",2022
FRA,government,0.129389,,0.012794,5,DATA_PRESENT,OECD_ICIO,"Aggregated from 2 OECD ISIC sectors; gross_output=426,331 USD m",2022
GBR,semiconductors,,,,,MISSING_OECD_HAS_NO_SOURCE,OECD_ICIO_DOES_NOT_SEPARATE_THIS_SECTOR,OECD ICIO has no clean line item for this sector. See OECD_ICIO_SCHEMA_AUDIT.md for the bundling explanation. Requires supplementary source (SIA / EIA / ECB) — NOT in repo.,2022
GBR,automotive,0.006919,,0.040339,5,DATA_PRESENT,OECD_ICIO,"Aggregated from 1 OECD ISIC sectors; gross_output=81,424 USD m",2022
GBR,electronics,0.008810,,0.021224,5,DATA_PRESENT,OECD_ICIO,"Aggregated from 2 OECD ISIC sectors; gross_output=50,177 USD m",2022
GBR,aerospace,0.004634,,0.024880,5,DATA_PRESENT,OECD_ICIO,"Aggregated from 1 OECD ISIC sectors; gross_output=35,368 USD m",2022
GBR,shipping,0.016042,,0.018986,5,DATA_PRESENT,OECD_ICIO,"Aggregated from 2 OECD ISIC sectors; gross_output=110,090 USD m",2022
GBR,energy,,,,,MISSING_OECD_HAS_NO_SOURCE,OECD_ICIO_DOES_NOT_SEPARATE_THIS_SECTOR,OECD ICIO has no clean line item for this sector. See OECD_ICIO_SCHEMA_AUDIT.md for the bundling explanation. Requires supplementary source (SIA / EIA / ECB) — NOT in repo.,2022
GBR,consumer_goods,0.161339,,0.238752,5,DATA_PRESENT,OECD_ICIO,"Aggregated from 11 OECD ISIC sectors; gross_output=994,361 USD m",2022
GBR,banking,0.089272,,0.117624,5,DATA_PRESENT,OECD_ICIO,"Aggregated from 1 OECD ISIC sectors; gross_output=464,476 USD m",2022
GBR,insurance,,,,,MISSING_OECD_HAS_NO_SOURCE,OECD_ICIO_DOES_NOT_SEPARATE_THIS_SECTOR,OECD ICIO has no clean line item for this sector. See OECD_ICIO_SCHEMA_AUDIT.md for the bundling explanation. Requires supplementary source (SIA / EIA / ECB) — NOT in repo.,2022
GBR,capital_markets,,,,,MISSING_OECD_HAS_NO_SOURCE,OECD_ICIO_DOES_NOT_SEPARATE_THIS_SECTOR,OECD ICIO has no clean line item for this sector. See OECD_ICIO_SCHEMA_AUDIT.md for the bundling explanation. Requires supplementary source (SIA / EIA / ECB) — NOT in repo.,2022
GBR,oil,0.007399,,0.062314,5,DATA_PRESENT,OECD_ICIO,"Aggregated from 2 OECD ISIC sectors; gross_output=89,216 USD m",2022
GBR,gas,,,,,MISSING_OECD_HAS_NO_SOURCE,OECD_ICIO_DOES_NOT_SEPARATE_THIS_SECTOR,OECD ICIO has no clean line item for this sector. See OECD_ICIO_SCHEMA_AUDIT.md for the bundling explanation. Requires supplementary source (SIA / EIA / ECB) — NOT in repo.,2022
GBR,utilities,0.023111,,0.053082,5,DATA_PRESENT,OECD_ICIO,"Aggregated from 2 OECD ISIC sectors; gross_output=358,306 USD m",2022
GBR,aviation,0.001608,,0.012170,5,DATA_PRESENT,OECD_ICIO,"Aggregated from 1 OECD ISIC sectors; gross_output=27,247 USD m",2022
GBR,ports,0.012689,,0.010032,5,DATA_PRESENT,OECD_ICIO,"Aggregated from 1 OECD ISIC sectors; gross_output=79,196 USD m",2022
GBR,telecommunications,0.062117,,0.074576,5,DATA_PRESENT,OECD_ICIO,"Aggregated from 3 OECD ISIC sectors; gross_output=351,169 USD m",2022
GBR,agriculture,0.007436,,0.008418,5,DATA_PRESENT,OECD_ICIO,"Aggregated from 3 OECD ISIC sectors; gross_output=53,323 USD m",2022
GBR,tourism,0.029265,,0.016668,5,DATA_PRESENT,OECD_ICIO,"Aggregated from 1 OECD ISIC sectors; gross_output=152,354 USD m",2022
GBR,government,0.111626,,0.037054,5,DATA_PRESENT,OECD_ICIO,"Aggregated from 2 OECD ISIC sectors; gross_output=489,002 USD m",2022
GRC,semiconductors,,,,,MISSING_OECD_HAS_NO_SOURCE,OECD_ICIO_DOES_NOT_SEPARATE_THIS_SECTOR,OECD ICIO has no clean line item for this sector. See OECD_ICIO_SCHEMA_AUDIT.md for the bundling explanation. Requires supplementary source (SIA / EIA / ECB) — NOT in repo.,2022
GRC,automotive,0.000355,,0.000661,5,DATA_PRESENT,OECD_ICIO,Aggregated from 1 OECD ISIC sectors; gross_output=158 USD m,2022
GRC,electronics,0.007667,,0.018446,5,DATA_PRESENT,OECD_ICIO,"Aggregated from 2 OECD ISIC sectors; gross_output=3,935 USD m",2022
GRC,aerospace,0.001620,,0.000979,5,DATA_PRESENT,OECD_ICIO,Aggregated from 1 OECD ISIC sectors; gross_output=379 USD m,2022
GRC,shipping,0.038041,,0.218676,5,DATA_PRESENT,OECD_ICIO,"Aggregated from 2 OECD ISIC sectors; gross_output=31,460 USD m",2022
GRC,energy,,,,,MISSING_OECD_HAS_NO_SOURCE,OECD_ICIO_DOES_NOT_SEPARATE_THIS_SECTOR,OECD ICIO has no clean line item for this sector. See OECD_ICIO_SCHEMA_AUDIT.md for the bundling explanation. Requires supplementary source (SIA / EIA / ECB) — NOT in repo.,2022
GRC,consumer_goods,0.188471,,0.213407,5,DATA_PRESENT,OECD_ICIO,"Aggregated from 11 OECD ISIC sectors; gross_output=84,342 USD m",2022
GRC,banking,0.048945,,0.011852,5,DATA_PRESENT,OECD_ICIO,"Aggregated from 1 OECD ISIC sectors; gross_output=13,455 USD m",2022
GRC,insurance,,,,,MISSING_OECD_HAS_NO_SOURCE,OECD_ICIO_DOES_NOT_SEPARATE_THIS_SECTOR,OECD ICIO has no clean line item for this sector. See OECD_ICIO_SCHEMA_AUDIT.md for the bundling explanation. Requires supplementary source (SIA / EIA / ECB) — NOT in repo.,2022
GRC,capital_markets,,,,,MISSING_OECD_HAS_NO_SOURCE,OECD_ICIO_DOES_NOT_SEPARATE_THIS_SECTOR,OECD ICIO has no clean line item for this sector. See OECD_ICIO_SCHEMA_AUDIT.md for the bundling explanation. Requires supplementary source (SIA / EIA / ECB) — NOT in repo.,2022
GRC,oil,0.012553,,0.194804,5,DATA_PRESENT,OECD_ICIO,"Aggregated from 2 OECD ISIC sectors; gross_output=26,440 USD m",2022
GRC,gas,,,,,MISSING_OECD_HAS_NO_SOURCE,OECD_ICIO_DOES_NOT_SEPARATE_THIS_SECTOR,OECD ICIO has no clean line item for this sector. See OECD_ICIO_SCHEMA_AUDIT.md for the bundling explanation. Requires supplementary source (SIA / EIA / ECB) — NOT in repo.,2022
GRC,utilities,0.063338,,0.038384,5,DATA_PRESENT,OECD_ICIO,"Aggregated from 2 OECD ISIC sectors; gross_output=23,682 USD m",2022
GRC,aviation,0.005850,,0.013907,5,DATA_PRESENT,OECD_ICIO,"Aggregated from 1 OECD ISIC sectors; gross_output=2,371 USD m",2022
GRC,ports,0.018448,,0.021695,5,DATA_PRESENT,OECD_ICIO,"Aggregated from 1 OECD ISIC sectors; gross_output=7,965 USD m",2022
GRC,telecommunications,0.035252,,0.019906,5,DATA_PRESENT,OECD_ICIO,"Aggregated from 3 OECD ISIC sectors; gross_output=13,890 USD m",2022
GRC,agriculture,0.042518,,0.038626,5,DATA_PRESENT,OECD_ICIO,"Aggregated from 3 OECD ISIC sectors; gross_output=17,555 USD m",2022
GRC,tourism,0.063794,,0.060947,5,DATA_PRESENT,OECD_ICIO,"Aggregated from 1 OECD ISIC sectors; gross_output=24,394 USD m",2022
GRC,government,0.138315,,0.011016,5,DATA_PRESENT,OECD_ICIO,"Aggregated from 2 OECD ISIC sectors; gross_output=33,774 USD m",2022
HKG,semiconductors,,,,,MISSING_OECD_HAS_NO_SOURCE,OECD_ICIO_DOES_NOT_SEPARATE_THIS_SECTOR,OECD ICIO has no clean line item for this sector. See OECD_ICIO_SCHEMA_AUDIT.md for the bundling explanation. Requires supplementary source (SIA / EIA / ECB) — NOT in repo.,2022
HKG,automotive,0.000303,,0.003187,5,DATA_PRESENT,OECD_ICIO,"Aggregated from 1 OECD ISIC sectors; gross_output=2,027 USD m",2022
HKG,electronics,0.001026,,0.008587,5,DATA_PRESENT,OECD_ICIO,"Aggregated from 2 OECD ISIC sectors; gross_output=10,508 USD m",2022
HKG,aerospace,0.000123,,0.001159,5,DATA_PRESENT,OECD_ICIO,Aggregated from 1 OECD ISIC sectors; gross_output=643 USD m,2022
HKG,shipping,0.022778,,0.096087,5,DATA_PRESENT,OECD_ICIO,"Aggregated from 2 OECD ISIC sectors; gross_output=33,878 USD m",2022
HKG,energy,,,,,MISSING_OECD_HAS_NO_SOURCE,OECD_ICIO_DOES_NOT_SEPARATE_THIS_SECTOR,OECD ICIO has no clean line item for this sector. See OECD_ICIO_SCHEMA_AUDIT.md for the bundling explanation. Requires supplementary source (SIA / EIA / ECB) — NOT in repo.,2022
HKG,consumer_goods,0.226904,,0.238645,5,DATA_PRESENT,OECD_ICIO,"Aggregated from 11 OECD ISIC sectors; gross_output=199,695 USD m",2022
HKG,banking,0.188572,,0.307929,5,DATA_PRESENT,OECD_ICIO,"Aggregated from 1 OECD ISIC sectors; gross_output=84,953 USD m",2022
HKG,insurance,,,,,MISSING_OECD_HAS_NO_SOURCE,OECD_ICIO_DOES_NOT_SEPARATE_THIS_SECTOR,OECD ICIO has no clean line item for this sector. See OECD_ICIO_SCHEMA_AUDIT.md for the bundling explanation. Requires supplementary source (SIA / EIA / ECB) — NOT in repo.,2022
HKG,capital_markets,,,,,MISSING_OECD_HAS_NO_SOURCE,OECD_ICIO_DOES_NOT_SEPARATE_THIS_SECTOR,OECD ICIO has no clean line item for this sector. See OECD_ICIO_SCHEMA_AUDIT.md for the bundling explanation. Requires supplementary source (SIA / EIA / ECB) — NOT in repo.,2022
HKG,oil,0.000266,,0.001967,5,DATA_PRESENT,OECD_ICIO,Aggregated from 2 OECD ISIC sectors; gross_output=623 USD m,2022
HKG,gas,,,,,MISSING_OECD_HAS_NO_SOURCE,OECD_ICIO_DOES_NOT_SEPARATE_THIS_SECTOR,OECD ICIO has no clean line item for this sector. See OECD_ICIO_SCHEMA_AUDIT.md for the bundling explanation. Requires supplementary source (SIA / EIA / ECB) — NOT in repo.,2022
HKG,utilities,0.017927,,0.010256,5,DATA_PRESENT,OECD_ICIO,"Aggregated from 2 OECD ISIC sectors; gross_output=15,691 USD m",2022
HKG,aviation,0.024470,,0.148777,5,DATA_PRESENT,OECD_ICIO,"Aggregated from 1 OECD ISIC sectors; gross_output=23,543 USD m",2022
HKG,ports,0.001538,,0.001527,5,DATA_PRESENT,OECD_ICIO,"Aggregated from 1 OECD ISIC sectors; gross_output=1,032 USD m",2022
HKG,telecommunications,0.046382,,0.062921,5,DATA_PRESENT,OECD_ICIO,"Aggregated from 3 OECD ISIC sectors; gross_output=40,314 USD m",2022
HKG,agriculture,0.000801,,0.000539,5,DATA_PRESENT,OECD_ICIO,Aggregated from 3 OECD ISIC sectors; gross_output=585 USD m,2022
HKG,tourism,0.032252,,0.025565,5,DATA_PRESENT,OECD_ICIO,"Aggregated from 1 OECD ISIC sectors; gross_output=29,501 USD m",2022
HKG,government,0.137949,,0.007772,5,DATA_PRESENT,OECD_ICIO,"Aggregated from 2 OECD ISIC sectors; gross_output=55,085 USD m",2022
HRV,semiconductors,,,,,MISSING_OECD_HAS_NO_SOURCE,OECD_ICIO_DOES_NOT_SEPARATE_THIS_SECTOR,OECD ICIO has no clean line item for this sector. See OECD_ICIO_SCHEMA_AUDIT.md for the bundling explanation. Requires supplementary source (SIA / EIA / ECB) — NOT in repo.,2022
HRV,automotive,0.001824,,0.006940,5,DATA_PRESENT,OECD_ICIO,Aggregated from 1 OECD ISIC sectors; gross_output=389 USD m,2022
HRV,electronics,0.010396,,0.035542,5,DATA_PRESENT,OECD_ICIO,"Aggregated from 2 OECD ISIC sectors; gross_output=1,898 USD m",2022
HRV,aerospace,0.001306,,0.002675,5,DATA_PRESENT,OECD_ICIO,Aggregated from 1 OECD ISIC sectors; gross_output=138 USD m,2022
HRV,shipping,0.031383,,0.053415,5,DATA_PRESENT,OECD_ICIO,"Aggregated from 2 OECD ISIC sectors; gross_output=4,533 USD m",2022
HRV,energy,,,,,MISSING_OECD_HAS_NO_SOURCE,OECD_ICIO_DOES_NOT_SEPARATE_THIS_SECTOR,OECD ICIO has no clean line item for this sector. See OECD_ICIO_SCHEMA_AUDIT.md for the bundling explanation. Requires supplementary source (SIA / EIA / ECB) — NOT in repo.,2022
HRV,consumer_goods,0.215246,,0.323262,5,DATA_PRESENT,OECD_ICIO,"Aggregated from 11 OECD ISIC sectors; gross_output=31,930 USD m",2022
HRV,banking,0.047960,,0.017516,5,DATA_PRESENT,OECD_ICIO,"Aggregated from 1 OECD ISIC sectors; gross_output=4,578 USD m",2022
HRV,insurance,,,,,MISSING_OECD_HAS_NO_SOURCE,OECD_ICIO_DOES_NOT_SEPARATE_THIS_SECTOR,OECD ICIO has no clean line item for this sector. See OECD_ICIO_SCHEMA_AUDIT.md for the bundling explanation. Requires supplementary source (SIA / EIA / ECB) — NOT in repo.,2022
HRV,capital_markets,,,,,MISSING_OECD_HAS_NO_SOURCE,OECD_ICIO_DOES_NOT_SEPARATE_THIS_SECTOR,OECD ICIO has no clean line item for this sector. See OECD_ICIO_SCHEMA_AUDIT.md for the bundling explanation. Requires supplementary source (SIA / EIA / ECB) — NOT in repo.,2022
HRV,oil,0.014705,,0.042275,5,DATA_PRESENT,OECD_ICIO,"Aggregated from 2 OECD ISIC sectors; gross_output=3,198 USD m",2022
HRV,gas,,,,,MISSING_OECD_HAS_NO_SOURCE,OECD_ICIO_DOES_NOT_SEPARATE_THIS_SECTOR,OECD ICIO has no clean line item for this sector. See OECD_ICIO_SCHEMA_AUDIT.md for the bundling explanation. Requires supplementary source (SIA / EIA / ECB) — NOT in repo.,2022
HRV,utilities,0.031853,,0.055919,5,DATA_PRESENT,OECD_ICIO,"Aggregated from 2 OECD ISIC sectors; gross_output=8,908 USD m",2022
HRV,aviation,0.000994,,0.005790,5,DATA_PRESENT,OECD_ICIO,Aggregated from 1 OECD ISIC sectors; gross_output=335 USD m,2022
HRV,ports,0.020712,,0.018343,5,DATA_PRESENT,OECD_ICIO,"Aggregated from 1 OECD ISIC sectors; gross_output=2,368 USD m",2022
HRV,telecommunications,0.061873,,0.030938,5,DATA_PRESENT,OECD_ICIO,"Aggregated from 3 OECD ISIC sectors; gross_output=5,906 USD m",2022
HRV,agriculture,0.040737,,0.034908,5,DATA_PRESENT,OECD_ICIO,"Aggregated from 3 OECD ISIC sectors; gross_output=4,623 USD m",2022
HRV,tourism,0.068535,,0.098435,5,DATA_PRESENT,OECD_ICIO,"Aggregated from 1 OECD ISIC sectors; gross_output=7,444 USD m",2022
HRV,government,0.111407,,0.019857,5,DATA_PRESENT,OECD_ICIO,"Aggregated from 2 OECD ISIC sectors; gross_output=9,683 USD m",2022
HUN,semiconductors,,,,,MISSING_OECD_HAS_NO_SOURCE,OECD_ICIO_DOES_NOT_SEPARATE_THIS_SECTOR,OECD ICIO has no clean line item for this sector. See OECD_ICIO_SCHEMA_AUDIT.md for the bundling explanation. Requires supplementary source (SIA / EIA / ECB) — NOT in repo.,2022
HUN,automotive,0.030269,,0.176184,5,DATA_PRESENT,OECD_ICIO,"Aggregated from 1 OECD ISIC sectors; gross_output=32,442 USD m",2022
HUN,electronics,0.029568,,0.154599,5,DATA_PRESENT,OECD_ICIO,"Aggregated from 2 OECD ISIC sectors; gross_output=29,236 USD m",2022
HUN,aerospace,0.001737,,0.009201,5,DATA_PRESENT,OECD_ICIO,"Aggregated from 1 OECD ISIC sectors; gross_output=1,532 USD m",2022
HUN,shipping,0.029727,,0.024599,5,DATA_PRESENT,OECD_ICIO,"Aggregated from 2 OECD ISIC sectors; gross_output=10,933 USD m",2022
HUN,energy,,,,,MISSING_OECD_HAS_NO_SOURCE,OECD_ICIO_DOES_NOT_SEPARATE_THIS_SECTOR,OECD ICIO has no clean line item for this sector. See OECD_ICIO_SCHEMA_AUDIT.md for the bundling explanation. Requires supplementary source (SIA / EIA / ECB) — NOT in repo.,2022
HUN,consumer_goods,0.215313,,0.315114,5,DATA_PRESENT,OECD_ICIO,"Aggregated from 11 OECD ISIC sectors; gross_output=98,003 USD m",2022
HUN,banking,0.039254,,0.006602,5,DATA_PRESENT,OECD_ICIO,"Aggregated from 1 OECD ISIC sectors; gross_output=9,925 USD m",2022
HUN,insurance,,,,,MISSING_OECD_HAS_NO_SOURCE,OECD_ICIO_DOES_NOT_SEPARATE_THIS_SECTOR,OECD ICIO has no clean line item for this sector. See OECD_ICIO_SCHEMA_AUDIT.md for the bundling explanation. Requires supplementary source (SIA / EIA / ECB) — NOT in repo.,2022
HUN,capital_markets,,,,,MISSING_OECD_HAS_NO_SOURCE,OECD_ICIO_DOES_NOT_SEPARATE_THIS_SECTOR,OECD ICIO has no clean line item for this sector. See OECD_ICIO_SCHEMA_AUDIT.md for the bundling explanation. Requires supplementary source (SIA / EIA / ECB) — NOT in repo.,2022
HUN,oil,0.015281,,0.027853,5,DATA_PRESENT,OECD_ICIO,"Aggregated from 2 OECD ISIC sectors; gross_output=9,181 USD m",2022
HUN,gas,,,,,MISSING_OECD_HAS_NO_SOURCE,OECD_ICIO_DOES_NOT_SEPARATE_THIS_SECTOR,OECD ICIO has no clean line item for this sector. See OECD_ICIO_SCHEMA_AUDIT.md for the bundling explanation. Requires supplementary source (SIA / EIA / ECB) — NOT in repo.,2022
HUN,utilities,0.018315,,0.022425,5,DATA_PRESENT,OECD_ICIO,"Aggregated from 2 OECD ISIC sectors; gross_output=12,507 USD m",2022
HUN,aviation,0.000195,,0.011775,5,DATA_PRESENT,OECD_ICIO,"Aggregated from 1 OECD ISIC sectors; gross_output=2,885 USD m",2022
HUN,ports,0.019809,,0.016823,5,DATA_PRESENT,OECD_ICIO,"Aggregated from 1 OECD ISIC sectors; gross_output=4,948 USD m",2022
HUN,telecommunications,0.049085,,0.029430,5,DATA_PRESENT,OECD_ICIO,"Aggregated from 3 OECD ISIC sectors; gross_output=13,162 USD m",2022
HUN,agriculture,0.036316,,0.029656,5,DATA_PRESENT,OECD_ICIO,"Aggregated from 3 OECD ISIC sectors; gross_output=14,072 USD m",2022
HUN,tourism,0.019826,,0.011173,5,DATA_PRESENT,OECD_ICIO,"Aggregated from 1 OECD ISIC sectors; gross_output=7,931 USD m",2022
HUN,government,0.119303,,0.010904,5,DATA_PRESENT,OECD_ICIO,"Aggregated from 2 OECD ISIC sectors; gross_output=26,792 USD m",2022
IDN,semiconductors,,,,,MISSING_OECD_HAS_NO_SOURCE,OECD_ICIO_DOES_NOT_SEPARATE_THIS_SECTOR,OECD ICIO has no clean line item for this sector. See OECD_ICIO_SCHEMA_AUDIT.md for the bundling explanation. Requires supplementary source (SIA / EIA / ECB) — NOT in repo.,2022
IDN,automotive,0.009789,,0.027065,5,DATA_PRESENT,OECD_ICIO,"Aggregated from 1 OECD ISIC sectors; gross_output=45,282 USD m",2022
IDN,electronics,0.013009,,0.056364,5,DATA_PRESENT,OECD_ICIO,"Aggregated from 2 OECD ISIC sectors; gross_output=62,968 USD m",2022
IDN,aerospace,0.000163,,0.015527,5,DATA_PRESENT,OECD_ICIO,"Aggregated from 1 OECD ISIC sectors; gross_output=24,454 USD m",2022
IDN,shipping,0.028907,,0.023910,5,DATA_PRESENT,OECD_ICIO,"Aggregated from 2 OECD ISIC sectors; gross_output=60,258 USD m",2022
IDN,energy,,,,,MISSING_OECD_HAS_NO_SOURCE,OECD_ICIO_DOES_NOT_SEPARATE_THIS_SECTOR,OECD ICIO has no clean line item for this sector. See OECD_ICIO_SCHEMA_AUDIT.md for the bundling explanation. Requires supplementary source (SIA / EIA / ECB) — NOT in repo.,2022
IDN,consumer_goods,0.274168,,0.419500,5,DATA_PRESENT,OECD_ICIO,"Aggregated from 11 OECD ISIC sectors; gross_output=788,622 USD m",2022
IDN,banking,0.041147,,0.004254,5,DATA_PRESENT,OECD_ICIO,"Aggregated from 1 OECD ISIC sectors; gross_output=57,720 USD m",2022
IDN,insurance,,,,,MISSING_OECD_HAS_NO_SOURCE,OECD_ICIO_DOES_NOT_SEPARATE_THIS_SECTOR,OECD ICIO has no clean line item for this sector. See OECD_ICIO_SCHEMA_AUDIT.md for the bundling explanation. Requires supplementary source (SIA / EIA / ECB) — NOT in repo.,2022
IDN,capital_markets,,,,,MISSING_OECD_HAS_NO_SOURCE,OECD_ICIO_DOES_NOT_SEPARATE_THIS_SECTOR,OECD ICIO has no clean line item for this sector. See OECD_ICIO_SCHEMA_AUDIT.md for the bundling explanation. Requires supplementary source (SIA / EIA / ECB) — NOT in repo.,2022
IDN,oil,0.048358,,0.085860,5,DATA_PRESENT,OECD_ICIO,"Aggregated from 2 OECD ISIC sectors; gross_output=160,216 USD m",2022
IDN,gas,,,,,MISSING_OECD_HAS_NO_SOURCE,OECD_ICIO_DOES_NOT_SEPARATE_THIS_SECTOR,OECD ICIO has no clean line item for this sector. See OECD_ICIO_SCHEMA_AUDIT.md for the bundling explanation. Requires supplementary source (SIA / EIA / ECB) — NOT in repo.,2022
IDN,utilities,0.011115,,0.008017,5,DATA_PRESENT,OECD_ICIO,"Aggregated from 2 OECD ISIC sectors; gross_output=55,452 USD m",2022
IDN,aviation,0.010492,,0.007475,5,DATA_PRESENT,OECD_ICIO,"Aggregated from 1 OECD ISIC sectors; gross_output=23,167 USD m",2022
IDN,ports,0.007205,,0.002191,5,DATA_PRESENT,OECD_ICIO,"Aggregated from 1 OECD ISIC sectors; gross_output=12,067 USD m",2022
IDN,telecommunications,0.036478,,0.009326,5,DATA_PRESENT,OECD_ICIO,"Aggregated from 3 OECD ISIC sectors; gross_output=57,666 USD m",2022
IDN,agriculture,0.123481,,0.024334,5,DATA_PRESENT,OECD_ICIO,"Aggregated from 3 OECD ISIC sectors; gross_output=198,510 USD m",2022
IDN,tourism,0.023993,,0.007332,5,DATA_PRESENT,OECD_ICIO,"Aggregated from 1 OECD ISIC sectors; gross_output=72,013 USD m",2022
IDN,government,0.059505,,0.013063,5,DATA_PRESENT,OECD_ICIO,"Aggregated from 2 OECD ISIC sectors; gross_output=119,362 USD m",2022
IND,semiconductors,,,,,MISSING_OECD_HAS_NO_SOURCE,OECD_ICIO_DOES_NOT_SEPARATE_THIS_SECTOR,OECD ICIO has no clean line item for this sector. See OECD_ICIO_SCHEMA_AUDIT.md for the bundling explanation. Requires supplementary source (SIA / EIA / ECB) — NOT in repo.,2022
IND,automotive,0.010653,,0.019995,5,DATA_PRESENT,OECD_ICIO,"Aggregated from 1 OECD ISIC sectors; gross_output=168,000 USD m",2022
IND,electronics,0.007152,,0.046914,5,DATA_PRESENT,OECD_ICIO,"Aggregated from 2 OECD ISIC sectors; gross_output=122,928 USD m",2022
IND,aerospace,0.002118,,0.009921,5,DATA_PRESENT,OECD_ICIO,"Aggregated from 1 OECD ISIC sectors; gross_output=32,608 USD m",2022
IND,shipping,0.044941,,0.029917,5,DATA_PRESENT,OECD_ICIO,"Aggregated from 2 OECD ISIC sectors; gross_output=251,001 USD m",2022
IND,energy,,,,,MISSING_OECD_HAS_NO_SOURCE,OECD_ICIO_DOES_NOT_SEPARATE_THIS_SECTOR,OECD ICIO has no clean line item for this sector. See OECD_ICIO_SCHEMA_AUDIT.md for the bundling explanation. Requires supplementary source (SIA / EIA / ECB) — NOT in repo.,2022
IND,consumer_goods,0.187764,,0.317005,5,DATA_PRESENT,OECD_ICIO,"Aggregated from 11 OECD ISIC sectors; gross_output=1,664,076 USD m",2022
IND,banking,0.053637,,0.019932,5,DATA_PRESENT,OECD_ICIO,"Aggregated from 1 OECD ISIC sectors; gross_output=300,955 USD m",2022
IND,insurance,,,,,MISSING_OECD_HAS_NO_SOURCE,OECD_ICIO_DOES_NOT_SEPARATE_THIS_SECTOR,OECD ICIO has no clean line item for this sector. See OECD_ICIO_SCHEMA_AUDIT.md for the bundling explanation. Requires supplementary source (SIA / EIA / ECB) — NOT in repo.,2022
IND,capital_markets,,,,,MISSING_OECD_HAS_NO_SOURCE,OECD_ICIO_DOES_NOT_SEPARATE_THIS_SECTOR,OECD ICIO has no clean line item for this sector. See OECD_ICIO_SCHEMA_AUDIT.md for the bundling explanation. Requires supplementary source (SIA / EIA / ECB) — NOT in repo.,2022
IND,oil,0.020843,,0.163668,5,DATA_PRESENT,OECD_ICIO,"Aggregated from 2 OECD ISIC sectors; gross_output=250,079 USD m",2022
IND,gas,,,,,MISSING_OECD_HAS_NO_SOURCE,OECD_ICIO_DOES_NOT_SEPARATE_THIS_SECTOR,OECD ICIO has no clean line item for this sector. See OECD_ICIO_SCHEMA_AUDIT.md for the bundling explanation. Requires supplementary source (SIA / EIA / ECB) — NOT in repo.,2022
IND,utilities,0.023386,,0.037391,5,DATA_PRESENT,OECD_ICIO,"Aggregated from 2 OECD ISIC sectors; gross_output=186,985 USD m",2022
IND,aviation,0.000756,,0.009364,5,DATA_PRESENT,OECD_ICIO,"Aggregated from 1 OECD ISIC sectors; gross_output=12,622 USD m",2022
IND,ports,0.007359,,0.015456,5,DATA_PRESENT,OECD_ICIO,"Aggregated from 1 OECD ISIC sectors; gross_output=47,434 USD m",2022
IND,telecommunications,0.069429,,0.124023,5,DATA_PRESENT,OECD_ICIO,"Aggregated from 3 OECD ISIC sectors; gross_output=340,964 USD m",2022
IND,agriculture,0.185598,,0.019780,5,DATA_PRESENT,OECD_ICIO,"Aggregated from 3 OECD ISIC sectors; gross_output=712,816 USD m",2022
IND,tourism,0.010288,,0.005332,5,DATA_PRESENT,OECD_ICIO,"Aggregated from 1 OECD ISIC sectors; gross_output=87,331 USD m",2022
IND,government,0.117614,,0.009050,5,DATA_PRESENT,OECD_ICIO,"Aggregated from 2 OECD ISIC sectors; gross_output=418,736 USD m",2022
IRL,semiconductors,,,,,MISSING_OECD_HAS_NO_SOURCE,OECD_ICIO_DOES_NOT_SEPARATE_THIS_SECTOR,OECD ICIO has no clean line item for this sector. See OECD_ICIO_SCHEMA_AUDIT.md for the bundling explanation. Requires supplementary source (SIA / EIA / ECB) — NOT in repo.,2022
IRL,automotive,0.000710,,0.000842,5,DATA_PRESENT,OECD_ICIO,Aggregated from 1 OECD ISIC sectors; gross_output=850 USD m,2022
IRL,electronics,0.023180,,0.049698,5,DATA_PRESENT,OECD_ICIO,"Aggregated from 2 OECD ISIC sectors; gross_output=38,897 USD m",2022
IRL,aerospace,0.000369,,0.000233,5,DATA_PRESENT,OECD_ICIO,Aggregated from 1 OECD ISIC sectors; gross_output=233 USD m,2022
IRL,shipping,0.009491,,0.006598,5,DATA_PRESENT,OECD_ICIO,"Aggregated from 2 OECD ISIC sectors; gross_output=8,120 USD m",2022
IRL,energy,,,,,MISSING_OECD_HAS_NO_SOURCE,OECD_ICIO_DOES_NOT_SEPARATE_THIS_SECTOR,OECD ICIO has no clean line item for this sector. See OECD_ICIO_SCHEMA_AUDIT.md for the bundling explanation. Requires supplementary source (SIA / EIA / ECB) — NOT in repo.,2022
IRL,consumer_goods,0.419189,,0.377571,5,DATA_PRESENT,OECD_ICIO,"Aggregated from 11 OECD ISIC sectors; gross_output=400,009 USD m",2022
IRL,banking,0.035741,,0.075572,5,DATA_PRESENT,OECD_ICIO,"Aggregated from 1 OECD ISIC sectors; gross_output=52,426 USD m",2022
IRL,insurance,,,,,MISSING_OECD_HAS_NO_SOURCE,OECD_ICIO_DOES_NOT_SEPARATE_THIS_SECTOR,OECD ICIO has no clean line item for this sector. See OECD_ICIO_SCHEMA_AUDIT.md for the bundling explanation. Requires supplementary source (SIA / EIA / ECB) — NOT in repo.,2022
IRL,capital_markets,,,,,MISSING_OECD_HAS_NO_SOURCE,OECD_ICIO_DOES_NOT_SEPARATE_THIS_SECTOR,OECD ICIO has no clean line item for this sector. See OECD_ICIO_SCHEMA_AUDIT.md for the bundling explanation. Requires supplementary source (SIA / EIA / ECB) — NOT in repo.,2022
IRL,oil,0.013997,,0.004074,5,DATA_PRESENT,OECD_ICIO,"Aggregated from 2 OECD ISIC sectors; gross_output=10,632 USD m",2022
IRL,gas,,,,,MISSING_OECD_HAS_NO_SOURCE,OECD_ICIO_DOES_NOT_SEPARATE_THIS_SECTOR,OECD ICIO has no clean line item for this sector. See OECD_ICIO_SCHEMA_AUDIT.md for the bundling explanation. Requires supplementary source (SIA / EIA / ECB) — NOT in repo.,2022
IRL,utilities,0.011355,,0.009630,5,DATA_PRESENT,OECD_ICIO,"Aggregated from 2 OECD ISIC sectors; gross_output=20,861 USD m",2022
IRL,aviation,0.002734,,0.007639,5,DATA_PRESENT,OECD_ICIO,"Aggregated from 1 OECD ISIC sectors; gross_output=5,194 USD m",2022
IRL,ports,0.001312,,0.009855,5,DATA_PRESENT,OECD_ICIO,"Aggregated from 1 OECD ISIC sectors; gross_output=7,065 USD m",2022
IRL,telecommunications,0.165305,,0.302033,5,DATA_PRESENT,OECD_ICIO,"Aggregated from 3 OECD ISIC sectors; gross_output=221,385 USD m",2022
IRL,agriculture,0.011650,,0.004978,5,DATA_PRESENT,OECD_ICIO,"Aggregated from 3 OECD ISIC sectors; gross_output=14,816 USD m",2022
IRL,tourism,0.014282,,0.005014,5,DATA_PRESENT,OECD_ICIO,"Aggregated from 1 OECD ISIC sectors; gross_output=11,259 USD m",2022
IRL,government,0.047409,,0.005542,5,DATA_PRESENT,OECD_ICIO,"Aggregated from 2 OECD ISIC sectors; gross_output=33,450 USD m",2022
ISL,semiconductors,,,,,MISSING_OECD_HAS_NO_SOURCE,OECD_ICIO_DOES_NOT_SEPARATE_THIS_SECTOR,OECD ICIO has no clean line item for this sector. See OECD_ICIO_SCHEMA_AUDIT.md for the bundling explanation. Requires supplementary source (SIA / EIA / ECB) — NOT in repo.,2022
ISL,automotive,0.000167,,0.000260,5,DATA_PRESENT,OECD_ICIO,Aggregated from 1 OECD ISIC sectors; gross_output=11 USD m,2022
ISL,electronics,0.004277,,0.008008,5,DATA_PRESENT,OECD_ICIO,Aggregated from 2 OECD ISIC sectors; gross_output=346 USD m,2022
ISL,aerospace,0.000823,,0.001726,5,DATA_PRESENT,OECD_ICIO,Aggregated from 1 OECD ISIC sectors; gross_output=56 USD m,2022
ISL,shipping,0.017419,,0.051185,5,DATA_PRESENT,OECD_ICIO,"Aggregated from 2 OECD ISIC sectors; gross_output=1,344 USD m",2022
ISL,energy,,,,,MISSING_OECD_HAS_NO_SOURCE,OECD_ICIO_DOES_NOT_SEPARATE_THIS_SECTOR,OECD ICIO has no clean line item for this sector. See OECD_ICIO_SCHEMA_AUDIT.md for the bundling explanation. Requires supplementary source (SIA / EIA / ECB) — NOT in repo.,2022
ISL,consumer_goods,0.167651,,0.238121,5,DATA_PRESENT,OECD_ICIO,"Aggregated from 11 OECD ISIC sectors; gross_output=9,407 USD m",2022
ISL,banking,0.056977,,0.016353,5,DATA_PRESENT,OECD_ICIO,"Aggregated from 1 OECD ISIC sectors; gross_output=2,216 USD m",2022
ISL,insurance,,,,,MISSING_OECD_HAS_NO_SOURCE,OECD_ICIO_DOES_NOT_SEPARATE_THIS_SECTOR,OECD ICIO has no clean line item for this sector. See OECD_ICIO_SCHEMA_AUDIT.md for the bundling explanation. Requires supplementary source (SIA / EIA / ECB) — NOT in repo.,2022
ISL,capital_markets,,,,,MISSING_OECD_HAS_NO_SOURCE,OECD_ICIO_DOES_NOT_SEPARATE_THIS_SECTOR,OECD ICIO has no clean line item for this sector. See OECD_ICIO_SCHEMA_AUDIT.md for the bundling explanation. Requires supplementary source (SIA / EIA / ECB) — NOT in repo.,2022
ISL,oil,0.000114,,0.000042,5,DATA_PRESENT,OECD_ICIO,Aggregated from 2 OECD ISIC sectors; gross_output=4 USD m,2022
ISL,gas,,,,,MISSING_OECD_HAS_NO_SOURCE,OECD_ICIO_DOES_NOT_SEPARATE_THIS_SECTOR,OECD ICIO has no clean line item for this sector. See OECD_ICIO_SCHEMA_AUDIT.md for the bundling explanation. Requires supplementary source (SIA / EIA / ECB) — NOT in repo.,2022
ISL,utilities,0.049199,,0.007518,5,DATA_PRESENT,OECD_ICIO,"Aggregated from 2 OECD ISIC sectors; gross_output=1,945 USD m",2022
ISL,aviation,0.021429,,0.101935,5,DATA_PRESENT,OECD_ICIO,"Aggregated from 1 OECD ISIC sectors; gross_output=1,812 USD m",2022
ISL,ports,0.013868,,0.020400,5,DATA_PRESENT,OECD_ICIO,Aggregated from 1 OECD ISIC sectors; gross_output=610 USD m,2022
ISL,telecommunications,0.049916,,0.043046,5,DATA_PRESENT,OECD_ICIO,"Aggregated from 3 OECD ISIC sectors; gross_output=2,568 USD m",2022
ISL,agriculture,0.046942,,0.052172,5,DATA_PRESENT,OECD_ICIO,"Aggregated from 3 OECD ISIC sectors; gross_output=2,326 USD m",2022
ISL,tourism,0.035591,,0.051120,5,DATA_PRESENT,OECD_ICIO,"Aggregated from 1 OECD ISIC sectors; gross_output=1,935 USD m",2022
ISL,government,0.112802,,0.018314,5,DATA_PRESENT,OECD_ICIO,"Aggregated from 2 OECD ISIC sectors; gross_output=4,484 USD m",2022
ISR,semiconductors,,,,,MISSING_OECD_HAS_NO_SOURCE,OECD_ICIO_DOES_NOT_SEPARATE_THIS_SECTOR,OECD ICIO has no clean line item for this sector. See OECD_ICIO_SCHEMA_AUDIT.md for the bundling explanation. Requires supplementary source (SIA / EIA / ECB) — NOT in repo.,2022
ISR,automotive,0.000903,,0.002359,5,DATA_PRESENT,OECD_ICIO,"Aggregated from 1 OECD ISIC sectors; gross_output=1,545 USD m",2022
ISR,electronics,0.050730,,0.082492,5,DATA_PRESENT,OECD_ICIO,"Aggregated from 2 OECD ISIC sectors; gross_output=45,633 USD m",2022
ISR,aerospace,0.004705,,0.014072,5,DATA_PRESENT,OECD_ICIO,"Aggregated from 1 OECD ISIC sectors; gross_output=6,064 USD m",2022
ISR,shipping,0.024536,,0.037670,5,DATA_PRESENT,OECD_ICIO,"Aggregated from 2 OECD ISIC sectors; gross_output=25,866 USD m",2022
ISR,energy,,,,,MISSING_OECD_HAS_NO_SOURCE,OECD_ICIO_DOES_NOT_SEPARATE_THIS_SECTOR,OECD ICIO has no clean line item for this sector. See OECD_ICIO_SCHEMA_AUDIT.md for the bundling explanation. Requires supplementary source (SIA / EIA / ECB) — NOT in repo.,2022
ISR,consumer_goods,0.151220,,0.259284,5,DATA_PRESENT,OECD_ICIO,"Aggregated from 11 OECD ISIC sectors; gross_output=157,427 USD m",2022
ISR,banking,0.048136,,0.027776,5,DATA_PRESENT,OECD_ICIO,"Aggregated from 1 OECD ISIC sectors; gross_output=43,212 USD m",2022
ISR,insurance,,,,,MISSING_OECD_HAS_NO_SOURCE,OECD_ICIO_DOES_NOT_SEPARATE_THIS_SECTOR,OECD ICIO has no clean line item for this sector. See OECD_ICIO_SCHEMA_AUDIT.md for the bundling explanation. Requires supplementary source (SIA / EIA / ECB) — NOT in repo.,2022
ISR,capital_markets,,,,,MISSING_OECD_HAS_NO_SOURCE,OECD_ICIO_DOES_NOT_SEPARATE_THIS_SECTOR,OECD ICIO has no clean line item for this sector. See OECD_ICIO_SCHEMA_AUDIT.md for the bundling explanation. Requires supplementary source (SIA / EIA / ECB) — NOT in repo.,2022
ISR,oil,0.007847,,0.054138,5,DATA_PRESENT,OECD_ICIO,"Aggregated from 2 OECD ISIC sectors; gross_output=20,086 USD m",2022
ISR,gas,,,,,MISSING_OECD_HAS_NO_SOURCE,OECD_ICIO_DOES_NOT_SEPARATE_THIS_SECTOR,OECD ICIO has no clean line item for this sector. See OECD_ICIO_SCHEMA_AUDIT.md for the bundling explanation. Requires supplementary source (SIA / EIA / ECB) — NOT in repo.,2022
ISR,utilities,0.015639,,0.007853,5,DATA_PRESENT,OECD_ICIO,"Aggregated from 2 OECD ISIC sectors; gross_output=18,489 USD m",2022
ISR,aviation,0.007413,,0.046341,5,DATA_PRESENT,OECD_ICIO,"Aggregated from 1 OECD ISIC sectors; gross_output=17,807 USD m",2022
ISR,ports,0.002335,,0.008063,5,DATA_PRESENT,OECD_ICIO,"Aggregated from 1 OECD ISIC sectors; gross_output=2,347 USD m",2022
ISR,telecommunications,0.099772,,0.182590,5,DATA_PRESENT,OECD_ICIO,"Aggregated from 3 OECD ISIC sectors; gross_output=76,450 USD m",2022
ISR,agriculture,0.015233,,0.018529,5,DATA_PRESENT,OECD_ICIO,"Aggregated from 3 OECD ISIC sectors; gross_output=16,306 USD m",2022
ISR,tourism,0.014222,,0.012992,5,DATA_PRESENT,OECD_ICIO,"Aggregated from 1 OECD ISIC sectors; gross_output=18,096 USD m",2022
ISR,government,0.123544,,0.021971,5,DATA_PRESENT,OECD_ICIO,"Aggregated from 2 OECD ISIC sectors; gross_output=92,527 USD m",2022
ITA,semiconductors,,,,,MISSING_OECD_HAS_NO_SOURCE,OECD_ICIO_DOES_NOT_SEPARATE_THIS_SECTOR,OECD ICIO has no clean line item for this sector. See OECD_ICIO_SCHEMA_AUDIT.md for the bundling explanation. Requires supplementary source (SIA / EIA / ECB) — NOT in repo.,2022
ITA,automotive,0.008809,,0.043416,5,DATA_PRESENT,OECD_ICIO,"Aggregated from 1 OECD ISIC sectors; gross_output=76,424 USD m",2022
ITA,electronics,0.013818,,0.047343,5,DATA_PRESENT,OECD_ICIO,"Aggregated from 2 OECD ISIC sectors; gross_output=85,531 USD m",2022
ITA,aerospace,0.003697,,0.015445,5,DATA_PRESENT,OECD_ICIO,"Aggregated from 1 OECD ISIC sectors; gross_output=24,836 USD m",2022
ITA,shipping,0.029426,,0.023441,5,DATA_PRESENT,OECD_ICIO,"Aggregated from 2 OECD ISIC sectors; gross_output=120,942 USD m",2022
ITA,energy,,,,,MISSING_OECD_HAS_NO_SOURCE,OECD_ICIO_DOES_NOT_SEPARATE_THIS_SECTOR,OECD ICIO has no clean line item for this sector. See OECD_ICIO_SCHEMA_AUDIT.md for the bundling explanation. Requires supplementary source (SIA / EIA / ECB) — NOT in repo.,2022
ITA,consumer_goods,0.234061,,0.468505,5,DATA_PRESENT,OECD_ICIO,"Aggregated from 11 OECD ISIC sectors; gross_output=1,245,492 USD m",2022
ITA,banking,0.048975,,0.017860,5,DATA_PRESENT,OECD_ICIO,"Aggregated from 1 OECD ISIC sectors; gross_output=158,769 USD m",2022
ITA,insurance,,,,,MISSING_OECD_HAS_NO_SOURCE,OECD_ICIO_DOES_NOT_SEPARATE_THIS_SECTOR,OECD ICIO has no clean line item for this sector. See OECD_ICIO_SCHEMA_AUDIT.md for the bundling explanation. Requires supplementary source (SIA / EIA / ECB) — NOT in repo.,2022
ITA,capital_markets,,,,,MISSING_OECD_HAS_NO_SOURCE,OECD_ICIO_DOES_NOT_SEPARATE_THIS_SECTOR,OECD ICIO has no clean line item for this sector. See OECD_ICIO_SCHEMA_AUDIT.md for the bundling explanation. Requires supplementary source (SIA / EIA / ECB) — NOT in repo.,2022
ITA,oil,0.006394,,0.058913,5,DATA_PRESENT,OECD_ICIO,"Aggregated from 2 OECD ISIC sectors; gross_output=84,417 USD m",2022
ITA,gas,,,,,MISSING_OECD_HAS_NO_SOURCE,OECD_ICIO_DOES_NOT_SEPARATE_THIS_SECTOR,OECD ICIO has no clean line item for this sector. See OECD_ICIO_SCHEMA_AUDIT.md for the bundling explanation. Requires supplementary source (SIA / EIA / ECB) — NOT in repo.,2022
ITA,utilities,0.033129,,0.043496,5,DATA_PRESENT,OECD_ICIO,"Aggregated from 2 OECD ISIC sectors; gross_output=225,993 USD m",2022
ITA,aviation,0.000524,,0.003495,5,DATA_PRESENT,OECD_ICIO,"Aggregated from 1 OECD ISIC sectors; gross_output=6,297 USD m",2022
ITA,ports,0.021223,,0.013651,5,DATA_PRESENT,OECD_ICIO,"Aggregated from 1 OECD ISIC sectors; gross_output=95,441 USD m",2022
ITA,telecommunications,0.035552,,0.020731,5,DATA_PRESENT,OECD_ICIO,"Aggregated from 3 OECD ISIC sectors; gross_output=144,120 USD m",2022
ITA,agriculture,0.021284,,0.012697,5,DATA_PRESENT,OECD_ICIO,"Aggregated from 3 OECD ISIC sectors; gross_output=75,478 USD m",2022
ITA,tourism,0.034785,,0.019807,5,DATA_PRESENT,OECD_ICIO,"Aggregated from 1 OECD ISIC sectors; gross_output=113,187 USD m",2022
ITA,government,0.104242,,0.006714,5,DATA_PRESENT,OECD_ICIO,"Aggregated from 2 OECD ISIC sectors; gross_output=254,427 USD m",2022
JOR,semiconductors,,,,,MISSING_OECD_HAS_NO_SOURCE,OECD_ICIO_DOES_NOT_SEPARATE_THIS_SECTOR,OECD ICIO has no clean line item for this sector. See OECD_ICIO_SCHEMA_AUDIT.md for the bundling explanation. Requires supplementary source (SIA / EIA / ECB) — NOT in repo.,2022
JOR,automotive,0.001675,,0.004132,5,DATA_PRESENT,OECD_ICIO,Aggregated from 1 OECD ISIC sectors; gross_output=203 USD m,2022
JOR,electronics,0.006125,,0.017372,5,DATA_PRESENT,OECD_ICIO,Aggregated from 2 OECD ISIC sectors; gross_output=858 USD m,2022
JOR,aerospace,0.000561,,0.000292,5,DATA_PRESENT,OECD_ICIO,Aggregated from 1 OECD ISIC sectors; gross_output=41 USD m,2022
JOR,shipping,0.038135,,0.057884,5,DATA_PRESENT,OECD_ICIO,"Aggregated from 2 OECD ISIC sectors; gross_output=2,858 USD m",2022
JOR,energy,,,,,MISSING_OECD_HAS_NO_SOURCE,OECD_ICIO_DOES_NOT_SEPARATE_THIS_SECTOR,OECD ICIO has no clean line item for this sector. See OECD_ICIO_SCHEMA_AUDIT.md for the bundling explanation. Requires supplementary source (SIA / EIA / ECB) — NOT in repo.,2022
JOR,consumer_goods,0.243430,,0.433773,5,DATA_PRESENT,OECD_ICIO,"Aggregated from 11 OECD ISIC sectors; gross_output=23,869 USD m",2022
JOR,banking,0.083438,,0.026030,5,DATA_PRESENT,OECD_ICIO,"Aggregated from 1 OECD ISIC sectors; gross_output=4,280 USD m",2022
JOR,insurance,,,,,MISSING_OECD_HAS_NO_SOURCE,OECD_ICIO_DOES_NOT_SEPARATE_THIS_SECTOR,OECD ICIO has no clean line item for this sector. See OECD_ICIO_SCHEMA_AUDIT.md for the bundling explanation. Requires supplementary source (SIA / EIA / ECB) — NOT in repo.,2022
JOR,capital_markets,,,,,MISSING_OECD_HAS_NO_SOURCE,OECD_ICIO_DOES_NOT_SEPARATE_THIS_SECTOR,OECD ICIO has no clean line item for this sector. See OECD_ICIO_SCHEMA_AUDIT.md for the bundling explanation. Requires supplementary source (SIA / EIA / ECB) — NOT in repo.,2022
JOR,oil,0.017758,,0.081081,5,DATA_PRESENT,OECD_ICIO,"Aggregated from 2 OECD ISIC sectors; gross_output=4,141 USD m",2022
JOR,gas,,,,,MISSING_OECD_HAS_NO_SOURCE,OECD_ICIO_DOES_NOT_SEPARATE_THIS_SECTOR,OECD ICIO has no clean line item for this sector. See OECD_ICIO_SCHEMA_AUDIT.md for the bundling explanation. Requires supplementary source (SIA / EIA / ECB) — NOT in repo.,2022
JOR,utilities,0.021382,,0.015011,5,DATA_PRESENT,OECD_ICIO,"Aggregated from 2 OECD ISIC sectors; gross_output=2,309 USD m",2022
JOR,aviation,0.005958,,0.050151,5,DATA_PRESENT,OECD_ICIO,"Aggregated from 1 OECD ISIC sectors; gross_output=1,272 USD m",2022
JOR,ports,0.014154,,0.012547,5,DATA_PRESENT,OECD_ICIO,Aggregated from 1 OECD ISIC sectors; gross_output=809 USD m,2022
JOR,telecommunications,0.040814,,0.019447,5,DATA_PRESENT,OECD_ICIO,"Aggregated from 3 OECD ISIC sectors; gross_output=2,777 USD m",2022
JOR,agriculture,0.044942,,0.047899,5,DATA_PRESENT,OECD_ICIO,"Aggregated from 3 OECD ISIC sectors; gross_output=3,670 USD m",2022
JOR,tourism,0.016561,,0.034493,5,DATA_PRESENT,OECD_ICIO,"Aggregated from 1 OECD ISIC sectors; gross_output=1,553 USD m",2022
JOR,government,0.191784,,0.042626,5,DATA_PRESENT,OECD_ICIO,"Aggregated from 2 OECD ISIC sectors; gross_output=10,689 USD m",2022
JPN,semiconductors,,,,,MISSING_OECD_HAS_NO_SOURCE,OECD_ICIO_DOES_NOT_SEPARATE_THIS_SECTOR,OECD ICIO has no clean line item for this sector. See OECD_ICIO_SCHEMA_AUDIT.md for the bundling explanation. Requires supplementary source (SIA / EIA / ECB) — NOT in repo.,2022
JPN,automotive,0.023536,,0.113247,5,DATA_PRESENT,OECD_ICIO,"Aggregated from 1 OECD ISIC sectors; gross_output=377,050 USD m",2022
JPN,electronics,0.030236,,0.109720,5,DATA_PRESENT,OECD_ICIO,"Aggregated from 2 OECD ISIC sectors; gross_output=313,701 USD m",2022
JPN,aerospace,0.001938,,0.007724,5,DATA_PRESENT,OECD_ICIO,"Aggregated from 1 OECD ISIC sectors; gross_output=29,478 USD m",2022
JPN,shipping,0.029480,,0.026724,5,DATA_PRESENT,OECD_ICIO,"Aggregated from 2 OECD ISIC sectors; gross_output=197,783 USD m",2022
JPN,energy,,,,,MISSING_OECD_HAS_NO_SOURCE,OECD_ICIO_DOES_NOT_SEPARATE_THIS_SECTOR,OECD ICIO has no clean line item for this sector. See OECD_ICIO_SCHEMA_AUDIT.md for the bundling explanation. Requires supplementary source (SIA / EIA / ECB) — NOT in repo.,2022
JPN,consumer_goods,0.267802,,0.316819,5,DATA_PRESENT,OECD_ICIO,"Aggregated from 11 OECD ISIC sectors; gross_output=2,327,925 USD m",2022
JPN,banking,0.046327,,0.022194,5,DATA_PRESENT,OECD_ICIO,"Aggregated from 1 OECD ISIC sectors; gross_output=289,992 USD m",2022
JPN,insurance,,,,,MISSING_OECD_HAS_NO_SOURCE,OECD_ICIO_DOES_NOT_SEPARATE_THIS_SECTOR,OECD ICIO has no clean line item for this sector. See OECD_ICIO_SCHEMA_AUDIT.md for the bundling explanation. Requires supplementary source (SIA / EIA / ECB) — NOT in repo.,2022
JPN,capital_markets,,,,,MISSING_OECD_HAS_NO_SOURCE,OECD_ICIO_DOES_NOT_SEPARATE_THIS_SECTOR,OECD ICIO has no clean line item for this sector. See OECD_ICIO_SCHEMA_AUDIT.md for the bundling explanation. Requires supplementary source (SIA / EIA / ECB) — NOT in repo.,2022
JPN,oil,0.005299,,0.076085,5,DATA_PRESENT,OECD_ICIO,"Aggregated from 2 OECD ISIC sectors; gross_output=162,315 USD m",2022
JPN,gas,,,,,MISSING_OECD_HAS_NO_SOURCE,OECD_ICIO_DOES_NOT_SEPARATE_THIS_SECTOR,OECD ICIO has no clean line item for this sector. See OECD_ICIO_SCHEMA_AUDIT.md for the bundling explanation. Requires supplementary source (SIA / EIA / ECB) — NOT in repo.,2022
JPN,utilities,0.023807,,0.057095,5,DATA_PRESENT,OECD_ICIO,"Aggregated from 2 OECD ISIC sectors; gross_output=309,393 USD m",2022
JPN,aviation,0.000989,,0.003490,5,DATA_PRESENT,OECD_ICIO,"Aggregated from 1 OECD ISIC sectors; gross_output=19,851 USD m",2022
JPN,ports,0.013007,,0.006464,5,DATA_PRESENT,OECD_ICIO,"Aggregated from 1 OECD ISIC sectors; gross_output=81,816 USD m",2022
JPN,telecommunications,0.054042,,0.027425,5,DATA_PRESENT,OECD_ICIO,"Aggregated from 3 OECD ISIC sectors; gross_output=455,704 USD m",2022
JPN,agriculture,0.009275,,0.005737,5,DATA_PRESENT,OECD_ICIO,"Aggregated from 3 OECD ISIC sectors; gross_output=92,056 USD m",2022
JPN,tourism,0.015124,,0.008076,5,DATA_PRESENT,OECD_ICIO,"Aggregated from 1 OECD ISIC sectors; gross_output=174,037 USD m",2022
JPN,government,0.086349,,0.010076,5,DATA_PRESENT,OECD_ICIO,"Aggregated from 2 OECD ISIC sectors; gross_output=487,728 USD m",2022
KAZ,semiconductors,,,,,MISSING_OECD_HAS_NO_SOURCE,OECD_ICIO_DOES_NOT_SEPARATE_THIS_SECTOR,OECD ICIO has no clean line item for this sector. See OECD_ICIO_SCHEMA_AUDIT.md for the bundling explanation. Requires supplementary source (SIA / EIA / ECB) — NOT in repo.,2022
KAZ,automotive,0.005299,,0.005271,5,DATA_PRESENT,OECD_ICIO,"Aggregated from 1 OECD ISIC sectors; gross_output=2,232 USD m",2022
KAZ,electronics,0.001702,,0.005552,5,DATA_PRESENT,OECD_ICIO,Aggregated from 2 OECD ISIC sectors; gross_output=739 USD m,2022
KAZ,aerospace,0.000499,,0.001822,5,DATA_PRESENT,OECD_ICIO,Aggregated from 1 OECD ISIC sectors; gross_output=234 USD m,2022
KAZ,shipping,0.050436,,0.044463,5,DATA_PRESENT,OECD_ICIO,"Aggregated from 2 OECD ISIC sectors; gross_output=17,348 USD m",2022
KAZ,energy,,,,,MISSING_OECD_HAS_NO_SOURCE,OECD_ICIO_DOES_NOT_SEPARATE_THIS_SECTOR,OECD ICIO has no clean line item for this sector. See OECD_ICIO_SCHEMA_AUDIT.md for the bundling explanation. Requires supplementary source (SIA / EIA / ECB) — NOT in repo.,2022
KAZ,consumer_goods,0.229667,,0.209761,5,DATA_PRESENT,OECD_ICIO,"Aggregated from 11 OECD ISIC sectors; gross_output=71,139 USD m",2022
KAZ,banking,0.033423,,0.008710,5,DATA_PRESENT,OECD_ICIO,"Aggregated from 1 OECD ISIC sectors; gross_output=13,898 USD m",2022
KAZ,insurance,,,,,MISSING_OECD_HAS_NO_SOURCE,OECD_ICIO_DOES_NOT_SEPARATE_THIS_SECTOR,OECD ICIO has no clean line item for this sector. See OECD_ICIO_SCHEMA_AUDIT.md for the bundling explanation. Requires supplementary source (SIA / EIA / ECB) — NOT in repo.,2022
KAZ,capital_markets,,,,,MISSING_OECD_HAS_NO_SOURCE,OECD_ICIO_DOES_NOT_SEPARATE_THIS_SECTOR,OECD ICIO has no clean line item for this sector. See OECD_ICIO_SCHEMA_AUDIT.md for the bundling explanation. Requires supplementary source (SIA / EIA / ECB) — NOT in repo.,2022
KAZ,oil,0.118273,,0.337658,5,DATA_PRESENT,OECD_ICIO,"Aggregated from 2 OECD ISIC sectors; gross_output=44,616 USD m",2022
KAZ,gas,,,,,MISSING_OECD_HAS_NO_SOURCE,OECD_ICIO_DOES_NOT_SEPARATE_THIS_SECTOR,OECD ICIO has no clean line item for this sector. See OECD_ICIO_SCHEMA_AUDIT.md for the bundling explanation. Requires supplementary source (SIA / EIA / ECB) — NOT in repo.,2022
KAZ,utilities,0.017927,,0.004573,5,DATA_PRESENT,OECD_ICIO,"Aggregated from 2 OECD ISIC sectors; gross_output=7,942 USD m",2022
KAZ,aviation,0.003856,,0.008353,5,DATA_PRESENT,OECD_ICIO,"Aggregated from 1 OECD ISIC sectors; gross_output=1,581 USD m",2022
KAZ,ports,0.013112,,0.010428,5,DATA_PRESENT,OECD_ICIO,"Aggregated from 1 OECD ISIC sectors; gross_output=3,973 USD m",2022
KAZ,telecommunications,0.023157,,0.008286,5,DATA_PRESENT,OECD_ICIO,"Aggregated from 3 OECD ISIC sectors; gross_output=7,221 USD m",2022
KAZ,agriculture,0.057376,,0.063442,5,DATA_PRESENT,OECD_ICIO,"Aggregated from 3 OECD ISIC sectors; gross_output=23,689 USD m",2022
KAZ,tourism,0.011087,,0.006373,5,DATA_PRESENT,OECD_ICIO,"Aggregated from 1 OECD ISIC sectors; gross_output=4,004 USD m",2022
KAZ,government,0.065185,,0.017050,5,DATA_PRESENT,OECD_ICIO,"Aggregated from 2 OECD ISIC sectors; gross_output=22,939 USD m",2022
KHM,semiconductors,,,,,MISSING_OECD_HAS_NO_SOURCE,OECD_ICIO_DOES_NOT_SEPARATE_THIS_SECTOR,OECD ICIO has no clean line item for this sector. See OECD_ICIO_SCHEMA_AUDIT.md for the bundling explanation. Requires supplementary source (SIA / EIA / ECB) — NOT in repo.,2022
KHM,automotive,0.001222,,0.001527,5,DATA_PRESENT,OECD_ICIO,Aggregated from 1 OECD ISIC sectors; gross_output=107 USD m,2022
KHM,electronics,0.000015,,0.000014,5,DATA_PRESENT,OECD_ICIO,Aggregated from 2 OECD ISIC sectors; gross_output=1 USD m,2022
KHM,aerospace,0.000388,,0.000655,5,DATA_PRESENT,OECD_ICIO,Aggregated from 1 OECD ISIC sectors; gross_output=31 USD m,2022
KHM,shipping,0.032287,,0.050330,5,DATA_PRESENT,OECD_ICIO,"Aggregated from 2 OECD ISIC sectors; gross_output=1,679 USD m",2022
KHM,energy,,,,,MISSING_OECD_HAS_NO_SOURCE,OECD_ICIO_DOES_NOT_SEPARATE_THIS_SECTOR,OECD ICIO has no clean line item for this sector. See OECD_ICIO_SCHEMA_AUDIT.md for the bundling explanation. Requires supplementary source (SIA / EIA / ECB) — NOT in repo.,2022
KHM,consumer_goods,0.249387,,0.357888,5,DATA_PRESENT,OECD_ICIO,"Aggregated from 11 OECD ISIC sectors; gross_output=13,556 USD m",2022
KHM,banking,0.024741,,0.032149,5,DATA_PRESENT,OECD_ICIO,"Aggregated from 1 OECD ISIC sectors; gross_output=1,034 USD m",2022
KHM,insurance,,,,,MISSING_OECD_HAS_NO_SOURCE,OECD_ICIO_DOES_NOT_SEPARATE_THIS_SECTOR,OECD ICIO has no clean line item for this sector. See OECD_ICIO_SCHEMA_AUDIT.md for the bundling explanation. Requires supplementary source (SIA / EIA / ECB) — NOT in repo.,2022
KHM,capital_markets,,,,,MISSING_OECD_HAS_NO_SOURCE,OECD_ICIO_DOES_NOT_SEPARATE_THIS_SECTOR,OECD ICIO has no clean line item for this sector. See OECD_ICIO_SCHEMA_AUDIT.md for the bundling explanation. Requires supplementary source (SIA / EIA / ECB) — NOT in repo.,2022
KHM,oil,0.000342,,0.000142,5,DATA_PRESENT,OECD_ICIO,Aggregated from 2 OECD ISIC sectors; gross_output=15 USD m,2022
KHM,gas,,,,,MISSING_OECD_HAS_NO_SOURCE,OECD_ICIO_DOES_NOT_SEPARATE_THIS_SECTOR,OECD ICIO has no clean line item for this sector. See OECD_ICIO_SCHEMA_AUDIT.md for the bundling explanation. Requires supplementary source (SIA / EIA / ECB) — NOT in repo.,2022
KHM,utilities,0.006367,,0.003681,5,DATA_PRESENT,OECD_ICIO,Aggregated from 2 OECD ISIC sectors; gross_output=361 USD m,2022
KHM,aviation,0.004338,,0.009628,5,DATA_PRESENT,OECD_ICIO,Aggregated from 1 OECD ISIC sectors; gross_output=280 USD m,2022
KHM,ports,0.015301,,0.022987,5,DATA_PRESENT,OECD_ICIO,Aggregated from 1 OECD ISIC sectors; gross_output=800 USD m,2022
KHM,telecommunications,0.026461,,0.041664,5,DATA_PRESENT,OECD_ICIO,"Aggregated from 3 OECD ISIC sectors; gross_output=1,259 USD m",2022
KHM,agriculture,0.213959,,0.307499,5,DATA_PRESENT,OECD_ICIO,"Aggregated from 3 OECD ISIC sectors; gross_output=10,362 USD m",2022
KHM,tourism,0.044922,,0.025997,5,DATA_PRESENT,OECD_ICIO,"Aggregated from 1 OECD ISIC sectors; gross_output=2,424 USD m",2022
KHM,government,0.029989,,0.005032,5,DATA_PRESENT,OECD_ICIO,"Aggregated from 2 OECD ISIC sectors; gross_output=1,138 USD m",2022
KOR,semiconductors,,,,,MISSING_OECD_HAS_NO_SOURCE,OECD_ICIO_DOES_NOT_SEPARATE_THIS_SECTOR,OECD ICIO has no clean line item for this sector. See OECD_ICIO_SCHEMA_AUDIT.md for the bundling explanation. Requires supplementary source (SIA / EIA / ECB) — NOT in repo.,2022
KOR,automotive,0.023807,,0.073643,5,DATA_PRESENT,OECD_ICIO,"Aggregated from 1 OECD ISIC sectors; gross_output=216,242 USD m",2022
KOR,electronics,0.094672,,0.215774,5,DATA_PRESENT,OECD_ICIO,"Aggregated from 2 OECD ISIC sectors; gross_output=460,520 USD m",2022
KOR,aerospace,0.001565,,0.003586,5,DATA_PRESENT,OECD_ICIO,"Aggregated from 1 OECD ISIC sectors; gross_output=10,468 USD m",2022
KOR,shipping,0.021468,,0.031840,5,DATA_PRESENT,OECD_ICIO,"Aggregated from 2 OECD ISIC sectors; gross_output=76,589 USD m",2022
KOR,energy,,,,,MISSING_OECD_HAS_NO_SOURCE,OECD_ICIO_DOES_NOT_SEPARATE_THIS_SECTOR,OECD ICIO has no clean line item for this sector. See OECD_ICIO_SCHEMA_AUDIT.md for the bundling explanation. Requires supplementary source (SIA / EIA / ECB) — NOT in repo.,2022
KOR,consumer_goods,0.202965,,0.273409,5,DATA_PRESENT,OECD_ICIO,"Aggregated from 11 OECD ISIC sectors; gross_output=1,087,890 USD m",2022
KOR,banking,0.062453,,0.008289,5,DATA_PRESENT,OECD_ICIO,"Aggregated from 1 OECD ISIC sectors; gross_output=170,656 USD m",2022
KOR,insurance,,,,,MISSING_OECD_HAS_NO_SOURCE,OECD_ICIO_DOES_NOT_SEPARATE_THIS_SECTOR,OECD ICIO has no clean line item for this sector. See OECD_ICIO_SCHEMA_AUDIT.md for the bundling explanation. Requires supplementary source (SIA / EIA / ECB) — NOT in repo.,2022
KOR,capital_markets,,,,,MISSING_OECD_HAS_NO_SOURCE,OECD_ICIO_DOES_NOT_SEPARATE_THIS_SECTOR,OECD ICIO has no clean line item for this sector. See OECD_ICIO_SCHEMA_AUDIT.md for the bundling explanation. Requires supplementary source (SIA / EIA / ECB) — NOT in repo.,2022
KOR,oil,0.010137,,0.121621,5,DATA_PRESENT,OECD_ICIO,"Aggregated from 2 OECD ISIC sectors; gross_output=156,438 USD m",2022
KOR,gas,,,,,MISSING_OECD_HAS_NO_SOURCE,OECD_ICIO_DOES_NOT_SEPARATE_THIS_SECTOR,OECD ICIO has no clean line item for this sector. See OECD_ICIO_SCHEMA_AUDIT.md for the bundling explanation. Requires supplementary source (SIA / EIA / ECB) — NOT in repo.,2022
KOR,utilities,0.017632,,0.033967,5,DATA_PRESENT,OECD_ICIO,"Aggregated from 2 OECD ISIC sectors; gross_output=131,816 USD m",2022
KOR,aviation,0.009085,,0.007221,5,DATA_PRESENT,OECD_ICIO,"Aggregated from 1 OECD ISIC sectors; gross_output=26,462 USD m",2022
KOR,ports,0.009036,,0.007799,5,DATA_PRESENT,OECD_ICIO,"Aggregated from 1 OECD ISIC sectors; gross_output=51,699 USD m",2022
KOR,telecommunications,0.044481,,0.021722,5,DATA_PRESENT,OECD_ICIO,"Aggregated from 3 OECD ISIC sectors; gross_output=155,316 USD m",2022
KOR,agriculture,0.015410,,0.005153,5,DATA_PRESENT,OECD_ICIO,"Aggregated from 3 OECD ISIC sectors; gross_output=55,768 USD m",2022
KOR,tourism,0.024913,,0.012112,5,DATA_PRESENT,OECD_ICIO,"Aggregated from 1 OECD ISIC sectors; gross_output=146,965 USD m",2022
KOR,government,0.114766,,0.007096,5,DATA_PRESENT,OECD_ICIO,"Aggregated from 2 OECD ISIC sectors; gross_output=274,017 USD m",2022
LAO,semiconductors,,,,,MISSING_OECD_HAS_NO_SOURCE,OECD_ICIO_DOES_NOT_SEPARATE_THIS_SECTOR,OECD ICIO has no clean line item for this sector. See OECD_ICIO_SCHEMA_AUDIT.md for the bundling explanation. Requires supplementary source (SIA / EIA / ECB) — NOT in repo.,2022
LAO,automotive,0.000058,,0.000289,5,DATA_PRESENT,OECD_ICIO,Aggregated from 1 OECD ISIC sectors; gross_output=3 USD m,2022
LAO,electronics,0.000547,,0.002046,5,DATA_PRESENT,OECD_ICIO,Aggregated from 2 OECD ISIC sectors; gross_output=19 USD m,2022
LAO,aerospace,0.000035,,0.000106,5,DATA_PRESENT,OECD_ICIO,Aggregated from 1 OECD ISIC sectors; gross_output=1 USD m,2022
LAO,shipping,0.015675,,0.012781,5,DATA_PRESENT,OECD_ICIO,Aggregated from 2 OECD ISIC sectors; gross_output=401 USD m,2022
LAO,energy,,,,,MISSING_OECD_HAS_NO_SOURCE,OECD_ICIO_DOES_NOT_SEPARATE_THIS_SECTOR,OECD ICIO has no clean line item for this sector. See OECD_ICIO_SCHEMA_AUDIT.md for the bundling explanation. Requires supplementary source (SIA / EIA / ECB) — NOT in repo.,2022
LAO,consumer_goods,0.160281,,0.245176,5,DATA_PRESENT,OECD_ICIO,"Aggregated from 11 OECD ISIC sectors; gross_output=4,766 USD m",2022
LAO,banking,0.032281,,0.009514,5,DATA_PRESENT,OECD_ICIO,Aggregated from 1 OECD ISIC sectors; gross_output=768 USD m,2022
LAO,insurance,,,,,MISSING_OECD_HAS_NO_SOURCE,OECD_ICIO_DOES_NOT_SEPARATE_THIS_SECTOR,OECD ICIO has no clean line item for this sector. See OECD_ICIO_SCHEMA_AUDIT.md for the bundling explanation. Requires supplementary source (SIA / EIA / ECB) — NOT in repo.,2022
LAO,capital_markets,,,,,MISSING_OECD_HAS_NO_SOURCE,OECD_ICIO_DOES_NOT_SEPARATE_THIS_SECTOR,OECD ICIO has no clean line item for this sector. See OECD_ICIO_SCHEMA_AUDIT.md for the bundling explanation. Requires supplementary source (SIA / EIA / ECB) — NOT in repo.,2022
LAO,oil,0.014701,,0.006027,5,DATA_PRESENT,OECD_ICIO,Aggregated from 2 OECD ISIC sectors; gross_output=423 USD m,2022
LAO,gas,,,,,MISSING_OECD_HAS_NO_SOURCE,OECD_ICIO_DOES_NOT_SEPARATE_THIS_SECTOR,OECD ICIO has no clean line item for this sector. See OECD_ICIO_SCHEMA_AUDIT.md for the bundling explanation. Requires supplementary source (SIA / EIA / ECB) — NOT in repo.,2022
LAO,utilities,0.134271,,0.262462,5,DATA_PRESENT,OECD_ICIO,"Aggregated from 2 OECD ISIC sectors; gross_output=4,231 USD m",2022
LAO,aviation,0.001947,,0.005731,5,DATA_PRESENT,OECD_ICIO,Aggregated from 1 OECD ISIC sectors; gross_output=113 USD m,2022
LAO,ports,0.003776,,0.000475,5,DATA_PRESENT,OECD_ICIO,Aggregated from 1 OECD ISIC sectors; gross_output=55 USD m,2022
LAO,telecommunications,0.016699,,0.006723,5,DATA_PRESENT,OECD_ICIO,Aggregated from 3 OECD ISIC sectors; gross_output=446 USD m,2022
LAO,agriculture,0.182044,,0.191678,5,DATA_PRESENT,OECD_ICIO,"Aggregated from 3 OECD ISIC sectors; gross_output=5,267 USD m",2022
LAO,tourism,0.023746,,0.011061,5,DATA_PRESENT,OECD_ICIO,Aggregated from 1 OECD ISIC sectors; gross_output=726 USD m,2022
LAO,government,0.104157,,0.018074,5,DATA_PRESENT,OECD_ICIO,"Aggregated from 2 OECD ISIC sectors; gross_output=2,413 USD m",2022
LTU,semiconductors,,,,,MISSING_OECD_HAS_NO_SOURCE,OECD_ICIO_DOES_NOT_SEPARATE_THIS_SECTOR,OECD ICIO has no clean line item for this sector. See OECD_ICIO_SCHEMA_AUDIT.md for the bundling explanation. Requires supplementary source (SIA / EIA / ECB) — NOT in repo.,2022
LTU,automotive,0.003585,,0.007448,5,DATA_PRESENT,OECD_ICIO,Aggregated from 1 OECD ISIC sectors; gross_output=713 USD m,2022
LTU,electronics,0.010642,,0.026453,5,DATA_PRESENT,OECD_ICIO,"Aggregated from 2 OECD ISIC sectors; gross_output=2,049 USD m",2022
LTU,aerospace,0.000988,,0.003967,5,DATA_PRESENT,OECD_ICIO,Aggregated from 1 OECD ISIC sectors; gross_output=261 USD m,2022
LTU,shipping,0.081051,,0.146264,5,DATA_PRESENT,OECD_ICIO,"Aggregated from 2 OECD ISIC sectors; gross_output=12,548 USD m",2022
LTU,energy,,,,,MISSING_OECD_HAS_NO_SOURCE,OECD_ICIO_DOES_NOT_SEPARATE_THIS_SECTOR,OECD ICIO has no clean line item for this sector. See OECD_ICIO_SCHEMA_AUDIT.md for the bundling explanation. Requires supplementary source (SIA / EIA / ECB) — NOT in repo.,2022
LTU,consumer_goods,0.301232,,0.396996,5,DATA_PRESENT,OECD_ICIO,"Aggregated from 11 OECD ISIC sectors; gross_output=47,006 USD m",2022
LTU,banking,0.034617,,0.010757,5,DATA_PRESENT,OECD_ICIO,"Aggregated from 1 OECD ISIC sectors; gross_output=3,761 USD m",2022
LTU,insurance,,,,,MISSING_OECD_HAS_NO_SOURCE,OECD_ICIO_DOES_NOT_SEPARATE_THIS_SECTOR,OECD ICIO has no clean line item for this sector. See OECD_ICIO_SCHEMA_AUDIT.md for the bundling explanation. Requires supplementary source (SIA / EIA / ECB) — NOT in repo.,2022
LTU,capital_markets,,,,,MISSING_OECD_HAS_NO_SOURCE,OECD_ICIO_DOES_NOT_SEPARATE_THIS_SECTOR,OECD ICIO has no clean line item for this sector. See OECD_ICIO_SCHEMA_AUDIT.md for the bundling explanation. Requires supplementary source (SIA / EIA / ECB) — NOT in repo.,2022
LTU,oil,0.003004,,0.108886,5,DATA_PRESENT,OECD_ICIO,"Aggregated from 2 OECD ISIC sectors; gross_output=5,412 USD m",2022
LTU,gas,,,,,MISSING_OECD_HAS_NO_SOURCE,OECD_ICIO_DOES_NOT_SEPARATE_THIS_SECTOR,OECD ICIO has no clean line item for this sector. See OECD_ICIO_SCHEMA_AUDIT.md for the bundling explanation. Requires supplementary source (SIA / EIA / ECB) — NOT in repo.,2022
LTU,utilities,0.031149,,0.021896,5,DATA_PRESENT,OECD_ICIO,"Aggregated from 2 OECD ISIC sectors; gross_output=4,450 USD m",2022
LTU,aviation,0.001267,,0.005532,5,DATA_PRESENT,OECD_ICIO,Aggregated from 1 OECD ISIC sectors; gross_output=390 USD m,2022
LTU,ports,0.028926,,0.037650,5,DATA_PRESENT,OECD_ICIO,"Aggregated from 1 OECD ISIC sectors; gross_output=3,312 USD m",2022
LTU,telecommunications,0.046293,,0.032110,5,DATA_PRESENT,OECD_ICIO,"Aggregated from 3 OECD ISIC sectors; gross_output=5,819 USD m",2022
LTU,agriculture,0.043303,,0.046848,5,DATA_PRESENT,OECD_ICIO,"Aggregated from 3 OECD ISIC sectors; gross_output=6,912 USD m",2022
LTU,tourism,0.017101,,0.006743,5,DATA_PRESENT,OECD_ICIO,"Aggregated from 1 OECD ISIC sectors; gross_output=2,155 USD m",2022
LTU,government,0.101865,,0.009552,5,DATA_PRESENT,OECD_ICIO,"Aggregated from 2 OECD ISIC sectors; gross_output=8,902 USD m",2022
LUX,semiconductors,,,,,MISSING_OECD_HAS_NO_SOURCE,OECD_ICIO_DOES_NOT_SEPARATE_THIS_SECTOR,OECD ICIO has no clean line item for this sector. See OECD_ICIO_SCHEMA_AUDIT.md for the bundling explanation. Requires supplementary source (SIA / EIA / ECB) — NOT in repo.,2022
LUX,automotive,0.000615,,0.000664,5,DATA_PRESENT,OECD_ICIO,Aggregated from 1 OECD ISIC sectors; gross_output=287 USD m,2022
LUX,electronics,0.000832,,0.001323,5,DATA_PRESENT,OECD_ICIO,Aggregated from 2 OECD ISIC sectors; gross_output=429 USD m,2022
LUX,aerospace,0.000019,,0.000028,5,DATA_PRESENT,OECD_ICIO,Aggregated from 1 OECD ISIC sectors; gross_output=8 USD m,2022
LUX,shipping,0.027499,,0.014243,5,DATA_PRESENT,OECD_ICIO,"Aggregated from 2 OECD ISIC sectors; gross_output=3,864 USD m",2022
LUX,energy,,,,,MISSING_OECD_HAS_NO_SOURCE,OECD_ICIO_DOES_NOT_SEPARATE_THIS_SECTOR,OECD ICIO has no clean line item for this sector. See OECD_ICIO_SCHEMA_AUDIT.md for the bundling explanation. Requires supplementary source (SIA / EIA / ECB) — NOT in repo.,2022
LUX,consumer_goods,0.100166,,0.075362,5,DATA_PRESENT,OECD_ICIO,"Aggregated from 11 OECD ISIC sectors; gross_output=26,259 USD m",2022
LUX,banking,0.261057,,0.561826,5,DATA_PRESENT,OECD_ICIO,"Aggregated from 1 OECD ISIC sectors; gross_output=133,604 USD m",2022
LUX,insurance,,,,,MISSING_OECD_HAS_NO_SOURCE,OECD_ICIO_DOES_NOT_SEPARATE_THIS_SECTOR,OECD ICIO has no clean line item for this sector. See OECD_ICIO_SCHEMA_AUDIT.md for the bundling explanation. Requires supplementary source (SIA / EIA / ECB) — NOT in repo.,2022
LUX,capital_markets,,,,,MISSING_OECD_HAS_NO_SOURCE,OECD_ICIO_DOES_NOT_SEPARATE_THIS_SECTOR,OECD ICIO has no clean line item for this sector. See OECD_ICIO_SCHEMA_AUDIT.md for the bundling explanation. Requires supplementary source (SIA / EIA / ECB) — NOT in repo.,2022
LUX,oil,0.000000,,0.000000,5,DATA_PRESENT,OECD_ICIO,Aggregated from 2 OECD ISIC sectors; gross_output=0 USD m,2022
LUX,gas,,,,,MISSING_OECD_HAS_NO_SOURCE,OECD_ICIO_DOES_NOT_SEPARATE_THIS_SECTOR,OECD ICIO has no clean line item for this sector. See OECD_ICIO_SCHEMA_AUDIT.md for the bundling explanation. Requires supplementary source (SIA / EIA / ECB) — NOT in repo.,2022
LUX,utilities,0.011415,,0.003516,5,DATA_PRESENT,OECD_ICIO,"Aggregated from 2 OECD ISIC sectors; gross_output=2,498 USD m",2022
LUX,aviation,0.032484,,0.022501,5,DATA_PRESENT,OECD_ICIO,"Aggregated from 1 OECD ISIC sectors; gross_output=4,801 USD m",2022
LUX,ports,0.004504,,0.003572,5,DATA_PRESENT,OECD_ICIO,Aggregated from 1 OECD ISIC sectors; gross_output=908 USD m,2022
LUX,telecommunications,0.054005,,0.135305,5,DATA_PRESENT,OECD_ICIO,"Aggregated from 3 OECD ISIC sectors; gross_output=31,145 USD m",2022
LUX,agriculture,0.002675,,0.002573,5,DATA_PRESENT,OECD_ICIO,Aggregated from 3 OECD ISIC sectors; gross_output=648 USD m,2022
LUX,tourism,0.015284,,0.008855,5,DATA_PRESENT,OECD_ICIO,"Aggregated from 1 OECD ISIC sectors; gross_output=2,380 USD m",2022
LUX,government,0.108809,,0.005264,5,DATA_PRESENT,OECD_ICIO,"Aggregated from 2 OECD ISIC sectors; gross_output=10,204 USD m",2022
LVA,semiconductors,,,,,MISSING_OECD_HAS_NO_SOURCE,OECD_ICIO_DOES_NOT_SEPARATE_THIS_SECTOR,OECD ICIO has no clean line item for this sector. See OECD_ICIO_SCHEMA_AUDIT.md for the bundling explanation. Requires supplementary source (SIA / EIA / ECB) — NOT in repo.,2022
LVA,automotive,0.002774,,0.010837,5,DATA_PRESENT,OECD_ICIO,Aggregated from 1 OECD ISIC sectors; gross_output=358 USD m,2022
LVA,electronics,0.013238,,0.037297,5,DATA_PRESENT,OECD_ICIO,"Aggregated from 2 OECD ISIC sectors; gross_output=1,156 USD m",2022
LVA,aerospace,0.001143,,0.002772,5,DATA_PRESENT,OECD_ICIO,Aggregated from 1 OECD ISIC sectors; gross_output=116 USD m,2022
LVA,shipping,0.039289,,0.093999,5,DATA_PRESENT,OECD_ICIO,"Aggregated from 2 OECD ISIC sectors; gross_output=3,342 USD m",2022
LVA,energy,,,,,MISSING_OECD_HAS_NO_SOURCE,OECD_ICIO_DOES_NOT_SEPARATE_THIS_SECTOR,OECD ICIO has no clean line item for this sector. See OECD_ICIO_SCHEMA_AUDIT.md for the bundling explanation. Requires supplementary source (SIA / EIA / ECB) — NOT in repo.,2022
LVA,consumer_goods,0.241541,,0.392006,5,DATA_PRESENT,OECD_ICIO,"Aggregated from 11 OECD ISIC sectors; gross_output=20,962 USD m",2022
LVA,banking,0.036115,,0.015348,5,DATA_PRESENT,OECD_ICIO,"Aggregated from 1 OECD ISIC sectors; gross_output=2,043 USD m",2022
LVA,insurance,,,,,MISSING_OECD_HAS_NO_SOURCE,OECD_ICIO_DOES_NOT_SEPARATE_THIS_SECTOR,OECD ICIO has no clean line item for this sector. See OECD_ICIO_SCHEMA_AUDIT.md for the bundling explanation. Requires supplementary source (SIA / EIA / ECB) — NOT in repo.,2022
LVA,capital_markets,,,,,MISSING_OECD_HAS_NO_SOURCE,OECD_ICIO_DOES_NOT_SEPARATE_THIS_SECTOR,OECD ICIO has no clean line item for this sector. See OECD_ICIO_SCHEMA_AUDIT.md for the bundling explanation. Requires supplementary source (SIA / EIA / ECB) — NOT in repo.,2022
LVA,oil,0.000025,,0.000030,5,DATA_PRESENT,OECD_ICIO,Aggregated from 2 OECD ISIC sectors; gross_output=2 USD m,2022
LVA,gas,,,,,MISSING_OECD_HAS_NO_SOURCE,OECD_ICIO_DOES_NOT_SEPARATE_THIS_SECTOR,OECD ICIO has no clean line item for this sector. See OECD_ICIO_SCHEMA_AUDIT.md for the bundling explanation. Requires supplementary source (SIA / EIA / ECB) — NOT in repo.,2022
LVA,utilities,0.039103,,0.049815,5,DATA_PRESENT,OECD_ICIO,"Aggregated from 2 OECD ISIC sectors; gross_output=5,827 USD m",2022
LVA,aviation,0.001492,,0.013982,5,DATA_PRESENT,OECD_ICIO,Aggregated from 1 OECD ISIC sectors; gross_output=857 USD m,2022
LVA,ports,0.029791,,0.047118,5,DATA_PRESENT,OECD_ICIO,"Aggregated from 1 OECD ISIC sectors; gross_output=3,627 USD m",2022
LVA,telecommunications,0.068279,,0.061992,5,DATA_PRESENT,OECD_ICIO,"Aggregated from 3 OECD ISIC sectors; gross_output=3,667 USD m",2022
LVA,agriculture,0.058054,,0.077365,5,DATA_PRESENT,OECD_ICIO,"Aggregated from 3 OECD ISIC sectors; gross_output=5,179 USD m",2022
LVA,tourism,0.016500,,0.026966,5,DATA_PRESENT,OECD_ICIO,"Aggregated from 1 OECD ISIC sectors; gross_output=1,180 USD m",2022
LVA,government,0.125418,,0.010398,5,DATA_PRESENT,OECD_ICIO,"Aggregated from 2 OECD ISIC sectors; gross_output=6,012 USD m",2022
MAR,semiconductors,,,,,MISSING_OECD_HAS_NO_SOURCE,OECD_ICIO_DOES_NOT_SEPARATE_THIS_SECTOR,OECD ICIO has no clean line item for this sector. See OECD_ICIO_SCHEMA_AUDIT.md for the bundling explanation. Requires supplementary source (SIA / EIA / ECB) — NOT in repo.,2022
MAR,automotive,0.014608,,0.128385,5,DATA_PRESENT,OECD_ICIO,"Aggregated from 1 OECD ISIC sectors; gross_output=10,579 USD m",2022
MAR,electronics,0.012294,,0.049325,5,DATA_PRESENT,OECD_ICIO,"Aggregated from 2 OECD ISIC sectors; gross_output=4,085 USD m",2022
MAR,aerospace,0.001590,,0.004256,5,DATA_PRESENT,OECD_ICIO,Aggregated from 1 OECD ISIC sectors; gross_output=418 USD m,2022
MAR,shipping,0.017431,,0.042268,5,DATA_PRESENT,OECD_ICIO,"Aggregated from 2 OECD ISIC sectors; gross_output=4,339 USD m",2022
MAR,energy,,,,,MISSING_OECD_HAS_NO_SOURCE,OECD_ICIO_DOES_NOT_SEPARATE_THIS_SECTOR,OECD ICIO has no clean line item for this sector. See OECD_ICIO_SCHEMA_AUDIT.md for the bundling explanation. Requires supplementary source (SIA / EIA / ECB) — NOT in repo.,2022
MAR,consumer_goods,0.228489,,0.379740,5,DATA_PRESENT,OECD_ICIO,"Aggregated from 11 OECD ISIC sectors; gross_output=71,475 USD m",2022
MAR,banking,0.047527,,0.009717,5,DATA_PRESENT,OECD_ICIO,"Aggregated from 1 OECD ISIC sectors; gross_output=8,905 USD m",2022
MAR,insurance,,,,,MISSING_OECD_HAS_NO_SOURCE,OECD_ICIO_DOES_NOT_SEPARATE_THIS_SECTOR,OECD ICIO has no clean line item for this sector. See OECD_ICIO_SCHEMA_AUDIT.md for the bundling explanation. Requires supplementary source (SIA / EIA / ECB) — NOT in repo.,2022
MAR,capital_markets,,,,,MISSING_OECD_HAS_NO_SOURCE,OECD_ICIO_DOES_NOT_SEPARATE_THIS_SECTOR,OECD ICIO has no clean line item for this sector. See OECD_ICIO_SCHEMA_AUDIT.md for the bundling explanation. Requires supplementary source (SIA / EIA / ECB) — NOT in repo.,2022
MAR,oil,0.000161,,0.000448,5,DATA_PRESENT,OECD_ICIO,Aggregated from 2 OECD ISIC sectors; gross_output=76 USD m,2022
MAR,gas,,,,,MISSING_OECD_HAS_NO_SOURCE,OECD_ICIO_DOES_NOT_SEPARATE_THIS_SECTOR,OECD ICIO has no clean line item for this sector. See OECD_ICIO_SCHEMA_AUDIT.md for the bundling explanation. Requires supplementary source (SIA / EIA / ECB) — NOT in repo.,2022
MAR,utilities,0.025652,,0.022799,5,DATA_PRESENT,OECD_ICIO,"Aggregated from 2 OECD ISIC sectors; gross_output=7,514 USD m",2022
MAR,aviation,0.003205,,0.028119,5,DATA_PRESENT,OECD_ICIO,"Aggregated from 1 OECD ISIC sectors; gross_output=1,834 USD m",2022
MAR,ports,0.010785,,0.017343,5,DATA_PRESENT,OECD_ICIO,"Aggregated from 1 OECD ISIC sectors; gross_output=2,122 USD m",2022
MAR,telecommunications,0.028154,,0.023762,5,DATA_PRESENT,OECD_ICIO,"Aggregated from 3 OECD ISIC sectors; gross_output=5,086 USD m",2022
MAR,agriculture,0.135626,,0.059209,5,DATA_PRESENT,OECD_ICIO,"Aggregated from 3 OECD ISIC sectors; gross_output=27,391 USD m",2022
MAR,tourism,0.024154,,0.030106,5,DATA_PRESENT,OECD_ICIO,"Aggregated from 1 OECD ISIC sectors; gross_output=5,077 USD m",2022
MAR,government,0.189199,,0.025756,5,DATA_PRESENT,OECD_ICIO,"Aggregated from 2 OECD ISIC sectors; gross_output=28,099 USD m",2022
MEX,semiconductors,,,,,MISSING_OECD_HAS_NO_SOURCE,OECD_ICIO_DOES_NOT_SEPARATE_THIS_SECTOR,OECD ICIO has no clean line item for this sector. See OECD_ICIO_SCHEMA_AUDIT.md for the bundling explanation. Requires supplementary source (SIA / EIA / ECB) — NOT in repo.,2022
MEX,automotive,0.041886,,0.205760,5,DATA_PRESENT,OECD_ICIO,"Aggregated from 1 OECD ISIC sectors; gross_output=207,439 USD m",2022
MEX,electronics,0.026266,,0.171287,5,DATA_PRESENT,OECD_ICIO,"Aggregated from 2 OECD ISIC sectors; gross_output=156,113 USD m",2022
MEX,aerospace,0.002359,,0.018591,5,DATA_PRESENT,OECD_ICIO,"Aggregated from 1 OECD ISIC sectors; gross_output=15,653 USD m",2022
MEX,shipping,0.057671,,0.039344,5,DATA_PRESENT,OECD_ICIO,"Aggregated from 2 OECD ISIC sectors; gross_output=125,936 USD m",2022
MEX,energy,,,,,MISSING_OECD_HAS_NO_SOURCE,OECD_ICIO_DOES_NOT_SEPARATE_THIS_SECTOR,OECD ICIO has no clean line item for this sector. See OECD_ICIO_SCHEMA_AUDIT.md for the bundling explanation. Requires supplementary source (SIA / EIA / ECB) — NOT in repo.,2022
MEX,consumer_goods,0.333983,,0.303464,5,DATA_PRESENT,OECD_ICIO,"Aggregated from 11 OECD ISIC sectors; gross_output=840,614 USD m",2022
MEX,banking,0.040548,,0.011640,5,DATA_PRESENT,OECD_ICIO,"Aggregated from 1 OECD ISIC sectors; gross_output=88,703 USD m",2022
MEX,insurance,,,,,MISSING_OECD_HAS_NO_SOURCE,OECD_ICIO_DOES_NOT_SEPARATE_THIS_SECTOR,OECD ICIO has no clean line item for this sector. See OECD_ICIO_SCHEMA_AUDIT.md for the bundling explanation. Requires supplementary source (SIA / EIA / ECB) — NOT in repo.,2022
MEX,capital_markets,,,,,MISSING_OECD_HAS_NO_SOURCE,OECD_ICIO_DOES_NOT_SEPARATE_THIS_SECTOR,OECD ICIO has no clean line item for this sector. See OECD_ICIO_SCHEMA_AUDIT.md for the bundling explanation. Requires supplementary source (SIA / EIA / ECB) — NOT in repo.,2022
MEX,oil,0.025393,,0.059923,5,DATA_PRESENT,OECD_ICIO,"Aggregated from 2 OECD ISIC sectors; gross_output=90,641 USD m",2022
MEX,gas,,,,,MISSING_OECD_HAS_NO_SOURCE,OECD_ICIO_DOES_NOT_SEPARATE_THIS_SECTOR,OECD ICIO has no clean line item for this sector. See OECD_ICIO_SCHEMA_AUDIT.md for the bundling explanation. Requires supplementary source (SIA / EIA / ECB) — NOT in repo.,2022
MEX,utilities,0.020978,,0.005981,5,DATA_PRESENT,OECD_ICIO,"Aggregated from 2 OECD ISIC sectors; gross_output=48,371 USD m",2022
MEX,aviation,0.003425,,0.009471,5,DATA_PRESENT,OECD_ICIO,"Aggregated from 1 OECD ISIC sectors; gross_output=16,387 USD m",2022
MEX,ports,0.008996,,0.009712,5,DATA_PRESENT,OECD_ICIO,"Aggregated from 1 OECD ISIC sectors; gross_output=20,483 USD m",2022
MEX,telecommunications,0.015301,,0.006305,5,DATA_PRESENT,OECD_ICIO,"Aggregated from 3 OECD ISIC sectors; gross_output=39,169 USD m",2022
MEX,agriculture,0.038680,,0.023101,5,DATA_PRESENT,OECD_ICIO,"Aggregated from 3 OECD ISIC sectors; gross_output=85,469 USD m",2022
MEX,tourism,0.022991,,0.013310,5,DATA_PRESENT,OECD_ICIO,"Aggregated from 1 OECD ISIC sectors; gross_output=53,819 USD m",2022
MEX,government,0.068257,,0.007949,5,DATA_PRESENT,OECD_ICIO,"Aggregated from 2 OECD ISIC sectors; gross_output=129,898 USD m",2022
MLT,semiconductors,,,,,MISSING_OECD_HAS_NO_SOURCE,OECD_ICIO_DOES_NOT_SEPARATE_THIS_SECTOR,OECD ICIO has no clean line item for this sector. See OECD_ICIO_SCHEMA_AUDIT.md for the bundling explanation. Requires supplementary source (SIA / EIA / ECB) — NOT in repo.,2022
MLT,automotive,0.004147,,0.002704,5,DATA_PRESENT,OECD_ICIO,Aggregated from 1 OECD ISIC sectors; gross_output=194 USD m,2022
MLT,electronics,0.008759,,0.025610,5,DATA_PRESENT,OECD_ICIO,"Aggregated from 2 OECD ISIC sectors; gross_output=3,727 USD m",2022
MLT,aerospace,0.001816,,0.002150,5,DATA_PRESENT,OECD_ICIO,Aggregated from 1 OECD ISIC sectors; gross_output=83 USD m,2022
MLT,shipping,0.009192,,0.019084,5,DATA_PRESENT,OECD_ICIO,Aggregated from 2 OECD ISIC sectors; gross_output=644 USD m,2022
MLT,energy,,,,,MISSING_OECD_HAS_NO_SOURCE,OECD_ICIO_DOES_NOT_SEPARATE_THIS_SECTOR,OECD ICIO has no clean line item for this sector. See OECD_ICIO_SCHEMA_AUDIT.md for the bundling explanation. Requires supplementary source (SIA / EIA / ECB) — NOT in repo.,2022
MLT,consumer_goods,0.140213,,0.066719,5,DATA_PRESENT,OECD_ICIO,"Aggregated from 11 OECD ISIC sectors; gross_output=4,745 USD m",2022
MLT,banking,0.078408,,0.129363,5,DATA_PRESENT,OECD_ICIO,"Aggregated from 1 OECD ISIC sectors; gross_output=3,469 USD m",2022
MLT,insurance,,,,,MISSING_OECD_HAS_NO_SOURCE,OECD_ICIO_DOES_NOT_SEPARATE_THIS_SECTOR,OECD ICIO has no clean line item for this sector. See OECD_ICIO_SCHEMA_AUDIT.md for the bundling explanation. Requires supplementary source (SIA / EIA / ECB) — NOT in repo.,2022
MLT,capital_markets,,,,,MISSING_OECD_HAS_NO_SOURCE,OECD_ICIO_DOES_NOT_SEPARATE_THIS_SECTOR,OECD ICIO has no clean line item for this sector. See OECD_ICIO_SCHEMA_AUDIT.md for the bundling explanation. Requires supplementary source (SIA / EIA / ECB) — NOT in repo.,2022
MLT,oil,0.000338,,0.000441,5,DATA_PRESENT,OECD_ICIO,Aggregated from 2 OECD ISIC sectors; gross_output=18 USD m,2022
MLT,gas,,,,,MISSING_OECD_HAS_NO_SOURCE,OECD_ICIO_DOES_NOT_SEPARATE_THIS_SECTOR,OECD ICIO has no clean line item for this sector. See OECD_ICIO_SCHEMA_AUDIT.md for the bundling explanation. Requires supplementary source (SIA / EIA / ECB) — NOT in repo.,2022
MLT,utilities,0.014258,,0.014974,5,DATA_PRESENT,OECD_ICIO,"Aggregated from 2 OECD ISIC sectors; gross_output=1,259 USD m",2022
MLT,aviation,0.011258,,0.128507,5,DATA_PRESENT,OECD_ICIO,"Aggregated from 1 OECD ISIC sectors; gross_output=3,134 USD m",2022
MLT,ports,0.023710,,0.023688,5,DATA_PRESENT,OECD_ICIO,Aggregated from 1 OECD ISIC sectors; gross_output=878 USD m,2022
MLT,telecommunications,0.113281,,0.054769,5,DATA_PRESENT,OECD_ICIO,"Aggregated from 3 OECD ISIC sectors; gross_output=4,204 USD m",2022
MLT,agriculture,0.008268,,0.009683,5,DATA_PRESENT,OECD_ICIO,Aggregated from 3 OECD ISIC sectors; gross_output=473 USD m,2022
MLT,tourism,0.037480,,0.027224,5,DATA_PRESENT,OECD_ICIO,"Aggregated from 1 OECD ISIC sectors; gross_output=1,562 USD m",2022
MLT,government,0.098052,,0.010674,5,DATA_PRESENT,OECD_ICIO,"Aggregated from 2 OECD ISIC sectors; gross_output=2,389 USD m",2022
MMR,semiconductors,,,,,MISSING_OECD_HAS_NO_SOURCE,OECD_ICIO_DOES_NOT_SEPARATE_THIS_SECTOR,OECD ICIO has no clean line item for this sector. See OECD_ICIO_SCHEMA_AUDIT.md for the bundling explanation. Requires supplementary source (SIA / EIA / ECB) — NOT in repo.,2022
MMR,automotive,0.006992,,0.012572,5,DATA_PRESENT,OECD_ICIO,"Aggregated from 1 OECD ISIC sectors; gross_output=1,365 USD m",2022
MMR,electronics,0.008986,,0.019616,5,DATA_PRESENT,OECD_ICIO,"Aggregated from 2 OECD ISIC sectors; gross_output=1,748 USD m",2022
MMR,aerospace,0.000962,,0.002168,5,DATA_PRESENT,OECD_ICIO,Aggregated from 1 OECD ISIC sectors; gross_output=160 USD m,2022
MMR,shipping,0.028020,,0.045131,5,DATA_PRESENT,OECD_ICIO,"Aggregated from 2 OECD ISIC sectors; gross_output=4,306 USD m",2022
MMR,energy,,,,,MISSING_OECD_HAS_NO_SOURCE,OECD_ICIO_DOES_NOT_SEPARATE_THIS_SECTOR,OECD ICIO has no clean line item for this sector. See OECD_ICIO_SCHEMA_AUDIT.md for the bundling explanation. Requires supplementary source (SIA / EIA / ECB) — NOT in repo.,2022
MMR,consumer_goods,0.214870,,0.360765,5,DATA_PRESENT,OECD_ICIO,"Aggregated from 11 OECD ISIC sectors; gross_output=35,983 USD m",2022
MMR,banking,0.021664,,0.006887,5,DATA_PRESENT,OECD_ICIO,"Aggregated from 1 OECD ISIC sectors; gross_output=2,575 USD m",2022
MMR,insurance,,,,,MISSING_OECD_HAS_NO_SOURCE,OECD_ICIO_DOES_NOT_SEPARATE_THIS_SECTOR,OECD ICIO has no clean line item for this sector. See OECD_ICIO_SCHEMA_AUDIT.md for the bundling explanation. Requires supplementary source (SIA / EIA / ECB) — NOT in repo.,2022
MMR,capital_markets,,,,,MISSING_OECD_HAS_NO_SOURCE,OECD_ICIO_DOES_NOT_SEPARATE_THIS_SECTOR,OECD ICIO has no clean line item for this sector. See OECD_ICIO_SCHEMA_AUDIT.md for the bundling explanation. Requires supplementary source (SIA / EIA / ECB) — NOT in repo.,2022
MMR,oil,0.038375,,0.199375,5,DATA_PRESENT,OECD_ICIO,"Aggregated from 2 OECD ISIC sectors; gross_output=6,713 USD m",2022
MMR,gas,,,,,MISSING_OECD_HAS_NO_SOURCE,OECD_ICIO_DOES_NOT_SEPARATE_THIS_SECTOR,OECD ICIO has no clean line item for this sector. See OECD_ICIO_SCHEMA_AUDIT.md for the bundling explanation. Requires supplementary source (SIA / EIA / ECB) — NOT in repo.,2022
MMR,utilities,0.005931,,0.004349,5,DATA_PRESENT,OECD_ICIO,Aggregated from 2 OECD ISIC sectors; gross_output=904 USD m,2022
MMR,aviation,0.005817,,0.020379,5,DATA_PRESENT,OECD_ICIO,"Aggregated from 1 OECD ISIC sectors; gross_output=1,111 USD m",2022
MMR,ports,0.007063,,0.012823,5,DATA_PRESENT,OECD_ICIO,Aggregated from 1 OECD ISIC sectors; gross_output=994 USD m,2022
MMR,telecommunications,0.026050,,0.015439,5,DATA_PRESENT,OECD_ICIO,"Aggregated from 3 OECD ISIC sectors; gross_output=3,507 USD m",2022
MMR,agriculture,0.410545,,0.119995,5,DATA_PRESENT,OECD_ICIO,"Aggregated from 3 OECD ISIC sectors; gross_output=52,215 USD m",2022
MMR,tourism,0.023834,,0.009153,5,DATA_PRESENT,OECD_ICIO,"Aggregated from 1 OECD ISIC sectors; gross_output=3,458 USD m",2022
MMR,government,0.050373,,0.004022,5,DATA_PRESENT,OECD_ICIO,"Aggregated from 2 OECD ISIC sectors; gross_output=4,225 USD m",2022
MYS,semiconductors,,,,,MISSING_OECD_HAS_NO_SOURCE,OECD_ICIO_DOES_NOT_SEPARATE_THIS_SECTOR,OECD ICIO has no clean line item for this sector. See OECD_ICIO_SCHEMA_AUDIT.md for the bundling explanation. Requires supplementary source (SIA / EIA / ECB) — NOT in repo.,2022
MYS,automotive,0.014405,,0.007662,5,DATA_PRESENT,OECD_ICIO,"Aggregated from 1 OECD ISIC sectors; gross_output=15,879 USD m",2022
MYS,electronics,0.055533,,0.226663,5,DATA_PRESENT,OECD_ICIO,"Aggregated from 2 OECD ISIC sectors; gross_output=87,203 USD m",2022
MYS,aerospace,0.001821,,0.007162,5,DATA_PRESENT,OECD_ICIO,"Aggregated from 1 OECD ISIC sectors; gross_output=3,129 USD m",2022
MYS,shipping,0.012857,,0.016858,5,DATA_PRESENT,OECD_ICIO,"Aggregated from 2 OECD ISIC sectors; gross_output=14,774 USD m",2022
MYS,energy,,,,,MISSING_OECD_HAS_NO_SOURCE,OECD_ICIO_DOES_NOT_SEPARATE_THIS_SECTOR,OECD ICIO has no clean line item for this sector. See OECD_ICIO_SCHEMA_AUDIT.md for the bundling explanation. Requires supplementary source (SIA / EIA / ECB) — NOT in repo.,2022
MYS,consumer_goods,0.296635,,0.366168,5,DATA_PRESENT,OECD_ICIO,"Aggregated from 11 OECD ISIC sectors; gross_output=324,986 USD m",2022
MYS,banking,0.062519,,0.021466,5,DATA_PRESENT,OECD_ICIO,"Aggregated from 1 OECD ISIC sectors; gross_output=48,328 USD m",2022
MYS,insurance,,,,,MISSING_OECD_HAS_NO_SOURCE,OECD_ICIO_DOES_NOT_SEPARATE_THIS_SECTOR,OECD ICIO has no clean line item for this sector. See OECD_ICIO_SCHEMA_AUDIT.md for the bundling explanation. Requires supplementary source (SIA / EIA / ECB) — NOT in repo.,2022
MYS,capital_markets,,,,,MISSING_OECD_HAS_NO_SOURCE,OECD_ICIO_DOES_NOT_SEPARATE_THIS_SECTOR,OECD ICIO has no clean line item for this sector. See OECD_ICIO_SCHEMA_AUDIT.md for the bundling explanation. Requires supplementary source (SIA / EIA / ECB) — NOT in repo.,2022
MYS,oil,0.079382,,0.121421,5,DATA_PRESENT,OECD_ICIO,"Aggregated from 2 OECD ISIC sectors; gross_output=114,883 USD m",2022
MYS,gas,,,,,MISSING_OECD_HAS_NO_SOURCE,OECD_ICIO_DOES_NOT_SEPARATE_THIS_SECTOR,OECD ICIO has no clean line item for this sector. See OECD_ICIO_SCHEMA_AUDIT.md for the bundling explanation. Requires supplementary source (SIA / EIA / ECB) — NOT in repo.,2022
MYS,utilities,0.022407,,0.008519,5,DATA_PRESENT,OECD_ICIO,"Aggregated from 2 OECD ISIC sectors; gross_output=25,028 USD m",2022
MYS,aviation,0.004324,,0.013552,5,DATA_PRESENT,OECD_ICIO,"Aggregated from 1 OECD ISIC sectors; gross_output=7,928 USD m",2022
MYS,ports,0.013151,,0.006485,5,DATA_PRESENT,OECD_ICIO,"Aggregated from 1 OECD ISIC sectors; gross_output=11,890 USD m",2022
MYS,telecommunications,0.044979,,0.026250,5,DATA_PRESENT,OECD_ICIO,"Aggregated from 3 OECD ISIC sectors; gross_output=41,731 USD m",2022
MYS,agriculture,0.080869,,0.014503,5,DATA_PRESENT,OECD_ICIO,"Aggregated from 3 OECD ISIC sectors; gross_output=48,569 USD m",2022
MYS,tourism,0.027691,,0.012305,5,DATA_PRESENT,OECD_ICIO,"Aggregated from 1 OECD ISIC sectors; gross_output=26,897 USD m",2022
MYS,government,0.105884,,0.005821,5,DATA_PRESENT,OECD_ICIO,"Aggregated from 2 OECD ISIC sectors; gross_output=54,458 USD m",2022
NGA,semiconductors,,,,,MISSING_OECD_HAS_NO_SOURCE,OECD_ICIO_DOES_NOT_SEPARATE_THIS_SECTOR,OECD ICIO has no clean line item for this sector. See OECD_ICIO_SCHEMA_AUDIT.md for the bundling explanation. Requires supplementary source (SIA / EIA / ECB) — NOT in repo.,2022
NGA,automotive,0.004961,,0.016428,5,DATA_PRESENT,OECD_ICIO,"Aggregated from 1 OECD ISIC sectors; gross_output=8,889 USD m",2022
NGA,electronics,0.000544,,0.000393,5,DATA_PRESENT,OECD_ICIO,Aggregated from 2 OECD ISIC sectors; gross_output=378 USD m,2022
NGA,aerospace,0.000009,,0.000052,5,DATA_PRESENT,OECD_ICIO,Aggregated from 1 OECD ISIC sectors; gross_output=11 USD m,2022
NGA,shipping,0.019390,,0.035308,5,DATA_PRESENT,OECD_ICIO,"Aggregated from 2 OECD ISIC sectors; gross_output=19,518 USD m",2022
NGA,energy,,,,,MISSING_OECD_HAS_NO_SOURCE,OECD_ICIO_DOES_NOT_SEPARATE_THIS_SECTOR,OECD ICIO has no clean line item for this sector. See OECD_ICIO_SCHEMA_AUDIT.md for the bundling explanation. Requires supplementary source (SIA / EIA / ECB) — NOT in repo.,2022
NGA,consumer_goods,0.265382,,0.264098,5,DATA_PRESENT,OECD_ICIO,"Aggregated from 11 OECD ISIC sectors; gross_output=296,192 USD m",2022
NGA,banking,0.034620,,0.010650,5,DATA_PRESENT,OECD_ICIO,"Aggregated from 1 OECD ISIC sectors; gross_output=23,616 USD m",2022
NGA,insurance,,,,,MISSING_OECD_HAS_NO_SOURCE,OECD_ICIO_DOES_NOT_SEPARATE_THIS_SECTOR,OECD ICIO has no clean line item for this sector. See OECD_ICIO_SCHEMA_AUDIT.md for the bundling explanation. Requires supplementary source (SIA / EIA / ECB) — NOT in repo.,2022
NGA,capital_markets,,,,,MISSING_OECD_HAS_NO_SOURCE,OECD_ICIO_DOES_NOT_SEPARATE_THIS_SECTOR,OECD ICIO has no clean line item for this sector. See OECD_ICIO_SCHEMA_AUDIT.md for the bundling explanation. Requires supplementary source (SIA / EIA / ECB) — NOT in repo.,2022
NGA,oil,0.081037,,0.508358,5,DATA_PRESENT,OECD_ICIO,"Aggregated from 2 OECD ISIC sectors; gross_output=53,218 USD m",2022
NGA,gas,,,,,MISSING_OECD_HAS_NO_SOURCE,OECD_ICIO_DOES_NOT_SEPARATE_THIS_SECTOR,OECD ICIO has no clean line item for this sector. See OECD_ICIO_SCHEMA_AUDIT.md for the bundling explanation. Requires supplementary source (SIA / EIA / ECB) — NOT in repo.,2022
NGA,utilities,0.010009,,0.003944,5,DATA_PRESENT,OECD_ICIO,"Aggregated from 2 OECD ISIC sectors; gross_output=8,231 USD m",2022
NGA,aviation,0.001255,,0.009067,5,DATA_PRESENT,OECD_ICIO,"Aggregated from 1 OECD ISIC sectors; gross_output=1,826 USD m",2022
NGA,ports,0.003875,,0.003321,5,DATA_PRESENT,OECD_ICIO,"Aggregated from 1 OECD ISIC sectors; gross_output=1,994 USD m",2022
NGA,telecommunications,0.103560,,0.018568,5,DATA_PRESENT,OECD_ICIO,"Aggregated from 3 OECD ISIC sectors; gross_output=91,430 USD m",2022
NGA,agriculture,0.224036,,0.044057,5,DATA_PRESENT,OECD_ICIO,"Aggregated from 3 OECD ISIC sectors; gross_output=132,937 USD m",2022
NGA,tourism,0.006014,,0.003106,5,DATA_PRESENT,OECD_ICIO,"Aggregated from 1 OECD ISIC sectors; gross_output=6,002 USD m",2022
NGA,government,0.029706,,0.007366,5,DATA_PRESENT,OECD_ICIO,"Aggregated from 2 OECD ISIC sectors; gross_output=20,866 USD m",2022
NLD,semiconductors,,,,,MISSING_OECD_HAS_NO_SOURCE,OECD_ICIO_DOES_NOT_SEPARATE_THIS_SECTOR,OECD ICIO has no clean line item for this sector. See OECD_ICIO_SCHEMA_AUDIT.md for the bundling explanation. Requires supplementary source (SIA / EIA / ECB) — NOT in repo.,2022
NLD,automotive,0.003461,,0.013665,5,DATA_PRESENT,OECD_ICIO,"Aggregated from 1 OECD ISIC sectors; gross_output=15,808 USD m",2022
NLD,electronics,0.011691,,0.029883,5,DATA_PRESENT,OECD_ICIO,"Aggregated from 2 OECD ISIC sectors; gross_output=29,751 USD m",2022
NLD,aerospace,0.000946,,0.005267,5,DATA_PRESENT,OECD_ICIO,"Aggregated from 1 OECD ISIC sectors; gross_output=3,819 USD m",2022
NLD,shipping,0.022934,,0.034341,5,DATA_PRESENT,OECD_ICIO,"Aggregated from 2 OECD ISIC sectors; gross_output=57,247 USD m",2022
NLD,energy,,,,,MISSING_OECD_HAS_NO_SOURCE,OECD_ICIO_DOES_NOT_SEPARATE_THIS_SECTOR,OECD ICIO has no clean line item for this sector. See OECD_ICIO_SCHEMA_AUDIT.md for the bundling explanation. Requires supplementary source (SIA / EIA / ECB) — NOT in repo.,2022
NLD,consumer_goods,0.217934,,0.414951,5,DATA_PRESENT,OECD_ICIO,"Aggregated from 11 OECD ISIC sectors; gross_output=544,334 USD m",2022
NLD,banking,0.058166,,0.026006,5,DATA_PRESENT,OECD_ICIO,"Aggregated from 1 OECD ISIC sectors; gross_output=94,267 USD m",2022
NLD,insurance,,,,,MISSING_OECD_HAS_NO_SOURCE,OECD_ICIO_DOES_NOT_SEPARATE_THIS_SECTOR,OECD ICIO has no clean line item for this sector. See OECD_ICIO_SCHEMA_AUDIT.md for the bundling explanation. Requires supplementary source (SIA / EIA / ECB) — NOT in repo.,2022
NLD,capital_markets,,,,,MISSING_OECD_HAS_NO_SOURCE,OECD_ICIO_DOES_NOT_SEPARATE_THIS_SECTOR,OECD ICIO has no clean line item for this sector. See OECD_ICIO_SCHEMA_AUDIT.md for the bundling explanation. Requires supplementary source (SIA / EIA / ECB) — NOT in repo.,2022
NLD,oil,0.023022,,0.093525,5,DATA_PRESENT,OECD_ICIO,"Aggregated from 2 OECD ISIC sectors; gross_output=75,111 USD m",2022
NLD,gas,,,,,MISSING_OECD_HAS_NO_SOURCE,OECD_ICIO_DOES_NOT_SEPARATE_THIS_SECTOR,OECD ICIO has no clean line item for this sector. See OECD_ICIO_SCHEMA_AUDIT.md for the bundling explanation. Requires supplementary source (SIA / EIA / ECB) — NOT in repo.,2022
NLD,utilities,0.024315,,0.017748,5,DATA_PRESENT,OECD_ICIO,"Aggregated from 2 OECD ISIC sectors; gross_output=51,095 USD m",2022
NLD,aviation,0.004092,,0.009592,5,DATA_PRESENT,OECD_ICIO,"Aggregated from 1 OECD ISIC sectors; gross_output=12,563 USD m",2022
NLD,ports,0.019584,,0.015623,5,DATA_PRESENT,OECD_ICIO,"Aggregated from 1 OECD ISIC sectors; gross_output=38,107 USD m",2022
NLD,telecommunications,0.049802,,0.050545,5,DATA_PRESENT,OECD_ICIO,"Aggregated from 3 OECD ISIC sectors; gross_output=100,937 USD m",2022
NLD,agriculture,0.018335,,0.025063,5,DATA_PRESENT,OECD_ICIO,"Aggregated from 3 OECD ISIC sectors; gross_output=45,386 USD m",2022
NLD,tourism,0.017912,,0.011594,5,DATA_PRESENT,OECD_ICIO,"Aggregated from 1 OECD ISIC sectors; gross_output=36,660 USD m",2022
NLD,government,0.119682,,0.015357,5,DATA_PRESENT,OECD_ICIO,"Aggregated from 2 OECD ISIC sectors; gross_output=160,570 USD m",2022
NOR,semiconductors,,,,,MISSING_OECD_HAS_NO_SOURCE,OECD_ICIO_DOES_NOT_SEPARATE_THIS_SECTOR,OECD ICIO has no clean line item for this sector. See OECD_ICIO_SCHEMA_AUDIT.md for the bundling explanation. Requires supplementary source (SIA / EIA / ECB) — NOT in repo.,2022
NOR,automotive,0.000623,,0.002836,5,DATA_PRESENT,OECD_ICIO,"Aggregated from 1 OECD ISIC sectors; gross_output=1,186 USD m",2022
NOR,electronics,0.004379,,0.014535,5,DATA_PRESENT,OECD_ICIO,"Aggregated from 2 OECD ISIC sectors; gross_output=6,510 USD m",2022
NOR,aerospace,0.000165,,0.000544,5,DATA_PRESENT,OECD_ICIO,Aggregated from 1 OECD ISIC sectors; gross_output=201 USD m,2022
NOR,shipping,0.019521,,0.075784,5,DATA_PRESENT,OECD_ICIO,"Aggregated from 2 OECD ISIC sectors; gross_output=35,506 USD m",2022
NOR,energy,,,,,MISSING_OECD_HAS_NO_SOURCE,OECD_ICIO_DOES_NOT_SEPARATE_THIS_SECTOR,OECD ICIO has no clean line item for this sector. See OECD_ICIO_SCHEMA_AUDIT.md for the bundling explanation. Requires supplementary source (SIA / EIA / ECB) — NOT in repo.,2022
NOR,consumer_goods,0.095089,,0.111796,5,DATA_PRESENT,OECD_ICIO,"Aggregated from 11 OECD ISIC sectors; gross_output=130,445 USD m",2022
NOR,banking,0.031877,,0.018934,5,DATA_PRESENT,OECD_ICIO,"Aggregated from 1 OECD ISIC sectors; gross_output=25,791 USD m",2022
NOR,insurance,,,,,MISSING_OECD_HAS_NO_SOURCE,OECD_ICIO_DOES_NOT_SEPARATE_THIS_SECTOR,OECD ICIO has no clean line item for this sector. See OECD_ICIO_SCHEMA_AUDIT.md for the bundling explanation. Requires supplementary source (SIA / EIA / ECB) — NOT in repo.,2022
NOR,capital_markets,,,,,MISSING_OECD_HAS_NO_SOURCE,OECD_ICIO_DOES_NOT_SEPARATE_THIS_SECTOR,OECD ICIO has no clean line item for this sector. See OECD_ICIO_SCHEMA_AUDIT.md for the bundling explanation. Requires supplementary source (SIA / EIA / ECB) — NOT in repo.,2022
NOR,oil,0.377786,,0.547761,5,DATA_PRESENT,OECD_ICIO,"Aggregated from 2 OECD ISIC sectors; gross_output=232,477 USD m",2022
NOR,gas,,,,,MISSING_OECD_HAS_NO_SOURCE,OECD_ICIO_DOES_NOT_SEPARATE_THIS_SECTOR,OECD ICIO has no clean line item for this sector. See OECD_ICIO_SCHEMA_AUDIT.md for the bundling explanation. Requires supplementary source (SIA / EIA / ECB) — NOT in repo.,2022
NOR,utilities,0.042803,,0.016238,5,DATA_PRESENT,OECD_ICIO,"Aggregated from 2 OECD ISIC sectors; gross_output=33,567 USD m",2022
NOR,aviation,0.000533,,0.008546,5,DATA_PRESENT,OECD_ICIO,"Aggregated from 1 OECD ISIC sectors; gross_output=3,414 USD m",2022
NOR,ports,0.006419,,0.009727,5,DATA_PRESENT,OECD_ICIO,"Aggregated from 1 OECD ISIC sectors; gross_output=11,788 USD m",2022
NOR,telecommunications,0.031469,,0.022757,5,DATA_PRESENT,OECD_ICIO,"Aggregated from 3 OECD ISIC sectors; gross_output=35,521 USD m",2022
NOR,agriculture,0.017634,,0.022727,5,DATA_PRESENT,OECD_ICIO,"Aggregated from 3 OECD ISIC sectors; gross_output=22,462 USD m",2022
NOR,tourism,0.010723,,0.007450,5,DATA_PRESENT,OECD_ICIO,"Aggregated from 1 OECD ISIC sectors; gross_output=12,451 USD m",2022
NOR,government,0.084300,,0.010126,5,DATA_PRESENT,OECD_ICIO,"Aggregated from 2 OECD ISIC sectors; gross_output=69,034 USD m",2022
NZL,semiconductors,,,,,MISSING_OECD_HAS_NO_SOURCE,OECD_ICIO_DOES_NOT_SEPARATE_THIS_SECTOR,OECD ICIO has no clean line item for this sector. See OECD_ICIO_SCHEMA_AUDIT.md for the bundling explanation. Requires supplementary source (SIA / EIA / ECB) — NOT in repo.,2022
NZL,automotive,0.001385,,0.005296,5,DATA_PRESENT,OECD_ICIO,"Aggregated from 1 OECD ISIC sectors; gross_output=1,079 USD m",2022
NZL,electronics,0.005149,,0.016881,5,DATA_PRESENT,OECD_ICIO,"Aggregated from 2 OECD ISIC sectors; gross_output=3,067 USD m",2022
NZL,aerospace,0.001880,,0.004600,5,DATA_PRESENT,OECD_ICIO,"Aggregated from 1 OECD ISIC sectors; gross_output=1,296 USD m",2022
NZL,shipping,0.017450,,0.018437,5,DATA_PRESENT,OECD_ICIO,"Aggregated from 2 OECD ISIC sectors; gross_output=8,387 USD m",2022
NZL,energy,,,,,MISSING_OECD_HAS_NO_SOURCE,OECD_ICIO_DOES_NOT_SEPARATE_THIS_SECTOR,OECD ICIO has no clean line item for this sector. See OECD_ICIO_SCHEMA_AUDIT.md for the bundling explanation. Requires supplementary source (SIA / EIA / ECB) — NOT in repo.,2022
NZL,consumer_goods,0.193369,,0.485069,5,DATA_PRESENT,OECD_ICIO,"Aggregated from 11 OECD ISIC sectors; gross_output=107,160 USD m",2022
NZL,banking,0.070376,,0.017723,5,DATA_PRESENT,OECD_ICIO,"Aggregated from 1 OECD ISIC sectors; gross_output=24,718 USD m",2022
NZL,insurance,,,,,MISSING_OECD_HAS_NO_SOURCE,OECD_ICIO_DOES_NOT_SEPARATE_THIS_SECTOR,OECD ICIO has no clean line item for this sector. See OECD_ICIO_SCHEMA_AUDIT.md for the bundling explanation. Requires supplementary source (SIA / EIA / ECB) — NOT in repo.,2022
NZL,capital_markets,,,,,MISSING_OECD_HAS_NO_SOURCE,OECD_ICIO_DOES_NOT_SEPARATE_THIS_SECTOR,OECD ICIO has no clean line item for this sector. See OECD_ICIO_SCHEMA_AUDIT.md for the bundling explanation. Requires supplementary source (SIA / EIA / ECB) — NOT in repo.,2022
NZL,oil,0.005581,,0.008705,5,DATA_PRESENT,OECD_ICIO,"Aggregated from 2 OECD ISIC sectors; gross_output=2,392 USD m",2022
NZL,gas,,,,,MISSING_OECD_HAS_NO_SOURCE,OECD_ICIO_DOES_NOT_SEPARATE_THIS_SECTOR,OECD ICIO has no clean line item for this sector. See OECD_ICIO_SCHEMA_AUDIT.md for the bundling explanation. Requires supplementary source (SIA / EIA / ECB) — NOT in repo.,2022
NZL,utilities,0.029708,,0.015157,5,DATA_PRESENT,OECD_ICIO,"Aggregated from 2 OECD ISIC sectors; gross_output=16,483 USD m",2022
NZL,aviation,0.012155,,0.019199,5,DATA_PRESENT,OECD_ICIO,"Aggregated from 1 OECD ISIC sectors; gross_output=5,292 USD m",2022
NZL,ports,0.016480,,0.007117,5,DATA_PRESENT,OECD_ICIO,"Aggregated from 1 OECD ISIC sectors; gross_output=5,003 USD m",2022
NZL,telecommunications,0.023429,,0.042538,5,DATA_PRESENT,OECD_ICIO,"Aggregated from 3 OECD ISIC sectors; gross_output=15,791 USD m",2022
NZL,agriculture,0.053611,,0.103902,5,DATA_PRESENT,OECD_ICIO,"Aggregated from 3 OECD ISIC sectors; gross_output=29,831 USD m",2022
NZL,tourism,0.025510,,0.021437,5,DATA_PRESENT,OECD_ICIO,"Aggregated from 1 OECD ISIC sectors; gross_output=11,074 USD m",2022
NZL,government,0.095732,,0.016798,5,DATA_PRESENT,OECD_ICIO,"Aggregated from 2 OECD ISIC sectors; gross_output=32,205 USD m",2022
PAK,semiconductors,,,,,MISSING_OECD_HAS_NO_SOURCE,OECD_ICIO_DOES_NOT_SEPARATE_THIS_SECTOR,OECD ICIO has no clean line item for this sector. See OECD_ICIO_SCHEMA_AUDIT.md for the bundling explanation. Requires supplementary source (SIA / EIA / ECB) — NOT in repo.,2022
PAK,automotive,0.007880,,0.011942,5,DATA_PRESENT,OECD_ICIO,"Aggregated from 1 OECD ISIC sectors; gross_output=5,530 USD m",2022
PAK,electronics,0.009012,,0.015671,5,DATA_PRESENT,OECD_ICIO,"Aggregated from 2 OECD ISIC sectors; gross_output=6,812 USD m",2022
PAK,aerospace,0.001199,,0.001601,5,DATA_PRESENT,OECD_ICIO,Aggregated from 1 OECD ISIC sectors; gross_output=726 USD m,2022
PAK,shipping,0.037925,,0.051483,5,DATA_PRESENT,OECD_ICIO,"Aggregated from 2 OECD ISIC sectors; gross_output=20,990 USD m",2022
PAK,energy,,,,,MISSING_OECD_HAS_NO_SOURCE,OECD_ICIO_DOES_NOT_SEPARATE_THIS_SECTOR,OECD ICIO has no clean line item for this sector. See OECD_ICIO_SCHEMA_AUDIT.md for the bundling explanation. Requires supplementary source (SIA / EIA / ECB) — NOT in repo.,2022
PAK,consumer_goods,0.251699,,0.468120,5,DATA_PRESENT,OECD_ICIO,"Aggregated from 11 OECD ISIC sectors; gross_output=150,029 USD m",2022
PAK,banking,0.037606,,0.012103,5,DATA_PRESENT,OECD_ICIO,"Aggregated from 1 OECD ISIC sectors; gross_output=15,954 USD m",2022
PAK,insurance,,,,,MISSING_OECD_HAS_NO_SOURCE,OECD_ICIO_DOES_NOT_SEPARATE_THIS_SECTOR,OECD ICIO has no clean line item for this sector. See OECD_ICIO_SCHEMA_AUDIT.md for the bundling explanation. Requires supplementary source (SIA / EIA / ECB) — NOT in repo.,2022
PAK,capital_markets,,,,,MISSING_OECD_HAS_NO_SOURCE,OECD_ICIO_DOES_NOT_SEPARATE_THIS_SECTOR,OECD ICIO has no clean line item for this sector. See OECD_ICIO_SCHEMA_AUDIT.md for the bundling explanation. Requires supplementary source (SIA / EIA / ECB) — NOT in repo.,2022
PAK,oil,0.026131,,0.074386,5,DATA_PRESENT,OECD_ICIO,"Aggregated from 2 OECD ISIC sectors; gross_output=18,870 USD m",2022
PAK,gas,,,,,MISSING_OECD_HAS_NO_SOURCE,OECD_ICIO_DOES_NOT_SEPARATE_THIS_SECTOR,OECD ICIO has no clean line item for this sector. See OECD_ICIO_SCHEMA_AUDIT.md for the bundling explanation. Requires supplementary source (SIA / EIA / ECB) — NOT in repo.,2022
PAK,utilities,0.019610,,0.099863,5,DATA_PRESENT,OECD_ICIO,"Aggregated from 2 OECD ISIC sectors; gross_output=33,259 USD m",2022
PAK,aviation,0.005627,,0.016171,5,DATA_PRESENT,OECD_ICIO,"Aggregated from 1 OECD ISIC sectors; gross_output=3,795 USD m",2022
PAK,ports,0.008508,,0.007429,5,DATA_PRESENT,OECD_ICIO,"Aggregated from 1 OECD ISIC sectors; gross_output=4,461 USD m",2022
PAK,telecommunications,0.036649,,0.035321,5,DATA_PRESENT,OECD_ICIO,"Aggregated from 3 OECD ISIC sectors; gross_output=17,895 USD m",2022
PAK,agriculture,0.241921,,0.036232,5,DATA_PRESENT,OECD_ICIO,"Aggregated from 3 OECD ISIC sectors; gross_output=90,042 USD m",2022
PAK,tourism,0.028451,,0.009720,5,DATA_PRESENT,OECD_ICIO,"Aggregated from 1 OECD ISIC sectors; gross_output=14,955 USD m",2022
PAK,government,0.074552,,0.017228,5,DATA_PRESENT,OECD_ICIO,"Aggregated from 2 OECD ISIC sectors; gross_output=31,422 USD m",2022
PER,semiconductors,,,,,MISSING_OECD_HAS_NO_SOURCE,OECD_ICIO_DOES_NOT_SEPARATE_THIS_SECTOR,OECD ICIO has no clean line item for this sector. See OECD_ICIO_SCHEMA_AUDIT.md for the bundling explanation. Requires supplementary source (SIA / EIA / ECB) — NOT in repo.,2022
PER,automotive,0.004698,,0.003194,5,DATA_PRESENT,OECD_ICIO,"Aggregated from 1 OECD ISIC sectors; gross_output=1,831 USD m",2022
PER,electronics,0.000452,,0.008077,5,DATA_PRESENT,OECD_ICIO,"Aggregated from 2 OECD ISIC sectors; gross_output=1,291 USD m",2022
PER,aerospace,0.001434,,0.001296,5,DATA_PRESENT,OECD_ICIO,Aggregated from 1 OECD ISIC sectors; gross_output=661 USD m,2022
PER,shipping,0.034990,,0.031196,5,DATA_PRESENT,OECD_ICIO,"Aggregated from 2 OECD ISIC sectors; gross_output=19,373 USD m",2022
PER,energy,,,,,MISSING_OECD_HAS_NO_SOURCE,OECD_ICIO_DOES_NOT_SEPARATE_THIS_SECTOR,OECD ICIO has no clean line item for this sector. See OECD_ICIO_SCHEMA_AUDIT.md for the bundling explanation. Requires supplementary source (SIA / EIA / ECB) — NOT in repo.,2022
PER,consumer_goods,0.197339,,0.299739,5,DATA_PRESENT,OECD_ICIO,"Aggregated from 11 OECD ISIC sectors; gross_output=94,250 USD m",2022
PER,banking,0.047011,,0.009451,5,DATA_PRESENT,OECD_ICIO,"Aggregated from 1 OECD ISIC sectors; gross_output=14,862 USD m",2022
PER,insurance,,,,,MISSING_OECD_HAS_NO_SOURCE,OECD_ICIO_DOES_NOT_SEPARATE_THIS_SECTOR,OECD ICIO has no clean line item for this sector. See OECD_ICIO_SCHEMA_AUDIT.md for the bundling explanation. Requires supplementary source (SIA / EIA / ECB) — NOT in repo.,2022
PER,capital_markets,,,,,MISSING_OECD_HAS_NO_SOURCE,OECD_ICIO_DOES_NOT_SEPARATE_THIS_SECTOR,OECD ICIO has no clean line item for this sector. See OECD_ICIO_SCHEMA_AUDIT.md for the bundling explanation. Requires supplementary source (SIA / EIA / ECB) — NOT in repo.,2022
PER,oil,0.041985,,0.055753,5,DATA_PRESENT,OECD_ICIO,"Aggregated from 2 OECD ISIC sectors; gross_output=16,001 USD m",2022
PER,gas,,,,,MISSING_OECD_HAS_NO_SOURCE,OECD_ICIO_DOES_NOT_SEPARATE_THIS_SECTOR,OECD ICIO has no clean line item for this sector. See OECD_ICIO_SCHEMA_AUDIT.md for the bundling explanation. Requires supplementary source (SIA / EIA / ECB) — NOT in repo.,2022
PER,utilities,0.028953,,0.003854,5,DATA_PRESENT,OECD_ICIO,"Aggregated from 2 OECD ISIC sectors; gross_output=9,371 USD m",2022
PER,aviation,0.002600,,0.007545,5,DATA_PRESENT,OECD_ICIO,"Aggregated from 1 OECD ISIC sectors; gross_output=2,724 USD m",2022
PER,ports,0.013902,,0.005912,5,DATA_PRESENT,OECD_ICIO,"Aggregated from 1 OECD ISIC sectors; gross_output=6,133 USD m",2022
PER,telecommunications,0.018245,,0.015277,5,DATA_PRESENT,OECD_ICIO,"Aggregated from 3 OECD ISIC sectors; gross_output=11,295 USD m",2022
PER,agriculture,0.075311,,0.092377,5,DATA_PRESENT,OECD_ICIO,"Aggregated from 3 OECD ISIC sectors; gross_output=23,135 USD m",2022
PER,tourism,0.038271,,0.014409,5,DATA_PRESENT,OECD_ICIO,"Aggregated from 1 OECD ISIC sectors; gross_output=15,353 USD m",2022
PER,government,0.108619,,0.015676,5,DATA_PRESENT,OECD_ICIO,"Aggregated from 2 OECD ISIC sectors; gross_output=33,472 USD m",2022
PHL,semiconductors,,,,,MISSING_OECD_HAS_NO_SOURCE,OECD_ICIO_DOES_NOT_SEPARATE_THIS_SECTOR,OECD ICIO has no clean line item for this sector. See OECD_ICIO_SCHEMA_AUDIT.md for the bundling explanation. Requires supplementary source (SIA / EIA / ECB) — NOT in repo.,2022
PHL,automotive,0.001694,,0.012100,5,DATA_PRESENT,OECD_ICIO,"Aggregated from 1 OECD ISIC sectors; gross_output=2,759 USD m",2022
PHL,electronics,0.018247,,0.167779,5,DATA_PRESENT,OECD_ICIO,"Aggregated from 2 OECD ISIC sectors; gross_output=25,417 USD m",2022
PHL,aerospace,0.001422,,0.006027,5,DATA_PRESENT,OECD_ICIO,"Aggregated from 1 OECD ISIC sectors; gross_output=1,615 USD m",2022
PHL,shipping,0.021667,,0.030285,5,DATA_PRESENT,OECD_ICIO,"Aggregated from 2 OECD ISIC sectors; gross_output=14,565 USD m",2022
PHL,energy,,,,,MISSING_OECD_HAS_NO_SOURCE,OECD_ICIO_DOES_NOT_SEPARATE_THIS_SECTOR,OECD ICIO has no clean line item for this sector. See OECD_ICIO_SCHEMA_AUDIT.md for the bundling explanation. Requires supplementary source (SIA / EIA / ECB) — NOT in repo.,2022
PHL,consumer_goods,0.317205,,0.295961,5,DATA_PRESENT,OECD_ICIO,"Aggregated from 11 OECD ISIC sectors; gross_output=279,660 USD m",2022
PHL,banking,0.098544,,0.021728,5,DATA_PRESENT,OECD_ICIO,"Aggregated from 1 OECD ISIC sectors; gross_output=48,214 USD m",2022
PHL,insurance,,,,,MISSING_OECD_HAS_NO_SOURCE,OECD_ICIO_DOES_NOT_SEPARATE_THIS_SECTOR,OECD ICIO has no clean line item for this sector. See OECD_ICIO_SCHEMA_AUDIT.md for the bundling explanation. Requires supplementary source (SIA / EIA / ECB) — NOT in repo.,2022
PHL,capital_markets,,,,,MISSING_OECD_HAS_NO_SOURCE,OECD_ICIO_DOES_NOT_SEPARATE_THIS_SECTOR,OECD ICIO has no clean line item for this sector. See OECD_ICIO_SCHEMA_AUDIT.md for the bundling explanation. Requires supplementary source (SIA / EIA / ECB) — NOT in repo.,2022
PHL,oil,0.007183,,0.030531,5,DATA_PRESENT,OECD_ICIO,"Aggregated from 2 OECD ISIC sectors; gross_output=12,924 USD m",2022
PHL,gas,,,,,MISSING_OECD_HAS_NO_SOURCE,OECD_ICIO_DOES_NOT_SEPARATE_THIS_SECTOR,OECD ICIO has no clean line item for this sector. See OECD_ICIO_SCHEMA_AUDIT.md for the bundling explanation. Requires supplementary source (SIA / EIA / ECB) — NOT in repo.,2022
PHL,utilities,0.033049,,0.029042,5,DATA_PRESENT,OECD_ICIO,"Aggregated from 2 OECD ISIC sectors; gross_output=26,980 USD m",2022
PHL,aviation,0.004089,,0.015980,5,DATA_PRESENT,OECD_ICIO,"Aggregated from 1 OECD ISIC sectors; gross_output=5,177 USD m",2022
PHL,ports,0.009349,,0.025517,5,DATA_PRESENT,OECD_ICIO,"Aggregated from 1 OECD ISIC sectors; gross_output=6,802 USD m",2022
PHL,telecommunications,0.039469,,0.068124,5,DATA_PRESENT,OECD_ICIO,"Aggregated from 3 OECD ISIC sectors; gross_output=25,643 USD m",2022
PHL,agriculture,0.093202,,0.041686,5,DATA_PRESENT,OECD_ICIO,"Aggregated from 3 OECD ISIC sectors; gross_output=67,120 USD m",2022
PHL,tourism,0.017547,,0.004481,5,DATA_PRESENT,OECD_ICIO,"Aggregated from 1 OECD ISIC sectors; gross_output=12,304 USD m",2022
PHL,government,0.088596,,0.015159,5,DATA_PRESENT,OECD_ICIO,"Aggregated from 2 OECD ISIC sectors; gross_output=46,874 USD m",2022
POL,semiconductors,,,,,MISSING_OECD_HAS_NO_SOURCE,OECD_ICIO_DOES_NOT_SEPARATE_THIS_SECTOR,OECD ICIO has no clean line item for this sector. See OECD_ICIO_SCHEMA_AUDIT.md for the bundling explanation. Requires supplementary source (SIA / EIA / ECB) — NOT in repo.,2022
POL,automotive,0.014088,,0.080743,5,DATA_PRESENT,OECD_ICIO,"Aggregated from 1 OECD ISIC sectors; gross_output=46,459 USD m",2022
POL,electronics,0.016900,,0.078489,5,DATA_PRESENT,OECD_ICIO,"Aggregated from 2 OECD ISIC sectors; gross_output=46,571 USD m",2022
POL,aerospace,0.002592,,0.012423,5,DATA_PRESENT,OECD_ICIO,"Aggregated from 1 OECD ISIC sectors; gross_output=6,656 USD m",2022
POL,shipping,0.039336,,0.051392,5,DATA_PRESENT,OECD_ICIO,"Aggregated from 2 OECD ISIC sectors; gross_output=75,258 USD m",2022
POL,energy,,,,,MISSING_OECD_HAS_NO_SOURCE,OECD_ICIO_DOES_NOT_SEPARATE_THIS_SECTOR,OECD ICIO has no clean line item for this sector. See OECD_ICIO_SCHEMA_AUDIT.md for the bundling explanation. Requires supplementary source (SIA / EIA / ECB) — NOT in repo.,2022
POL,consumer_goods,0.276697,,0.399922,5,DATA_PRESENT,OECD_ICIO,"Aggregated from 11 OECD ISIC sectors; gross_output=455,465 USD m",2022
POL,banking,0.052876,,0.010801,5,DATA_PRESENT,OECD_ICIO,"Aggregated from 1 OECD ISIC sectors; gross_output=48,218 USD m",2022
POL,insurance,,,,,MISSING_OECD_HAS_NO_SOURCE,OECD_ICIO_DOES_NOT_SEPARATE_THIS_SECTOR,OECD ICIO has no clean line item for this sector. See OECD_ICIO_SCHEMA_AUDIT.md for the bundling explanation. Requires supplementary source (SIA / EIA / ECB) — NOT in repo.,2022
POL,capital_markets,,,,,MISSING_OECD_HAS_NO_SOURCE,OECD_ICIO_DOES_NOT_SEPARATE_THIS_SECTOR,OECD ICIO has no clean line item for this sector. See OECD_ICIO_SCHEMA_AUDIT.md for the bundling explanation. Requires supplementary source (SIA / EIA / ECB) — NOT in repo.,2022
POL,oil,0.014120,,0.038965,5,DATA_PRESENT,OECD_ICIO,"Aggregated from 2 OECD ISIC sectors; gross_output=40,277 USD m",2022
POL,gas,,,,,MISSING_OECD_HAS_NO_SOURCE,OECD_ICIO_DOES_NOT_SEPARATE_THIS_SECTOR,OECD ICIO has no clean line item for this sector. See OECD_ICIO_SCHEMA_AUDIT.md for the bundling explanation. Requires supplementary source (SIA / EIA / ECB) — NOT in repo.,2022
POL,utilities,0.044625,,0.017982,5,DATA_PRESENT,OECD_ICIO,"Aggregated from 2 OECD ISIC sectors; gross_output=72,298 USD m",2022
POL,aviation,0.002364,,0.007523,5,DATA_PRESENT,OECD_ICIO,"Aggregated from 1 OECD ISIC sectors; gross_output=7,296 USD m",2022
POL,ports,0.017901,,0.016817,5,DATA_PRESENT,OECD_ICIO,"Aggregated from 1 OECD ISIC sectors; gross_output=30,605 USD m",2022
POL,telecommunications,0.050662,,0.040619,5,DATA_PRESENT,OECD_ICIO,"Aggregated from 3 OECD ISIC sectors; gross_output=57,901 USD m",2022
POL,agriculture,0.031794,,0.022714,5,DATA_PRESENT,OECD_ICIO,"Aggregated from 3 OECD ISIC sectors; gross_output=53,556 USD m",2022
POL,tourism,0.016213,,0.005623,5,DATA_PRESENT,OECD_ICIO,"Aggregated from 1 OECD ISIC sectors; gross_output=20,246 USD m",2022
POL,government,0.096690,,0.006457,5,DATA_PRESENT,OECD_ICIO,"Aggregated from 2 OECD ISIC sectors; gross_output=78,808 USD m",2022
PRT,semiconductors,,,,,MISSING_OECD_HAS_NO_SOURCE,OECD_ICIO_DOES_NOT_SEPARATE_THIS_SECTOR,OECD ICIO has no clean line item for this sector. See OECD_ICIO_SCHEMA_AUDIT.md for the bundling explanation. Requires supplementary source (SIA / EIA / ECB) — NOT in repo.,2022
PRT,automotive,0.009038,,0.077892,5,DATA_PRESENT,OECD_ICIO,"Aggregated from 1 OECD ISIC sectors; gross_output=13,212 USD m",2022
PRT,electronics,0.006565,,0.042529,5,DATA_PRESENT,OECD_ICIO,"Aggregated from 2 OECD ISIC sectors; gross_output=7,195 USD m",2022
PRT,aerospace,0.001218,,0.005208,5,DATA_PRESENT,OECD_ICIO,"Aggregated from 1 OECD ISIC sectors; gross_output=1,116 USD m",2022
PRT,shipping,0.021520,,0.035250,5,DATA_PRESENT,OECD_ICIO,"Aggregated from 2 OECD ISIC sectors; gross_output=12,540 USD m",2022
PRT,energy,,,,,MISSING_OECD_HAS_NO_SOURCE,OECD_ICIO_DOES_NOT_SEPARATE_THIS_SECTOR,OECD ICIO has no clean line item for this sector. See OECD_ICIO_SCHEMA_AUDIT.md for the bundling explanation. Requires supplementary source (SIA / EIA / ECB) — NOT in repo.,2022
PRT,consumer_goods,0.227449,,0.368804,5,DATA_PRESENT,OECD_ICIO,"Aggregated from 11 OECD ISIC sectors; gross_output=134,080 USD m",2022
PRT,banking,0.054168,,0.013361,5,DATA_PRESENT,OECD_ICIO,"Aggregated from 1 OECD ISIC sectors; gross_output=19,332 USD m",2022
PRT,insurance,,,,,MISSING_OECD_HAS_NO_SOURCE,OECD_ICIO_DOES_NOT_SEPARATE_THIS_SECTOR,OECD ICIO has no clean line item for this sector. See OECD_ICIO_SCHEMA_AUDIT.md for the bundling explanation. Requires supplementary source (SIA / EIA / ECB) — NOT in repo.,2022
PRT,capital_markets,,,,,MISSING_OECD_HAS_NO_SOURCE,OECD_ICIO_DOES_NOT_SEPARATE_THIS_SECTOR,OECD ICIO has no clean line item for this sector. See OECD_ICIO_SCHEMA_AUDIT.md for the bundling explanation. Requires supplementary source (SIA / EIA / ECB) — NOT in repo.,2022
PRT,oil,0.003983,,0.070101,5,DATA_PRESENT,OECD_ICIO,"Aggregated from 2 OECD ISIC sectors; gross_output=13,282 USD m",2022
PRT,gas,,,,,MISSING_OECD_HAS_NO_SOURCE,OECD_ICIO_DOES_NOT_SEPARATE_THIS_SECTOR,OECD ICIO has no clean line item for this sector. See OECD_ICIO_SCHEMA_AUDIT.md for the bundling explanation. Requires supplementary source (SIA / EIA / ECB) — NOT in repo.,2022
PRT,utilities,0.017848,,0.036103,5,DATA_PRESENT,OECD_ICIO,"Aggregated from 2 OECD ISIC sectors; gross_output=28,856 USD m",2022
PRT,aviation,0.003028,,0.031411,5,DATA_PRESENT,OECD_ICIO,"Aggregated from 1 OECD ISIC sectors; gross_output=5,564 USD m",2022
PRT,ports,0.019296,,0.019364,5,DATA_PRESENT,OECD_ICIO,"Aggregated from 1 OECD ISIC sectors; gross_output=9,800 USD m",2022
PRT,telecommunications,0.047481,,0.038221,5,DATA_PRESENT,OECD_ICIO,"Aggregated from 3 OECD ISIC sectors; gross_output=21,098 USD m",2022
PRT,agriculture,0.022028,,0.023183,5,DATA_PRESENT,OECD_ICIO,"Aggregated from 3 OECD ISIC sectors; gross_output=13,670 USD m",2022
PRT,tourism,0.061413,,0.062033,5,DATA_PRESENT,OECD_ICIO,"Aggregated from 1 OECD ISIC sectors; gross_output=25,908 USD m",2022
PRT,government,0.119880,,0.010041,5,DATA_PRESENT,OECD_ICIO,"Aggregated from 2 OECD ISIC sectors; gross_output=33,310 USD m",2022
ROU,semiconductors,,,,,MISSING_OECD_HAS_NO_SOURCE,OECD_ICIO_DOES_NOT_SEPARATE_THIS_SECTOR,OECD ICIO has no clean line item for this sector. See OECD_ICIO_SCHEMA_AUDIT.md for the bundling explanation. Requires supplementary source (SIA / EIA / ECB) — NOT in repo.,2022
ROU,automotive,0.017419,,0.126195,5,DATA_PRESENT,OECD_ICIO,"Aggregated from 1 OECD ISIC sectors; gross_output=23,991 USD m",2022
ROU,electronics,0.013217,,0.068430,5,DATA_PRESENT,OECD_ICIO,"Aggregated from 2 OECD ISIC sectors; gross_output=13,585 USD m",2022
ROU,aerospace,0.001861,,0.005500,5,DATA_PRESENT,OECD_ICIO,"Aggregated from 1 OECD ISIC sectors; gross_output=1,406 USD m",2022
ROU,shipping,0.057734,,0.099464,5,DATA_PRESENT,OECD_ICIO,"Aggregated from 2 OECD ISIC sectors; gross_output=36,508 USD m",2022
ROU,energy,,,,,MISSING_OECD_HAS_NO_SOURCE,OECD_ICIO_DOES_NOT_SEPARATE_THIS_SECTOR,OECD ICIO has no clean line item for this sector. See OECD_ICIO_SCHEMA_AUDIT.md for the bundling explanation. Requires supplementary source (SIA / EIA / ECB) — NOT in repo.,2022
ROU,consumer_goods,0.228015,,0.297620,5,DATA_PRESENT,OECD_ICIO,"Aggregated from 11 OECD ISIC sectors; gross_output=158,918 USD m",2022
ROU,banking,0.031234,,0.004432,5,DATA_PRESENT,OECD_ICIO,"Aggregated from 1 OECD ISIC sectors; gross_output=12,075 USD m",2022
ROU,insurance,,,,,MISSING_OECD_HAS_NO_SOURCE,OECD_ICIO_DOES_NOT_SEPARATE_THIS_SECTOR,OECD ICIO has no clean line item for this sector. See OECD_ICIO_SCHEMA_AUDIT.md for the bundling explanation. Requires supplementary source (SIA / EIA / ECB) — NOT in repo.,2022
ROU,capital_markets,,,,,MISSING_OECD_HAS_NO_SOURCE,OECD_ICIO_DOES_NOT_SEPARATE_THIS_SECTOR,OECD ICIO has no clean line item for this sector. See OECD_ICIO_SCHEMA_AUDIT.md for the bundling explanation. Requires supplementary source (SIA / EIA / ECB) — NOT in repo.,2022
ROU,oil,0.021554,,0.024802,5,DATA_PRESENT,OECD_ICIO,"Aggregated from 2 OECD ISIC sectors; gross_output=12,974 USD m",2022
ROU,gas,,,,,MISSING_OECD_HAS_NO_SOURCE,OECD_ICIO_DOES_NOT_SEPARATE_THIS_SECTOR,OECD ICIO has no clean line item for this sector. See OECD_ICIO_SCHEMA_AUDIT.md for the bundling explanation. Requires supplementary source (SIA / EIA / ECB) — NOT in repo.,2022
ROU,utilities,0.054358,,0.029928,5,DATA_PRESENT,OECD_ICIO,"Aggregated from 2 OECD ISIC sectors; gross_output=37,275 USD m",2022
ROU,aviation,0.000681,,0.003250,5,DATA_PRESENT,OECD_ICIO,Aggregated from 1 OECD ISIC sectors; gross_output=725 USD m,2022
ROU,ports,0.013867,,0.014756,5,DATA_PRESENT,OECD_ICIO,"Aggregated from 1 OECD ISIC sectors; gross_output=9,062 USD m",2022
ROU,telecommunications,0.074453,,0.064920,5,DATA_PRESENT,OECD_ICIO,"Aggregated from 3 OECD ISIC sectors; gross_output=34,772 USD m",2022
ROU,agriculture,0.041039,,0.041213,5,DATA_PRESENT,OECD_ICIO,"Aggregated from 3 OECD ISIC sectors; gross_output=23,261 USD m",2022
ROU,tourism,0.015442,,0.009991,5,DATA_PRESENT,OECD_ICIO,"Aggregated from 1 OECD ISIC sectors; gross_output=10,315 USD m",2022
ROU,government,0.084214,,0.005582,5,DATA_PRESENT,OECD_ICIO,"Aggregated from 2 OECD ISIC sectors; gross_output=29,442 USD m",2022
ROW,semiconductors,,,,,MISSING_OECD_HAS_NO_SOURCE,OECD_ICIO_DOES_NOT_SEPARATE_THIS_SECTOR,OECD ICIO has no clean line item for this sector. See OECD_ICIO_SCHEMA_AUDIT.md for the bundling explanation. Requires supplementary source (SIA / EIA / ECB) — NOT in repo.,2022
ROW,automotive,0.005638,,0.011175,5,DATA_PRESENT,OECD_ICIO,"Aggregated from 1 OECD ISIC sectors; gross_output=75,989 USD m",2022
ROW,electronics,0.007429,,0.013962,5,DATA_PRESENT,OECD_ICIO,"Aggregated from 2 OECD ISIC sectors; gross_output=75,119 USD m",2022
ROW,aerospace,0.000828,,0.001780,5,DATA_PRESENT,OECD_ICIO,"Aggregated from 1 OECD ISIC sectors; gross_output=8,784 USD m",2022
ROW,shipping,0.031680,,0.042157,5,DATA_PRESENT,OECD_ICIO,"Aggregated from 2 OECD ISIC sectors; gross_output=238,145 USD m",2022
ROW,energy,,,,,MISSING_OECD_HAS_NO_SOURCE,OECD_ICIO_DOES_NOT_SEPARATE_THIS_SECTOR,OECD ICIO has no clean line item for this sector. See OECD_ICIO_SCHEMA_AUDIT.md for the bundling explanation. Requires supplementary source (SIA / EIA / ECB) — NOT in repo.,2022
ROW,consumer_goods,0.195328,,0.232187,5,DATA_PRESENT,OECD_ICIO,"Aggregated from 11 OECD ISIC sectors; gross_output=1,636,016 USD m",2022
ROW,banking,0.034345,,0.017849,5,DATA_PRESENT,OECD_ICIO,"Aggregated from 1 OECD ISIC sectors; gross_output=209,066 USD m",2022
ROW,insurance,,,,,MISSING_OECD_HAS_NO_SOURCE,OECD_ICIO_DOES_NOT_SEPARATE_THIS_SECTOR,OECD ICIO has no clean line item for this sector. See OECD_ICIO_SCHEMA_AUDIT.md for the bundling explanation. Requires supplementary source (SIA / EIA / ECB) — NOT in repo.,2022
ROW,capital_markets,,,,,MISSING_OECD_HAS_NO_SOURCE,OECD_ICIO_DOES_NOT_SEPARATE_THIS_SECTOR,OECD ICIO has no clean line item for this sector. See OECD_ICIO_SCHEMA_AUDIT.md for the bundling explanation. Requires supplementary source (SIA / EIA / ECB) — NOT in repo.,2022
ROW,oil,0.148935,,0.330480,5,DATA_PRESENT,OECD_ICIO,"Aggregated from 2 OECD ISIC sectors; gross_output=983,220 USD m",2022
ROW,gas,,,,,MISSING_OECD_HAS_NO_SOURCE,OECD_ICIO_DOES_NOT_SEPARATE_THIS_SECTOR,OECD ICIO has no clean line item for this sector. See OECD_ICIO_SCHEMA_AUDIT.md for the bundling explanation. Requires supplementary source (SIA / EIA / ECB) — NOT in repo.,2022
ROW,utilities,0.021979,,0.012239,5,DATA_PRESENT,OECD_ICIO,"Aggregated from 2 OECD ISIC sectors; gross_output=200,500 USD m",2022
ROW,aviation,0.005589,,0.022051,5,DATA_PRESENT,OECD_ICIO,"Aggregated from 1 OECD ISIC sectors; gross_output=79,178 USD m",2022
ROW,ports,0.009628,,0.011956,5,DATA_PRESENT,OECD_ICIO,"Aggregated from 1 OECD ISIC sectors; gross_output=67,196 USD m",2022
ROW,telecommunications,0.030312,,0.026300,5,DATA_PRESENT,OECD_ICIO,"Aggregated from 3 OECD ISIC sectors; gross_output=214,132 USD m",2022
ROW,agriculture,0.118645,,0.064344,5,DATA_PRESENT,OECD_ICIO,"Aggregated from 3 OECD ISIC sectors; gross_output=879,525 USD m",2022
ROW,tourism,0.022733,,0.023170,5,DATA_PRESENT,OECD_ICIO,"Aggregated from 1 OECD ISIC sectors; gross_output=172,710 USD m",2022
ROW,government,0.102256,,0.015356,5,DATA_PRESENT,OECD_ICIO,"Aggregated from 2 OECD ISIC sectors; gross_output=544,146 USD m",2022
RUS,semiconductors,,,,,MISSING_OECD_HAS_NO_SOURCE,OECD_ICIO_DOES_NOT_SEPARATE_THIS_SECTOR,OECD ICIO has no clean line item for this sector. See OECD_ICIO_SCHEMA_AUDIT.md for the bundling explanation. Requires supplementary source (SIA / EIA / ECB) — NOT in repo.,2022
RUS,automotive,0.004085,,0.017189,5,DATA_PRESENT,OECD_ICIO,"Aggregated from 1 OECD ISIC sectors; gross_output=54,741 USD m",2022
RUS,electronics,0.008714,,0.021321,5,DATA_PRESENT,OECD_ICIO,"Aggregated from 2 OECD ISIC sectors; gross_output=51,342 USD m",2022
RUS,aerospace,0.006157,,0.013266,5,DATA_PRESENT,OECD_ICIO,"Aggregated from 1 OECD ISIC sectors; gross_output=39,421 USD m",2022
RUS,shipping,0.042389,,0.028271,5,DATA_PRESENT,OECD_ICIO,"Aggregated from 2 OECD ISIC sectors; gross_output=164,179 USD m",2022
RUS,energy,,,,,MISSING_OECD_HAS_NO_SOURCE,OECD_ICIO_DOES_NOT_SEPARATE_THIS_SECTOR,OECD ICIO has no clean line item for this sector. See OECD_ICIO_SCHEMA_AUDIT.md for the bundling explanation. Requires supplementary source (SIA / EIA / ECB) — NOT in repo.,2022
RUS,consumer_goods,0.198688,,0.270188,5,DATA_PRESENT,OECD_ICIO,"Aggregated from 11 OECD ISIC sectors; gross_output=938,948 USD m",2022
RUS,banking,0.049103,,0.007514,5,DATA_PRESENT,OECD_ICIO,"Aggregated from 1 OECD ISIC sectors; gross_output=137,844 USD m",2022
RUS,insurance,,,,,MISSING_OECD_HAS_NO_SOURCE,OECD_ICIO_DOES_NOT_SEPARATE_THIS_SECTOR,OECD ICIO has no clean line item for this sector. See OECD_ICIO_SCHEMA_AUDIT.md for the bundling explanation. Requires supplementary source (SIA / EIA / ECB) — NOT in repo.,2022
RUS,capital_markets,,,,,MISSING_OECD_HAS_NO_SOURCE,OECD_ICIO_DOES_NOT_SEPARATE_THIS_SECTOR,OECD ICIO has no clean line item for this sector. See OECD_ICIO_SCHEMA_AUDIT.md for the bundling explanation. Requires supplementary source (SIA / EIA / ECB) — NOT in repo.,2022
RUS,oil,0.099400,,0.290799,5,DATA_PRESENT,OECD_ICIO,"Aggregated from 2 OECD ISIC sectors; gross_output=356,636 USD m",2022
RUS,gas,,,,,MISSING_OECD_HAS_NO_SOURCE,OECD_ICIO_DOES_NOT_SEPARATE_THIS_SECTOR,OECD ICIO has no clean line item for this sector. See OECD_ICIO_SCHEMA_AUDIT.md for the bundling explanation. Requires supplementary source (SIA / EIA / ECB) — NOT in repo.,2022
RUS,utilities,0.031866,,0.010728,5,DATA_PRESENT,OECD_ICIO,"Aggregated from 2 OECD ISIC sectors; gross_output=210,492 USD m",2022
RUS,aviation,0.002126,,0.020790,5,DATA_PRESENT,OECD_ICIO,"Aggregated from 1 OECD ISIC sectors; gross_output=21,947 USD m",2022
RUS,ports,0.019211,,0.024037,5,DATA_PRESENT,OECD_ICIO,"Aggregated from 1 OECD ISIC sectors; gross_output=95,575 USD m",2022
RUS,telecommunications,0.028127,,0.024309,5,DATA_PRESENT,OECD_ICIO,"Aggregated from 3 OECD ISIC sectors; gross_output=112,081 USD m",2022
RUS,agriculture,0.041586,,0.034447,5,DATA_PRESENT,OECD_ICIO,"Aggregated from 3 OECD ISIC sectors; gross_output=165,990 USD m",2022
RUS,tourism,0.007407,,0.003573,5,DATA_PRESENT,OECD_ICIO,"Aggregated from 1 OECD ISIC sectors; gross_output=32,258 USD m",2022
RUS,government,0.118555,,0.011147,5,DATA_PRESENT,OECD_ICIO,"Aggregated from 2 OECD ISIC sectors; gross_output=351,141 USD m",2022
SAU,semiconductors,,,,,MISSING_OECD_HAS_NO_SOURCE,OECD_ICIO_DOES_NOT_SEPARATE_THIS_SECTOR,OECD ICIO has no clean line item for this sector. See OECD_ICIO_SCHEMA_AUDIT.md for the bundling explanation. Requires supplementary source (SIA / EIA / ECB) — NOT in repo.,2022
SAU,automotive,0.001014,,0.000608,5,DATA_PRESENT,OECD_ICIO,"Aggregated from 1 OECD ISIC sectors; gross_output=2,072 USD m",2022
SAU,electronics,0.003784,,0.005116,5,DATA_PRESENT,OECD_ICIO,"Aggregated from 2 OECD ISIC sectors; gross_output=9,938 USD m",2022
SAU,aerospace,0.000064,,0.000245,5,DATA_PRESENT,OECD_ICIO,Aggregated from 1 OECD ISIC sectors; gross_output=254 USD m,2022
SAU,shipping,0.011427,,0.013816,5,DATA_PRESENT,OECD_ICIO,"Aggregated from 2 OECD ISIC sectors; gross_output=22,296 USD m",2022
SAU,energy,,,,,MISSING_OECD_HAS_NO_SOURCE,OECD_ICIO_DOES_NOT_SEPARATE_THIS_SECTOR,OECD ICIO has no clean line item for this sector. See OECD_ICIO_SCHEMA_AUDIT.md for the bundling explanation. Requires supplementary source (SIA / EIA / ECB) — NOT in repo.,2022
SAU,consumer_goods,0.160791,,0.266632,5,DATA_PRESENT,OECD_ICIO,"Aggregated from 11 OECD ISIC sectors; gross_output=418,621 USD m",2022
SAU,banking,0.036644,,0.004260,5,DATA_PRESENT,OECD_ICIO,"Aggregated from 1 OECD ISIC sectors; gross_output=44,160 USD m",2022
SAU,insurance,,,,,MISSING_OECD_HAS_NO_SOURCE,OECD_ICIO_DOES_NOT_SEPARATE_THIS_SECTOR,OECD ICIO has no clean line item for this sector. See OECD_ICIO_SCHEMA_AUDIT.md for the bundling explanation. Requires supplementary source (SIA / EIA / ECB) — NOT in repo.,2022
SAU,capital_markets,,,,,MISSING_OECD_HAS_NO_SOURCE,OECD_ICIO_DOES_NOT_SEPARATE_THIS_SECTOR,OECD ICIO has no clean line item for this sector. See OECD_ICIO_SCHEMA_AUDIT.md for the bundling explanation. Requires supplementary source (SIA / EIA / ECB) — NOT in repo.,2022
SAU,oil,0.313838,,0.574434,5,DATA_PRESENT,OECD_ICIO,"Aggregated from 2 OECD ISIC sectors; gross_output=458,698 USD m",2022
SAU,gas,,,,,MISSING_OECD_HAS_NO_SOURCE,OECD_ICIO_DOES_NOT_SEPARATE_THIS_SECTOR,OECD ICIO has no clean line item for this sector. See OECD_ICIO_SCHEMA_AUDIT.md for the bundling explanation. Requires supplementary source (SIA / EIA / ECB) — NOT in repo.,2022
SAU,utilities,0.012731,,0.002478,5,DATA_PRESENT,OECD_ICIO,"Aggregated from 2 OECD ISIC sectors; gross_output=31,252 USD m",2022
SAU,aviation,0.003616,,0.009083,5,DATA_PRESENT,OECD_ICIO,"Aggregated from 1 OECD ISIC sectors; gross_output=9,837 USD m",2022
SAU,ports,0.009078,,0.009202,5,DATA_PRESENT,OECD_ICIO,"Aggregated from 1 OECD ISIC sectors; gross_output=16,107 USD m",2022
SAU,telecommunications,0.031253,,0.007623,5,DATA_PRESENT,OECD_ICIO,"Aggregated from 3 OECD ISIC sectors; gross_output=61,468 USD m",2022
SAU,agriculture,0.028022,,0.006979,5,DATA_PRESENT,OECD_ICIO,"Aggregated from 3 OECD ISIC sectors; gross_output=50,085 USD m",2022
SAU,tourism,0.018096,,0.013115,5,DATA_PRESENT,OECD_ICIO,"Aggregated from 1 OECD ISIC sectors; gross_output=40,588 USD m",2022
SAU,government,0.196015,,0.007263,5,DATA_PRESENT,OECD_ICIO,"Aggregated from 2 OECD ISIC sectors; gross_output=229,644 USD m",2022
SEN,semiconductors,,,,,MISSING_OECD_HAS_NO_SOURCE,OECD_ICIO_DOES_NOT_SEPARATE_THIS_SECTOR,OECD ICIO has no clean line item for this sector. See OECD_ICIO_SCHEMA_AUDIT.md for the bundling explanation. Requires supplementary source (SIA / EIA / ECB) — NOT in repo.,2022
SEN,automotive,0.000086,,0.000222,5,DATA_PRESENT,OECD_ICIO,Aggregated from 1 OECD ISIC sectors; gross_output=4 USD m,2022
SEN,electronics,0.001962,,0.003426,5,DATA_PRESENT,OECD_ICIO,Aggregated from 2 OECD ISIC sectors; gross_output=99 USD m,2022
SEN,aerospace,0.002648,,0.001056,5,DATA_PRESENT,OECD_ICIO,Aggregated from 1 OECD ISIC sectors; gross_output=100 USD m,2022
SEN,shipping,0.018087,,0.029912,5,DATA_PRESENT,OECD_ICIO,Aggregated from 2 OECD ISIC sectors; gross_output=892 USD m,2022
SEN,energy,,,,,MISSING_OECD_HAS_NO_SOURCE,OECD_ICIO_DOES_NOT_SEPARATE_THIS_SECTOR,OECD ICIO has no clean line item for this sector. See OECD_ICIO_SCHEMA_AUDIT.md for the bundling explanation. Requires supplementary source (SIA / EIA / ECB) — NOT in repo.,2022
SEN,consumer_goods,0.276482,,0.393261,5,DATA_PRESENT,OECD_ICIO,"Aggregated from 11 OECD ISIC sectors; gross_output=13,796 USD m",2022
SEN,banking,0.026193,,0.019971,5,DATA_PRESENT,OECD_ICIO,"Aggregated from 1 OECD ISIC sectors; gross_output=1,223 USD m",2022
SEN,insurance,,,,,MISSING_OECD_HAS_NO_SOURCE,OECD_ICIO_DOES_NOT_SEPARATE_THIS_SECTOR,OECD ICIO has no clean line item for this sector. See OECD_ICIO_SCHEMA_AUDIT.md for the bundling explanation. Requires supplementary source (SIA / EIA / ECB) — NOT in repo.,2022
SEN,capital_markets,,,,,MISSING_OECD_HAS_NO_SOURCE,OECD_ICIO_DOES_NOT_SEPARATE_THIS_SECTOR,OECD ICIO has no clean line item for this sector. See OECD_ICIO_SCHEMA_AUDIT.md for the bundling explanation. Requires supplementary source (SIA / EIA / ECB) — NOT in repo.,2022
SEN,oil,0.006955,,0.079155,5,DATA_PRESENT,OECD_ICIO,Aggregated from 2 OECD ISIC sectors; gross_output=794 USD m,2022
SEN,gas,,,,,MISSING_OECD_HAS_NO_SOURCE,OECD_ICIO_DOES_NOT_SEPARATE_THIS_SECTOR,OECD ICIO has no clean line item for this sector. See OECD_ICIO_SCHEMA_AUDIT.md for the bundling explanation. Requires supplementary source (SIA / EIA / ECB) — NOT in repo.,2022
SEN,utilities,0.023068,,0.065255,5,DATA_PRESENT,OECD_ICIO,"Aggregated from 2 OECD ISIC sectors; gross_output=1,880 USD m",2022
SEN,aviation,0.002297,,0.009096,5,DATA_PRESENT,OECD_ICIO,Aggregated from 1 OECD ISIC sectors; gross_output=199 USD m,2022
SEN,ports,0.011777,,0.023249,5,DATA_PRESENT,OECD_ICIO,Aggregated from 1 OECD ISIC sectors; gross_output=938 USD m,2022
SEN,telecommunications,0.031722,,0.033927,5,DATA_PRESENT,OECD_ICIO,"Aggregated from 3 OECD ISIC sectors; gross_output=1,648 USD m",2022
SEN,agriculture,0.169779,,0.053013,5,DATA_PRESENT,OECD_ICIO,"Aggregated from 3 OECD ISIC sectors; gross_output=5,544 USD m",2022
SEN,tourism,0.009589,,0.015808,5,DATA_PRESENT,OECD_ICIO,Aggregated from 1 OECD ISIC sectors; gross_output=783 USD m,2022
SEN,government,0.115274,,0.024132,5,DATA_PRESENT,OECD_ICIO,"Aggregated from 2 OECD ISIC sectors; gross_output=3,831 USD m",2022
SGP,semiconductors,,,,,MISSING_OECD_HAS_NO_SOURCE,OECD_ICIO_DOES_NOT_SEPARATE_THIS_SECTOR,OECD ICIO has no clean line item for this sector. See OECD_ICIO_SCHEMA_AUDIT.md for the bundling explanation. Requires supplementary source (SIA / EIA / ECB) — NOT in repo.,2022
SGP,automotive,0.000664,,0.001254,5,DATA_PRESENT,OECD_ICIO,"Aggregated from 1 OECD ISIC sectors; gross_output=1,064 USD m",2022
SGP,electronics,0.104288,,0.159227,5,DATA_PRESENT,OECD_ICIO,"Aggregated from 2 OECD ISIC sectors; gross_output=136,084 USD m",2022
SGP,aerospace,0.006469,,0.007413,5,DATA_PRESENT,OECD_ICIO,"Aggregated from 1 OECD ISIC sectors; gross_output=7,870 USD m",2022
SGP,shipping,0.089923,,0.184437,5,DATA_PRESENT,OECD_ICIO,"Aggregated from 2 OECD ISIC sectors; gross_output=151,772 USD m",2022
SGP,energy,,,,,MISSING_OECD_HAS_NO_SOURCE,OECD_ICIO_DOES_NOT_SEPARATE_THIS_SECTOR,OECD ICIO has no clean line item for this sector. See OECD_ICIO_SCHEMA_AUDIT.md for the bundling explanation. Requires supplementary source (SIA / EIA / ECB) — NOT in repo.,2022
SGP,consumer_goods,0.288854,,0.259103,5,DATA_PRESENT,OECD_ICIO,"Aggregated from 11 OECD ISIC sectors; gross_output=310,468 USD m",2022
SGP,banking,0.119264,,0.075734,5,DATA_PRESENT,OECD_ICIO,"Aggregated from 1 OECD ISIC sectors; gross_output=104,740 USD m",2022
SGP,insurance,,,,,MISSING_OECD_HAS_NO_SOURCE,OECD_ICIO_DOES_NOT_SEPARATE_THIS_SECTOR,OECD ICIO has no clean line item for this sector. See OECD_ICIO_SCHEMA_AUDIT.md for the bundling explanation. Requires supplementary source (SIA / EIA / ECB) — NOT in repo.,2022
SGP,capital_markets,,,,,MISSING_OECD_HAS_NO_SOURCE,OECD_ICIO_DOES_NOT_SEPARATE_THIS_SECTOR,OECD ICIO has no clean line item for this sector. See OECD_ICIO_SCHEMA_AUDIT.md for the bundling explanation. Requires supplementary source (SIA / EIA / ECB) — NOT in repo.,2022
SGP,oil,0.006917,,0.033312,5,DATA_PRESENT,OECD_ICIO,"Aggregated from 2 OECD ISIC sectors; gross_output=31,211 USD m",2022
SGP,gas,,,,,MISSING_OECD_HAS_NO_SOURCE,OECD_ICIO_DOES_NOT_SEPARATE_THIS_SECTOR,OECD ICIO has no clean line item for this sector. See OECD_ICIO_SCHEMA_AUDIT.md for the bundling explanation. Requires supplementary source (SIA / EIA / ECB) — NOT in repo.,2022
SGP,utilities,0.014662,,0.003580,5,DATA_PRESENT,OECD_ICIO,"Aggregated from 2 OECD ISIC sectors; gross_output=15,210 USD m",2022
SGP,aviation,0.003348,,0.009705,5,DATA_PRESENT,OECD_ICIO,"Aggregated from 1 OECD ISIC sectors; gross_output=10,522 USD m",2022
SGP,ports,0.018141,,0.027328,5,DATA_PRESENT,OECD_ICIO,"Aggregated from 1 OECD ISIC sectors; gross_output=32,599 USD m",2022
SGP,telecommunications,0.051350,,0.136211,5,DATA_PRESENT,OECD_ICIO,"Aggregated from 3 OECD ISIC sectors; gross_output=116,001 USD m",2022
SGP,agriculture,0.000131,,0.000110,5,DATA_PRESENT,OECD_ICIO,Aggregated from 3 OECD ISIC sectors; gross_output=159 USD m,2022
SGP,tourism,0.011884,,0.007473,5,DATA_PRESENT,OECD_ICIO,"Aggregated from 1 OECD ISIC sectors; gross_output=13,176 USD m",2022
SGP,government,0.044940,,0.011236,5,DATA_PRESENT,OECD_ICIO,"Aggregated from 2 OECD ISIC sectors; gross_output=42,723 USD m",2022
STP,semiconductors,,,,,MISSING_OECD_HAS_NO_SOURCE,OECD_ICIO_DOES_NOT_SEPARATE_THIS_SECTOR,OECD ICIO has no clean line item for this sector. See OECD_ICIO_SCHEMA_AUDIT.md for the bundling explanation. Requires supplementary source (SIA / EIA / ECB) — NOT in repo.,2022
STP,automotive,0.000031,,0.000087,5,DATA_PRESENT,OECD_ICIO,Aggregated from 1 OECD ISIC sectors; gross_output=0 USD m,2022
STP,electronics,0.000047,,0.001285,5,DATA_PRESENT,OECD_ICIO,Aggregated from 2 OECD ISIC sectors; gross_output=1 USD m,2022
STP,aerospace,0.000003,,0.000001,5,DATA_PRESENT,OECD_ICIO,Aggregated from 1 OECD ISIC sectors; gross_output=0 USD m,2022
STP,shipping,0.063058,,0.089508,5,DATA_PRESENT,OECD_ICIO,Aggregated from 2 OECD ISIC sectors; gross_output=65 USD m,2022
STP,energy,,,,,MISSING_OECD_HAS_NO_SOURCE,OECD_ICIO_DOES_NOT_SEPARATE_THIS_SECTOR,OECD ICIO has no clean line item for this sector. See OECD_ICIO_SCHEMA_AUDIT.md for the bundling explanation. Requires supplementary source (SIA / EIA / ECB) — NOT in repo.,2022
STP,consumer_goods,0.199307,,0.138007,5,DATA_PRESENT,OECD_ICIO,Aggregated from 11 OECD ISIC sectors; gross_output=145 USD m,2022
STP,banking,0.094094,,0.185133,5,DATA_PRESENT,OECD_ICIO,Aggregated from 1 OECD ISIC sectors; gross_output=185 USD m,2022
STP,insurance,,,,,MISSING_OECD_HAS_NO_SOURCE,OECD_ICIO_DOES_NOT_SEPARATE_THIS_SECTOR,OECD ICIO has no clean line item for this sector. See OECD_ICIO_SCHEMA_AUDIT.md for the bundling explanation. Requires supplementary source (SIA / EIA / ECB) — NOT in repo.,2022
STP,capital_markets,,,,,MISSING_OECD_HAS_NO_SOURCE,OECD_ICIO_DOES_NOT_SEPARATE_THIS_SECTOR,OECD ICIO has no clean line item for this sector. See OECD_ICIO_SCHEMA_AUDIT.md for the bundling explanation. Requires supplementary source (SIA / EIA / ECB) — NOT in repo.,2022
STP,oil,0.001647,,0.003037,5,DATA_PRESENT,OECD_ICIO,Aggregated from 2 OECD ISIC sectors; gross_output=2 USD m,2022
STP,gas,,,,,MISSING_OECD_HAS_NO_SOURCE,OECD_ICIO_DOES_NOT_SEPARATE_THIS_SECTOR,OECD ICIO has no clean line item for this sector. See OECD_ICIO_SCHEMA_AUDIT.md for the bundling explanation. Requires supplementary source (SIA / EIA / ECB) — NOT in repo.,2022
STP,utilities,0.023624,,0.034009,5,DATA_PRESENT,OECD_ICIO,Aggregated from 2 OECD ISIC sectors; gross_output=47 USD m,2022
STP,aviation,0.008142,,0.042254,5,DATA_PRESENT,OECD_ICIO,Aggregated from 1 OECD ISIC sectors; gross_output=17 USD m,2022
STP,ports,0.042915,,0.049603,5,DATA_PRESENT,OECD_ICIO,Aggregated from 1 OECD ISIC sectors; gross_output=42 USD m,2022
STP,telecommunications,0.044924,,0.077289,5,DATA_PRESENT,OECD_ICIO,Aggregated from 3 OECD ISIC sectors; gross_output=38 USD m,2022
STP,agriculture,0.130569,,0.093977,5,DATA_PRESENT,OECD_ICIO,Aggregated from 3 OECD ISIC sectors; gross_output=94 USD m,2022
STP,tourism,0.108025,,0.135551,5,DATA_PRESENT,OECD_ICIO,Aggregated from 1 OECD ISIC sectors; gross_output=79 USD m,2022
STP,government,0.137636,,0.026208,5,DATA_PRESENT,OECD_ICIO,Aggregated from 2 OECD ISIC sectors; gross_output=92 USD m,2022
SVK,semiconductors,,,,,MISSING_OECD_HAS_NO_SOURCE,OECD_ICIO_DOES_NOT_SEPARATE_THIS_SECTOR,OECD ICIO has no clean line item for this sector. See OECD_ICIO_SCHEMA_AUDIT.md for the bundling explanation. Requires supplementary source (SIA / EIA / ECB) — NOT in repo.,2022
SVK,automotive,0.035803,,0.344244,5,DATA_PRESENT,OECD_ICIO,"Aggregated from 1 OECD ISIC sectors; gross_output=35,797 USD m",2022
SVK,electronics,0.014851,,0.067215,5,DATA_PRESENT,OECD_ICIO,"Aggregated from 2 OECD ISIC sectors; gross_output=9,799 USD m",2022
SVK,aerospace,0.001645,,0.003094,5,DATA_PRESENT,OECD_ICIO,Aggregated from 1 OECD ISIC sectors; gross_output=750 USD m,2022
SVK,shipping,0.037722,,0.029040,5,DATA_PRESENT,OECD_ICIO,"Aggregated from 2 OECD ISIC sectors; gross_output=8,979 USD m",2022
SVK,energy,,,,,MISSING_OECD_HAS_NO_SOURCE,OECD_ICIO_DOES_NOT_SEPARATE_THIS_SECTOR,OECD ICIO has no clean line item for this sector. See OECD_ICIO_SCHEMA_AUDIT.md for the bundling explanation. Requires supplementary source (SIA / EIA / ECB) — NOT in repo.,2022
SVK,consumer_goods,0.210202,,0.255004,5,DATA_PRESENT,OECD_ICIO,"Aggregated from 11 OECD ISIC sectors; gross_output=59,706 USD m",2022
SVK,banking,0.026818,,0.006107,5,DATA_PRESENT,OECD_ICIO,"Aggregated from 1 OECD ISIC sectors; gross_output=5,728 USD m",2022
SVK,insurance,,,,,MISSING_OECD_HAS_NO_SOURCE,OECD_ICIO_DOES_NOT_SEPARATE_THIS_SECTOR,OECD ICIO has no clean line item for this sector. See OECD_ICIO_SCHEMA_AUDIT.md for the bundling explanation. Requires supplementary source (SIA / EIA / ECB) — NOT in repo.,2022
SVK,capital_markets,,,,,MISSING_OECD_HAS_NO_SOURCE,OECD_ICIO_DOES_NOT_SEPARATE_THIS_SECTOR,OECD ICIO has no clean line item for this sector. See OECD_ICIO_SCHEMA_AUDIT.md for the bundling explanation. Requires supplementary source (SIA / EIA / ECB) — NOT in repo.,2022
SVK,oil,0.012386,,0.030398,5,DATA_PRESENT,OECD_ICIO,"Aggregated from 2 OECD ISIC sectors; gross_output=6,141 USD m",2022
SVK,gas,,,,,MISSING_OECD_HAS_NO_SOURCE,OECD_ICIO_DOES_NOT_SEPARATE_THIS_SECTOR,OECD ICIO has no clean line item for this sector. See OECD_ICIO_SCHEMA_AUDIT.md for the bundling explanation. Requires supplementary source (SIA / EIA / ECB) — NOT in repo.,2022
SVK,utilities,0.015584,,0.037843,5,DATA_PRESENT,OECD_ICIO,"Aggregated from 2 OECD ISIC sectors; gross_output=22,556 USD m",2022
SVK,aviation,0.000350,,0.001057,5,DATA_PRESENT,OECD_ICIO,Aggregated from 1 OECD ISIC sectors; gross_output=253 USD m,2022
SVK,ports,0.024906,,0.012010,5,DATA_PRESENT,OECD_ICIO,"Aggregated from 1 OECD ISIC sectors; gross_output=6,818 USD m",2022
SVK,telecommunications,0.051703,,0.023175,5,DATA_PRESENT,OECD_ICIO,"Aggregated from 3 OECD ISIC sectors; gross_output=10,209 USD m",2022
SVK,agriculture,0.021247,,0.018579,5,DATA_PRESENT,OECD_ICIO,"Aggregated from 3 OECD ISIC sectors; gross_output=5,667 USD m",2022
SVK,tourism,0.018139,,0.005418,5,DATA_PRESENT,OECD_ICIO,"Aggregated from 1 OECD ISIC sectors; gross_output=3,277 USD m",2022
SVK,government,0.115911,,0.006550,5,DATA_PRESENT,OECD_ICIO,"Aggregated from 2 OECD ISIC sectors; gross_output=17,172 USD m",2022
SVN,semiconductors,,,,,MISSING_OECD_HAS_NO_SOURCE,OECD_ICIO_DOES_NOT_SEPARATE_THIS_SECTOR,OECD ICIO has no clean line item for this sector. See OECD_ICIO_SCHEMA_AUDIT.md for the bundling explanation. Requires supplementary source (SIA / EIA / ECB) — NOT in repo.,2022
SVN,automotive,0.013976,,0.065372,5,DATA_PRESENT,OECD_ICIO,"Aggregated from 1 OECD ISIC sectors; gross_output=3,661 USD m",2022
SVN,electronics,0.030747,,0.101683,5,DATA_PRESENT,OECD_ICIO,"Aggregated from 2 OECD ISIC sectors; gross_output=5,969 USD m",2022
SVN,aerospace,0.000491,,0.001753,5,DATA_PRESENT,OECD_ICIO,Aggregated from 1 OECD ISIC sectors; gross_output=98 USD m,2022
SVN,shipping,0.035609,,0.057919,5,DATA_PRESENT,OECD_ICIO,"Aggregated from 2 OECD ISIC sectors; gross_output=5,189 USD m",2022
SVN,energy,,,,,MISSING_OECD_HAS_NO_SOURCE,OECD_ICIO_DOES_NOT_SEPARATE_THIS_SECTOR,OECD ICIO has no clean line item for this sector. See OECD_ICIO_SCHEMA_AUDIT.md for the bundling explanation. Requires supplementary source (SIA / EIA / ECB) — NOT in repo.,2022
SVN,consumer_goods,0.248801,,0.395982,5,DATA_PRESENT,OECD_ICIO,"Aggregated from 11 OECD ISIC sectors; gross_output=33,555 USD m",2022
SVN,banking,0.041391,,0.009891,5,DATA_PRESENT,OECD_ICIO,"Aggregated from 1 OECD ISIC sectors; gross_output=3,536 USD m",2022
SVN,insurance,,,,,MISSING_OECD_HAS_NO_SOURCE,OECD_ICIO_DOES_NOT_SEPARATE_THIS_SECTOR,OECD ICIO has no clean line item for this sector. See OECD_ICIO_SCHEMA_AUDIT.md for the bundling explanation. Requires supplementary source (SIA / EIA / ECB) — NOT in repo.,2022
SVN,capital_markets,,,,,MISSING_OECD_HAS_NO_SOURCE,OECD_ICIO_DOES_NOT_SEPARATE_THIS_SECTOR,OECD ICIO has no clean line item for this sector. See OECD_ICIO_SCHEMA_AUDIT.md for the bundling explanation. Requires supplementary source (SIA / EIA / ECB) — NOT in repo.,2022
SVN,oil,0.000010,,0.000009,5,DATA_PRESENT,OECD_ICIO,Aggregated from 2 OECD ISIC sectors; gross_output=1 USD m,2022
SVN,gas,,,,,MISSING_OECD_HAS_NO_SOURCE,OECD_ICIO_DOES_NOT_SEPARATE_THIS_SECTOR,OECD ICIO has no clean line item for this sector. See OECD_ICIO_SCHEMA_AUDIT.md for the bundling explanation. Requires supplementary source (SIA / EIA / ECB) — NOT in repo.,2022
SVN,utilities,0.021053,,0.028363,5,DATA_PRESENT,OECD_ICIO,"Aggregated from 2 OECD ISIC sectors; gross_output=3,919 USD m",2022
SVN,aviation,0.001227,,0.001623,5,DATA_PRESENT,OECD_ICIO,Aggregated from 1 OECD ISIC sectors; gross_output=131 USD m,2022
SVN,ports,0.023832,,0.025036,5,DATA_PRESENT,OECD_ICIO,"Aggregated from 1 OECD ISIC sectors; gross_output=3,453 USD m",2022
SVN,telecommunications,0.044091,,0.027775,5,DATA_PRESENT,OECD_ICIO,"Aggregated from 3 OECD ISIC sectors; gross_output=4,673 USD m",2022
SVN,agriculture,0.019419,,0.021181,5,DATA_PRESENT,OECD_ICIO,"Aggregated from 3 OECD ISIC sectors; gross_output=2,354 USD m",2022
SVN,tourism,0.024710,,0.024388,5,DATA_PRESENT,OECD_ICIO,"Aggregated from 1 OECD ISIC sectors; gross_output=2,925 USD m",2022
SVN,government,0.113554,,0.013248,5,DATA_PRESENT,OECD_ICIO,"Aggregated from 2 OECD ISIC sectors; gross_output=8,370 USD m",2022
SWE,semiconductors,,,,,MISSING_OECD_HAS_NO_SOURCE,OECD_ICIO_DOES_NOT_SEPARATE_THIS_SECTOR,OECD ICIO has no clean line item for this sector. See OECD_ICIO_SCHEMA_AUDIT.md for the bundling explanation. Requires supplementary source (SIA / EIA / ECB) — NOT in repo.,2022
SWE,automotive,0.022317,,0.082992,5,DATA_PRESENT,OECD_ICIO,"Aggregated from 1 OECD ISIC sectors; gross_output=40,864 USD m",2022
SWE,electronics,0.010853,,0.032320,5,DATA_PRESENT,OECD_ICIO,"Aggregated from 2 OECD ISIC sectors; gross_output=16,284 USD m",2022
SWE,aerospace,0.003942,,0.004582,5,DATA_PRESENT,OECD_ICIO,"Aggregated from 1 OECD ISIC sectors; gross_output=4,831 USD m",2022
SWE,shipping,0.023984,,0.024475,5,DATA_PRESENT,OECD_ICIO,"Aggregated from 2 OECD ISIC sectors; gross_output=30,726 USD m",2022
SWE,energy,,,,,MISSING_OECD_HAS_NO_SOURCE,OECD_ICIO_DOES_NOT_SEPARATE_THIS_SECTOR,OECD ICIO has no clean line item for this sector. See OECD_ICIO_SCHEMA_AUDIT.md for the bundling explanation. Requires supplementary source (SIA / EIA / ECB) — NOT in repo.,2022
SWE,consumer_goods,0.202833,,0.344578,5,DATA_PRESENT,OECD_ICIO,"Aggregated from 11 OECD ISIC sectors; gross_output=256,458 USD m",2022
SWE,banking,0.042644,,0.020562,5,DATA_PRESENT,OECD_ICIO,"Aggregated from 1 OECD ISIC sectors; gross_output=31,901 USD m",2022
SWE,insurance,,,,,MISSING_OECD_HAS_NO_SOURCE,OECD_ICIO_DOES_NOT_SEPARATE_THIS_SECTOR,OECD ICIO has no clean line item for this sector. See OECD_ICIO_SCHEMA_AUDIT.md for the bundling explanation. Requires supplementary source (SIA / EIA / ECB) — NOT in repo.,2022
SWE,capital_markets,,,,,MISSING_OECD_HAS_NO_SOURCE,OECD_ICIO_DOES_NOT_SEPARATE_THIS_SECTOR,OECD ICIO has no clean line item for this sector. See OECD_ICIO_SCHEMA_AUDIT.md for the bundling explanation. Requires supplementary source (SIA / EIA / ECB) — NOT in repo.,2022
SWE,oil,0.004221,,0.060520,5,DATA_PRESENT,OECD_ICIO,"Aggregated from 2 OECD ISIC sectors; gross_output=22,115 USD m",2022
SWE,gas,,,,,MISSING_OECD_HAS_NO_SOURCE,OECD_ICIO_DOES_NOT_SEPARATE_THIS_SECTOR,OECD ICIO has no clean line item for this sector. See OECD_ICIO_SCHEMA_AUDIT.md for the bundling explanation. Requires supplementary source (SIA / EIA / ECB) — NOT in repo.,2022
SWE,utilities,0.037663,,0.032288,5,DATA_PRESENT,OECD_ICIO,"Aggregated from 2 OECD ISIC sectors; gross_output=44,037 USD m",2022
SWE,aviation,0.000275,,0.007963,5,DATA_PRESENT,OECD_ICIO,"Aggregated from 1 OECD ISIC sectors; gross_output=3,341 USD m",2022
SWE,ports,0.020286,,0.023581,5,DATA_PRESENT,OECD_ICIO,"Aggregated from 1 OECD ISIC sectors; gross_output=23,722 USD m",2022
SWE,telecommunications,0.077159,,0.095785,5,DATA_PRESENT,OECD_ICIO,"Aggregated from 3 OECD ISIC sectors; gross_output=91,119 USD m",2022
SWE,agriculture,0.011681,,0.010567,5,DATA_PRESENT,OECD_ICIO,"Aggregated from 3 OECD ISIC sectors; gross_output=21,080 USD m",2022
SWE,tourism,0.016293,,0.016769,5,DATA_PRESENT,OECD_ICIO,"Aggregated from 1 OECD ISIC sectors; gross_output=20,457 USD m",2022
SWE,government,0.100945,,0.008981,5,DATA_PRESENT,OECD_ICIO,"Aggregated from 2 OECD ISIC sectors; gross_output=68,478 USD m",2022
THA,semiconductors,,,,,MISSING_OECD_HAS_NO_SOURCE,OECD_ICIO_DOES_NOT_SEPARATE_THIS_SECTOR,OECD ICIO has no clean line item for this sector. See OECD_ICIO_SCHEMA_AUDIT.md for the bundling explanation. Requires supplementary source (SIA / EIA / ECB) — NOT in repo.,2022
THA,automotive,0.019212,,0.084542,5,DATA_PRESENT,OECD_ICIO,"Aggregated from 1 OECD ISIC sectors; gross_output=43,031 USD m",2022
THA,electronics,0.032992,,0.192467,5,DATA_PRESENT,OECD_ICIO,"Aggregated from 2 OECD ISIC sectors; gross_output=106,784 USD m",2022
THA,aerospace,0.002296,,0.011109,5,DATA_PRESENT,OECD_ICIO,"Aggregated from 1 OECD ISIC sectors; gross_output=6,210 USD m",2022
THA,shipping,0.026672,,0.033328,5,DATA_PRESENT,OECD_ICIO,"Aggregated from 2 OECD ISIC sectors; gross_output=34,868 USD m",2022
THA,energy,,,,,MISSING_OECD_HAS_NO_SOURCE,OECD_ICIO_DOES_NOT_SEPARATE_THIS_SECTOR,OECD ICIO has no clean line item for this sector. See OECD_ICIO_SCHEMA_AUDIT.md for the bundling explanation. Requires supplementary source (SIA / EIA / ECB) — NOT in repo.,2022
THA,consumer_goods,0.345852,,0.400054,5,DATA_PRESENT,OECD_ICIO,"Aggregated from 11 OECD ISIC sectors; gross_output=390,361 USD m",2022
THA,banking,0.078143,,0.007294,5,DATA_PRESENT,OECD_ICIO,"Aggregated from 1 OECD ISIC sectors; gross_output=43,649 USD m",2022
THA,insurance,,,,,MISSING_OECD_HAS_NO_SOURCE,OECD_ICIO_DOES_NOT_SEPARATE_THIS_SECTOR,OECD ICIO has no clean line item for this sector. See OECD_ICIO_SCHEMA_AUDIT.md for the bundling explanation. Requires supplementary source (SIA / EIA / ECB) — NOT in repo.,2022
THA,capital_markets,,,,,MISSING_OECD_HAS_NO_SOURCE,OECD_ICIO_DOES_NOT_SEPARATE_THIS_SECTOR,OECD ICIO has no clean line item for this sector. See OECD_ICIO_SCHEMA_AUDIT.md for the bundling explanation. Requires supplementary source (SIA / EIA / ECB) — NOT in repo.,2022
THA,oil,0.049647,,0.049521,5,DATA_PRESENT,OECD_ICIO,"Aggregated from 2 OECD ISIC sectors; gross_output=51,614 USD m",2022
THA,gas,,,,,MISSING_OECD_HAS_NO_SOURCE,OECD_ICIO_DOES_NOT_SEPARATE_THIS_SECTOR,OECD ICIO has no clean line item for this sector. See OECD_ICIO_SCHEMA_AUDIT.md for the bundling explanation. Requires supplementary source (SIA / EIA / ECB) — NOT in repo.,2022
THA,utilities,0.031155,,0.042897,5,DATA_PRESENT,OECD_ICIO,"Aggregated from 2 OECD ISIC sectors; gross_output=56,791 USD m",2022
THA,aviation,0.004015,,0.018344,5,DATA_PRESENT,OECD_ICIO,"Aggregated from 1 OECD ISIC sectors; gross_output=12,383 USD m",2022
THA,ports,0.008674,,0.001705,5,DATA_PRESENT,OECD_ICIO,"Aggregated from 1 OECD ISIC sectors; gross_output=5,240 USD m",2022
THA,telecommunications,0.026253,,0.012580,5,DATA_PRESENT,OECD_ICIO,"Aggregated from 3 OECD ISIC sectors; gross_output=22,493 USD m",2022
THA,agriculture,0.081348,,0.032421,5,DATA_PRESENT,OECD_ICIO,"Aggregated from 3 OECD ISIC sectors; gross_output=65,850 USD m",2022
THA,tourism,0.039743,,0.013270,5,DATA_PRESENT,OECD_ICIO,"Aggregated from 1 OECD ISIC sectors; gross_output=45,280 USD m",2022
THA,government,0.097221,,0.006588,5,DATA_PRESENT,OECD_ICIO,"Aggregated from 2 OECD ISIC sectors; gross_output=60,382 USD m",2022
TUN,semiconductors,,,,,MISSING_OECD_HAS_NO_SOURCE,OECD_ICIO_DOES_NOT_SEPARATE_THIS_SECTOR,OECD ICIO has no clean line item for this sector. See OECD_ICIO_SCHEMA_AUDIT.md for the bundling explanation. Requires supplementary source (SIA / EIA / ECB) — NOT in repo.,2022
TUN,automotive,0.008190,,0.037944,5,DATA_PRESENT,OECD_ICIO,"Aggregated from 1 OECD ISIC sectors; gross_output=1,022 USD m",2022
TUN,electronics,0.025730,,0.109609,5,DATA_PRESENT,OECD_ICIO,"Aggregated from 2 OECD ISIC sectors; gross_output=2,763 USD m",2022
TUN,aerospace,0.001285,,0.005062,5,DATA_PRESENT,OECD_ICIO,Aggregated from 1 OECD ISIC sectors; gross_output=131 USD m,2022
TUN,shipping,0.048465,,0.055677,5,DATA_PRESENT,OECD_ICIO,"Aggregated from 2 OECD ISIC sectors; gross_output=4,070 USD m",2022
TUN,energy,,,,,MISSING_OECD_HAS_NO_SOURCE,OECD_ICIO_DOES_NOT_SEPARATE_THIS_SECTOR,OECD ICIO has no clean line item for this sector. See OECD_ICIO_SCHEMA_AUDIT.md for the bundling explanation. Requires supplementary source (SIA / EIA / ECB) — NOT in repo.,2022
TUN,consumer_goods,0.220208,,0.414061,5,DATA_PRESENT,OECD_ICIO,"Aggregated from 11 OECD ISIC sectors; gross_output=20,177 USD m",2022
TUN,banking,0.044663,,0.011030,5,DATA_PRESENT,OECD_ICIO,"Aggregated from 1 OECD ISIC sectors; gross_output=2,893 USD m",2022
TUN,insurance,,,,,MISSING_OECD_HAS_NO_SOURCE,OECD_ICIO_DOES_NOT_SEPARATE_THIS_SECTOR,OECD ICIO has no clean line item for this sector. See OECD_ICIO_SCHEMA_AUDIT.md for the bundling explanation. Requires supplementary source (SIA / EIA / ECB) — NOT in repo.,2022
TUN,capital_markets,,,,,MISSING_OECD_HAS_NO_SOURCE,OECD_ICIO_DOES_NOT_SEPARATE_THIS_SECTOR,OECD ICIO has no clean line item for this sector. See OECD_ICIO_SCHEMA_AUDIT.md for the bundling explanation. Requires supplementary source (SIA / EIA / ECB) — NOT in repo.,2022
TUN,oil,0.030177,,0.066620,5,DATA_PRESENT,OECD_ICIO,"Aggregated from 2 OECD ISIC sectors; gross_output=2,006 USD m",2022
TUN,gas,,,,,MISSING_OECD_HAS_NO_SOURCE,OECD_ICIO_DOES_NOT_SEPARATE_THIS_SECTOR,OECD ICIO has no clean line item for this sector. See OECD_ICIO_SCHEMA_AUDIT.md for the bundling explanation. Requires supplementary source (SIA / EIA / ECB) — NOT in repo.,2022
TUN,utilities,0.016082,,0.010969,5,DATA_PRESENT,OECD_ICIO,"Aggregated from 2 OECD ISIC sectors; gross_output=1,361 USD m",2022
TUN,aviation,0.004494,,0.014099,5,DATA_PRESENT,OECD_ICIO,Aggregated from 1 OECD ISIC sectors; gross_output=448 USD m,2022
TUN,ports,0.023926,,0.021717,5,DATA_PRESENT,OECD_ICIO,"Aggregated from 1 OECD ISIC sectors; gross_output=1,936 USD m",2022
TUN,telecommunications,0.048360,,0.019354,5,DATA_PRESENT,OECD_ICIO,"Aggregated from 3 OECD ISIC sectors; gross_output=3,358 USD m",2022
TUN,agriculture,0.109008,,0.059581,5,DATA_PRESENT,OECD_ICIO,"Aggregated from 3 OECD ISIC sectors; gross_output=8,750 USD m",2022
TUN,tourism,0.046948,,0.022823,5,DATA_PRESENT,OECD_ICIO,"Aggregated from 1 OECD ISIC sectors; gross_output=3,647 USD m",2022
TUN,government,0.184533,,0.023063,5,DATA_PRESENT,OECD_ICIO,"Aggregated from 2 OECD ISIC sectors; gross_output=10,598 USD m",2022
TUR,semiconductors,,,,,MISSING_OECD_HAS_NO_SOURCE,OECD_ICIO_DOES_NOT_SEPARATE_THIS_SECTOR,OECD ICIO has no clean line item for this sector. See OECD_ICIO_SCHEMA_AUDIT.md for the bundling explanation. Requires supplementary source (SIA / EIA / ECB) — NOT in repo.,2022
TUR,automotive,0.009539,,0.062672,5,DATA_PRESENT,OECD_ICIO,"Aggregated from 1 OECD ISIC sectors; gross_output=34,273 USD m",2022
TUR,electronics,0.009044,,0.045343,5,DATA_PRESENT,OECD_ICIO,"Aggregated from 2 OECD ISIC sectors; gross_output=28,823 USD m",2022
TUR,aerospace,0.001677,,0.005775,5,DATA_PRESENT,OECD_ICIO,"Aggregated from 1 OECD ISIC sectors; gross_output=2,835 USD m",2022
TUR,shipping,0.078052,,0.053090,5,DATA_PRESENT,OECD_ICIO,"Aggregated from 2 OECD ISIC sectors; gross_output=123,613 USD m",2022
TUR,energy,,,,,MISSING_OECD_HAS_NO_SOURCE,OECD_ICIO_DOES_NOT_SEPARATE_THIS_SECTOR,OECD ICIO has no clean line item for this sector. See OECD_ICIO_SCHEMA_AUDIT.md for the bundling explanation. Requires supplementary source (SIA / EIA / ECB) — NOT in repo.,2022
TUR,consumer_goods,0.296968,,0.372209,5,DATA_PRESENT,OECD_ICIO,"Aggregated from 11 OECD ISIC sectors; gross_output=506,386 USD m",2022
TUR,banking,0.038360,,0.014512,5,DATA_PRESENT,OECD_ICIO,"Aggregated from 1 OECD ISIC sectors; gross_output=42,808 USD m",2022
TUR,insurance,,,,,MISSING_OECD_HAS_NO_SOURCE,OECD_ICIO_DOES_NOT_SEPARATE_THIS_SECTOR,OECD ICIO has no clean line item for this sector. See OECD_ICIO_SCHEMA_AUDIT.md for the bundling explanation. Requires supplementary source (SIA / EIA / ECB) — NOT in repo.,2022
TUR,capital_markets,,,,,MISSING_OECD_HAS_NO_SOURCE,OECD_ICIO_DOES_NOT_SEPARATE_THIS_SECTOR,OECD ICIO has no clean line item for this sector. See OECD_ICIO_SCHEMA_AUDIT.md for the bundling explanation. Requires supplementary source (SIA / EIA / ECB) — NOT in repo.,2022
TUR,oil,0.005554,,0.042386,5,DATA_PRESENT,OECD_ICIO,"Aggregated from 2 OECD ISIC sectors; gross_output=27,749 USD m",2022
TUR,gas,,,,,MISSING_OECD_HAS_NO_SOURCE,OECD_ICIO_DOES_NOT_SEPARATE_THIS_SECTOR,OECD ICIO has no clean line item for this sector. See OECD_ICIO_SCHEMA_AUDIT.md for the bundling explanation. Requires supplementary source (SIA / EIA / ECB) — NOT in repo.,2022
TUR,utilities,0.034224,,0.028695,5,DATA_PRESENT,OECD_ICIO,"Aggregated from 2 OECD ISIC sectors; gross_output=86,685 USD m",2022
TUR,aviation,0.007336,,0.022519,5,DATA_PRESENT,OECD_ICIO,"Aggregated from 1 OECD ISIC sectors; gross_output=12,688 USD m",2022
TUR,ports,0.022953,,0.010897,5,DATA_PRESENT,OECD_ICIO,"Aggregated from 1 OECD ISIC sectors; gross_output=24,830 USD m",2022
TUR,telecommunications,0.027579,,0.014963,5,DATA_PRESENT,OECD_ICIO,"Aggregated from 3 OECD ISIC sectors; gross_output=43,158 USD m",2022
TUR,agriculture,0.075413,,0.037347,5,DATA_PRESENT,OECD_ICIO,"Aggregated from 3 OECD ISIC sectors; gross_output=112,801 USD m",2022
TUR,tourism,0.033414,,0.025107,5,DATA_PRESENT,OECD_ICIO,"Aggregated from 1 OECD ISIC sectors; gross_output=48,336 USD m",2022
TUR,government,0.079246,,0.013589,5,DATA_PRESENT,OECD_ICIO,"Aggregated from 2 OECD ISIC sectors; gross_output=107,315 USD m",2022
TWN,semiconductors,,,,,MISSING_OECD_HAS_NO_SOURCE,OECD_ICIO_DOES_NOT_SEPARATE_THIS_SECTOR,OECD ICIO has no clean line item for this sector. See OECD_ICIO_SCHEMA_AUDIT.md for the bundling explanation. Requires supplementary source (SIA / EIA / ECB) — NOT in repo.,2022
TWN,automotive,0.006812,,0.015753,5,DATA_PRESENT,OECD_ICIO,"Aggregated from 1 OECD ISIC sectors; gross_output=17,387 USD m",2022
TWN,electronics,0.209718,,0.395900,5,DATA_PRESENT,OECD_ICIO,"Aggregated from 2 OECD ISIC sectors; gross_output=356,920 USD m",2022
TWN,aerospace,0.006073,,0.014380,5,DATA_PRESENT,OECD_ICIO,"Aggregated from 1 OECD ISIC sectors; gross_output=16,084 USD m",2022
TWN,shipping,0.024844,,0.015678,5,DATA_PRESENT,OECD_ICIO,"Aggregated from 2 OECD ISIC sectors; gross_output=32,533 USD m",2022
TWN,energy,,,,,MISSING_OECD_HAS_NO_SOURCE,OECD_ICIO_DOES_NOT_SEPARATE_THIS_SECTOR,OECD ICIO has no clean line item for this sector. See OECD_ICIO_SCHEMA_AUDIT.md for the bundling explanation. Requires supplementary source (SIA / EIA / ECB) — NOT in repo.,2022
TWN,consumer_goods,0.247491,,0.270917,5,DATA_PRESENT,OECD_ICIO,"Aggregated from 11 OECD ISIC sectors; gross_output=430,550 USD m",2022
TWN,banking,0.063844,,0.008703,5,DATA_PRESENT,OECD_ICIO,"Aggregated from 1 OECD ISIC sectors; gross_output=68,224 USD m",2022
TWN,insurance,,,,,MISSING_OECD_HAS_NO_SOURCE,OECD_ICIO_DOES_NOT_SEPARATE_THIS_SECTOR,OECD ICIO has no clean line item for this sector. See OECD_ICIO_SCHEMA_AUDIT.md for the bundling explanation. Requires supplementary source (SIA / EIA / ECB) — NOT in repo.,2022
TWN,capital_markets,,,,,MISSING_OECD_HAS_NO_SOURCE,OECD_ICIO_DOES_NOT_SEPARATE_THIS_SECTOR,OECD ICIO has no clean line item for this sector. See OECD_ICIO_SCHEMA_AUDIT.md for the bundling explanation. Requires supplementary source (SIA / EIA / ECB) — NOT in repo.,2022
TWN,oil,0.003869,,0.065686,5,DATA_PRESENT,OECD_ICIO,"Aggregated from 2 OECD ISIC sectors; gross_output=41,125 USD m",2022
TWN,gas,,,,,MISSING_OECD_HAS_NO_SOURCE,OECD_ICIO_DOES_NOT_SEPARATE_THIS_SECTOR,OECD ICIO has no clean line item for this sector. See OECD_ICIO_SCHEMA_AUDIT.md for the bundling explanation. Requires supplementary source (SIA / EIA / ECB) — NOT in repo.,2022
TWN,utilities,0.010611,,0.027594,5,DATA_PRESENT,OECD_ICIO,"Aggregated from 2 OECD ISIC sectors; gross_output=36,131 USD m",2022
TWN,aviation,0.003855,,0.012547,5,DATA_PRESENT,OECD_ICIO,"Aggregated from 1 OECD ISIC sectors; gross_output=9,731 USD m",2022
TWN,ports,0.008091,,0.007315,5,DATA_PRESENT,OECD_ICIO,"Aggregated from 1 OECD ISIC sectors; gross_output=9,511 USD m",2022
TWN,telecommunications,0.030800,,0.013364,5,DATA_PRESENT,OECD_ICIO,"Aggregated from 3 OECD ISIC sectors; gross_output=40,175 USD m",2022
TWN,agriculture,0.013929,,0.005633,5,DATA_PRESENT,OECD_ICIO,"Aggregated from 3 OECD ISIC sectors; gross_output=21,581 USD m",2022
TWN,tourism,0.023355,,0.005748,5,DATA_PRESENT,OECD_ICIO,"Aggregated from 1 OECD ISIC sectors; gross_output=36,926 USD m",2022
TWN,government,0.089098,,0.006069,5,DATA_PRESENT,OECD_ICIO,"Aggregated from 2 OECD ISIC sectors; gross_output=91,125 USD m",2022
UKR,semiconductors,,,,,MISSING_OECD_HAS_NO_SOURCE,OECD_ICIO_DOES_NOT_SEPARATE_THIS_SECTOR,OECD ICIO has no clean line item for this sector. See OECD_ICIO_SCHEMA_AUDIT.md for the bundling explanation. Requires supplementary source (SIA / EIA / ECB) — NOT in repo.,2022
UKR,automotive,0.001206,,0.006137,5,DATA_PRESENT,OECD_ICIO,"Aggregated from 1 OECD ISIC sectors; gross_output=1,004 USD m",2022
UKR,electronics,0.002913,,0.012545,5,DATA_PRESENT,OECD_ICIO,"Aggregated from 2 OECD ISIC sectors; gross_output=1,958 USD m",2022
UKR,aerospace,0.002566,,0.004784,5,DATA_PRESENT,OECD_ICIO,"Aggregated from 1 OECD ISIC sectors; gross_output=1,389 USD m",2022
UKR,shipping,0.050695,,0.066430,5,DATA_PRESENT,OECD_ICIO,"Aggregated from 2 OECD ISIC sectors; gross_output=18,236 USD m",2022
UKR,energy,,,,,MISSING_OECD_HAS_NO_SOURCE,OECD_ICIO_DOES_NOT_SEPARATE_THIS_SECTOR,OECD ICIO has no clean line item for this sector. See OECD_ICIO_SCHEMA_AUDIT.md for the bundling explanation. Requires supplementary source (SIA / EIA / ECB) — NOT in repo.,2022
UKR,consumer_goods,0.200861,,0.332077,5,DATA_PRESENT,OECD_ICIO,"Aggregated from 11 OECD ISIC sectors; gross_output=98,737 USD m",2022
UKR,banking,0.032791,,0.010479,5,DATA_PRESENT,OECD_ICIO,"Aggregated from 1 OECD ISIC sectors; gross_output=9,167 USD m",2022
UKR,insurance,,,,,MISSING_OECD_HAS_NO_SOURCE,OECD_ICIO_DOES_NOT_SEPARATE_THIS_SECTOR,OECD ICIO has no clean line item for this sector. See OECD_ICIO_SCHEMA_AUDIT.md for the bundling explanation. Requires supplementary source (SIA / EIA / ECB) — NOT in repo.,2022
UKR,capital_markets,,,,,MISSING_OECD_HAS_NO_SOURCE,OECD_ICIO_DOES_NOT_SEPARATE_THIS_SECTOR,OECD ICIO has no clean line item for this sector. See OECD_ICIO_SCHEMA_AUDIT.md for the bundling explanation. Requires supplementary source (SIA / EIA / ECB) — NOT in repo.,2022
UKR,oil,0.018035,,0.020694,5,DATA_PRESENT,OECD_ICIO,"Aggregated from 2 OECD ISIC sectors; gross_output=9,381 USD m",2022
UKR,gas,,,,,MISSING_OECD_HAS_NO_SOURCE,OECD_ICIO_DOES_NOT_SEPARATE_THIS_SECTOR,OECD ICIO has no clean line item for this sector. See OECD_ICIO_SCHEMA_AUDIT.md for the bundling explanation. Requires supplementary source (SIA / EIA / ECB) — NOT in repo.,2022
UKR,utilities,0.050487,,0.007994,5,DATA_PRESENT,OECD_ICIO,"Aggregated from 2 OECD ISIC sectors; gross_output=9,220 USD m",2022
UKR,aviation,0.004984,,0.019527,5,DATA_PRESENT,OECD_ICIO,"Aggregated from 1 OECD ISIC sectors; gross_output=3,109 USD m",2022
UKR,ports,0.023476,,0.022666,5,DATA_PRESENT,OECD_ICIO,"Aggregated from 1 OECD ISIC sectors; gross_output=7,984 USD m",2022
UKR,telecommunications,0.042590,,0.087105,5,DATA_PRESENT,OECD_ICIO,"Aggregated from 3 OECD ISIC sectors; gross_output=15,075 USD m",2022
UKR,agriculture,0.098811,,0.161151,5,DATA_PRESENT,OECD_ICIO,"Aggregated from 3 OECD ISIC sectors; gross_output=43,110 USD m",2022
UKR,tourism,0.008478,,0.004968,5,DATA_PRESENT,OECD_ICIO,"Aggregated from 1 OECD ISIC sectors; gross_output=3,149 USD m",2022
UKR,government,0.273904,,0.028837,5,DATA_PRESENT,OECD_ICIO,"Aggregated from 2 OECD ISIC sectors; gross_output=49,994 USD m",2022
USA,semiconductors,,,,,MISSING_OECD_HAS_NO_SOURCE,OECD_ICIO_DOES_NOT_SEPARATE_THIS_SECTOR,OECD ICIO has no clean line item for this sector. See OECD_ICIO_SCHEMA_AUDIT.md for the bundling explanation. Requires supplementary source (SIA / EIA / ECB) — NOT in repo.,2022
USA,automotive,0.005998,,0.045942,5,DATA_PRESENT,OECD_ICIO,"Aggregated from 1 OECD ISIC sectors; gross_output=733,535 USD m",2022
USA,electronics,0.017208,,0.042822,5,DATA_PRESENT,OECD_ICIO,"Aggregated from 2 OECD ISIC sectors; gross_output=646,395 USD m",2022
USA,aerospace,0.005378,,0.028298,5,DATA_PRESENT,OECD_ICIO,"Aggregated from 1 OECD ISIC sectors; gross_output=305,724 USD m",2022
USA,shipping,0.016386,,0.022456,5,DATA_PRESENT,OECD_ICIO,"Aggregated from 2 OECD ISIC sectors; gross_output=873,619 USD m",2022
USA,energy,,,,,MISSING_OECD_HAS_NO_SOURCE,OECD_ICIO_DOES_NOT_SEPARATE_THIS_SECTOR,OECD ICIO has no clean line item for this sector. See OECD_ICIO_SCHEMA_AUDIT.md for the bundling explanation. Requires supplementary source (SIA / EIA / ECB) — NOT in repo.,2022
USA,consumer_goods,0.166698,,0.301718,5,DATA_PRESENT,OECD_ICIO,"Aggregated from 11 OECD ISIC sectors; gross_output=8,793,911 USD m",2022
USA,banking,0.079552,,0.069769,5,DATA_PRESENT,OECD_ICIO,"Aggregated from 1 OECD ISIC sectors; gross_output=3,528,094 USD m",2022
USA,insurance,,,,,MISSING_OECD_HAS_NO_SOURCE,OECD_ICIO_DOES_NOT_SEPARATE_THIS_SECTOR,OECD ICIO has no clean line item for this sector. See OECD_ICIO_SCHEMA_AUDIT.md for the bundling explanation. Requires supplementary source (SIA / EIA / ECB) — NOT in repo.,2022
USA,capital_markets,,,,,MISSING_OECD_HAS_NO_SOURCE,OECD_ICIO_DOES_NOT_SEPARATE_THIS_SECTOR,OECD ICIO has no clean line item for this sector. See OECD_ICIO_SCHEMA_AUDIT.md for the bundling explanation. Requires supplementary source (SIA / EIA / ECB) — NOT in repo.,2022
USA,oil,0.023260,,0.118782,5,DATA_PRESENT,OECD_ICIO,"Aggregated from 2 OECD ISIC sectors; gross_output=1,595,141 USD m",2022
USA,gas,,,,,MISSING_OECD_HAS_NO_SOURCE,OECD_ICIO_DOES_NOT_SEPARATE_THIS_SECTOR,OECD ICIO has no clean line item for this sector. See OECD_ICIO_SCHEMA_AUDIT.md for the bundling explanation. Requires supplementary source (SIA / EIA / ECB) — NOT in repo.,2022
USA,utilities,0.019278,,0.013009,5,DATA_PRESENT,OECD_ICIO,"Aggregated from 2 OECD ISIC sectors; gross_output=842,492 USD m",2022
USA,aviation,0.005115,,0.009136,5,DATA_PRESENT,OECD_ICIO,"Aggregated from 1 OECD ISIC sectors; gross_output=252,594 USD m",2022
USA,ports,0.009040,,0.004983,5,DATA_PRESENT,OECD_ICIO,"Aggregated from 1 OECD ISIC sectors; gross_output=428,398 USD m",2022
USA,telecommunications,0.067501,,0.054263,5,DATA_PRESENT,OECD_ICIO,"Aggregated from 3 OECD ISIC sectors; gross_output=2,968,919 USD m",2022
USA,agriculture,0.012059,,0.023685,5,DATA_PRESENT,OECD_ICIO,"Aggregated from 3 OECD ISIC sectors; gross_output=663,889 USD m",2022
USA,tourism,0.027949,,0.018505,5,DATA_PRESENT,OECD_ICIO,"Aggregated from 1 OECD ISIC sectors; gross_output=1,397,056 USD m",2022
USA,government,0.129790,,0.029130,5,DATA_PRESENT,OECD_ICIO,"Aggregated from 2 OECD ISIC sectors; gross_output=5,145,937 USD m",2022
VNM,semiconductors,,,,,MISSING_OECD_HAS_NO_SOURCE,OECD_ICIO_DOES_NOT_SEPARATE_THIS_SECTOR,OECD ICIO has no clean line item for this sector. See OECD_ICIO_SCHEMA_AUDIT.md for the bundling explanation. Requires supplementary source (SIA / EIA / ECB) — NOT in repo.,2022
VNM,automotive,0.003873,,0.012844,5,DATA_PRESENT,OECD_ICIO,"Aggregated from 1 OECD ISIC sectors; gross_output=8,574 USD m",2022
VNM,electronics,0.151430,,0.353028,5,DATA_PRESENT,OECD_ICIO,"Aggregated from 2 OECD ISIC sectors; gross_output=247,043 USD m",2022
VNM,aerospace,0.002256,,0.007338,5,DATA_PRESENT,OECD_ICIO,"Aggregated from 1 OECD ISIC sectors; gross_output=4,840 USD m",2022
VNM,shipping,0.015981,,0.014188,5,DATA_PRESENT,OECD_ICIO,"Aggregated from 2 OECD ISIC sectors; gross_output=26,871 USD m",2022
VNM,energy,,,,,MISSING_OECD_HAS_NO_SOURCE,OECD_ICIO_DOES_NOT_SEPARATE_THIS_SECTOR,OECD ICIO has no clean line item for this sector. See OECD_ICIO_SCHEMA_AUDIT.md for the bundling explanation. Requires supplementary source (SIA / EIA / ECB) — NOT in repo.,2022
VNM,consumer_goods,0.279598,,0.393418,5,DATA_PRESENT,OECD_ICIO,"Aggregated from 11 OECD ISIC sectors; gross_output=486,671 USD m",2022
VNM,banking,0.031498,,0.003982,5,DATA_PRESENT,OECD_ICIO,"Aggregated from 1 OECD ISIC sectors; gross_output=33,176 USD m",2022
VNM,insurance,,,,,MISSING_OECD_HAS_NO_SOURCE,OECD_ICIO_DOES_NOT_SEPARATE_THIS_SECTOR,OECD ICIO has no clean line item for this sector. See OECD_ICIO_SCHEMA_AUDIT.md for the bundling explanation. Requires supplementary source (SIA / EIA / ECB) — NOT in repo.,2022
VNM,capital_markets,,,,,MISSING_OECD_HAS_NO_SOURCE,OECD_ICIO_DOES_NOT_SEPARATE_THIS_SECTOR,OECD ICIO has no clean line item for this sector. See OECD_ICIO_SCHEMA_AUDIT.md for the bundling explanation. Requires supplementary source (SIA / EIA / ECB) — NOT in repo.,2022
VNM,oil,0.010576,,0.024788,5,DATA_PRESENT,OECD_ICIO,"Aggregated from 2 OECD ISIC sectors; gross_output=46,116 USD m",2022
VNM,gas,,,,,MISSING_OECD_HAS_NO_SOURCE,OECD_ICIO_DOES_NOT_SEPARATE_THIS_SECTOR,OECD ICIO has no clean line item for this sector. See OECD_ICIO_SCHEMA_AUDIT.md for the bundling explanation. Requires supplementary source (SIA / EIA / ECB) — NOT in repo.,2022
VNM,utilities,0.042400,,0.013926,5,DATA_PRESENT,OECD_ICIO,"Aggregated from 2 OECD ISIC sectors; gross_output=62,723 USD m",2022
VNM,aviation,0.003475,,0.004376,5,DATA_PRESENT,OECD_ICIO,"Aggregated from 1 OECD ISIC sectors; gross_output=10,524 USD m",2022
VNM,ports,0.008046,,0.004320,5,DATA_PRESENT,OECD_ICIO,"Aggregated from 1 OECD ISIC sectors; gross_output=11,651 USD m",2022
VNM,telecommunications,0.016725,,0.007909,5,DATA_PRESENT,OECD_ICIO,"Aggregated from 3 OECD ISIC sectors; gross_output=23,296 USD m",2022
VNM,agriculture,0.110114,,0.043442,5,DATA_PRESENT,OECD_ICIO,"Aggregated from 3 OECD ISIC sectors; gross_output=185,042 USD m",2022
VNM,tourism,0.022590,,0.005329,5,DATA_PRESENT,OECD_ICIO,"Aggregated from 1 OECD ISIC sectors; gross_output=34,287 USD m",2022
VNM,government,0.053104,,0.004663,5,DATA_PRESENT,OECD_ICIO,"Aggregated from 2 OECD ISIC sectors; gross_output=38,441 USD m",2022
ZAF,semiconductors,,,,,MISSING_OECD_HAS_NO_SOURCE,OECD_ICIO_DOES_NOT_SEPARATE_THIS_SECTOR,OECD ICIO has no clean line item for this sector. See OECD_ICIO_SCHEMA_AUDIT.md for the bundling explanation. Requires supplementary source (SIA / EIA / ECB) — NOT in repo.,2022
ZAF,automotive,0.008608,,0.087043,5,DATA_PRESENT,OECD_ICIO,"Aggregated from 1 OECD ISIC sectors; gross_output=18,394 USD m",2022
ZAF,electronics,0.004267,,0.022650,5,DATA_PRESENT,OECD_ICIO,"Aggregated from 2 OECD ISIC sectors; gross_output=6,004 USD m",2022
ZAF,aerospace,0.001593,,0.003288,5,DATA_PRESENT,OECD_ICIO,"Aggregated from 1 OECD ISIC sectors; gross_output=1,116 USD m",2022
ZAF,shipping,0.018293,,0.027141,5,DATA_PRESENT,OECD_ICIO,"Aggregated from 2 OECD ISIC sectors; gross_output=17,975 USD m",2022
ZAF,energy,,,,,MISSING_OECD_HAS_NO_SOURCE,OECD_ICIO_DOES_NOT_SEPARATE_THIS_SECTOR,OECD ICIO has no clean line item for this sector. See OECD_ICIO_SCHEMA_AUDIT.md for the bundling explanation. Requires supplementary source (SIA / EIA / ECB) — NOT in repo.,2022
ZAF,consumer_goods,0.149141,,0.277789,5,DATA_PRESENT,OECD_ICIO,"Aggregated from 11 OECD ISIC sectors; gross_output=146,982 USD m",2022
ZAF,banking,0.130929,,0.005730,5,DATA_PRESENT,OECD_ICIO,"Aggregated from 1 OECD ISIC sectors; gross_output=53,280 USD m",2022
ZAF,insurance,,,,,MISSING_OECD_HAS_NO_SOURCE,OECD_ICIO_DOES_NOT_SEPARATE_THIS_SECTOR,OECD ICIO has no clean line item for this sector. See OECD_ICIO_SCHEMA_AUDIT.md for the bundling explanation. Requires supplementary source (SIA / EIA / ECB) — NOT in repo.,2022
ZAF,capital_markets,,,,,MISSING_OECD_HAS_NO_SOURCE,OECD_ICIO_DOES_NOT_SEPARATE_THIS_SECTOR,OECD ICIO has no clean line item for this sector. See OECD_ICIO_SCHEMA_AUDIT.md for the bundling explanation. Requires supplementary source (SIA / EIA / ECB) — NOT in repo.,2022
ZAF,oil,0.013953,,0.059976,5,DATA_PRESENT,OECD_ICIO,"Aggregated from 2 OECD ISIC sectors; gross_output=24,792 USD m",2022
ZAF,gas,,,,,MISSING_OECD_HAS_NO_SOURCE,OECD_ICIO_DOES_NOT_SEPARATE_THIS_SECTOR,OECD ICIO has no clean line item for this sector. See OECD_ICIO_SCHEMA_AUDIT.md for the bundling explanation. Requires supplementary source (SIA / EIA / ECB) — NOT in repo.,2022
ZAF,utilities,0.027894,,0.020681,5,DATA_PRESENT,OECD_ICIO,"Aggregated from 2 OECD ISIC sectors; gross_output=27,130 USD m",2022
ZAF,aviation,0.001607,,0.014183,5,DATA_PRESENT,OECD_ICIO,"Aggregated from 1 OECD ISIC sectors; gross_output=3,276 USD m",2022
ZAF,ports,0.007074,,0.017863,5,DATA_PRESENT,OECD_ICIO,"Aggregated from 1 OECD ISIC sectors; gross_output=10,883 USD m",2022
ZAF,telecommunications,0.058995,,0.019476,5,DATA_PRESENT,OECD_ICIO,"Aggregated from 3 OECD ISIC sectors; gross_output=36,080 USD m",2022
ZAF,agriculture,0.023253,,0.057266,5,DATA_PRESENT,OECD_ICIO,"Aggregated from 3 OECD ISIC sectors; gross_output=29,746 USD m",2022
ZAF,tourism,0.006992,,0.004240,5,DATA_PRESENT,OECD_ICIO,"Aggregated from 1 OECD ISIC sectors; gross_output=8,760 USD m",2022
ZAF,government,0.052996,,0.030817,5,DATA_PRESENT,OECD_ICIO,"Aggregated from 2 OECD ISIC sectors; gross_output=75,830 USD m",2022
