source,target,flow_usd_m,input_share,penetration
TWN:electronics_c26,CHN:electronics_c26,42526.3,0.03029,0.05116
KOR:electronics_c26,CHN:electronics_c26,39797.4,0.02834,0.04788
CHN:consumer_goods,CHN:automotive,20221.7,0.02711,0.97154
JPN:electronics_c26,CHN:electronics_c26,16883.4,0.01202,0.02031
VNM:electronics_c26,CHN:electronics_c26,16203.4,0.01154,0.01949
CHN:electronics_c26,CHN:automotive,15263.8,0.02046,0.76288
MEX:automotive,USA:automotive,14011.7,0.02717,0.11744
KOR:electronics_c26,VNM:electronics_c26,13850.4,0.13457,0.17731
CHN:electronics_c26,VNM:electronics_c26,13660.6,0.13273,0.17488
CHN:electronics_c26,KOR:electronics_c26,12996.9,0.06946,0.13718
CHN:electronics_c26,MEX:electronics_c26,12830.2,0.16434,0.30503
SGP:electronics_c26,CHN:electronics_c26,11507.4,0.0082,0.01384
USA:automotive,CAN:automotive,11213.6,0.18227,0.38628
MYS:electronics_c26,CHN:electronics_c26,10538.8,0.00751,0.01268
CHN:electronics_c26,TWN:electronics_c26,10124.5,0.07544,0.16385
USA:electronics_c26,CHN:electronics_c26,9912.5,0.00706,0.01193
CHN:consumer_goods,VNM:consumer_goods,9532.3,0.06929,0.22916
CHN:consumer_goods,CHN:electronics_c26,9520.9,0.00678,0.89732
USA:electronics_c26,USA:automotive,9316.9,0.01806,0.53958
CHN:shipping,CHN:consumer_goods,7822.3,0.00291,0.86839
CHN:shipping,CHN:electronics_c26,7472.4,0.00532,0.81207
DEU:electronics_c26,CHN:electronics_c26,7392.0,0.00526,0.00889
DEU:aerospace,FRA:aerospace,7253.3,0.07254,0.11893
THA:electronics_c26,CHN:electronics_c26,7196.8,0.00513,0.00866
USA:aerospace,FRA:aerospace,6981.7,0.06983,0.11448
USA:automotive,MEX:automotive,6934.9,0.0525,0.22316
JPN:automotive,USA:automotive,6669.2,0.01293,0.0559
CHN:electronics_c26,JPN:electronics_c26,6524.5,0.06244,0.21472
CHN:electronics_c26,SGP:electronics_c26,6154.0,0.08692,0.16737
CHN:electronics_c26,CHN:consumer_goods,6084.5,0.00227,0.75005
CAN:automotive,USA:automotive,5739.2,0.01113,0.0481
DEU:automotive,CHN:automotive,5564.4,0.00746,0.01784
CHN:electronics_c26,THA:electronics_c26,5439.1,0.06335,0.12112
KOR:electronics_c26,KOR:automotive,5330.0,0.03622,0.74705
JPN:automotive,CHN:automotive,5264.6,0.00706,0.01688
CHN:consumer_goods,BGD:consumer_goods,4773.3,0.08637,0.16795
IND:consumer_goods,IND:electronics_c26,4763.0,0.15226,0.99205
TWN:electronics_c26,SGP:electronics_c26,4647.3,0.06564,0.12639
JPN:automotive,JPN:consumer_goods,4599.0,0.01184,0.92394
CHN:electronics_c26,USA:electronics_c26,4571.3,0.03766,0.19511
CHN:consumer_goods,ROW:consumer_goods,4475.6,0.01416,0.06368
DEU:consumer_goods,DEU:automotive,4291.0,0.01483,0.74599
CZE:automotive,DEU:automotive,4204.8,0.01453,0.03711
JPN:electronics_c26,JPN:automotive,4198.6,0.01194,0.58284
USA:electronics_c26,USA:aerospace,4107.9,0.02653,0.55558
CHN:electronics_c26,DEU:electronics_c26,4086.6,0.07477,0.32793
CHN:electronics_c26,MYS:electronics_c26,4019.4,0.07527,0.16423
SGP:shipping,CHN:shipping,3936.0,0.03381,0.08152
KOR:electronics_c26,TWN:electronics_c26,3925.7,0.02925,0.06353
CHN:shipping,SGP:shipping,3884.9,0.05533,0.18498
PHL:electronics_c26,CHN:electronics_c26,3873.3,0.00276,0.00466
CHN:consumer_goods,JPN:consumer_goods,3849.8,0.00991,0.05018
CHN:electronics_c26,CHN:aerospace,3784.9,0.02824,0.76232
SGP:electronics_c26,MYS:electronics_c26,3749.6,0.07021,0.1532
CHN:consumer_goods,KOR:consumer_goods,3728.1,0.02474,0.08637
DEU:automotive,CZE:automotive,3525.4,0.08031,0.18552
IND:aerospace,IND:automotive,3438.3,0.03924,0.79014
USA:consumer_goods,USA:automotive,3432.8,0.00666,0.51988
JPN:consumer_goods,JPN:electronics_c26,3415.0,0.03268,0.88361
USA:electronics_c26,USA:consumer_goods,3324.8,0.00389,0.58432
CHN:electronics_c26,IND:electronics_c26,3307.7,0.10574,0.45808
CHN:electronics_c26,USA:automotive,3294.7,0.00639,0.19081
MEX:electronics_c26,MEX:automotive,3225.6,0.02442,0.37409
JPN:electronics_c26,JPN:consumer_goods,3180.3,0.00819,0.58368
CHN:shipping,HKG:shipping,3136.6,0.17878,0.27468
DEU:automotive,USA:automotive,3109.7,0.00603,0.02606
CHN:consumer_goods,USA:consumer_goods,3098.8,0.00362,0.0289
CHN:consumer_goods,CHN:shipping,3004.2,0.0258,0.96435
USA:electronics_c26,MEX:electronics_c26,2997.7,0.0384,0.07127
CHN:automotive,CHN:aerospace,2942.1,0.02195,0.92959
MEX:automotive,CAN:automotive,2901.6,0.04716,0.09995
ESP:automotive,DEU:automotive,2886.0,0.00997,0.02547
SGP:shipping,JPN:shipping,2880.5,0.10266,0.34517
IRL:electronics_c26,CHN:electronics_c26,2865.7,0.00204,0.00345
JPN:electronics_c26,TWN:electronics_c26,2836.0,0.02113,0.04589
VNM:electronics_c26,KOR:electronics_c26,2805.6,0.01499,0.02961
CHN:consumer_goods,IDN:consumer_goods,2790.5,0.01462,0.0486
HUN:automotive,DEU:automotive,2788.6,0.00964,0.02461
FRA:automotive,DEU:automotive,2755.8,0.00952,0.02432
KOR:automotive,USA:automotive,2728.3,0.00529,0.02287
GBR:aerospace,FRA:aerospace,2710.0,0.0271,0.04443
CHN:consumer_goods,CHN:aerospace,2661.1,0.01985,0.95757
DEU:automotive,FRA:automotive,2647.3,0.03464,0.10178
JPN:shipping,JPN:consumer_goods,2644.2,0.00681,0.853
SGP:electronics_c26,TWN:electronics_c26,2572.2,0.01917,0.04163
DEU:automotive,JPN:automotive,2566.0,0.0073,0.01535
CHN:aerospace,CHN:automotive,2550.9,0.00342,0.86395
DEU:automotive,SVK:automotive,2540.8,0.08493,0.14885
KOR:shipping,CHN:shipping,2537.2,0.02179,0.05255
USA:electronics_c26,VNM:electronics_c26,2536.8,0.02465,0.03248
DEU:automotive,ESP:automotive,2507.2,0.04148,0.12997
CHN:electronics_c26,MEX:automotive,2490.5,0.01885,0.28883
TWN:electronics_c26,KOR:electronics_c26,2480.6,0.01326,0.02618
POL:automotive,DEU:automotive,2470.6,0.00854,0.0218
FRA:aerospace,USA:aerospace,2460.4,0.01589,0.0441
DEU:automotive,GBR:automotive,2438.6,0.04276,0.19907
JPN:electronics_c26,VNM:electronics_c26,2430.4,0.02361,0.03111
CHN:shipping,CHN:automotive,2394.4,0.00321,0.83742
TWN:electronics_c26,VNM:electronics_c26,2301.4,0.02236,0.02946
DEU:automotive,HUN:automotive,2286.1,0.08589,0.28245
CHN:consumer_goods,THA:consumer_goods,2284.1,0.01687,0.05165
SGP:shipping,SGP:electronics_c26,2260.4,0.03193,0.94064
MYS:electronics_c26,SGP:electronics_c26,2201.0,0.03109,0.05986
DNK:shipping,SGP:shipping,2175.0,0.03098,0.10357
FRA:automotive,ESP:automotive,2171.9,0.03594,0.11259
KOR:electronics_c26,MEX:electronics_c26,2109.7,0.02702,0.05016
FRA:aerospace,CHN:aerospace,2102.2,0.01568,0.05392
TWN:consumer_goods,TWN:electronics_c26,2083.8,0.01553,0.74423
USA:aerospace,CAN:aerospace,2073.1,0.11003,0.21445
USA:electronics_c26,KOR:electronics_c26,2059.9,0.01101,0.02174
JPN:electronics_c26,KOR:electronics_c26,2054.5,0.01098,0.02169
CZE:automotive,SVK:automotive,2011.3,0.06723,0.11783
USA:automotive,CHN:automotive,2001.0,0.00268,0.00642
DEU:automotive,POL:automotive,1994.5,0.06225,0.19653
SVK:automotive,DEU:automotive,1986.7,0.00687,0.01753
USA:aerospace,GBR:aerospace,1984.0,0.07831,0.2471
DEU:automotive,KOR:automotive,1978.7,0.01345,0.03203
USA:automotive,USA:consumer_goods,1937.0,0.00226,0.63489
CHN:automotive,JPN:automotive,1934.9,0.0055,0.01158
USA:consumer_goods,MEX:consumer_goods,1932.3,0.01615,0.08722
CHN:electronics_c26,PHL:electronics_c26,1929.1,0.09834,0.17193
MYS:electronics_c26,MEX:electronics_c26,1909.8,0.02446,0.0454
CHN:automotive,USA:automotive,1909.6,0.0037,0.016
CHN:consumer_goods,ITA:consumer_goods,1898.1,0.00813,0.03478
TWN:electronics_c26,MYS:electronics_c26,1883.5,0.03527,0.07696
CHN:automotive,CHN:consumer_goods,1865.2,0.00069,0.90872
DNK:shipping,CHN:shipping,1833.1,0.01574,0.03797
ESP:automotive,FRA:automotive,1790.2,0.02343,0.06882
USA:electronics_c26,TWN:electronics_c26,1756.9,0.01309,0.02843
CHN:electronics_c26,CZE:electronics_c26,1733.3,0.14865,0.43456
AUT:automotive,DEU:automotive,1702.8,0.00589,0.01503
SGP:electronics_c26,KOR:electronics_c26,1701.4,0.00909,0.01796
FRA:aerospace,DEU:aerospace,1700.2,0.04387,0.1158
DEU:shipping,SGP:shipping,1697.5,0.02417,0.08083
USA:aerospace,JPN:aerospace,1693.3,0.05508,0.1394
JPN:electronics_c26,THA:electronics_c26,1681.6,0.01958,0.03745
IND:consumer_goods,IND:automotive,1678.3,0.01915,0.93061
SGP:electronics_c26,PHL:electronics_c26,1666.2,0.08494,0.1485
DEU:automotive,NLD:automotive,1660.5,0.11889,0.23705
FRA:consumer_goods,FRA:aerospace,1635.4,0.01636,0.79819
DEU:automotive,AUT:automotive,1623.1,0.10236,0.31477
USA:electronics_c26,MYS:electronics_c26,1622.6,0.03039,0.0663
KOR:consumer_goods,VNM:consumer_goods,1604.1,0.01166,0.03856
MEX:electronics_c26,USA:electronics_c26,1603.6,0.01321,0.06844
CHN:electronics_c26,NLD:electronics_c26,1596.0,0.07399,0.26661
JPN:shipping,JPN:automotive,1593.3,0.00453,0.73509
CHN:electronics_c26,ARE:electronics_c26,1590.7,0.27936,0.40645
KOR:electronics_c26,SGP:electronics_c26,1581.4,0.02234,0.04301
NOR:shipping,SGP:shipping,1578.4,0.02248,0.07516
USA:automotive,USA:aerospace,1575.1,0.01017,0.66008
CHN:electronics_c26,JPN:automotive,1544.5,0.00439,0.21441
CHN:electronics_c26,BRA:electronics_c26,1540.5,0.07161,0.15886
ITA:automotive,DEU:automotive,1537.6,0.00531,0.01357
SGP:electronics_c26,THA:electronics_c26,1536.0,0.01789,0.0342
DEU:consumer_goods,DEU:shipping,1525.2,0.04965,0.85189
MEX:consumer_goods,MEX:automotive,1522.6,0.01153,0.61642
SGP:shipping,ROW:shipping,1512.9,0.05507,0.12123
DEU:electronics_c26,HUN:electronics_c26,1508.3,0.12908,0.25802
USA:aerospace,CHN:aerospace,1483.5,0.01107,0.03805
CHN:automotive,CHN:electronics_c26,1482.7,0.00106,0.69949
CHN:aerospace,FRA:aerospace,1470.7,0.01471,0.02411
CHN:electronics_c26,CHE:electronics_c26,1467.6,0.03692,0.08321
JPN:automotive,CAN:automotive,1431.7,0.02327,0.04932
DEU:shipping,CHN:shipping,1417.9,0.01218,0.02937
TWN:consumer_goods,VNM:consumer_goods,1412.0,0.01026,0.03394
GBR:consumer_goods,GBR:automotive,1409.5,0.02471,0.76954
CHN:electronics_c26,USA:aerospace,1400.5,0.00905,0.18941
GBR:aerospace,GBR:consumer_goods,1398.7,0.01169,0.32009
ROW:shipping,ROW:consumer_goods,1381.3,0.00437,0.57007
HUN:automotive,SVK:automotive,1366.3,0.04567,0.08004
CHN:electronics_c26,RUS:electronics_c26,1361.6,0.10017,0.32228
USA:consumer_goods,CAN:consumer_goods,1359.6,0.01473,0.09007
CHN:consumer_goods,KHM:consumer_goods,1357.7,0.32369,0.55155
TWN:electronics_c26,MEX:electronics_c26,1356.0,0.01737,0.03224
CAN:aerospace,USA:aerospace,1352.8,0.00874,0.02425
DEU:automotive,ITA:automotive,1351.7,0.02571,0.16914
CHN:automotive,MEX:automotive,1351.1,0.01023,0.04348
MEX:electronics_c26,USA:automotive,1343.6,0.00261,0.07782
USA:shipping,USA:consumer_goods,1338.9,0.00157,0.88611
USA:consumer_goods,ROW:consumer_goods,1330.4,0.00421,0.01893
ROU:automotive,DEU:automotive,1328.3,0.00459,0.01172
CHN:consumer_goods,USA:automotive,1322.2,0.00256,0.20024
DEU:aerospace,DEU:consumer_goods,1315.8,0.00571,0.57032
USA:aerospace,DEU:aerospace,1312.7,0.03387,0.08941
DEU:consumer_goods,DEU:electronics_c26,1311.8,0.024,0.70561
CHN:electronics_c26,IDN:electronics_c26,1311.2,0.06532,0.17497
ESP:consumer_goods,ESP:automotive,1304.5,0.02158,0.59024
SGP:electronics_c26,IND:electronics_c26,1302.5,0.04164,0.18038
JPN:consumer_goods,JPN:shipping,1302.4,0.04642,0.84081
POL:automotive,CZE:automotive,1294.7,0.02949,0.06813
GRC:shipping,SGP:shipping,1293.6,0.01842,0.0616
GBR:automotive,USA:automotive,1293.2,0.00251,0.01084
USA:automotive,DEU:automotive,1291.7,0.00446,0.0114
TWN:electronics_c26,TWN:consumer_goods,1285.4,0.02472,0.90543
ZAF:automotive,DEU:automotive,1283.6,0.00444,0.01133
IRL:electronics_c26,VNM:electronics_c26,1281.5,0.01245,0.01641
USA:electronics_c26,SGP:electronics_c26,1257.0,0.01775,0.03419
KOR:consumer_goods,KOR:electronics_c26,1253.0,0.0067,0.46322
JPN:automotive,THA:automotive,1245.7,0.03583,0.12366
JPN:automotive,MEX:automotive,1244.8,0.00942,0.04006
CHN:automotive,KOR:automotive,1243.6,0.00845,0.02013
DEU:automotive,MEX:automotive,1238.7,0.00938,0.03986
VNM:electronics_c26,VNM:consumer_goods,1231.8,0.00895,0.42957
CHN:electronics_c26,DEU:consumer_goods,1230.5,0.00534,0.30442
KOR:automotive,SVK:automotive,1200.0,0.04011,0.0703
IND:automotive,IND:aerospace,1193.2,0.05238,0.94394
IND:consumer_goods,BGD:consumer_goods,1192.4,0.02158,0.04196
KOR:consumer_goods,KOR:automotive,1173.3,0.00797,0.63981
USA:shipping,USA:automotive,1172.2,0.00227,0.89879
JPN:electronics_c26,SGP:electronics_c26,1170.7,0.01653,0.03184
CHN:electronics_c26,JPN:consumer_goods,1163.6,0.00299,0.21355
KOR:shipping,SGP:shipping,1160.9,0.01653,0.05528
USA:aerospace,USA:automotive,1159.4,0.00225,0.84629
GBR:automotive,DEU:automotive,1159.1,0.00401,0.01023
VNM:consumer_goods,KOR:consumer_goods,1154.8,0.00766,0.02675
THA:consumer_goods,THA:electronics_c26,1142.4,0.0133,0.85221
VNM:electronics_c26,MEX:electronics_c26,1139.1,0.01459,0.02708
CHN:consumer_goods,MEX:consumer_goods,1114.2,0.00931,0.0503
CHN:electronics_c26,FRA:electronics_c26,1112.3,0.06909,0.28022
TWN:electronics_c26,CHN:automotive,1107.1,0.00148,0.05533
IND:consumer_goods,ROW:consumer_goods,1106.8,0.0035,0.01575
DEU:consumer_goods,NLD:consumer_goods,1105.9,0.01285,0.06247
TWN:electronics_c26,THA:electronics_c26,1101.3,0.01283,0.02452
CHN:consumer_goods,FRA:consumer_goods,1096.4,0.00551,0.02999
USA:aerospace,GBR:consumer_goods,1095.8,0.00916,0.25077
ITA:consumer_goods,ITA:automotive,1094.1,0.02081,0.80926
MEX:automotive,DEU:automotive,1088.4,0.00376,0.00961
ITA:automotive,ITA:consumer_goods,1087.6,0.00466,0.54283
NLD:consumer_goods,BEL:consumer_goods,1083.4,0.02167,0.09346
CHN:consumer_goods,TWN:consumer_goods,1082.8,0.02083,0.07935
ROW:shipping,SGP:shipping,1075.4,0.01532,0.05121
CHN:electronics_c26,HUN:electronics_c26,1073.6,0.09188,0.18366
CHN:electronics_c26,ROW:electronics_c26,1071.9,0.05883,0.22843
MYS:electronics_c26,TWN:electronics_c26,1067.7,0.00796,0.01728
CHN:consumer_goods,IND:consumer_goods,1062.3,0.00273,0.01118
FRA:aerospace,GBR:aerospace,1060.2,0.04185,0.13204
DEU:consumer_goods,ITA:consumer_goods,1059.7,0.00454,0.01942
CHN:electronics_c26,POL:electronics_c26,1048.1,0.12186,0.30932
JPN:automotive,DEU:automotive,1042.9,0.0036,0.0092
CHN:consumer_goods,ESP:consumer_goods,1039.9,0.0076,0.03089
TWN:electronics_c26,JPN:electronics_c26,1038.3,0.00994,0.03417
KOR:electronics_c26,CHN:automotive,1036.3,0.00139,0.0518
SGP:shipping,KOR:shipping,1021.9,0.04828,0.15472
KOR:electronics_c26,KOR:consumer_goods,1017.5,0.00675,0.76161
KOR:automotive,KOR:electronics_c26,998.1,0.00533,0.91091
JPN:electronics_c26,MYS:electronics_c26,989.8,0.01853,0.04044
ITA:aerospace,FRA:aerospace,988.4,0.00989,0.01621
USA:consumer_goods,JPN:consumer_goods,975.9,0.00251,0.01272
DEU:electronics_c26,CHE:electronics_c26,974.8,0.02452,0.05527
CHN:consumer_goods,MMR:consumer_goods,964.8,0.05806,0.31376
KOR:electronics_c26,PHL:electronics_c26,962.5,0.04907,0.08578
CHN:consumer_goods,DEU:consumer_goods,956.1,0.00415,0.02413
SGP:shipping,HKG:shipping,955.8,0.05448,0.0837
CHN:aerospace,CHN:consumer_goods,954.3,0.00036,0.86649
JPN:consumer_goods,JPN:automotive,944.8,0.00269,0.74157
MEX:automotive,MEX:electronics_c26,944.4,0.0121,0.94485
SGP:aerospace,SGP:shipping,940.6,0.0134,0.37007
CHN:electronics_c26,USA:consumer_goods,938.5,0.0011,0.16493
USA:electronics_c26,JPN:electronics_c26,935.0,0.00895,0.03077
TUR:automotive,DEU:automotive,923.4,0.00319,0.00815
THA:electronics_c26,MEX:electronics_c26,922.3,0.01181,0.02193
ROW:shipping,CHN:shipping,921.0,0.00791,0.01908
SGP:aerospace,FRA:aerospace,917.3,0.00917,0.01504
DEU:automotive,DEU:consumer_goods,914.8,0.00397,0.788
SGP:shipping,GRC:shipping,911.3,0.0634,0.1637
JPN:automotive,JPN:electronics_c26,901.4,0.00863,0.8958
PHL:electronics_c26,SGP:electronics_c26,900.6,0.01272,0.02449
CHN:consumer_goods,RUS:consumer_goods,898.4,0.00747,0.03759
THA:automotive,JPN:automotive,890.8,0.00253,0.00533
MYS:electronics_c26,THA:electronics_c26,889.3,0.01036,0.0198
CHE:consumer_goods,CHE:shipping,887.2,0.03935,0.68403
DEU:electronics_c26,KOR:electronics_c26,886.1,0.00474,0.00935
ITA:automotive,FRA:automotive,884.2,0.01157,0.034
ESP:aerospace,FRA:aerospace,884.1,0.00884,0.0145
FRA:aerospace,JPN:aerospace,880.3,0.02863,0.07247
JPN:aerospace,USA:aerospace,875.6,0.00566,0.01569
USA:aerospace,SGP:aerospace,875.4,0.13357,0.27692
FRA:automotive,SVK:automotive,874.4,0.02923,0.05122
JPN:consumer_goods,VNM:consumer_goods,869.0,0.00632,0.02089
KOR:automotive,CAN:automotive,858.1,0.01395,0.02956
CHN:consumer_goods,BRA:consumer_goods,855.8,0.00416,0.02455
DEU:automotive,BEL:automotive,853.0,0.06809,0.16987
TUR:consumer_goods,ROW:consumer_goods,851.2,0.00269,0.01211
ESP:consumer_goods,ITA:consumer_goods,849.6,0.00364,0.01557
VNM:automotive,JPN:automotive,846.3,0.00241,0.00506
NLD:consumer_goods,DEU:consumer_goods,845.9,0.00367,0.02135
DEU:consumer_goods,POL:consumer_goods,845.5,0.01037,0.04244
DEU:automotive,PRT:automotive,837.5,0.07848,0.18403
POL:automotive,SVK:automotive,837.4,0.02799,0.04906
JPN:automotive,KOR:automotive,835.3,0.00568,0.01352
USA:electronics_c26,DEU:electronics_c26,835.3,0.01528,0.06703
DEU:automotive,CAN:automotive,834.3,0.01356,0.02874
ESP:automotive,PRT:automotive,829.0,0.07768,0.18216
CHN:electronics_c26,CAN:electronics_c26,825.6,0.11943,0.4127
THA:consumer_goods,THA:automotive,824.8,0.02372,0.84554
IRL:consumer_goods,GBR:consumer_goods,822.5,0.00688,0.03411
DEU:consumer_goods,FRA:consumer_goods,819.5,0.00412,0.02242
CAN:aerospace,FRA:aerospace,817.8,0.00818,0.01341
ROW:consumer_goods,ROW:automotive,817.0,0.01951,0.62316
FRA:consumer_goods,FRA:automotive,809.8,0.0106,0.68514
CHN:consumer_goods,POL:consumer_goods,807.9,0.00991,0.04055
JPN:electronics_c26,MEX:electronics_c26,807.0,0.01034,0.01919
CHN:electronics_c26,KOR:automotive,806.6,0.00548,0.11305
VNM:electronics_c26,TWN:electronics_c26,804.9,0.006,0.01303
CHN:electronics_c26,IND:automotive,804.2,0.00918,0.42809
FRA:aerospace,FRA:consumer_goods,800.5,0.00402,0.53958
HKG:shipping,CHN:shipping,795.2,0.00683,0.01647
CZE:consumer_goods,CZE:automotive,790.9,0.01802,0.56162
JPN:automotive,TWN:automotive,787.3,0.07366,0.15697
JPN:automotive,RUS:automotive,784.3,0.02327,0.06072
JPN:automotive,JPN:aerospace,781.7,0.02543,0.92018
CZE:automotive,FRA:automotive,780.4,0.01021,0.03
FRA:consumer_goods,ITA:consumer_goods,774.2,0.00332,0.01419
CHN:aerospace,CHN:shipping,767.7,0.00659,0.87432
DNK:shipping,ROW:shipping,764.5,0.02783,0.06126
BRA:consumer_goods,BRA:automotive,762.9,0.0127,0.88567
SVK:automotive,CZE:automotive,761.8,0.01735,0.04009
CZE:automotive,HUN:automotive,756.6,0.02842,0.09347
SGP:shipping,DEU:shipping,756.0,0.02461,0.17239
SGP:electronics_c26,MEX:electronics_c26,754.9,0.00967,0.01795
IDN:shipping,IDN:consumer_goods,752.4,0.00394,0.93982
CHN:consumer_goods,MYS:consumer_goods,752.0,0.00937,0.03007
DEU:consumer_goods,CHE:consumer_goods,736.1,0.01408,0.04563
USA:electronics_c26,THA:electronics_c26,735.7,0.00857,0.01638
ITA:consumer_goods,FRA:consumer_goods,735.0,0.00369,0.02011
USA:aerospace,BRA:aerospace,733.9,0.12507,0.27744
DEU:shipping,GRC:shipping,733.6,0.05104,0.13178
CHN:shipping,JPN:shipping,733.3,0.02613,0.08787
FRA:shipping,CHN:shipping,729.5,0.00627,0.01511
MEX:consumer_goods,MEX:electronics_c26,729.1,0.00934,0.8424
USA:electronics_c26,PHL:electronics_c26,727.5,0.03709,0.06484
NLD:consumer_goods,GBR:consumer_goods,716.8,0.00599,0.02972
DEU:electronics_c26,DEU:automotive,715.4,0.00247,0.33635
USA:aerospace,SGP:shipping,705.3,0.01004,0.27749
RUS:aerospace,RUS:consumer_goods,705.1,0.00586,0.76018
POL:consumer_goods,DEU:consumer_goods,703.8,0.00306,0.01776
TWN:shipping,SGP:shipping,701.7,0.00999,0.03341
IDN:shipping,SGP:shipping,699.1,0.00996,0.03329
JPN:automotive,BEL:automotive,690.4,0.05511,0.1375
CHN:consumer_goods,TUR:consumer_goods,689.2,0.00585,0.02422
CHN:consumer_goods,NGA:consumer_goods,688.0,0.00785,0.01636
USA:aerospace,RUS:aerospace,686.2,0.03529,0.09728
CHN:electronics_c26,ISR:electronics_c26,684.3,0.0477,0.08718
ITA:shipping,ITA:consumer_goods,683.1,0.00292,0.61951
JPN:electronics_c26,PHL:electronics_c26,682.3,0.03478,0.06081
THA:consumer_goods,VNM:consumer_goods,682.0,0.00496,0.0164
BEL:consumer_goods,NLD:consumer_goods,676.0,0.00786,0.03819
GBR:consumer_goods,GBR:aerospace,675.2,0.02665,0.85386
TWN:electronics_c26,PHL:electronics_c26,673.5,0.03433,0.06002
SGP:shipping,CHN:electronics_c26,673.4,0.00048,0.07318
DEU:automotive,RUS:automotive,672.7,0.01996,0.05208
NLD:automotive,DEU:automotive,670.6,0.00232,0.00592
FRA:aerospace,FRA:automotive,669.2,0.00876,0.54063
KOR:automotive,MEX:automotive,667.9,0.00506,0.02149
HUN:automotive,CZE:automotive,667.8,0.01521,0.03514
ARG:automotive,BRA:automotive,664.6,0.01107,0.03328
JPN:automotive,ROW:automotive,662.0,0.01581,0.07507
TUR:automotive,FRA:automotive,658.0,0.00861,0.0253
DEU:consumer_goods,AUT:consumer_goods,657.9,0.02317,0.13564
IND:consumer_goods,IND:aerospace,657.7,0.02887,0.93215
CZE:automotive,ESP:automotive,655.7,0.01085,0.03399
MEX:aerospace,USA:aerospace,655.5,0.00423,0.01175
DEU:electronics_c26,DEU:consumer_goods,655.0,0.00284,0.16205
CZE:automotive,POL:automotive,654.8,0.02044,0.06452
CHN:shipping,KOR:shipping,654.7,0.03093,0.09912
CHN:shipping,CHN:aerospace,651.6,0.00486,0.80966
FRA:consumer_goods,BEL:consumer_goods,647.5,0.01295,0.05585
VNM:electronics_c26,SVK:electronics_c26,647.2,0.1584,0.29529
USA:aerospace,USA:shipping,646.9,0.01397,0.83521
DEU:electronics_c26,TWN:electronics_c26,646.7,0.00482,0.01046
ROW:shipping,JPN:shipping,645.7,0.02301,0.07737
DEU:shipping,CHE:shipping,644.6,0.02859,0.09161
USA:consumer_goods,USA:aerospace,644.2,0.00416,0.59628
MEX:aerospace,MEX:automotive,643.0,0.00487,0.60063
CHE:shipping,SGP:shipping,642.8,0.00915,0.03061
JPN:aerospace,JPN:automotive,642.3,0.00183,0.67133
JPN:shipping,JPN:electronics_c26,640.7,0.00613,0.84696
FRA:aerospace,CAN:aerospace,640.2,0.03398,0.06622
DEU:consumer_goods,GBR:consumer_goods,638.3,0.00534,0.02646
GBR:aerospace,USA:aerospace,638.0,0.00412,0.01144
SGP:shipping,USA:shipping,633.7,0.01368,0.09283
DEU:shipping,JPN:shipping,633.3,0.02257,0.07589
USA:consumer_goods,KOR:consumer_goods,627.6,0.00417,0.01454
DEU:consumer_goods,DEU:aerospace,627.2,0.01618,0.79641
DEU:electronics_c26,NLD:electronics_c26,626.1,0.02902,0.10459
USA:electronics_c26,MEX:automotive,620.9,0.0047,0.07201
ESP:consumer_goods,PRT:consumer_goods,619.5,0.0243,0.09667
DEU:electronics_c26,SGP:electronics_c26,619.1,0.00874,0.01684
DNK:shipping,NOR:shipping,618.5,0.04337,0.31663
POL:consumer_goods,POL:automotive,616.9,0.01925,0.68153
ESP:automotive,GBR:automotive,613.6,0.01076,0.05009
SGP:electronics_c26,SGP:consumer_goods,612.4,0.04391,0.42379
VNM:shipping,VNM:consumer_goods,611.5,0.00445,0.86663
ROW:consumer_goods,ITA:consumer_goods,608.8,0.00261,0.01115
DEU:electronics_c26,MEX:electronics_c26,608.5,0.00779,0.01447
KOR:automotive,CZE:automotive,606.6,0.01382,0.03192
DEU:automotive,SWE:automotive,604.7,0.02016,0.13052
CHN:automotive,CAN:automotive,598.3,0.00973,0.02061
KOR:electronics_c26,MYS:electronics_c26,597.0,0.01118,0.0244
CHN:electronics_c26,AUS:electronics_c26,595.5,0.15838,0.47075
DEU:shipping,ROW:shipping,594.1,0.02162,0.04761
USA:consumer_goods,USA:electronics_c26,591.8,0.00488,0.6426
KOR:automotive,KOR:consumer_goods,591.4,0.00392,0.92462
ESP:aerospace,ESP:consumer_goods,590.8,0.00432,0.60039
NLD:shipping,SGP:shipping,590.3,0.00841,0.02811
GBR:shipping,GRC:shipping,587.6,0.04088,0.10554
FRA:aerospace,GBR:consumer_goods,585.4,0.00489,0.13397
USA:automotive,KOR:automotive,585.0,0.00398,0.00947
JPN:aerospace,FRA:aerospace,584.7,0.00585,0.00959
VNM:electronics_c26,IND:electronics_c26,582.5,0.01862,0.08067
VNM:electronics_c26,USA:electronics_c26,582.1,0.0048,0.02485
CHN:consumer_goods,GBR:consumer_goods,580.7,0.00485,0.02408
CHN:consumer_goods,KOR:electronics_c26,580.3,0.0031,0.21452
THA:electronics_c26,THA:automotive,579.6,0.01667,0.65277
ROW:consumer_goods,ESP:consumer_goods,578.9,0.00423,0.0172
KOR:shipping,JPN:shipping,577.8,0.02059,0.06923
FRA:automotive,PRT:automotive,571.4,0.05354,0.12555
CHN:consumer_goods,PHL:consumer_goods,570.8,0.0069,0.02238
VNM:electronics_c26,THA:electronics_c26,567.2,0.00661,0.01263
ITA:aerospace,ITA:consumer_goods,563.0,0.00241,0.69764
MYS:electronics_c26,VNM:electronics_c26,562.6,0.00547,0.0072
SVK:automotive,FRA:automotive,559.4,0.00732,0.02151
DEU:electronics_c26,MYS:electronics_c26,559.1,0.01047,0.02285
JPN:automotive,FRA:automotive,558.6,0.00731,0.02148
THA:electronics_c26,SGP:electronics_c26,556.3,0.00786,0.01513
CHN:consumer_goods,CAN:consumer_goods,553.2,0.00599,0.03664
KOR:electronics_c26,VNM:consumer_goods,551.4,0.00401,0.1923
DNK:shipping,GRC:shipping,550.8,0.03832,0.09894
ROW:consumer_goods,TUR:consumer_goods,549.9,0.00466,0.01932
JPN:electronics_c26,DEU:electronics_c26,549.6,0.01005,0.0441
KOR:electronics_c26,USA:electronics_c26,548.3,0.00452,0.0234
ITA:consumer_goods,DEU:consumer_goods,547.6,0.00238,0.01382
FRA:aerospace,RUS:aerospace,547.4,0.02815,0.0776
USA:aerospace,MEX:aerospace,547.0,0.04713,0.15176
DEU:aerospace,CHN:aerospace,545.5,0.00407,0.01399
CHE:shipping,CHE:consumer_goods,542.1,0.01037,0.91619
SGP:electronics_c26,VNM:electronics_c26,541.9,0.00527,0.00694
FRA:consumer_goods,ESP:consumer_goods,540.4,0.00395,0.01605
BLR:consumer_goods,RUS:consumer_goods,539.8,0.00449,0.02259
SGP:electronics_c26,IDN:electronics_c26,537.8,0.02679,0.07177
MAR:automotive,ESP:automotive,531.4,0.00879,0.02755
CHN:electronics_c26,VNM:consumer_goods,526.5,0.00383,0.18362
THA:electronics_c26,VNM:electronics_c26,526.0,0.00511,0.00673
GBR:automotive,ESP:automotive,524.4,0.00868,0.02719
CHE:electronics_c26,SGP:electronics_c26,524.1,0.0074,0.01425
DNK:shipping,CHE:shipping,521.9,0.02314,0.07416
BEL:automotive,NLD:automotive,521.6,0.03734,0.07446
TWN:electronics_c26,CHN:consumer_goods,519.5,0.00019,0.06405
FRA:automotive,CZE:automotive,519.1,0.01182,0.02732
VNM:shipping,VNM:electronics_c26,518.6,0.00504,0.81478
TWN:aerospace,TWN:consumer_goods,516.7,0.00994,0.62352
PHL:electronics_c26,MEX:electronics_c26,514.9,0.0066,0.01224
JPN:automotive,ESP:automotive,514.3,0.00851,0.02666
DEU:automotive,TUR:automotive,513.4,0.02352,0.09308
MYS:electronics_c26,KOR:electronics_c26,512.3,0.00274,0.00541
MEX:electronics_c26,USA:aerospace,510.2,0.0033,0.069
ITA:consumer_goods,CHE:consumer_goods,509.2,0.00974,0.03156
GBR:aerospace,GBR:electronics_c26,509.2,0.04073,0.29535
ROW:consumer_goods,NLD:consumer_goods,508.9,0.00591,0.02875
FRA:automotive,ITA:automotive,507.0,0.00964,0.06344
ARE:shipping,SGP:shipping,503.3,0.00717,0.02397
EGY:shipping,EGY:consumer_goods,502.5,0.01545,0.73036
FRA:automotive,GBR:automotive,502.3,0.00881,0.041
CHN:aerospace,USA:aerospace,500.5,0.00323,0.00897
GBR:shipping,SGP:shipping,500.2,0.00712,0.02382
ZAF:automotive,ZAF:consumer_goods,499.9,0.0166,0.97691
DEU:electronics_c26,AUT:electronics_c26,499.1,0.08297,0.26811
THA:electronics_c26,JPN:electronics_c26,499.0,0.00478,0.01642
CHN:consumer_goods,PER:consumer_goods,496.2,0.01752,0.06547
VNM:consumer_goods,THA:consumer_goods,495.0,0.00366,0.01119
DNK:shipping,DEU:shipping,494.7,0.0161,0.11279
FRA:shipping,ROW:shipping,494.6,0.018,0.03964
DEU:automotive,ROU:automotive,494.5,0.02939,0.11622
ROW:consumer_goods,RUS:consumer_goods,493.8,0.00411,0.02066
CHN:automotive,RUS:automotive,492.3,0.01461,0.03812
CHN:shipping,ROW:shipping,491.0,0.01787,0.03934
ROU:consumer_goods,ROU:automotive,489.8,0.02911,0.60322
GRC:shipping,CHE:shipping,489.5,0.02171,0.06956
USA:consumer_goods,VNM:consumer_goods,488.7,0.00355,0.01175
BRA:automotive,MEX:automotive,488.3,0.0037,0.01571
GBR:automotive,FRA:automotive,485.6,0.00635,0.01867
DNK:shipping,USA:shipping,485.5,0.01048,0.07112
DEU:automotive,ZAF:automotive,483.9,0.03328,0.12133
NLD:consumer_goods,FRA:consumer_goods,480.2,0.00241,0.01314
DEU:automotive,ROW:automotive,478.9,0.01144,0.05431
KOR:consumer_goods,IDN:consumer_goods,478.4,0.00251,0.00833
PRT:automotive,ESP:automotive,476.9,0.00789,0.02472
DNK:shipping,JPN:shipping,476.6,0.01699,0.05711
IND:consumer_goods,ARE:consumer_goods,475.4,0.02682,0.12736
THA:electronics_c26,MYS:electronics_c26,474.2,0.00888,0.01937
CHN:electronics_c26,GBR:electronics_c26,473.3,0.03786,0.25488
TWN:electronics_c26,USA:electronics_c26,473.1,0.0039,0.02019
DEU:aerospace,USA:aerospace,472.2,0.00305,0.00846
ROW:automotive,ROW:consumer_goods,472.0,0.00149,0.46008
DEU:shipping,DEU:automotive,471.3,0.00163,0.86645
FRA:automotive,BEL:automotive,469.9,0.0375,0.09357
NLD:consumer_goods,ITA:consumer_goods,469.8,0.00201,0.00861
SGP:shipping,SGP:consumer_goods,468.8,0.03362,0.85635
ESP:consumer_goods,FRA:consumer_goods,468.7,0.00236,0.01282
IND:automotive,MEX:automotive,468.7,0.00355,0.01508
THA:shipping,THA:consumer_goods,467.7,0.00346,0.85473
GRC:shipping,DEU:shipping,466.0,0.01517,0.10625
ITA:consumer_goods,ESP:consumer_goods,462.9,0.00338,0.01375
SGP:electronics_c26,JPN:electronics_c26,462.5,0.00443,0.01522
FRA:consumer_goods,GBR:consumer_goods,462.2,0.00386,0.01916
ITA:automotive,ESP:automotive,461.7,0.00764,0.02394
DEU:consumer_goods,ESP:consumer_goods,460.7,0.00337,0.01369
DEU:shipping,DEU:consumer_goods,457.2,0.00199,0.78872
MEX:aerospace,CAN:aerospace,454.8,0.02414,0.04704
DEU:electronics_c26,CZE:electronics_c26,453.2,0.03886,0.11362
CAN:automotive,MEX:automotive,453.1,0.00343,0.01458
KOR:automotive,RUS:automotive,453.1,0.01345,0.03508
FRA:consumer_goods,FRA:electronics_c26,451.5,0.02804,0.80217
JPN:automotive,IDN:automotive,449.8,0.0178,0.05773
CHN:aerospace,CHN:electronics_c26,449.6,0.00032,0.79198
THA:electronics_c26,THA:consumer_goods,449.4,0.00332,0.62888
KOR:electronics_c26,JPN:electronics_c26,448.7,0.00429,0.01477
USA:aerospace,GBR:electronics_c26,448.2,0.03585,0.25993
GBR:electronics_c26,GBR:consumer_goods,446.7,0.00373,0.66156
USA:aerospace,USA:consumer_goods,444.3,0.00052,0.86683
MEX:automotive,USA:consumer_goods,444.2,0.00052,0.1456
SWE:automotive,NLD:automotive,444.2,0.0318,0.06341
GBR:electronics_c26,GBR:automotive,442.8,0.00776,0.40657
FRA:automotive,FRA:consumer_goods,442.1,0.00222,0.41855
KOR:electronics_c26,THA:electronics_c26,439.7,0.00512,0.00979
NOR:shipping,ROW:shipping,438.6,0.01597,0.03515
CHN:consumer_goods,EGY:consumer_goods,438.4,0.01348,0.08782
BEL:consumer_goods,FRA:consumer_goods,436.6,0.00219,0.01194
RUS:consumer_goods,RUS:aerospace,436.5,0.02245,0.89232
ESP:automotive,ESP:consumer_goods,435.0,0.00318,0.89121
NOR:shipping,CHN:shipping,433.8,0.00373,0.00899
KOR:electronics_c26,CHN:consumer_goods,432.9,0.00016,0.05336
ITA:aerospace,ITA:automotive,432.7,0.00823,0.69672
MEX:automotive,MEX:consumer_goods,431.8,0.00361,0.88281
USA:electronics_c26,ROW:electronics_c26,430.5,0.02363,0.09175
CHN:automotive,ROW:automotive,429.3,0.01025,0.04868
THA:consumer_goods,IDN:consumer_goods,428.6,0.00225,0.00746
FRA:consumer_goods,FRA:shipping,428.5,0.02778,0.8951
DEU:consumer_goods,KOR:consumer_goods,427.8,0.00284,0.00991
JPN:shipping,SGP:shipping,427.4,0.00609,0.02035
KOR:electronics_c26,MEX:automotive,426.3,0.00323,0.04944
CHN:consumer_goods,ARE:consumer_goods,425.9,0.02403,0.11411
IDN:consumer_goods,IDN:automotive,425.2,0.01683,0.82681
DEU:consumer_goods,BEL:consumer_goods,423.2,0.00847,0.03651
CHE:electronics_c26,DEU:electronics_c26,423.1,0.00774,0.03395
MYS:electronics_c26,USA:electronics_c26,421.8,0.00348,0.018
POL:automotive,HUN:automotive,421.3,0.01583,0.05205
SGP:shipping,SGP:aerospace,420.0,0.06409,0.98814
CHN:electronics_c26,DEU:automotive,415.1,0.00143,0.19517
CHN:electronics_c26,TUR:electronics_c26,413.7,0.13031,0.30405
PRT:automotive,FRA:automotive,412.9,0.0054,0.01588
CHN:consumer_goods,MAR:consumer_goods,412.2,0.02003,0.08143
ESP:automotive,CZE:automotive,412.0,0.00939,0.02168
GRC:shipping,USA:shipping,411.0,0.00887,0.06021
MYS:shipping,MYS:consumer_goods,410.7,0.00512,0.88115
POL:automotive,POL:consumer_goods,409.1,0.00502,0.43773
RUS:consumer_goods,RUS:automotive,406.6,0.01207,0.6146
USA:electronics_c26,NLD:electronics_c26,406.3,0.01883,0.06787
VNM:consumer_goods,IDN:consumer_goods,405.7,0.00213,0.00707
DEU:aerospace,GBR:aerospace,404.5,0.01596,0.05038
ESP:automotive,ITA:automotive,404.2,0.00769,0.05058
USA:aerospace,TWN:aerospace,403.8,0.04386,0.18947
BRA:consumer_goods,BRA:shipping,402.8,0.126,0.97483
THA:shipping,SGP:shipping,402.0,0.00572,0.01914
MEX:electronics_c26,MEX:consumer_goods,401.2,0.00335,0.4018
CHN:electronics_c26,CAN:automotive,401.1,0.00652,0.39315
KOR:shipping,KOR:electronics_c26,397.2,0.00212,0.66314
SGP:consumer_goods,SGP:shipping,396.0,0.00564,0.78874
SGP:shipping,IND:shipping,394.3,0.15278,0.29829
ITA:electronics_c26,ITA:consumer_goods,393.4,0.00168,0.60332
BRA:aerospace,USA:aerospace,393.3,0.00254,0.00705
DEU:automotive,TWN:automotive,391.9,0.03667,0.07814
IDN:consumer_goods,MYS:consumer_goods,391.6,0.00488,0.01566
BEL:automotive,GBR:automotive,391.2,0.00686,0.03194
GBR:aerospace,DEU:aerospace,390.6,0.01008,0.0266
GRC:shipping,ROW:shipping,389.7,0.01418,0.03122
VNM:electronics_c26,MYS:electronics_c26,389.3,0.00729,0.01591
DEU:electronics_c26,JPN:electronics_c26,387.9,0.00371,0.01277
FRA:shipping,SGP:shipping,387.5,0.00552,0.01845
PHL:electronics_c26,THA:electronics_c26,386.4,0.0045,0.0086
CHE:shipping,CHE:electronics_c26,386.2,0.00972,0.91795
MEX:electronics_c26,USA:consumer_goods,385.1,0.00045,0.06767
ITA:automotive,CZE:automotive,382.2,0.00871,0.02012
IDN:electronics_c26,SGP:electronics_c26,382.0,0.0054,0.01039
DEU:shipping,USA:shipping,381.7,0.00824,0.05592
DEU:electronics_c26,HUN:automotive,380.4,0.01429,0.25039
CHN:electronics_c26,SVK:electronics_c26,379.1,0.09279,0.173
CHN:shipping,GRC:shipping,379.1,0.02637,0.06809
SGP:shipping,CHE:shipping,378.7,0.01679,0.05381
FRA:electronics_c26,SGP:electronics_c26,377.0,0.00532,0.01025
BGD:shipping,BGD:consumer_goods,376.3,0.00681,0.92606
PHL:electronics_c26,KOR:electronics_c26,376.0,0.00201,0.00397
DEU:shipping,KOR:shipping,376.0,0.01777,0.05693
KOR:shipping,ROW:shipping,375.8,0.01368,0.03011
NLD:electronics_c26,HUN:electronics_c26,373.9,0.032,0.06397
VNM:electronics_c26,ARE:electronics_c26,373.8,0.06565,0.09552
FRA:automotive,POL:automotive,373.6,0.01166,0.03681
USA:aerospace,ESP:aerospace,372.9,0.03274,0.08182
FRA:aerospace,BRA:aerospace,372.8,0.06354,0.14094
MYS:electronics_c26,MEX:automotive,371.6,0.00281,0.0431
TUR:consumer_goods,TUR:automotive,371.6,0.01702,0.85583
CHE:shipping,CHN:shipping,371.0,0.00319,0.00768
MAR:automotive,FRA:automotive,369.1,0.00483,0.01419
KOR:shipping,KOR:consumer_goods,368.3,0.00244,0.67166
CZE:electronics_c26,DEU:electronics_c26,367.8,0.00673,0.02951
ITA:automotive,POL:automotive,366.9,0.01145,0.03615
CHN:consumer_goods,AUS:consumer_goods,366.2,0.00519,0.03731
HUN:electronics_c26,DEU:electronics_c26,365.5,0.00669,0.02933
GRC:shipping,CHN:shipping,365.2,0.00314,0.00756
SWE:automotive,FRA:automotive,365.0,0.00478,0.01403
TWN:electronics_c26,DEU:electronics_c26,364.5,0.00667,0.02925
CHN:consumer_goods,ZAF:consumer_goods,363.7,0.01208,0.04385
KOR:electronics_c26,IND:electronics_c26,363.5,0.01162,0.05034
NLD:electronics_c26,NLD:consumer_goods,362.8,0.00422,0.62188
ITA:consumer_goods,KOR:consumer_goods,362.2,0.0024,0.00839
USA:consumer_goods,MEX:automotive,362.2,0.00274,0.14665
DEU:electronics_c26,THA:electronics_c26,362.0,0.00422,0.00806
THA:automotive,IDN:automotive,360.0,0.01425,0.0462
THA:consumer_goods,MYS:consumer_goods,359.6,0.00448,0.01438
USA:electronics_c26,ISR:electronics_c26,358.6,0.025,0.04569
ROU:automotive,CZE:automotive,357.7,0.00815,0.01882
CHN:aerospace,JPN:aerospace,357.6,0.01163,0.02944
DEU:electronics_c26,USA:electronics_c26,356.9,0.00294,0.01524
FRA:electronics_c26,DEU:electronics_c26,355.7,0.00651,0.02854
POL:automotive,ESP:automotive,355.4,0.00588,0.01842
USA:automotive,ROW:automotive,354.8,0.00847,0.04024
CHN:electronics_c26,FIN:electronics_c26,354.7,0.04299,0.12067
GBR:aerospace,CAN:aerospace,354.0,0.01879,0.03662
CHN:consumer_goods,ISR:consumer_goods,354.0,0.01637,0.07074
CHN:automotive,THA:automotive,353.6,0.01017,0.03511
HUN:automotive,ESP:automotive,353.4,0.00585,0.01832
CHE:electronics_c26,JPN:electronics_c26,351.9,0.00337,0.01158
JPN:electronics_c26,USA:electronics_c26,349.7,0.00288,0.01493
POL:automotive,FRA:automotive,348.6,0.00456,0.0134
NLD:consumer_goods,ESP:consumer_goods,348.0,0.00254,0.01034
VNM:consumer_goods,PHL:consumer_goods,346.5,0.00419,0.01358
CAN:consumer_goods,CAN:aerospace,344.9,0.0183,0.81466
KOR:automotive,ROW:automotive,344.7,0.00823,0.03909
THA:automotive,MEX:automotive,344.4,0.00261,0.01108
ITA:electronics_c26,ITA:automotive,344.3,0.00655,0.40617
GBR:automotive,SVK:automotive,343.6,0.01148,0.02013
IND:consumer_goods,THA:consumer_goods,342.1,0.00253,0.00773
FRA:aerospace,SGP:aerospace,342.1,0.05219,0.10821
FRA:consumer_goods,CHE:consumer_goods,342.0,0.00654,0.0212
NLD:shipping,DEU:shipping,341.0,0.0111,0.07774
ROW:consumer_goods,ROW:shipping,339.9,0.01237,0.73992
USA:electronics_c26,CAN:electronics_c26,339.8,0.04915,0.16987
TUR:automotive,ESP:automotive,339.4,0.00562,0.0176
CHN:electronics_c26,IND:aerospace,339.4,0.0149,0.43222
ISR:shipping,ISR:consumer_goods,339.1,0.01568,0.89478
BRA:shipping,BRA:consumer_goods,338.5,0.00165,0.40255
SAU:consumer_goods,SAU:shipping,337.3,0.27528,0.68492
CHN:electronics_c26,AUT:electronics_c26,337.0,0.05603,0.18106
GBR:consumer_goods,GBR:electronics_c26,336.9,0.02695,0.76336
MEX:automotive,BRA:automotive,335.9,0.00559,0.01682
ARE:shipping,ROW:shipping,334.6,0.01218,0.02682
SGP:shipping,BGD:shipping,333.4,0.0972,0.14088
THA:shipping,THA:electronics_c26,332.3,0.00387,0.68791
ESP:aerospace,DEU:aerospace,331.1,0.00854,0.02255
NOR:consumer_goods,NOR:shipping,331.0,0.02321,0.69777
KOR:electronics_c26,DEU:electronics_c26,330.3,0.00604,0.0265
ITA:consumer_goods,GBR:consumer_goods,329.7,0.00276,0.01367
PHL:electronics_c26,VNM:electronics_c26,328.9,0.0032,0.00421
ITA:aerospace,USA:aerospace,328.6,0.00212,0.00589
RUS:aerospace,FRA:aerospace,327.8,0.00328,0.00537
SGP:electronics_c26,IND:automotive,327.1,0.00373,0.17412
CHN:electronics_c26,FRA:automotive,325.6,0.00426,0.2746
JPN:automotive,CZE:automotive,325.6,0.00742,0.01713
JPN:automotive,GBR:automotive,325.5,0.00571,0.02657
CZE:automotive,AUT:automotive,323.5,0.0204,0.06274
MEX:aerospace,FRA:aerospace,322.3,0.00322,0.00528
CHE:electronics_c26,CHE:consumer_goods,322.2,0.00616,0.74713
MEX:automotive,USA:aerospace,321.3,0.00208,0.13464
DEU:electronics_c26,POL:electronics_c26,320.8,0.0373,0.09468
TWN:aerospace,FRA:aerospace,320.1,0.0032,0.00525
FRA:automotive,NLD:automotive,320.0,0.02291,0.04569
CHE:shipping,GRC:shipping,318.4,0.02215,0.05718
THA:electronics_c26,TWN:electronics_c26,317.3,0.00236,0.00513
NOR:shipping,DEU:shipping,316.7,0.01031,0.07221
ROW:consumer_goods,ZAF:consumer_goods,316.6,0.01051,0.03816
GBR:shipping,ROW:shipping,315.7,0.01149,0.02529
VNM:consumer_goods,KHM:consumer_goods,315.7,0.07527,0.12826
NOR:shipping,GRC:shipping,314.9,0.02191,0.05657
IDN:consumer_goods,KOR:consumer_goods,314.7,0.00209,0.00729
USA:electronics_c26,IND:electronics_c26,314.2,0.01004,0.04351
NLD:electronics_c26,DEU:electronics_c26,314.0,0.00574,0.02519
ROW:shipping,GRC:shipping,312.8,0.02176,0.05619
CAN:consumer_goods,CAN:automotive,312.7,0.00508,0.63008
ROU:automotive,SVK:automotive,310.9,0.01039,0.01821
RUS:consumer_goods,BLR:consumer_goods,310.7,0.02419,0.08139
AUT:automotive,SVK:automotive,309.9,0.01036,0.01815
CHN:consumer_goods,JOR:consumer_goods,309.5,0.04906,0.14704
GBR:automotive,CAN:automotive,309.1,0.00502,0.01065
BRA:automotive,BRA:consumer_goods,308.2,0.0015,0.86855
VNM:electronics_c26,DEU:electronics_c26,307.1,0.00562,0.02464
PRT:consumer_goods,ESP:consumer_goods,306.7,0.00224,0.00911
IND:consumer_goods,VNM:consumer_goods,305.7,0.00222,0.00735
CHN:aerospace,IDN:aerospace,304.9,0.01488,0.05958
CHN:consumer_goods,CHE:consumer_goods,304.6,0.00583,0.01888
DEU:electronics_c26,FRA:electronics_c26,303.5,0.01885,0.07646
BRA:automotive,ARG:automotive,303.4,0.03458,0.20104
TUR:automotive,POL:automotive,302.6,0.00945,0.02982
CHN:electronics_c26,ITA:electronics_c26,302.1,0.01913,0.15105
IDN:automotive,IDN:aerospace,302.0,0.01473,0.83537
ITA:consumer_goods,TUR:consumer_goods,301.2,0.00256,0.01058
SWE:automotive,BEL:automotive,301.0,0.02402,0.05994
ESP:automotive,ESP:aerospace,300.5,0.02638,0.48883
JPN:aerospace,GBR:aerospace,300.2,0.01185,0.03738
TUR:automotive,ITA:automotive,300.2,0.00571,0.03757
MYS:shipping,MYS:electronics_c26,299.2,0.0056,0.58334
NOR:shipping,NOR:consumer_goods,297.4,0.01124,0.83251
USA:consumer_goods,TWN:consumer_goods,296.7,0.00571,0.02174
FRA:consumer_goods,NLD:consumer_goods,296.6,0.00345,0.01676
AUT:automotive,HUN:automotive,296.4,0.01113,0.03662
ESP:automotive,POL:automotive,296.1,0.00924,0.02918
IND:shipping,IND:consumer_goods,291.7,0.00075,0.73871
VNM:electronics_c26,JPN:electronics_c26,291.6,0.00279,0.00959
BEL:consumer_goods,GBR:consumer_goods,291.2,0.00243,0.01208
USA:shipping,USA:aerospace,290.7,0.00188,0.83992
VNM:consumer_goods,TWN:consumer_goods,290.4,0.00558,0.02128
DEU:automotive,ITA:consumer_goods,289.6,0.00124,0.14453
FRA:aerospace,ESP:aerospace,289.4,0.02541,0.06351
CHE:consumer_goods,CHE:electronics_c26,288.6,0.00726,0.4773
VNM:consumer_goods,VNM:shipping,287.3,0.05111,0.90099
CHN:consumer_goods,COL:consumer_goods,286.8,0.00866,0.03925
SGP:shipping,NOR:shipping,286.4,0.02008,0.14661
JPN:consumer_goods,THA:consumer_goods,286.4,0.00212,0.00648
ITA:consumer_goods,ITA:shipping,284.9,0.0294,0.83103
JPN:automotive,MYS:automotive,284.5,0.0333,0.08593
DEU:electronics_c26,ITA:electronics_c26,284.1,0.01799,0.14202
ITA:shipping,GRC:shipping,282.9,0.01968,0.05081
JPN:automotive,POL:automotive,282.0,0.0088,0.02779
USA:electronics_c26,CHE:electronics_c26,281.6,0.00708,0.01597
DNK:shipping,DNK:consumer_goods,280.5,0.01177,0.83627
NLD:automotive,GBR:automotive,279.6,0.0049,0.02282
TWN:electronics_c26,MEX:automotive,279.6,0.00212,0.03242
HKG:shipping,SGP:shipping,279.2,0.00398,0.01329
RUS:electronics_c26,RUS:consumer_goods,278.5,0.00232,0.47026
GBR:aerospace,SGP:aerospace,278.5,0.0425,0.08811
AUS:automotive,AUS:consumer_goods,278.2,0.00394,0.29573
FRA:aerospace,DEU:consumer_goods,277.5,0.0012,0.12027
ESP:automotive,SVK:automotive,276.5,0.00924,0.0162
DEU:automotive,DEU:electronics_c26,276.4,0.00506,0.66441
JPN:consumer_goods,JPN:aerospace,276.2,0.00898,0.82667
ESP:consumer_goods,MAR:consumer_goods,275.9,0.0134,0.0545
FRA:aerospace,SGP:shipping,275.6,0.00392,0.10841
MYS:electronics_c26,DEU:electronics_c26,275.2,0.00503,0.02208
USA:aerospace,KOR:aerospace,275.0,0.04012,0.19226
USA:aerospace,IND:automotive,274.9,0.00314,0.06318
TWN:electronics_c26,CHN:aerospace,274.8,0.00205,0.05535
CHN:consumer_goods,KOR:automotive,274.8,0.00187,0.14986
CHN:aerospace,CAN:aerospace,274.6,0.01458,0.02841
TWN:shipping,JPN:shipping,274.3,0.00978,0.03287
THA:electronics_c26,USA:electronics_c26,274.1,0.00226,0.0117
PHL:electronics_c26,TWN:electronics_c26,271.9,0.00203,0.0044
SGP:consumer_goods,SGP:electronics_c26,271.7,0.00384,0.66676
HUN:electronics_c26,HUN:automotive,270.8,0.01017,0.17828
TWN:consumer_goods,THA:consumer_goods,270.8,0.002,0.00612
PAK:shipping,PAK:consumer_goods,270.7,0.00663,0.91116
CHE:aerospace,DEU:aerospace,269.2,0.00695,0.01833
FRA:shipping,DEU:shipping,268.8,0.00875,0.0613
GBR:consumer_goods,GBR:shipping,267.2,0.02503,0.66396
CHN:consumer_goods,MEX:automotive,267.1,0.00202,0.10813
CHN:consumer_goods,NLD:consumer_goods,266.9,0.0031,0.01508
IND:automotive,IND:consumer_goods,266.7,0.00069,0.95273
ESP:automotive,HUN:automotive,266.6,0.01002,0.03294
CHN:electronics_c26,MEX:consumer_goods,266.5,0.00223,0.26683
JPN:automotive,ARE:automotive,266.5,0.06974,0.26155
CHN:electronics_c26,FRA:consumer_goods,266.4,0.00134,0.26261
USA:consumer_goods,USA:shipping,265.3,0.00573,0.85875
ROU:automotive,FRA:automotive,264.4,0.00346,0.01017
DEU:consumer_goods,DNK:consumer_goods,264.3,0.01109,0.07074
HUN:automotive,FRA:automotive,263.6,0.00345,0.01013
KOR:electronics_c26,BRA:electronics_c26,263.5,0.01225,0.02717
KOR:electronics_c26,KOR:aerospace,262.9,0.03836,0.71738
CHN:automotive,CHN:shipping,262.3,0.00225,0.93009
SVK:automotive,ESP:automotive,262.3,0.00434,0.0136
POL:consumer_goods,GBR:consumer_goods,261.8,0.00219,0.01085
ESP:aerospace,GBR:aerospace,261.0,0.0103,0.0325
DNK:shipping,KOR:shipping,260.6,0.01231,0.03946
DEU:electronics_c26,VNM:electronics_c26,260.6,0.00253,0.00334
IND:automotive,ZAF:automotive,260.2,0.0179,0.06524
DEU:consumer_goods,CZE:consumer_goods,260.1,0.01316,0.07186
NLD:automotive,FRA:automotive,259.0,0.00339,0.00996
IDN:consumer_goods,IDN:aerospace,258.6,0.01262,0.81302
USA:electronics_c26,DEU:consumer_goods,257.6,0.00112,0.06374
USA:electronics_c26,BRA:electronics_c26,257.4,0.01197,0.02655
CHN:consumer_goods,ESP:automotive,256.7,0.00425,0.11615
TUR:shipping,TUR:consumer_goods,256.3,0.00217,0.68192
KOR:electronics_c26,CHN:aerospace,255.3,0.0019,0.05141
MYS:electronics_c26,JPN:electronics_c26,254.0,0.00243,0.00836
JPN:automotive,ZAF:automotive,252.7,0.01738,0.06337
ROW:consumer_goods,GBR:consumer_goods,252.6,0.00211,0.01047
GBR:consumer_goods,NLD:consumer_goods,252.4,0.00293,0.01426
BRA:electronics_c26,BRA:consumer_goods,250.7,0.00122,0.66097
VNM:electronics_c26,BRA:electronics_c26,250.5,0.01165,0.02584
THA:automotive,MYS:automotive,250.4,0.02931,0.07563
CHN:electronics_c26,HUN:automotive,249.9,0.00939,0.16452
IND:electronics_c26,IND:consumer_goods,249.7,0.00064,0.39088
GBR:automotive,TUR:automotive,249.4,0.01142,0.04522
DEU:automotive,BRA:automotive,248.9,0.00414,0.01246
GBR:consumer_goods,IRL:consumer_goods,248.8,0.00869,0.21743
KOR:automotive,ESP:automotive,248.5,0.00411,0.01288
CHN:consumer_goods,CHL:consumer_goods,248.1,0.0089,0.05497
IDN:automotive,THA:automotive,248.0,0.00713,0.02462
TUR:automotive,GBR:automotive,247.5,0.00434,0.02021
CHN:electronics_c26,ESP:automotive,247.5,0.0041,0.25839
MEX:electronics_c26,MEX:aerospace,247.1,0.02129,0.37641
SGP:electronics_c26,NLD:electronics_c26,246.8,0.01144,0.04123
SWE:consumer_goods,SWE:automotive,246.5,0.00822,0.62213
AUS:aerospace,AUS:automotive,246.4,0.04799,0.63453
CHN:aerospace,MEX:aerospace,245.8,0.02118,0.06819
NLD:consumer_goods,NLD:shipping,245.0,0.03546,0.81642
ISR:electronics_c26,ISR:consumer_goods,243.2,0.01125,0.81429
VNM:consumer_goods,MYS:consumer_goods,242.1,0.00302,0.00968
DEU:electronics_c26,IND:electronics_c26,241.8,0.00773,0.03349
CHN:electronics_c26,CHN:shipping,240.7,0.00207,0.75577
FRA:aerospace,GBR:electronics_c26,239.4,0.01915,0.13884
POL:electronics_c26,DEU:electronics_c26,239.3,0.00438,0.01921
DEU:electronics_c26,SVK:electronics_c26,239.0,0.0585,0.10905
ITA:automotive,GBR:automotive,238.8,0.00419,0.0195
USA:aerospace,POL:aerospace,238.5,0.05078,0.17156
KOR:shipping,KOR:automotive,237.7,0.00162,0.76236
JPN:shipping,CHN:shipping,237.4,0.00204,0.00492
GBR:aerospace,JPN:aerospace,237.2,0.00772,0.01953
VNM:electronics_c26,SGP:electronics_c26,237.0,0.00335,0.00645
MYS:consumer_goods,MYS:electronics_c26,236.2,0.00442,0.49898
JPN:automotive,BRA:automotive,236.1,0.00393,0.01182
CHE:aerospace,FRA:aerospace,234.9,0.00235,0.00385
VNM:electronics_c26,VNM:automotive,234.3,0.05154,0.44155
NLD:shipping,ROW:shipping,234.2,0.00852,0.01877
CHN:automotive,BRA:automotive,233.2,0.00388,0.01168
GBR:automotive,BEL:automotive,233.1,0.01861,0.04643
NLD:consumer_goods,POL:consumer_goods,232.8,0.00286,0.01168
MYS:electronics_c26,NLD:electronics_c26,232.7,0.01079,0.03887
CHN:electronics_c26,SGP:consumer_goods,232.3,0.01665,0.16074
USA:consumer_goods,PHL:consumer_goods,231.3,0.0028,0.00907
POL:automotive,ITA:automotive,231.2,0.0044,0.02893
SVK:automotive,RUS:automotive,230.9,0.00685,0.01788
ITA:automotive,SVK:automotive,230.6,0.00771,0.01351
MYS:automotive,MYS:consumer_goods,230.4,0.00287,0.76467
IDN:electronics_c26,IDN:aerospace,230.2,0.01123,0.60768
CZE:automotive,GBR:automotive,229.5,0.00402,0.01873
CHE:electronics_c26,THA:electronics_c26,229.3,0.00267,0.00511
AUT:aerospace,DEU:aerospace,228.7,0.0059,0.01557
VNM:electronics_c26,NLD:electronics_c26,228.4,0.01059,0.03816
TWN:electronics_c26,TWN:aerospace,228.2,0.02479,0.92197
CHN:shipping,USA:shipping,227.4,0.00491,0.03331
JPN:consumer_goods,TWN:consumer_goods,227.1,0.00437,0.01664
FRA:electronics_c26,CHE:electronics_c26,227.0,0.00571,0.01287
SGP:electronics_c26,DEU:electronics_c26,226.4,0.00414,0.01817
SVK:automotive,HUN:automotive,225.6,0.00848,0.02787
VNM:consumer_goods,VNM:electronics_c26,225.3,0.00219,0.65796
IRL:consumer_goods,NLD:consumer_goods,225.1,0.00262,0.01272
GBR:aerospace,SGP:shipping,224.5,0.0032,0.08833
PHL:shipping,SGP:shipping,224.4,0.0032,0.01069
SGP:shipping,ARE:shipping,223.8,0.05889,0.22458
CHN:consumer_goods,PAK:consumer_goods,223.7,0.00548,0.0335
DEU:aerospace,GBR:consumer_goods,223.3,0.00187,0.05111
USA:automotive,RUS:automotive,222.9,0.00661,0.01726
CHN:electronics_c26,GBR:automotive,222.8,0.00391,0.20452
BEL:automotive,FRA:automotive,222.8,0.00292,0.00856
CAN:aerospace,CAN:consumer_goods,222.6,0.00241,0.65765
USA:electronics_c26,FRA:electronics_c26,222.2,0.0138,0.05597
CHN:automotive,SVK:automotive,219.8,0.00735,0.01287
JPN:automotive,HUN:automotive,219.7,0.00826,0.02715
FRA:shipping,CHE:shipping,219.5,0.00974,0.0312
FRA:aerospace,IRL:consumer_goods,219.3,0.00766,0.61986
MEX:automotive,ROW:automotive,219.3,0.00524,0.02486
DEU:shipping,HKG:shipping,219.1,0.01249,0.01918
CHE:electronics_c26,FRA:electronics_c26,218.7,0.01358,0.05509
DEU:automotive,THA:automotive,218.2,0.00628,0.02166
ITA:consumer_goods,POL:consumer_goods,217.9,0.00267,0.01094
ROW:shipping,ROW:automotive,217.8,0.0052,0.52751
USA:aerospace,MEX:automotive,216.4,0.00164,0.20214
CHN:automotive,CZE:automotive,216.0,0.00492,0.01137
USA:aerospace,DEU:consumer_goods,215.7,0.00094,0.09348
CHN:consumer_goods,TWN:electronics_c26,214.8,0.0016,0.07671
ESP:automotive,BEL:automotive,214.7,0.01714,0.04276
ITA:consumer_goods,ROU:consumer_goods,214.4,0.00991,0.05501
TWN:electronics_c26,TWN:automotive,214.2,0.02004,0.83459
PHL:electronics_c26,MYS:electronics_c26,213.2,0.00399,0.00871
USA:aerospace,ITA:aerospace,212.1,0.01312,0.04682
NLD:consumer_goods,NLD:aerospace,212.1,0.10454,0.81235
KOR:automotive,IND:automotive,211.8,0.00242,0.00899
IND:consumer_goods,MYS:consumer_goods,211.7,0.00264,0.00847
NGA:consumer_goods,NGA:automotive,211.1,0.12139,0.85949
ITA:automotive,AUT:automotive,210.1,0.01325,0.04075
DEU:electronics_c26,PHL:electronics_c26,209.9,0.0107,0.01871
ARG:consumer_goods,ARG:automotive,209.5,0.02388,0.81914
USA:shipping,SGP:shipping,208.1,0.00296,0.00991
POL:automotive,GBR:automotive,207.9,0.00365,0.01697
FRA:electronics_c26,FRA:automotive,207.8,0.00272,0.17524
ITA:automotive,ITA:aerospace,206.8,0.01279,0.5318
CHN:consumer_goods,BLR:consumer_goods,206.8,0.0161,0.05417
CHN:electronics_c26,FRA:aerospace,206.7,0.00207,0.24896
IRL:electronics_c26,MYS:electronics_c26,206.3,0.00386,0.00843
FRA:automotive,HUN:automotive,206.2,0.00775,0.02547
ITA:consumer_goods,ITA:electronics_c26,206.2,0.01306,0.77349
ISR:shipping,ISR:electronics_c26,206.1,0.01437,0.92843
USA:aerospace,IND:aerospace,205.7,0.00903,0.06108
IDN:electronics_c26,IDN:automotive,205.5,0.00813,0.60763
CHN:automotive,FRA:automotive,205.4,0.00269,0.0079
CZE:automotive,NLD:automotive,205.1,0.01469,0.02928
NZL:consumer_goods,AUS:consumer_goods,204.9,0.0029,0.02087
ITA:automotive,HUN:automotive,204.6,0.00769,0.02528
BRA:aerospace,FRA:aerospace,204.4,0.00204,0.00335
ITA:consumer_goods,ITA:aerospace,204.3,0.01264,0.82449
SGP:electronics_c26,SGP:shipping,203.3,0.0029,0.686
JPN:shipping,JPN:aerospace,203.3,0.00661,0.85388
ROW:shipping,USA:shipping,202.7,0.00438,0.0297
SWE:automotive,SWE:consumer_goods,202.4,0.0096,0.92892
MYS:consumer_goods,SGP:consumer_goods,202.3,0.0145,0.08143
GBR:shipping,GBR:consumer_goods,200.9,0.00168,0.76212
GRC:shipping,JPN:shipping,200.3,0.00714,0.024
MYS:shipping,SGP:shipping,200.0,0.00285,0.00952
SWE:automotive,POL:automotive,199.6,0.00623,0.01966
DEU:aerospace,ESP:aerospace,199.6,0.01753,0.04381
TUR:shipping,ROW:shipping,198.2,0.00721,0.01588
BRA:consumer_goods,NLD:consumer_goods,198.2,0.0023,0.0112
CHN:electronics_c26,ARG:electronics_c26,197.4,0.08367,0.30262
CZE:automotive,RUS:automotive,197.4,0.00586,0.01529
TUR:aerospace,TUR:consumer_goods,196.8,0.00167,0.39415
DNK:shipping,HKG:shipping,196.8,0.01122,0.01724
USA:aerospace,CHE:aerospace,196.7,0.04498,0.19414
POL:consumer_goods,NLD:consumer_goods,196.5,0.00228,0.0111
ROW:consumer_goods,ROW:electronics_c26,195.6,0.01073,0.64242
GBR:automotive,NLD:automotive,195.4,0.01399,0.0279
SGP:shipping,VNM:shipping,194.8,0.03465,0.22972
FIN:electronics_c26,FIN:consumer_goods,194.5,0.01423,0.63279
PRT:consumer_goods,PRT:automotive,194.4,0.01822,0.60824
CHN:aerospace,DEU:aerospace,194.3,0.00501,0.01323
RUS:electronics_c26,RUS:aerospace,194.0,0.00998,0.45351
GBR:automotive,POL:automotive,193.7,0.00604,0.01908
IRL:electronics_c26,NLD:electronics_c26,193.4,0.00896,0.0323
CHE:shipping,ROW:shipping,193.3,0.00703,0.01549
THA:electronics_c26,PHL:electronics_c26,192.5,0.00982,0.01716
ITA:aerospace,GBR:aerospace,192.0,0.00758,0.02391
THA:electronics_c26,DEU:electronics_c26,191.8,0.00351,0.01539
ROW:consumer_goods,POL:consumer_goods,190.5,0.00234,0.00956
CHN:shipping,DEU:shipping,190.3,0.00619,0.04338
CHN:consumer_goods,BEL:consumer_goods,190.1,0.0038,0.0164
SGP:shipping,PHL:shipping,189.6,0.19854,0.57107
ROW:consumer_goods,CHE:consumer_goods,189.1,0.00362,0.01172
NLD:consumer_goods,CHE:consumer_goods,189.1,0.00362,0.01172
ITA:consumer_goods,PRT:consumer_goods,188.8,0.00741,0.02946
FRA:aerospace,THA:aerospace,188.8,0.03517,0.09315
CHN:electronics_c26,MEX:aerospace,188.6,0.01625,0.28733
CHN:consumer_goods,SGP:consumer_goods,188.2,0.0135,0.07577
SGP:shipping,JPN:automotive,188.1,0.00053,0.08676
USA:aerospace,ARE:aerospace,188.0,0.15546,0.2797
TUR:automotive,CZE:automotive,187.5,0.00427,0.00987
CHN:automotive,IND:automotive,187.3,0.00214,0.00795
DEU:aerospace,FRA:consumer_goods,187.0,0.00094,0.12603
THA:aerospace,THA:consumer_goods,186.9,0.00138,0.59305
CHE:shipping,DEU:shipping,186.6,0.00607,0.04254
CZE:automotive,BEL:automotive,186.4,0.01488,0.03711
MEX:electronics_c26,SGP:electronics_c26,185.7,0.00262,0.00505
AUT:electronics_c26,DEU:electronics_c26,185.3,0.00339,0.01487
MEX:automotive,MEX:aerospace,184.6,0.01591,0.76374
USA:shipping,USA:electronics_c26,184.4,0.00152,0.81994
MEX:electronics_c26,CAN:electronics_c26,183.4,0.02653,0.09169
NLD:shipping,NLD:consumer_goods,183.2,0.00213,0.78548
CHN:consumer_goods,SAU:consumer_goods,182.8,0.00781,0.09435
GBR:automotive,AUT:automotive,182.7,0.01152,0.03543
SGP:shipping,ROW:consumer_goods,182.7,0.00058,0.07542
THA:consumer_goods,PHL:consumer_goods,182.5,0.00221,0.00715
IDN:consumer_goods,PHL:consumer_goods,182.5,0.00221,0.00715
JPN:automotive,AUS:consumer_goods,182.3,0.00258,0.19377
CHN:electronics_c26,ESP:electronics_c26,182.3,0.04954,0.28836
HKG:shipping,JPN:shipping,182.2,0.00649,0.02183
KOR:automotive,FRA:automotive,182.2,0.00238,0.00701
USA:shipping,ROW:shipping,182.1,0.00663,0.0146
USA:aerospace,FRA:consumer_goods,181.2,0.00091,0.12212
HKG:shipping,HKG:electronics_c26,181.1,0.02525,0.93215
SVK:automotive,POL:automotive,180.8,0.00564,0.01782
CHN:consumer_goods,HKG:consumer_goods,180.5,0.01978,0.14514
THA:consumer_goods,THA:shipping,180.4,0.02889,0.91985
THA:aerospace,THA:automotive,179.7,0.00517,0.59078
AUT:consumer_goods,CHE:consumer_goods,178.7,0.00342,0.01108
CHN:electronics_c26,ROW:consumer_goods,178.5,0.00056,0.26942
GBR:automotive,ITA:automotive,178.5,0.0034,0.02234
CHN:electronics_c26,AUS:consumer_goods,178.5,0.00253,0.36228
DNK:shipping,BEL:shipping,178.4,0.07044,0.24045
HKG:shipping,HKG:consumer_goods,178.2,0.01953,0.75858
HUN:automotive,POL:automotive,178.1,0.00556,0.01755
GBR:consumer_goods,FRA:aerospace,177.6,0.00178,0.08667
ISR:electronics_c26,ISR:aerospace,177.6,0.05941,0.80242
TWN:electronics_c26,SGP:consumer_goods,177.6,0.01274,0.12292
NOR:shipping,JPN:shipping,177.4,0.00632,0.02126
ROU:automotive,HUN:automotive,177.4,0.00666,0.02192
KOR:automotive,BRA:automotive,177.1,0.00295,0.00887
CHN:aerospace,GBR:aerospace,177.1,0.00699,0.02206
CZE:automotive,ITA:automotive,177.0,0.00337,0.02214
DEU:consumer_goods,HUN:consumer_goods,176.9,0.01308,0.0786
USA:automotive,USA:electronics_c26,176.7,0.00146,0.45962
POL:consumer_goods,POL:aerospace,176.3,0.03754,0.84024
CHN:electronics_c26,NOR:electronics_c26,176.2,0.09766,0.33617
ITA:automotive,ITA:electronics_c26,175.8,0.01113,0.52455
USA:consumer_goods,COL:consumer_goods,175.7,0.00531,0.02405
JPN:automotive,TUR:automotive,175.7,0.00805,0.03186
CZE:automotive,TUR:automotive,175.4,0.00804,0.0318
AUS:electronics_c26,AUS:consumer_goods,175.4,0.00249,0.35592
CZE:electronics_c26,CZE:automotive,175.2,0.00399,0.49136
NOR:shipping,KOR:shipping,174.7,0.00825,0.02644
SGP:shipping,MMR:shipping,174.0,0.16215,0.38024
FRA:automotive,AUT:automotive,173.8,0.01096,0.0337
CHN:electronics_c26,RUS:consumer_goods,173.2,0.00144,0.29254
SWE:electronics_c26,SWE:automotive,173.0,0.00577,0.35617
CHN:electronics_c26,ZAF:electronics_c26,172.7,0.10939,0.47034
CHN:electronics_c26,CZE:aerospace,172.4,0.08593,0.44617
USA:electronics_c26,CAN:automotive,172.1,0.0028,0.16864
CHN:aerospace,ESP:aerospace,172.1,0.01511,0.03776
TWN:electronics_c26,VNM:consumer_goods,172.0,0.00125,0.06
POL:automotive,NLD:automotive,171.7,0.01229,0.02451
USA:electronics_c26,HUN:electronics_c26,171.6,0.01469,0.02936
TUR:consumer_goods,MAR:consumer_goods,171.6,0.00834,0.03391
FRA:aerospace,MEX:aerospace,171.6,0.01478,0.0476
ROW:shipping,KOR:shipping,171.5,0.0081,0.02596
CAN:electronics_c26,MEX:electronics_c26,171.3,0.00219,0.00407
GBR:aerospace,GBR:automotive,171.2,0.003,0.82235
CHN:automotive,POL:automotive,171.2,0.00534,0.01687
FRA:shipping,USA:shipping,171.0,0.00369,0.02505
SGP:shipping,MYS:electronics_c26,170.9,0.0032,0.33311
AUT:automotive,CZE:automotive,170.8,0.00389,0.00899
FRA:automotive,TUR:automotive,170.2,0.0078,0.03086
CHN:electronics_c26,ARE:automotive,169.5,0.04437,0.39889
BEL:consumer_goods,BEL:automotive,168.3,0.01343,0.47424
ITA:aerospace,DEU:aerospace,168.1,0.00434,0.01145
IRL:electronics_c26,DEU:electronics_c26,168.1,0.00308,0.01349
DEU:automotive,POL:consumer_goods,167.6,0.00206,0.17929
ITA:automotive,TUR:automotive,167.5,0.00767,0.03036
FRA:aerospace,MYS:aerospace,167.5,0.07957,0.28645
USA:automotive,FRA:automotive,167.4,0.00219,0.00644
DEU:shipping,NLD:shipping,166.0,0.02403,0.14794
GBR:electronics_c26,DEU:electronics_c26,165.9,0.00304,0.01332
CHN:electronics_c26,ARE:consumer_goods,165.8,0.00935,0.38527
KOR:shipping,USA:shipping,165.4,0.00357,0.02422
CAN:shipping,CAN:automotive,165.3,0.00269,0.8872
RUS:automotive,BLR:automotive,165.0,0.10454,0.25822
CHN:electronics_c26,EST:electronics_c26,164.3,0.14675,0.31627
ITA:consumer_goods,BEL:consumer_goods,164.2,0.00328,0.01416
UKR:aerospace,UKR:consumer_goods,163.9,0.00573,0.86062
FRA:aerospace,CHN:automotive,163.6,0.00022,0.05541
FRA:shipping,FRA:consumer_goods,163.5,0.00082,0.69467
FRA:electronics_c26,FRA:consumer_goods,163.5,0.00082,0.16121
ZAF:consumer_goods,ZAF:automotive,162.8,0.0112,0.46531
CHN:consumer_goods,ROW:automotive,162.7,0.00389,0.12409
GBR:electronics_c26,GBR:aerospace,162.7,0.00642,0.54339
NLD:automotive,POL:automotive,162.7,0.00508,0.01603
CZE:consumer_goods,CZE:electronics_c26,162.3,0.01392,0.6338
IDN:consumer_goods,BGD:consumer_goods,161.7,0.00293,0.00569
NLD:automotive,BEL:automotive,161.5,0.01289,0.03216
TUR:automotive,ROU:automotive,161.4,0.0096,0.03794
DEU:consumer_goods,ROU:consumer_goods,161.3,0.00745,0.04138
THA:automotive,VNM:automotive,161.3,0.03547,0.21143
IND:automotive,THA:automotive,161.2,0.00464,0.01601
SVK:automotive,GBR:automotive,161.2,0.00283,0.01316
ROW:consumer_goods,COL:consumer_goods,160.5,0.00484,0.02197
KOR:automotive,GBR:automotive,160.4,0.00281,0.01309
FRA:aerospace,ITA:aerospace,159.6,0.00987,0.03523
SGP:shipping,PAK:shipping,159.1,0.05385,0.09038
KOR:electronics_c26,HUN:electronics_c26,158.7,0.01358,0.02714
ITA:electronics_c26,SGP:electronics_c26,158.7,0.00224,0.00432
ITA:consumer_goods,TUN:consumer_goods,158.3,0.0292,0.13316
CHN:automotive,ZAF:automotive,158.1,0.01087,0.03964
CZE:electronics_c26,HUN:electronics_c26,157.9,0.01351,0.02701
UKR:aerospace,UKR:automotive,157.5,0.17283,0.8614
USA:automotive,NLD:automotive,157.2,0.01126,0.02244
ROW:electronics_c26,ROW:consumer_goods,157.1,0.0005,0.23719
CHN:automotive,TWN:automotive,156.9,0.01468,0.03128
MYS:automotive,MYS:electronics_c26,156.8,0.00294,0.61076
DEU:aerospace,FRA:automotive,156.5,0.00205,0.12642
FRA:electronics_c26,NLD:electronics_c26,156.4,0.00725,0.02613
CAN:aerospace,CAN:automotive,156.1,0.00254,0.55352
BEL:aerospace,BEL:consumer_goods,155.6,0.00311,0.6075
CHN:electronics_c26,IND:consumer_goods,155.3,0.0004,0.2432
MEX:consumer_goods,MEX:aerospace,154.8,0.01333,0.80013
USA:aerospace,TWN:consumer_goods,154.8,0.00298,0.18683
JPN:automotive,SVK:automotive,154.2,0.00516,0.00903
POL:consumer_goods,CZE:consumer_goods,154.1,0.00779,0.04255
JPN:automotive,USA:consumer_goods,153.9,0.00018,0.05043
JPN:electronics_c26,NLD:electronics_c26,153.7,0.00713,0.02568
ITA:consumer_goods,AUT:consumer_goods,153.3,0.0054,0.0316
DNK:shipping,SWE:shipping,153.1,0.04634,0.21924
USA:aerospace,THA:aerospace,153.1,0.02852,0.07554
MYS:electronics_c26,PHL:electronics_c26,153.0,0.0078,0.01364
CHL:electronics_c26,CHL:consumer_goods,152.9,0.00548,0.76325
USA:aerospace,FRA:automotive,152.8,0.002,0.12344
ESP:automotive,TUR:automotive,152.7,0.007,0.02769
DEU:automotive,DEU:aerospace,152.4,0.00393,0.77657
KOR:consumer_goods,BGD:consumer_goods,152.0,0.00275,0.00535
ESP:automotive,NLD:automotive,151.8,0.01087,0.02168
BRA:electronics_c26,BRA:automotive,151.3,0.00252,0.6461
THA:automotive,AUS:consumer_goods,151.3,0.00214,0.16084
HUN:automotive,AUT:automotive,151.1,0.00953,0.0293
DEU:automotive,SVN:automotive,150.8,0.04474,0.14251
PHL:electronics_c26,DEU:electronics_c26,150.7,0.00276,0.0121
USA:shipping,JPN:shipping,150.1,0.00535,0.01799
KOR:automotive,KOR:aerospace,149.7,0.02184,0.90276
ROW:consumer_goods,ARE:consumer_goods,149.5,0.00844,0.04006
VNM:electronics_c26,RUS:electronics_c26,149.4,0.01099,0.03537
JPN:electronics_c26,IND:electronics_c26,149.4,0.00478,0.0207
NLD:aerospace,GBR:aerospace,149.4,0.0059,0.01861
ESP:automotive,CAN:automotive,149.3,0.00243,0.00514
GBR:shipping,USA:shipping,149.2,0.00322,0.02186
ESP:automotive,AUT:automotive,148.8,0.00938,0.02886
KOR:electronics_c26,SVK:electronics_c26,148.7,0.03639,0.06784
FRA:automotive,MAR:automotive,148.6,0.02235,0.13993
ARE:electronics_c26,ARE:consumer_goods,148.1,0.00836,0.34427
SWE:aerospace,SWE:consumer_goods,148.0,0.00702,0.68677
USA:consumer_goods,CHE:consumer_goods,148.0,0.00283,0.00917
TUR:shipping,SGP:shipping,148.0,0.00211,0.00705
HUN:automotive,HUN:electronics_c26,147.7,0.01264,0.63874
POL:automotive,TUR:automotive,147.6,0.00676,0.02677
GRC:shipping,KOR:shipping,147.5,0.00697,0.02234
DEU:consumer_goods,KOR:electronics_c26,147.5,0.00079,0.05454
GBR:automotive,CZE:automotive,147.4,0.00336,0.00776
POL:aerospace,DEU:aerospace,147.3,0.0038,0.01003
DEU:electronics_c26,ROW:electronics_c26,147.1,0.00808,0.03135
DEU:aerospace,DEU:shipping,147.0,0.00478,0.57204
ESP:electronics_c26,ESP:automotive,146.8,0.00243,0.15324
CHN:consumer_goods,CZE:consumer_goods,146.6,0.00742,0.0405
ROW:consumer_goods,CHL:consumer_goods,146.6,0.00526,0.03248
THA:shipping,THA:automotive,146.4,0.00421,0.78098
VNM:electronics_c26,PHL:electronics_c26,146.2,0.00745,0.01303
MYS:consumer_goods,MYS:automotive,145.7,0.01705,0.91759
NOR:shipping,USA:shipping,145.5,0.00314,0.02131
DEU:automotive,CHN:electronics_c26,145.5,0.0001,0.06865
CHN:consumer_goods,PRT:consumer_goods,145.0,0.00569,0.02263
CAN:aerospace,DEU:aerospace,144.6,0.00373,0.00985
SWE:shipping,SWE:automotive,144.6,0.00482,0.64602
USA:automotive,CAN:aerospace,144.4,0.00766,0.393
VNM:electronics_c26,VNM:aerospace,144.3,0.06673,0.44282
SGP:shipping,ISR:shipping,144.2,0.02279,0.03866
SVK:electronics_c26,HUN:electronics_c26,144.1,0.01233,0.02465
DEU:electronics_c26,PRT:electronics_c26,144.1,0.06412,0.24456
ITA:shipping,ITA:automotive,144.0,0.00274,0.76925
SWE:consumer_goods,SWE:shipping,144.0,0.0436,0.86743
DEU:aerospace,ITA:aerospace,143.7,0.00889,0.03173
IDN:consumer_goods,IDN:shipping,143.7,0.01919,0.89317
FRA:electronics_c26,FRA:aerospace,142.9,0.00143,0.17206
NLD:shipping,CHE:shipping,142.7,0.00633,0.02029
ARE:electronics_c26,ARE:automotive,142.5,0.0373,0.33532
JPN:aerospace,DEU:aerospace,142.3,0.00367,0.00969
ROW:shipping,DEU:shipping,141.7,0.00461,0.0323
AUT:electronics_c26,HUN:electronics_c26,141.6,0.01212,0.02422
VNM:electronics_c26,IND:automotive,141.6,0.00162,0.07539
FRA:automotive,ROU:automotive,141.5,0.00841,0.03326
CHN:consumer_goods,JPN:automotive,140.8,0.0004,0.1105
SWE:automotive,GBR:automotive,140.7,0.00247,0.01148
CHN:automotive,MYS:automotive,140.7,0.01647,0.04251
GRC:shipping,GRC:consumer_goods,140.5,0.00982,0.88097
CHN:consumer_goods,AUT:consumer_goods,140.2,0.00494,0.02891
HUN:consumer_goods,HUN:automotive,140.2,0.00527,0.36422
GBR:shipping,JPN:shipping,140.2,0.005,0.0168
BRA:aerospace,IDN:aerospace,140.1,0.00683,0.02737
TUR:shipping,GRC:shipping,139.9,0.00973,0.02513
DEU:electronics_c26,GBR:electronics_c26,139.9,0.01119,0.07532
ITA:electronics_c26,ITA:aerospace,139.9,0.00865,0.3588
ROU:automotive,ESP:automotive,139.8,0.00231,0.00725
USA:automotive,THA:automotive,139.4,0.00401,0.01384
RUS:consumer_goods,RUS:electronics_c26,139.2,0.01024,0.66342
CHN:aerospace,RUS:aerospace,139.1,0.00715,0.01972
VNM:electronics_c26,POL:electronics_c26,139.1,0.01617,0.04106
FRA:electronics_c26,HUN:electronics_c26,139.0,0.0119,0.02378
DEU:aerospace,CAN:aerospace,138.6,0.00735,0.01433
USA:consumer_goods,SGP:consumer_goods,138.4,0.00992,0.05572
ARG:automotive,ARG:consumer_goods,138.2,0.00248,0.93413
SGP:electronics_c26,IND:aerospace,137.8,0.00605,0.17542
TWN:aerospace,DEU:aerospace,137.5,0.00355,0.00937
VNM:electronics_c26,ISR:electronics_c26,137.4,0.00958,0.01751
DEU:shipping,IND:shipping,137.4,0.05324,0.10395
GBR:shipping,GBR:automotive,137.2,0.00241,0.72434
CHN:aerospace,BRA:aerospace,137.0,0.02334,0.05177
USA:aerospace,JPN:automotive,136.9,0.00039,0.14305
ITA:consumer_goods,BGR:consumer_goods,136.5,0.01794,0.07
THA:shipping,JPN:shipping,135.9,0.00484,0.01628
DEU:electronics_c26,ISR:electronics_c26,135.8,0.00947,0.0173
PRT:automotive,GBR:automotive,135.6,0.00238,0.01107
CZE:automotive,ROU:automotive,135.4,0.00805,0.03182
BEL:shipping,CHE:shipping,135.2,0.006,0.01922
ROU:automotive,POL:automotive,134.5,0.0042,0.01325
GBR:aerospace,ESP:aerospace,134.3,0.0118,0.02948
ROW:shipping,CHE:shipping,134.1,0.00595,0.01906
ROU:automotive,TUR:automotive,134.0,0.00614,0.0243
KOR:shipping,HKG:shipping,133.9,0.00763,0.01172
ITA:consumer_goods,MAR:consumer_goods,133.4,0.00648,0.02636
MEX:automotive,USA:electronics_c26,132.4,0.00109,0.34427
CHN:electronics_c26,RUS:aerospace,131.8,0.00678,0.30798
DNK:shipping,IND:shipping,131.8,0.05109,0.09975
ROW:consumer_goods,PER:consumer_goods,131.7,0.00465,0.01738
ITA:shipping,DEU:shipping,131.7,0.00429,0.03002
JPN:automotive,AUS:automotive,131.6,0.02563,0.19605
SVK:consumer_goods,SVK:automotive,131.3,0.00439,0.40295
CHN:aerospace,TWN:aerospace,131.0,0.01423,0.06146
DEU:electronics_c26,BRA:electronics_c26,131.0,0.00609,0.01351
VNM:consumer_goods,CHE:consumer_goods,130.9,0.0025,0.00811
THA:automotive,ROW:automotive,130.9,0.00313,0.01484
TUR:electronics_c26,TUR:automotive,130.5,0.00598,0.29759
TWN:consumer_goods,KHM:consumer_goods,130.2,0.03103,0.05288
CHN:consumer_goods,USA:aerospace,130.2,0.00084,0.12052
ROW:electronics_c26,ROW:automotive,129.8,0.0031,0.39089
CHN:electronics_c26,TUR:automotive,129.7,0.00594,0.29567
TWN:electronics_c26,BRA:electronics_c26,129.6,0.00603,0.01337
DEU:shipping,MEX:consumer_goods,129.1,0.00108,0.20464
DEU:automotive,FRA:consumer_goods,128.8,0.00065,0.12195
UKR:shipping,UKR:consumer_goods,128.6,0.00449,0.54785
NLD:automotive,CZE:automotive,128.5,0.00293,0.00676
TUR:automotive,BEL:automotive,128.1,0.01022,0.02551
SGP:shipping,DNK:shipping,128.1,0.00413,0.30104
NLD:electronics_c26,ITA:electronics_c26,127.8,0.00809,0.06388
DEU:consumer_goods,PRT:consumer_goods,127.4,0.005,0.01988
SWE:consumer_goods,NOR:consumer_goods,127.2,0.00481,0.01916
AUT:automotive,GBR:automotive,127.0,0.00223,0.01037
USA:automotive,TWN:automotive,127.0,0.01189,0.02533
FRA:shipping,FRA:aerospace,127.0,0.00127,0.46525
SWE:automotive,ESP:automotive,126.7,0.0021,0.00657
GRC:shipping,TUR:shipping,126.7,0.04007,0.16442
CHN:consumer_goods,ARG:consumer_goods,126.2,0.00227,0.0151
PHL:electronics_c26,PHL:consumer_goods,126.2,0.00153,0.38731
ROW:shipping,ROW:electronics_c26,126.1,0.00692,0.4712
DEU:automotive,MYS:automotive,125.9,0.01473,0.03802
THA:automotive,PHL:automotive,125.4,0.05312,0.29847
CHN:automotive,IDN:automotive,125.3,0.00496,0.01608
CHN:consumer_goods,JPN:shipping,125.2,0.00446,0.0808
NLD:electronics_c26,GBR:electronics_c26,125.0,0.01,0.06731
CHN:consumer_goods,UKR:consumer_goods,124.6,0.00435,0.02004
POL:automotive,BEL:automotive,124.6,0.00995,0.02481
GBR:automotive,RUS:automotive,124.5,0.0037,0.00964
SVK:automotive,AUT:automotive,124.4,0.00785,0.02413
JPN:aerospace,JPN:consumer_goods,124.2,0.00032,0.64973
JPN:automotive,AUT:automotive,123.9,0.00782,0.02404
VNM:electronics_c26,FRA:electronics_c26,123.8,0.00769,0.03119
ESP:automotive,MAR:automotive,123.7,0.01861,0.11649
ROW:automotive,CZE:automotive,123.6,0.00281,0.0065
POL:automotive,AUT:automotive,123.2,0.00777,0.02389
NLD:aerospace,DEU:aerospace,122.9,0.00317,0.00837
DEU:electronics_c26,ESP:automotive,122.9,0.00203,0.12828
CHN:automotive,GBR:automotive,122.8,0.00215,0.01002
SWE:automotive,CZE:automotive,122.8,0.0028,0.00646
AUT:consumer_goods,AUT:electronics_c26,122.8,0.02041,0.56145
ITA:electronics_c26,DEU:electronics_c26,122.5,0.00224,0.00983
BRA:aerospace,BRA:consumer_goods,122.4,0.0006,0.3062
ROU:automotive,ITA:automotive,122.3,0.00233,0.01531
DEU:consumer_goods,CZE:automotive,122.0,0.00278,0.08665
THA:electronics_c26,IND:electronics_c26,122.0,0.0039,0.01689
GBR:consumer_goods,BEL:consumer_goods,121.8,0.00244,0.01051
MEX:shipping,MEX:electronics_c26,121.7,0.00156,0.3379
FRA:automotive,ROW:automotive,121.5,0.0029,0.01378
CHE:electronics_c26,ARE:electronics_c26,121.2,0.02128,0.03096
JPN:automotive,USA:aerospace,120.8,0.00078,0.05061
NLD:consumer_goods,DNK:consumer_goods,120.5,0.00506,0.03226
RUS:consumer_goods,RUS:shipping,120.1,0.05157,0.92705
KOR:automotive,POL:automotive,120.1,0.00375,0.01183
MEX:shipping,MEX:automotive,120.0,0.00091,0.17182
SGP:shipping,NLD:shipping,119.9,0.01736,0.10687
FRA:shipping,JPN:shipping,119.7,0.00426,0.01434
AUS:shipping,AUS:consumer_goods,119.6,0.0017,0.87759
FRA:automotive,SWE:automotive,119.4,0.00398,0.02577
KOR:automotive,NLD:automotive,119.2,0.00854,0.01702
CZE:automotive,ROW:automotive,119.0,0.00284,0.0135
DNK:consumer_goods,SWE:consumer_goods,118.6,0.00563,0.04216
DEU:consumer_goods,SWE:consumer_goods,118.5,0.00562,0.0421
FIN:consumer_goods,FIN:electronics_c26,118.4,0.01435,0.76425
GBR:automotive,GBR:consumer_goods,118.4,0.00099,0.5063
HUN:electronics_c26,DEU:automotive,118.3,0.00041,0.05561
KOR:electronics_c26,ROW:electronics_c26,118.2,0.00649,0.02518
THA:consumer_goods,TWN:consumer_goods,117.8,0.00226,0.00863
MEX:electronics_c26,DEU:electronics_c26,117.8,0.00216,0.00946
DEU:electronics_c26,FIN:electronics_c26,117.5,0.01425,0.03999
SGP:shipping,THA:shipping,117.1,0.01876,0.30403
SGP:shipping,TWN:electronics_c26,117.0,0.00087,0.36733
SWE:consumer_goods,DNK:consumer_goods,117.0,0.00491,0.03132
IND:consumer_goods,ISR:consumer_goods,116.9,0.0054,0.02335
CHN:electronics_c26,KOR:consumer_goods,116.9,0.00078,0.08749
MEX:electronics_c26,BRA:electronics_c26,116.6,0.00542,0.01203
CHN:electronics_c26,UKR:electronics_c26,116.3,0.17615,0.48585
ESP:automotive,ROU:automotive,116.0,0.00689,0.02726
ROU:automotive,ROU:consumer_goods,115.9,0.00536,0.55783
ZAF:automotive,ROW:automotive,115.8,0.00277,0.01314
DEU:shipping,MEX:automotive,115.8,0.00088,0.16573
KOR:electronics_c26,IDN:electronics_c26,115.4,0.00575,0.0154
USA:aerospace,BRA:consumer_goods,115.3,0.00056,0.28853
SGP:electronics_c26,ROW:electronics_c26,115.1,0.00632,0.02453
SGP:shipping,CAN:shipping,114.9,0.04794,0.24983
RUS:automotive,CZE:automotive,114.9,0.00262,0.00605
CHN:electronics_c26,CHL:electronics_c26,114.8,0.02219,0.12347
ROW:shipping,IND:shipping,114.4,0.04432,0.08654
MEX:electronics_c26,CAN:automotive,114.4,0.00186,0.11213
CHN:consumer_goods,DNK:consumer_goods,114.3,0.0048,0.0306
GBR:automotive,ROW:automotive,114.1,0.00272,0.01294
NLD:shipping,GRC:shipping,114.1,0.00794,0.02049
JPN:electronics_c26,IDN:electronics_c26,114.0,0.00568,0.01522
MEX:automotive,CHN:electronics_c26,113.6,8e-05,0.05359
SGP:electronics_c26,CHE:electronics_c26,113.5,0.00285,0.00643
AUT:consumer_goods,AUT:automotive,113.4,0.00715,0.51868
CHN:electronics_c26,COL:electronics_c26,113.4,0.08581,0.47316
ITA:shipping,ROW:shipping,113.3,0.00412,0.00908
USA:aerospace,TUR:consumer_goods,113.1,0.00096,0.22651
CHN:consumer_goods,NZL:consumer_goods,113.0,0.00399,0.03035
ESP:shipping,ESP:consumer_goods,113.0,0.00083,0.59321
THA:automotive,ZAF:automotive,112.9,0.00777,0.02831
USA:consumer_goods,ISR:consumer_goods,112.9,0.00522,0.02257
FIN:consumer_goods,FIN:shipping,112.8,0.05868,0.84717
DEU:shipping,BEL:shipping,112.6,0.04447,0.15178
GRC:shipping,NOR:shipping,112.6,0.00789,0.05764
DEU:automotive,CHE:automotive,112.1,0.08939,0.3004
SVN:automotive,HUN:automotive,111.9,0.00421,0.01383
CAN:consumer_goods,CAN:electronics_c26,111.5,0.01613,0.76667
DNK:shipping,NLD:shipping,111.1,0.01608,0.09897
DEU:electronics_c26,ITA:automotive,110.8,0.00211,0.13066
POL:consumer_goods,HUN:consumer_goods,110.8,0.0082,0.04925
NLD:automotive,SVK:automotive,110.7,0.0037,0.00648
AUT:electronics_c26,MYS:electronics_c26,110.1,0.00206,0.0045
CHE:shipping,JPN:shipping,110.0,0.00392,0.01318
CHN:consumer_goods,ZAF:automotive,109.7,0.00754,0.31353
POL:automotive,RUS:automotive,109.7,0.00326,0.0085
FRA:electronics_c26,IND:electronics_c26,109.6,0.0035,0.01517
DEU:electronics_c26,RUS:electronics_c26,109.5,0.00806,0.02593
THA:automotive,AUS:automotive,109.2,0.02127,0.16273
KOR:consumer_goods,KOR:shipping,109.1,0.00516,0.83025
THA:automotive,TWN:automotive,109.1,0.01021,0.02175
CAN:automotive,CAN:aerospace,109.0,0.00579,0.29673
CAN:shipping,CAN:consumer_goods,108.9,0.00118,0.65338
ITA:electronics_c26,CHE:electronics_c26,108.4,0.00273,0.00615
TWN:electronics_c26,IND:electronics_c26,108.4,0.00346,0.01501
TUR:automotive,SVK:automotive,108.1,0.00361,0.00633
NLD:electronics_c26,POL:electronics_c26,108.1,0.01257,0.03191
VNM:electronics_c26,CHE:electronics_c26,107.9,0.00271,0.00612
FRA:aerospace,IDN:aerospace,107.8,0.00526,0.02106
VNM:electronics_c26,IDN:electronics_c26,107.7,0.00537,0.01438
CHN:consumer_goods,SWE:consumer_goods,107.7,0.00511,0.03828
GBR:shipping,DEU:shipping,107.6,0.0035,0.02453
TWN:shipping,TWN:electronics_c26,107.5,0.0008,0.33728
NLD:shipping,JPN:shipping,107.5,0.00383,0.01288
SGP:shipping,PHL:consumer_goods,107.4,0.0013,0.43003
CZE:aerospace,DEU:aerospace,107.4,0.00277,0.00732
BEL:electronics_c26,NLD:electronics_c26,106.9,0.00495,0.01785
TUR:consumer_goods,BLR:consumer_goods,106.8,0.00832,0.02798
CHN:electronics_c26,THA:automotive,106.7,0.00307,0.12018
FRA:aerospace,PRT:aerospace,106.7,0.16515,0.5011
NOR:shipping,NLD:shipping,106.6,0.01543,0.09499
KOR:shipping,GRC:shipping,106.4,0.0074,0.01912
FRA:consumer_goods,PRT:consumer_goods,106.2,0.00417,0.01658
TUR:consumer_goods,EGY:consumer_goods,105.8,0.00325,0.0212
USA:automotive,AUT:automotive,105.7,0.00667,0.0205
CHN:electronics_c26,ITA:automotive,105.6,0.00201,0.12457
HKG:shipping,KOR:shipping,105.5,0.00498,0.01597
DNK:consumer_goods,NOR:consumer_goods,105.5,0.00399,0.01588
ITA:aerospace,JPN:aerospace,105.2,0.00342,0.00866
CHN:aerospace,IND:aerospace,105.2,0.00462,0.03125
ITA:automotive,BEL:automotive,105.1,0.00839,0.02093
ROW:consumer_goods,TWN:consumer_goods,105.0,0.00202,0.0077
KOR:electronics_c26,VNM:automotive,104.9,0.02307,0.19763
USA:aerospace,CAN:automotive,104.8,0.0017,0.37172
CZE:consumer_goods,SVK:consumer_goods,104.5,0.01572,0.0702
DEU:electronics_c26,FRA:consumer_goods,104.4,0.00052,0.10289
MAR:consumer_goods,MAR:automotive,104.1,0.01566,0.40853
THA:electronics_c26,NLD:electronics_c26,104.1,0.00483,0.01739
DEU:electronics_c26,FRA:automotive,104.1,0.00136,0.08778
CZE:electronics_c26,NLD:electronics_c26,104.1,0.00483,0.01739
DEU:aerospace,CHE:aerospace,104.0,0.02378,0.10265
ESP:consumer_goods,BEL:consumer_goods,104.0,0.00208,0.00897
EGY:shipping,ROW:shipping,103.9,0.00378,0.00832
POL:aerospace,CAN:aerospace,103.8,0.00551,0.01074
ROW:shipping,ARE:shipping,103.7,0.02729,0.10407
JPN:aerospace,CAN:aerospace,103.6,0.0055,0.01072
IND:consumer_goods,PER:consumer_goods,103.5,0.00365,0.01365
GBR:automotive,GBR:aerospace,103.3,0.00408,0.4443
NLD:electronics_c26,BEL:electronics_c26,103.3,0.03528,0.2112
AUT:automotive,NLD:automotive,103.2,0.00739,0.01473
USA:electronics_c26,ARE:electronics_c26,103.0,0.0181,0.02633
PRT:automotive,AUT:automotive,103.0,0.00649,0.01997
BRA:shipping,BRA:automotive,103.0,0.00171,0.52433
DEU:consumer_goods,SVK:consumer_goods,103.0,0.01549,0.06918
DEU:shipping,DEU:electronics_c26,102.8,0.00188,0.65905
FRA:automotive,ITA:consumer_goods,102.7,0.00044,0.05128
JPN:aerospace,ESP:aerospace,102.6,0.00901,0.02251
TUR:consumer_goods,BEL:consumer_goods,102.2,0.00205,0.00882
NLD:electronics_c26,CHE:electronics_c26,102.1,0.00257,0.00579
RUS:automotive,RUS:consumer_goods,102.1,0.00085,0.57804
CRI:shipping,CRI:consumer_goods,102.1,0.01405,0.52583
TWN:consumer_goods,JOR:consumer_goods,102.1,0.01619,0.04853
CHN:shipping,BGD:shipping,102.0,0.02974,0.04311
CHE:electronics_c26,CHE:aerospace,101.9,0.0233,0.72785
IRL:consumer_goods,IRL:electronics_c26,101.5,0.00575,0.66201
IDN:electronics_c26,IDN:consumer_goods,101.5,0.00053,0.53045
DEU:electronics_c26,DEU:aerospace,101.4,0.00262,0.3556
DEU:consumer_goods,CHE:shipping,101.4,0.0045,0.07818
TUR:consumer_goods,ISR:consumer_goods,101.3,0.00468,0.02023
RUS:shipping,ROW:shipping,101.2,0.00368,0.00811
GRC:shipping,ISR:shipping,101.2,0.016,0.02714
POL:automotive,ROU:automotive,100.8,0.00599,0.0237
AUT:electronics_c26,AUT:consumer_goods,100.6,0.00354,0.32153
CHN:electronics_c26,VNM:automotive,100.5,0.02211,0.18939
DEU:electronics_c26,BEL:electronics_c26,100.5,0.03434,0.20553
IDN:consumer_goods,IDN:electronics_c26,100.3,0.00499,0.74556
IND:consumer_goods,EGY:consumer_goods,100.3,0.00309,0.0201
CHN:consumer_goods,CZE:automotive,100.2,0.00228,0.07117
JPN:electronics_c26,POL:electronics_c26,100.0,0.01163,0.02951
CHN:consumer_goods,DEU:electronics_c26,100.0,0.00183,0.05378
TUR:automotive,TUR:consumer_goods,99.9,0.00085,0.78789
GBR:automotive,SWE:automotive,99.8,0.00333,0.02154
BLR:automotive,RUS:automotive,99.7,0.00296,0.00772
HUN:automotive,PRT:automotive,99.2,0.0093,0.0218
DEU:aerospace,ARE:aerospace,99.1,0.08195,0.14745
DEU:electronics_c26,PRT:automotive,98.9,0.00927,0.25262
DEU:shipping,CHL:shipping,98.8,0.12531,0.26906
CZE:consumer_goods,CZE:aerospace,98.7,0.04918,0.82305
CHN:aerospace,ITA:aerospace,98.7,0.00611,0.0218
MYS:electronics_c26,IND:electronics_c26,98.6,0.00315,0.01366
VNM:electronics_c26,HUN:electronics_c26,97.8,0.00837,0.01673
JPN:electronics_c26,CHE:electronics_c26,97.8,0.00246,0.00555
DEU:aerospace,JPN:aerospace,97.8,0.00318,0.00805
POL:consumer_goods,POL:shipping,97.6,0.17253,0.93317
CHN:consumer_goods,RUS:automotive,97.6,0.0029,0.14752
CAN:electronics_c26,CAN:automotive,97.5,0.00159,0.09558
IDN:shipping,JPN:shipping,97.3,0.00347,0.01166
USA:automotive,CZE:automotive,97.3,0.00222,0.00512
GBR:aerospace,THA:aerospace,97.3,0.01812,0.048
AUS:consumer_goods,NZL:consumer_goods,96.8,0.00342,0.02602
TUR:consumer_goods,TUN:consumer_goods,96.7,0.01784,0.08134
DEU:automotive,DEU:shipping,96.7,0.00315,0.93193
POL:electronics_c26,HUN:electronics_c26,96.6,0.00827,0.01653
TWN:automotive,TWN:electronics_c26,96.5,0.00072,0.62842
ITA:automotive,ROW:automotive,96.4,0.0023,0.01093
TWN:consumer_goods,TWN:automotive,96.1,0.00899,0.68146
HUN:automotive,ROU:automotive,96.1,0.00571,0.02258
ITA:automotive,PRT:automotive,95.8,0.00898,0.02105
USA:aerospace,TUR:aerospace,95.8,0.07704,0.22412
CHE:shipping,USA:shipping,95.8,0.00207,0.01403
ITA:consumer_goods,ARE:consumer_goods,95.7,0.0054,0.02564
VNM:electronics_c26,ROW:electronics_c26,95.6,0.00525,0.02038
USA:electronics_c26,GBR:electronics_c26,95.4,0.00763,0.05139
FRA:shipping,BEL:shipping,95.3,0.03763,0.12846
DEU:consumer_goods,BGR:consumer_goods,95.1,0.01249,0.04874
FRA:automotive,SVN:automotive,95.0,0.02819,0.08979
TWN:automotive,TWN:aerospace,95.0,0.01032,0.55541
USA:aerospace,ROW:aerospace,95.0,0.02382,0.12223
FRA:electronics_c26,MLT:electronics_c26,94.6,0.03107,0.04844
SGP:shipping,TWN:shipping,94.5,0.01288,0.04329
NLD:automotive,HUN:automotive,94.4,0.00355,0.01167
SGP:shipping,NGA:consumer_goods,94.2,0.00107,0.1837
USA:shipping,GRC:shipping,94.2,0.00655,0.01691
USA:aerospace,MYS:aerospace,94.0,0.04465,0.16072
BEL:automotive,SWE:automotive,93.5,0.00312,0.02018
SGP:electronics_c26,HUN:electronics_c26,93.3,0.00798,0.01595
TWN:aerospace,CAN:aerospace,93.2,0.00494,0.00964
SWE:automotive,RUS:automotive,93.2,0.00277,0.00722
GBR:shipping,KOR:shipping,93.1,0.0044,0.0141
BEL:shipping,ROW:shipping,93.1,0.00339,0.00746
IND:shipping,IND:automotive,93.1,0.00106,0.66366
DEU:shipping,DEU:aerospace,93.0,0.0024,0.84329
TUR:automotive,RUS:automotive,92.9,0.00276,0.00719
DEU:shipping,NOR:shipping,92.9,0.00651,0.04754
DEU:electronics_c26,TUR:electronics_c26,92.9,0.02927,0.06829
POL:aerospace,POL:consumer_goods,92.8,0.00114,0.53672
TWN:electronics_c26,HUN:electronics_c26,92.8,0.00794,0.01588
USA:aerospace,RUS:consumer_goods,92.7,0.00077,0.09996
ITA:aerospace,ESP:aerospace,92.6,0.00813,0.02032
IDN:shipping,KOR:shipping,92.6,0.00437,0.01402
PHL:consumer_goods,PHL:electronics_c26,92.3,0.0047,0.65106
CHN:consumer_goods,NOR:consumer_goods,92.2,0.00349,0.01388
CHN:automotive,NLD:automotive,92.1,0.00659,0.01314
BEL:consumer_goods,BEL:shipping,92.0,0.03633,0.85547
ESP:automotive,ROW:automotive,91.7,0.00219,0.0104
SGP:shipping,FRA:aerospace,91.4,0.00091,0.33463
DEU:aerospace,GBR:electronics_c26,91.3,0.00731,0.05297
CAN:aerospace,GBR:aerospace,91.3,0.0036,0.01137
HUN:electronics_c26,SVK:electronics_c26,91.1,0.02229,0.04155
POL:consumer_goods,POL:electronics_c26,91.0,0.01058,0.78024
CHN:aerospace,SGP:aerospace,90.8,0.01385,0.02872
POL:automotive,SWE:automotive,90.8,0.00303,0.0196
GBR:aerospace,ARE:aerospace,90.7,0.075,0.13493
KOR:consumer_goods,KOR:aerospace,90.3,0.01317,0.52323
RUS:shipping,RUS:consumer_goods,90.0,0.00075,0.47209
KOR:automotive,TUR:automotive,90.0,0.00412,0.01631
TWN:electronics_c26,IDN:electronics_c26,89.9,0.00448,0.01199
ESP:automotive,FRA:consumer_goods,89.9,0.00045,0.08513
USA:aerospace,IRL:consumer_goods,89.5,0.00313,0.25309
TWN:shipping,HKG:shipping,89.4,0.00509,0.00783
PRT:automotive,SVK:automotive,89.3,0.00299,0.00523
FRA:aerospace,CHE:aerospace,89.2,0.02041,0.08809
NLD:electronics_c26,HUN:automotive,89.1,0.00335,0.05863
THA:consumer_goods,ZAF:consumer_goods,89.1,0.00296,0.01074
FRA:electronics_c26,ITA:electronics_c26,88.9,0.00563,0.04444
NLD:consumer_goods,SWE:consumer_goods,88.8,0.00422,0.03157
NLD:electronics_c26,FRA:electronics_c26,88.6,0.00551,0.02233
ZAF:automotive,CZE:automotive,88.5,0.00202,0.00466
CHN:shipping,NLD:shipping,88.3,0.01278,0.07867
THA:shipping,ROW:shipping,87.9,0.0032,0.00704
ARG:consumer_goods,CHL:consumer_goods,87.7,0.00314,0.01943
AUS:aerospace,AUS:consumer_goods,87.7,0.00124,0.6261
USA:electronics_c26,AUS:electronics_c26,87.6,0.0233,0.06924
IRL:electronics_c26,HUN:electronics_c26,87.5,0.00749,0.01497
TWN:electronics_c26,NLD:electronics_c26,87.5,0.00406,0.01461
AUT:automotive,POL:automotive,87.4,0.00273,0.00861
HUN:aerospace,DEU:aerospace,87.3,0.00225,0.00595
ESP:aerospace,KOR:aerospace,87.3,0.01273,0.061
DEU:shipping,TUR:shipping,87.2,0.02757,0.11316
CAN:aerospace,USA:automotive,87.2,0.00017,0.06366
IND:consumer_goods,PRT:consumer_goods,87.1,0.00342,0.01359
KOR:electronics_c26,POL:electronics_c26,86.6,0.01007,0.02555
DEU:electronics_c26,DNK:electronics_c26,86.2,0.03368,0.19745
FRA:shipping,GRC:shipping,86.1,0.00599,0.01547
FRA:automotive,RUS:automotive,86.0,0.00255,0.00666
GRC:shipping,HKG:shipping,85.9,0.0049,0.00752
FRA:shipping,KOR:shipping,85.9,0.00406,0.013
GBR:aerospace,ITA:aerospace,85.7,0.0053,0.01892
IND:aerospace,GBR:aerospace,85.3,0.00337,0.01063
CZE:electronics_c26,CHE:electronics_c26,85.3,0.00215,0.00484
MYS:electronics_c26,SGP:consumer_goods,85.2,0.00611,0.05897
FRA:aerospace,ROW:aerospace,84.7,0.02124,0.10898
TUR:consumer_goods,BGR:consumer_goods,84.6,0.01112,0.04337
SGP:shipping,KOR:electronics_c26,84.5,0.00045,0.14112
TUR:consumer_goods,ROU:consumer_goods,84.3,0.0039,0.02163
THA:consumer_goods,THA:aerospace,84.3,0.01571,0.82684
USA:automotive,ZAF:automotive,84.3,0.0058,0.02114
DNK:shipping,ARE:shipping,84.2,0.02215,0.08446
KOR:aerospace,GBR:aerospace,84.2,0.00332,0.01048
SWE:shipping,SWE:consumer_goods,84.2,0.00399,0.6912
RUS:electronics_c26,RUS:automotive,84.0,0.00249,0.49808
RUS:electronics_c26,BLR:electronics_c26,84.0,0.10549,0.33444
CZE:electronics_c26,CZE:aerospace,83.8,0.04178,0.21695
DEU:shipping,MEX:shipping,83.8,0.11141,0.22263
AUT:consumer_goods,HUN:consumer_goods,83.6,0.00618,0.03714
CAN:aerospace,BRA:aerospace,83.5,0.01422,0.03155
ITA:automotive,NLD:automotive,83.3,0.00597,0.01189
CZE:aerospace,CZE:consumer_goods,83.3,0.00422,0.59701
MYS:automotive,THA:automotive,83.1,0.00239,0.00824
DEU:electronics_c26,ESP:electronics_c26,83.1,0.02258,0.13145
MEX:electronics_c26,ROW:electronics_c26,83.0,0.00455,0.01768
AUT:electronics_c26,CHE:electronics_c26,82.8,0.00208,0.00469
DEU:shipping,ITA:consumer_goods,82.6,0.00035,0.07494
CHN:aerospace,ROW:aerospace,82.5,0.02068,0.10611
THA:automotive,RUS:automotive,82.4,0.00245,0.00638
NLD:electronics_c26,CZE:electronics_c26,82.4,0.00707,0.02066
USA:aerospace,ESP:consumer_goods,82.4,0.0006,0.08372
TWN:electronics_c26,ISR:electronics_c26,82.3,0.00574,0.01049
CHN:electronics_c26,THA:consumer_goods,82.3,0.00061,0.11518
ESP:electronics_c26,PRT:electronics_c26,82.3,0.03664,0.13974
NOR:shipping,SWE:shipping,82.1,0.02485,0.11755
CHN:consumer_goods,TUN:consumer_goods,82.0,0.01512,0.06897
DEU:shipping,BRA:consumer_goods,82.0,0.0004,0.09751
SGP:shipping,MEX:consumer_goods,81.9,0.00068,0.12974
POL:consumer_goods,SVK:consumer_goods,81.9,0.01232,0.05505
USA:consumer_goods,PER:consumer_goods,81.8,0.00289,0.0108
THA:consumer_goods,KHM:consumer_goods,81.7,0.01947,0.03318
ESP:automotive,ZAF:automotive,81.6,0.00561,0.02046
CHE:electronics_c26,CHE:shipping,81.6,0.00362,0.69371
ROU:consumer_goods,ROU:electronics_c26,81.5,0.03738,0.6931
THA:automotive,THA:consumer_goods,81.4,0.0006,0.59343
ARE:shipping,KOR:shipping,81.4,0.00384,0.01232
FIN:shipping,ROW:shipping,81.4,0.00296,0.00652
KOR:aerospace,JPN:aerospace,81.4,0.00265,0.0067
CHN:consumer_goods,USA:electronics_c26,81.0,0.00067,0.08798
USA:electronics_c26,MEX:consumer_goods,80.7,0.00067,0.0808
BRA:consumer_goods,CHL:consumer_goods,80.7,0.00289,0.01788
FRA:aerospace,IND:aerospace,80.6,0.00354,0.02395
NLD:shipping,BEL:shipping,80.5,0.03178,0.10848
NLD:consumer_goods,AUT:consumer_goods,80.2,0.00283,0.01654
TUR:shipping,DEU:shipping,80.1,0.00261,0.01826
DEU:electronics_c26,ROU:electronics_c26,80.0,0.03671,0.32631
POL:consumer_goods,ROU:consumer_goods,79.8,0.00369,0.02048
SGP:electronics_c26,BRA:electronics_c26,79.8,0.00371,0.00823
CHN:aerospace,THA:aerospace,79.8,0.01487,0.03937
IND:consumer_goods,SAU:consumer_goods,79.8,0.00341,0.04119
POL:consumer_goods,DNK:consumer_goods,79.6,0.00334,0.02131
CHN:shipping,PAK:shipping,79.3,0.02683,0.04503
SWE:aerospace,SWE:shipping,79.1,0.02395,0.69049
CZE:automotive,SWE:automotive,79.1,0.00264,0.01708
SGP:shipping,PHL:electronics_c26,79.0,0.00403,0.45136
TWN:aerospace,JPN:aerospace,78.9,0.00257,0.0065
ITA:shipping,CHE:shipping,78.9,0.0035,0.01121
CHE:electronics_c26,ROW:electronics_c26,78.9,0.00433,0.01682
CHN:electronics_c26,PAK:electronics_c26,78.9,0.03531,0.22372
TWN:consumer_goods,TWN:shipping,78.8,0.01074,0.75797
CHN:consumer_goods,SVK:consumer_goods,78.7,0.01184,0.05288
USA:electronics_c26,FRA:aerospace,78.7,0.00079,0.09476
CHN:automotive,TUR:automotive,78.6,0.0036,0.01425
HUN:electronics_c26,NLD:electronics_c26,78.6,0.00365,0.01314
DEU:electronics_c26,AUT:consumer_goods,78.6,0.00277,0.2512
JPN:automotive,NLD:automotive,78.6,0.00563,0.01122
CHN:automotive,HUN:automotive,78.4,0.00294,0.00968
BEL:shipping,DEU:shipping,78.4,0.00255,0.01788
GBR:aerospace,FRA:consumer_goods,78.4,0.00039,0.05282
JPN:aerospace,ITA:aerospace,77.8,0.00481,0.01718
PRT:consumer_goods,MAR:consumer_goods,77.8,0.00378,0.01537
SGP:electronics_c26,FRA:electronics_c26,77.7,0.00483,0.01959
JPN:shipping,ROW:shipping,77.7,0.00283,0.00623
TWN:aerospace,TWN:electronics_c26,77.5,0.00058,0.85457
DEU:aerospace,POL:aerospace,77.5,0.01649,0.05572
IDN:shipping,IDN:electronics_c26,77.5,0.00386,0.68588
RUS:aerospace,RUS:shipping,77.5,0.03327,0.7624
FRA:consumer_goods,TUN:consumer_goods,77.4,0.01427,0.06509
SGP:shipping,MEX:automotive,77.4,0.00059,0.11081
FRA:aerospace,ARE:aerospace,77.3,0.06386,0.1149
ARE:shipping,JPN:shipping,77.3,0.00275,0.00926
SGP:shipping,THA:electronics_c26,77.2,0.0009,0.15983
CHN:consumer_goods,ROU:consumer_goods,77.1,0.00356,0.01978
DEU:electronics_c26,FRA:aerospace,77.0,0.00077,0.09277
ARG:consumer_goods,PER:consumer_goods,76.9,0.00271,0.01015
COL:consumer_goods,COL:automotive,76.8,0.04348,0.73343
DNK:shipping,ISL:shipping,76.6,0.15579,0.27188
JPN:electronics_c26,FRA:electronics_c26,76.6,0.00476,0.01929
GRC:shipping,GBR:shipping,76.4,0.00716,0.0415
USA:consumer_goods,CHL:consumer_goods,76.4,0.00274,0.01693
KOR:shipping,DEU:shipping,76.3,0.00248,0.01739
FRA:consumer_goods,MAR:consumer_goods,76.3,0.00371,0.01508
JPN:aerospace,TWN:aerospace,76.3,0.00829,0.03582
DEU:automotive,MAR:automotive,76.2,0.01146,0.07177
AUT:automotive,BEL:automotive,76.1,0.00607,0.01516
USA:electronics_c26,FIN:electronics_c26,76.1,0.00923,0.02591
NOR:shipping,BRA:consumer_goods,76.1,0.00037,0.09047
MEX:aerospace,USA:automotive,76.0,0.00015,0.05545
TWN:aerospace,GBR:aerospace,76.0,0.003,0.00946
KOR:electronics_c26,CZE:electronics_c26,75.8,0.0065,0.01899
CHN:consumer_goods,BGR:consumer_goods,75.6,0.00993,0.03874
MMR:shipping,MMR:consumer_goods,75.6,0.00455,0.91227
JPN:electronics_c26,BRA:electronics_c26,75.5,0.00351,0.00779
CHN:consumer_goods,POL:automotive,75.4,0.00235,0.08334
HUN:automotive,BEL:automotive,75.4,0.00602,0.01502
CHN:shipping,IND:shipping,75.2,0.02915,0.05691
DEU:automotive,ESP:aerospace,75.1,0.0066,0.12223
ZAF:automotive,BEL:automotive,75.0,0.00599,0.01494
DNK:shipping,TUR:shipping,74.9,0.0237,0.09725
AUT:automotive,ROU:automotive,74.8,0.00445,0.01758
USA:electronics_c26,RUS:electronics_c26,74.8,0.0055,0.0177
DEU:electronics_c26,GBR:automotive,74.7,0.00131,0.06863
IDN:shipping,IDN:aerospace,74.7,0.00364,0.79389
NLD:consumer_goods,NLD:electronics_c26,74.5,0.00346,0.55709
DNK:shipping,BRA:consumer_goods,74.5,0.00036,0.08862
MYS:automotive,MYS:aerospace,74.5,0.03538,0.7113
KOR:automotive,VNM:automotive,74.1,0.0163,0.09714
DEU:aerospace,HUN:aerospace,74.1,0.08462,0.21691
MYS:electronics_c26,MYS:consumer_goods,74.0,0.00092,0.34744
FRA:aerospace,RUS:consumer_goods,73.8,0.00061,0.07955
MEX:consumer_goods,USA:electronics_c26,73.5,0.00061,0.07984
THA:consumer_goods,SGP:consumer_goods,73.3,0.00526,0.02951
DEU:electronics_c26,AUT:automotive,73.2,0.00462,0.26373
THA:electronics_c26,THA:aerospace,73.2,0.01365,0.64334
USA:consumer_goods,CRI:consumer_goods,73.0,0.01005,0.06911
GBR:automotive,HUN:automotive,72.6,0.00273,0.00896
KOR:automotive,THA:automotive,72.4,0.00208,0.00718
TWN:electronics_c26,FRA:electronics_c26,72.4,0.0045,0.01825
USA:consumer_goods,ARE:consumer_goods,72.3,0.00408,0.01936
DEU:electronics_c26,ROU:automotive,72.2,0.00429,0.32278
CHE:consumer_goods,AUT:consumer_goods,72.2,0.00254,0.01488
GBR:automotive,ZAF:automotive,72.1,0.00496,0.01808
ITA:electronics_c26,FRA:electronics_c26,72.1,0.00448,0.01817
AUT:electronics_c26,AUT:automotive,72.0,0.00454,0.25927
JPN:aerospace,JPN:electronics_c26,72.0,0.00069,0.63943
ITA:shipping,JPN:shipping,72.0,0.00257,0.00863
ITA:automotive,SVN:automotive,71.9,0.02133,0.06795
IDN:shipping,IDN:automotive,71.5,0.00283,0.83072
TUR:shipping,TUR:automotive,71.5,0.00328,0.67606
ROW:consumer_goods,AUT:consumer_goods,71.2,0.00251,0.01469
USA:shipping,MEX:consumer_goods,71.1,0.00059,0.11271
DEU:automotive,FIN:automotive,71.0,0.04435,0.25157
IDN:automotive,IDN:consumer_goods,71.0,0.00037,0.79085
KOR:automotive,ZAF:automotive,70.9,0.00488,0.01778
DEU:aerospace,AUT:aerospace,70.7,0.02617,0.1702
CAN:aerospace,JPN:aerospace,70.6,0.0023,0.00581
ITA:consumer_goods,CZE:consumer_goods,70.5,0.00357,0.01948
CHN:consumer_goods,GRC:consumer_goods,70.5,0.00493,0.04819
NOR:consumer_goods,SWE:consumer_goods,70.3,0.00334,0.02498
DEU:consumer_goods,NOR:consumer_goods,70.2,0.00265,0.01057
USA:aerospace,AUS:aerospace,70.1,0.01505,0.11172
NLD:automotive,SWE:automotive,70.1,0.00234,0.01512
DEU:shipping,GBR:shipping,69.5,0.00651,0.03775
POL:aerospace,ITA:aerospace,69.3,0.00429,0.0153
DNK:shipping,EGY:shipping,69.2,0.02138,0.03959
POL:electronics_c26,POL:consumer_goods,69.2,0.00085,0.30135
FRA:shipping,NLD:shipping,69.0,0.00999,0.06147
ZAF:automotive,ROW:consumer_goods,69.0,0.00022,0.0673
CHE:consumer_goods,CHE:aerospace,68.8,0.01572,0.52159
FRA:electronics_c26,ROW:electronics_c26,68.8,0.00377,0.01466
PHL:shipping,PHL:electronics_c26,68.7,0.0035,0.39241
IND:shipping,IND:electronics_c26,68.7,0.0022,0.46583
CHN:electronics_c26,TUN:electronics_c26,68.6,0.16345,0.43618
ROW:consumer_goods,ISR:consumer_goods,68.5,0.00317,0.01369
FRA:aerospace,PHL:aerospace,68.4,0.06566,0.17747
COL:aerospace,COL:automotive,68.4,0.03876,0.41812
TUR:automotive,PRT:automotive,68.4,0.00641,0.01503
IDN:aerospace,IDN:automotive,68.3,0.0027,0.78289
NLD:shipping,HKG:shipping,68.2,0.00389,0.00597
TUR:electronics_c26,TUR:consumer_goods,68.1,0.00058,0.38296
SWE:automotive,TWN:automotive,67.9,0.00636,0.01354
JPN:aerospace,GBR:electronics_c26,67.8,0.00542,0.03931
DEU:automotive,AUS:consumer_goods,67.7,0.00096,0.07194
JPN:electronics_c26,ROW:electronics_c26,67.7,0.00372,0.01444
BRA:consumer_goods,BRA:electronics_c26,67.7,0.00314,0.79857
ITA:automotive,ROU:automotive,67.7,0.00402,0.01592
MMR:consumer_goods,MMR:shipping,67.6,0.06303,0.87016
UKR:consumer_goods,UKR:shipping,67.6,0.04563,0.83794
TUR:consumer_goods,ROW:automotive,67.5,0.00161,0.05149
KOR:electronics_c26,FIN:electronics_c26,67.5,0.00818,0.02295
CHN:electronics_c26,PRT:electronics_c26,67.3,0.02997,0.1143
USA:electronics_c26,FRA:automotive,67.2,0.00088,0.05663
BEL:consumer_goods,LUX:consumer_goods,67.1,0.03741,0.13099
DEU:electronics_c26,DEU:shipping,67.0,0.00218,0.70564
IDN:shipping,ROW:shipping,66.9,0.00243,0.00536
TWN:aerospace,ESP:aerospace,66.9,0.00588,0.01469
USA:aerospace,IDN:aerospace,66.8,0.00326,0.01305
SGP:electronics_c26,IND:consumer_goods,66.8,0.00017,0.10451
FRA:aerospace,JPN:automotive,66.8,0.00019,0.06986
FRA:aerospace,PRT:consumer_goods,66.8,0.00262,0.51524
TUR:automotive,AUT:automotive,66.8,0.00421,0.01295
CHN:electronics_c26,IDN:aerospace,66.7,0.00326,0.17618
IND:consumer_goods,SGP:consumer_goods,66.6,0.00478,0.02682
DEU:automotive,ROW:consumer_goods,66.6,0.00021,0.06494
JPN:automotive,PHL:automotive,66.6,0.02822,0.15853
CZE:automotive,PRT:automotive,66.6,0.00624,0.01464
IND:consumer_goods,ZAF:consumer_goods,66.3,0.0022,0.00799
MEX:electronics_c26,IND:electronics_c26,66.3,0.00212,0.00919
IND:consumer_goods,ARE:electronics_c26,66.2,0.01163,0.67338
FRA:aerospace,BEL:aerospace,66.2,0.04575,0.1865
SGP:electronics_c26,ISR:electronics_c26,66.1,0.00461,0.00842
BRA:shipping,ROW:shipping,66.1,0.00241,0.0053
CHN:shipping,ARE:shipping,66.1,0.0174,0.06635
FRA:shipping,HKG:shipping,65.8,0.00375,0.00576
POL:electronics_c26,POL:automotive,65.8,0.00205,0.28481
USA:shipping,MEX:automotive,65.7,0.0005,0.09403
GRC:consumer_goods,GRC:shipping,65.7,0.00457,0.74869
CHE:electronics_c26,FRA:automotive,65.6,0.00086,0.05533
CHN:consumer_goods,HUN:consumer_goods,65.6,0.00485,0.02915
RUS:shipping,GRC:shipping,65.5,0.00456,0.01177
VNM:electronics_c26,CAN:electronics_c26,65.4,0.00946,0.03269
GBR:aerospace,IND:aerospace,65.4,0.00287,0.01943
DEU:consumer_goods,HRV:consumer_goods,65.4,0.01329,0.07937
MYS:electronics_c26,CZE:electronics_c26,65.2,0.00559,0.01634
ESP:aerospace,ITA:aerospace,65.2,0.00403,0.0144
POL:consumer_goods,AUT:consumer_goods,65.1,0.00229,0.01342
PRT:automotive,POL:automotive,65.1,0.00203,0.00641
BRA:consumer_goods,BRA:aerospace,65.1,0.01109,0.88161
DEU:shipping,ISR:shipping,65.1,0.01029,0.01746
HUN:consumer_goods,ROU:consumer_goods,65.0,0.003,0.01668
CHE:aerospace,CHE:shipping,65.0,0.00288,0.31347
ROW:automotive,SVK:automotive,64.9,0.00217,0.0038
BLR:shipping,ROW:shipping,64.9,0.00236,0.0052
IND:automotive,TUR:automotive,64.9,0.00297,0.01177
BEL:automotive,PRT:automotive,64.9,0.00608,0.01426
USA:electronics_c26,CZE:electronics_c26,64.9,0.00557,0.01627
ITA:consumer_goods,ISR:consumer_goods,64.9,0.003,0.01296
SGP:shipping,EGY:shipping,64.8,0.02002,0.03708
IRL:electronics_c26,IRL:consumer_goods,64.7,0.00226,0.49977
RUS:aerospace,ROW:aerospace,64.6,0.01619,0.08305
CAN:automotive,CAN:consumer_goods,64.5,0.0007,0.37479
THA:electronics_c26,IDN:electronics_c26,64.4,0.00321,0.0086
CHN:electronics_c26,GBR:consumer_goods,64.3,0.00054,0.09528
DNK:shipping,GBR:shipping,64.3,0.00603,0.03493
USA:automotive,POL:automotive,64.2,0.00201,0.00633
FRA:automotive,ESP:aerospace,64.2,0.00564,0.10451
CAN:electronics_c26,CAN:consumer_goods,64.1,0.00069,0.2715
FRA:consumer_goods,SGP:consumer_goods,64.1,0.00459,0.02579
TUR:consumer_goods,ARE:consumer_goods,64.0,0.00361,0.01714
THA:shipping,HKG:shipping,63.9,0.00364,0.00559
CHE:shipping,IND:shipping,63.9,0.02476,0.04834
TWN:electronics_c26,ROW:electronics_c26,63.9,0.00351,0.01362
FRA:aerospace,ESP:consumer_goods,63.8,0.00047,0.06481
SGP:shipping,GBR:shipping,63.8,0.00597,0.03463
KOR:electronics_c26,VNM:aerospace,63.8,0.02953,0.19595
CHN:electronics_c26,CAN:consumer_goods,63.7,0.00069,0.26997
FIN:shipping,JPN:shipping,63.7,0.00227,0.00764
FRA:consumer_goods,NOR:consumer_goods,63.7,0.00241,0.00959
NLD:consumer_goods,NLD:automotive,63.6,0.00456,0.60772
DEU:shipping,ARE:shipping,63.6,0.01673,0.06381
KOR:electronics_c26,ISR:electronics_c26,63.4,0.00442,0.00808
THA:consumer_goods,MMR:consumer_goods,63.3,0.00381,0.02058
CHN:electronics_c26,ROW:automotive,63.2,0.00151,0.19028
ROW:consumer_goods,PRT:consumer_goods,63.1,0.00247,0.00984
POL:consumer_goods,LTU:consumer_goods,63.0,0.01042,0.05941
MYS:electronics_c26,BRA:electronics_c26,62.9,0.00293,0.00649
ITA:consumer_goods,HRV:consumer_goods,62.9,0.01279,0.07638
CHN:aerospace,MEX:automotive,62.8,0.00048,0.05861
BGD:consumer_goods,BGD:shipping,62.8,0.01832,0.88232
EGY:shipping,GRC:shipping,62.7,0.00436,0.01127
FRA:aerospace,TWN:aerospace,62.7,0.00681,0.02942
USA:aerospace,ISR:aerospace,62.6,0.02093,0.08162
NLD:consumer_goods,IRL:consumer_goods,62.4,0.00218,0.05454
MEX:electronics_c26,NLD:electronics_c26,62.3,0.00289,0.01041
CZE:automotive,SVN:automotive,62.2,0.01845,0.05876
CHN:automotive,VNM:automotive,62.2,0.01369,0.08158
CHL:consumer_goods,PER:consumer_goods,62.1,0.00219,0.0082
VNM:electronics_c26,ITA:electronics_c26,62.1,0.00393,0.03102
BEL:consumer_goods,BEL:electronics_c26,62.1,0.02119,0.70579
HKG:shipping,ROW:shipping,61.9,0.00225,0.00496
CHN:electronics_c26,VNM:aerospace,61.9,0.02865,0.19011
DEU:electronics_c26,HUN:consumer_goods,61.8,0.00457,0.23763
SVK:consumer_goods,HUN:consumer_goods,61.8,0.00457,0.02745
NLD:shipping,NOR:shipping,61.7,0.00433,0.0316
SWE:automotive,AUT:automotive,61.6,0.00388,0.01195
VNM:consumer_goods,ARE:consumer_goods,61.6,0.00347,0.01649
GBR:electronics_c26,NLD:electronics_c26,61.4,0.00285,0.01026
ARE:shipping,GRC:shipping,61.3,0.00427,0.01102
POL:automotive,PRT:automotive,61.3,0.00575,0.01348
ROW:shipping,HKG:shipping,61.2,0.00349,0.00536
DEU:aerospace,RUS:aerospace,61.1,0.00314,0.00867
NLD:consumer_goods,PRT:consumer_goods,61.1,0.0024,0.00953
FRA:aerospace,CHN:consumer_goods,61.1,2e-05,0.05549
NLD:electronics_c26,GBR:automotive,60.9,0.00107,0.05594
NLD:consumer_goods,NOR:consumer_goods,60.9,0.0023,0.00917
CAN:aerospace,SGP:aerospace,60.8,0.00928,0.01923
ITA:automotive,FRA:consumer_goods,60.8,0.00031,0.05755
ROW:consumer_goods,NOR:consumer_goods,60.7,0.00229,0.00914
HUN:automotive,DEU:electronics_c26,60.7,0.00111,0.14588
FRA:electronics_c26,BEL:electronics_c26,60.5,0.02066,0.12369
BRA:consumer_goods,ARE:consumer_goods,60.5,0.00341,0.01622
VNM:electronics_c26,TUR:electronics_c26,60.5,0.01904,0.04443
AUS:consumer_goods,AUS:aerospace,60.3,0.01294,0.59291
TUR:automotive,SVN:automotive,60.3,0.01789,0.05698
ESP:electronics_c26,PRT:automotive,60.2,0.00564,0.15364
JPN:aerospace,SGP:aerospace,60.2,0.00918,0.01904
KOR:electronics_c26,SGP:consumer_goods,60.1,0.00431,0.04162
IRL:electronics_c26,FRA:electronics_c26,60.1,0.00373,0.01514
THA:electronics_c26,HUN:electronics_c26,59.9,0.00513,0.01025
VNM:electronics_c26,IND:aerospace,59.8,0.00262,0.07612
ESP:electronics_c26,ESP:consumer_goods,59.7,0.00044,0.39426
TUR:automotive,HUN:automotive,59.7,0.00224,0.00738
IDN:consumer_goods,SGP:consumer_goods,59.6,0.00428,0.02401
CHN:electronics_c26,IDN:automotive,59.5,0.00235,0.1759
CHN:electronics_c26,NLD:consumer_goods,59.5,0.00069,0.10201
TWN:shipping,ROW:shipping,59.5,0.00217,0.00477
BRA:automotive,BRA:electronics_c26,59.1,0.00275,0.80177
JPN:aerospace,BRA:aerospace,59.1,0.01007,0.02233
ESP:aerospace,GBR:electronics_c26,58.9,0.00471,0.03418
ITA:electronics_c26,NLD:electronics_c26,58.8,0.00273,0.00982
ROU:automotive,ZAF:automotive,58.7,0.00404,0.01471
KOR:shipping,ARE:shipping,58.6,0.01543,0.05883
CAN:aerospace,ITA:aerospace,58.6,0.00362,0.01293
BEL:shipping,NLD:shipping,58.5,0.00847,0.05217
MMR:consumer_goods,MMR:automotive,58.5,0.05007,0.56841
FRA:consumer_goods,LUX:consumer_goods,58.5,0.03258,0.11408
KOR:aerospace,KOR:automotive,58.4,0.0004,0.81176
USA:electronics_c26,IDN:electronics_c26,58.3,0.0029,0.00777
DEU:consumer_goods,FIN:consumer_goods,58.2,0.00425,0.03002
DEU:consumer_goods,CHE:electronics_c26,58.2,0.00147,0.09633
ITA:aerospace,ITA:shipping,58.2,0.00601,0.70144
FRA:aerospace,BRA:consumer_goods,58.1,0.00028,0.14537
USA:electronics_c26,FRA:consumer_goods,58.0,0.00029,0.05715
VNM:electronics_c26,AUS:electronics_c26,58.0,0.01542,0.04583
USA:automotive,ARE:automotive,58.0,0.01518,0.05691
CHL:consumer_goods,CHL:electronics_c26,58.0,0.0112,0.66226
AUS:consumer_goods,AUS:shipping,57.9,0.01496,0.91918
ITA:aerospace,CAN:aerospace,57.8,0.00307,0.00598
AUT:automotive,AUT:consumer_goods,57.7,0.00203,0.53793
CHE:shipping,ISR:shipping,57.6,0.00911,0.01545
TWN:aerospace,ITA:aerospace,57.5,0.00356,0.01269
NLD:shipping,DNK:shipping,57.3,0.00185,0.13462
JPN:aerospace,MEX:aerospace,57.3,0.00493,0.01588
FRA:aerospace,COL:aerospace,57.3,0.13078,0.27958
USA:electronics_c26,TUR:electronics_c26,57.0,0.01796,0.04192
MYS:aerospace,SGP:aerospace,56.8,0.00867,0.01798
CHN:electronics_c26,BLR:electronics_c26,56.7,0.07113,0.22551
CHN:electronics_c26,POL:consumer_goods,56.7,0.0007,0.2471
DEU:automotive,ITA:aerospace,56.7,0.00351,0.14585
ARE:shipping,PAK:shipping,56.6,0.01916,0.03216
SGP:consumer_goods,MYS:electronics_c26,56.5,0.00106,0.1194
FRA:shipping,FRA:automotive,56.5,0.00074,0.6627
NLD:automotive,AUT:automotive,56.5,0.00356,0.01095
POL:consumer_goods,SWE:consumer_goods,56.4,0.00267,0.02003
CHN:consumer_goods,THA:automotive,56.4,0.00162,0.05782
NLD:electronics_c26,SWE:electronics_c26,56.4,0.01659,0.11528
CHN:electronics_c26,IRL:electronics_c26,56.3,0.00319,0.11616
KOR:electronics_c26,NLD:electronics_c26,56.3,0.00261,0.00941
DNK:shipping,CHL:shipping,56.2,0.07132,0.15313
DEU:electronics_c26,ITA:consumer_goods,56.2,0.00024,0.08614
GBR:shipping,HKG:shipping,56.1,0.0032,0.00491
DNK:shipping,MEX:consumer_goods,56.1,0.00047,0.08888
GRC:shipping,NGA:consumer_goods,56.1,0.00064,0.10948
ESP:consumer_goods,ESP:aerospace,56.0,0.00492,0.73983
SWE:electronics_c26,DNK:electronics_c26,55.9,0.02186,0.12819
KOR:automotive,AUS:consumer_goods,55.8,0.00079,0.05926
GRC:shipping,EGY:shipping,55.8,0.01725,0.03196
TWN:consumer_goods,TWN:aerospace,55.7,0.00605,0.75639
ITA:consumer_goods,HUN:consumer_goods,55.6,0.00411,0.02471
USA:aerospace,ROW:automotive,55.5,0.00133,0.235
USA:aerospace,NOR:shipping,55.4,0.00389,0.34754
DEU:electronics_c26,SWE:automotive,55.4,0.00185,0.11415
ROW:consumer_goods,BLR:consumer_goods,55.3,0.0043,0.01448
RUS:consumer_goods,NOR:consumer_goods,55.3,0.00209,0.00832
CHE:electronics_c26,FRA:consumer_goods,55.2,0.00028,0.05439
GBR:consumer_goods,ROU:consumer_goods,55.2,0.00255,0.01416
THA:aerospace,IDN:aerospace,55.1,0.00269,0.01077
CZE:automotive,ZAF:automotive,54.9,0.00377,0.01376
DEU:electronics_c26,SWE:electronics_c26,54.9,0.01614,0.11214
SVK:automotive,NLD:automotive,54.9,0.00393,0.00783
SGP:shipping,IND:electronics_c26,54.8,0.00175,0.37157
IDN:electronics_c26,PHL:electronics_c26,54.8,0.0028,0.00489
CHE:electronics_c26,AUT:electronics_c26,54.7,0.00909,0.02937
DEU:aerospace,IND:aerospace,54.7,0.0024,0.01624
CHN:electronics_c26,DEU:aerospace,54.5,0.00141,0.19115
HUN:electronics_c26,HUN:consumer_goods,54.5,0.00403,0.20981
KOR:automotive,AUT:automotive,54.3,0.00342,0.01052
FRA:electronics_c26,ESP:automotive,54.3,0.0009,0.05672
USA:electronics_c26,AUT:electronics_c26,54.3,0.00902,0.02915
NLD:electronics_c26,SWE:automotive,54.2,0.00181,0.11156
ROW:consumer_goods,BGR:consumer_goods,54.2,0.00712,0.02777
HUN:automotive,TUR:automotive,54.0,0.00248,0.0098
FRA:shipping,MAR:shipping,54.0,0.14302,0.24105
SGP:shipping,IDN:shipping,54.0,0.00721,0.04861
DEU:electronics_c26,ITA:aerospace,53.9,0.00334,0.13832
CHN:electronics_c26,ITA:aerospace,53.8,0.00333,0.13814
DEU:electronics_c26,IDN:electronics_c26,53.7,0.00268,0.00717
USA:shipping,KOR:shipping,53.6,0.00253,0.00812
ROW:consumer_goods,DNK:consumer_goods,53.6,0.00225,0.01435
JPN:automotive,ROW:consumer_goods,53.6,0.00017,0.05225
CZE:automotive,POL:consumer_goods,53.6,0.00066,0.05739
KOR:automotive,TWN:automotive,53.6,0.00501,0.01069
USA:aerospace,CAN:consumer_goods,53.4,0.00058,0.1579
ESP:consumer_goods,ESP:shipping,53.3,0.02613,0.96067
ROW:consumer_goods,ROW:aerospace,53.2,0.01335,0.62963
TWN:electronics_c26,RUS:electronics_c26,53.1,0.00391,0.01258
JPN:automotive,VNM:automotive,53.1,0.01167,0.06959
TUR:consumer_goods,SAU:consumer_goods,53.0,0.00226,0.02734
KOR:electronics_c26,KOR:shipping,53.0,0.0025,0.78434
DEU:shipping,EGY:shipping,52.9,0.01634,0.03027
JPN:electronics_c26,ARE:electronics_c26,52.7,0.00925,0.01346
SGP:shipping,MEX:shipping,52.6,0.06998,0.13984
CHN:electronics_c26,POL:automotive,52.6,0.00164,0.22753
ITA:electronics_c26,PHL:electronics_c26,52.6,0.00268,0.00469
SGP:electronics_c26,CZE:electronics_c26,52.6,0.00451,0.01319
CHN:aerospace,MYS:aerospace,52.5,0.02497,0.08989
BEL:aerospace,CAN:aerospace,52.5,0.00279,0.00543
USA:aerospace,SWE:aerospace,52.4,0.01903,0.10724
USA:automotive,AUS:consumer_goods,52.3,0.00074,0.05554
CHN:aerospace,KOR:aerospace,52.3,0.00762,0.03653
CHE:shipping,NLD:shipping,52.2,0.00755,0.04648
SVK:consumer_goods,CZE:consumer_goods,52.2,0.00264,0.01441
SWE:consumer_goods,SWE:electronics_c26,52.2,0.01534,0.44003
IDN:consumer_goods,ARE:consumer_goods,52.1,0.00294,0.01395
PAK:consumer_goods,PAK:automotive,52.1,0.01729,0.91491
GBR:automotive,PRT:automotive,52.1,0.00488,0.01145
HUN:automotive,HUN:consumer_goods,51.9,0.00384,0.50469
TUR:consumer_goods,PRT:consumer_goods,51.8,0.00203,0.00808
BRA:aerospace,BRA:automotive,51.8,0.00086,0.30067
DEU:consumer_goods,HUN:automotive,51.8,0.00195,0.13445
USA:automotive,CAN:consumer_goods,51.8,0.00056,0.30106
TUR:automotive,NLD:automotive,51.7,0.0037,0.00738
ROW:shipping,NLD:shipping,51.7,0.00748,0.04605
ISR:electronics_c26,ISR:automotive,51.7,0.06647,0.80062
CHN:electronics_c26,UKR:consumer_goods,51.6,0.0018,0.4769
MEX:aerospace,MEX:consumer_goods,51.6,0.00043,0.59925
CAN:consumer_goods,CAN:shipping,51.5,0.0215,0.89979
ROU:automotive,SVN:automotive,51.2,0.01517,0.04833
POL:electronics_c26,NLD:electronics_c26,51.1,0.00237,0.00854
USA:consumer_goods,CAN:automotive,50.9,0.00083,0.10262
NOR:consumer_goods,NOR:electronics_c26,50.9,0.02821,0.69104
ITA:consumer_goods,ROU:automotive,50.8,0.00302,0.06261
VNM:electronics_c26,GBR:electronics_c26,50.6,0.00404,0.02723
SGP:shipping,BRA:consumer_goods,50.6,0.00025,0.06013
POL:electronics_c26,FRA:electronics_c26,50.6,0.00314,0.01275
ROU:automotive,MAR:automotive,50.5,0.0076,0.04757
GRC:consumer_goods,BGR:consumer_goods,50.5,0.00664,0.02591
THA:automotive,ARG:automotive,50.5,0.00576,0.03347
NLD:electronics_c26,ESP:automotive,50.5,0.00084,0.05274
BRA:shipping,BRA:electronics_c26,50.4,0.00234,0.67313
FRA:shipping,TUR:shipping,50.4,0.01595,0.06546
FRA:aerospace,COL:automotive,50.3,0.02847,0.30707
SGP:shipping,MEX:electronics_c26,50.3,0.00064,0.13967
SGP:aerospace,SGP:electronics_c26,50.1,0.00071,0.78698
FRA:electronics_c26,POL:electronics_c26,50.1,0.00582,0.01478
CHN:aerospace,TWN:consumer_goods,50.0,0.00096,0.06035
