source,target,edge_type,industry,dependency_weight,flow_value_usd,substitution_difficulty,rerouting_capability,resilience_coefficient,recovery_delay_weeks,evidence_source
AUS:banking,AUS:insurance,intra_country_finance,financial,0.65,0,0.7,0.2,0.2,4.0,hardcoded: financial sector cross-coupling per country
AUS:banking,AUS:capital_markets,intra_country_finance,financial,0.65,0,0.7,0.2,0.2,4.0,hardcoded: financial sector cross-coupling per country
AUS:insurance,AUS:banking,intra_country_finance,financial,0.65,0,0.7,0.2,0.2,4.0,hardcoded: financial sector cross-coupling per country
AUS:insurance,AUS:capital_markets,intra_country_finance,financial,0.65,0,0.7,0.2,0.2,4.0,hardcoded: financial sector cross-coupling per country
AUS:capital_markets,AUS:banking,intra_country_finance,financial,0.65,0,0.7,0.2,0.2,4.0,hardcoded: financial sector cross-coupling per country
AUS:capital_markets,AUS:insurance,intra_country_finance,financial,0.65,0,0.7,0.2,0.2,4.0,hardcoded: financial sector cross-coupling per country
CAN:banking,CAN:insurance,intra_country_finance,financial,0.65,0,0.7,0.2,0.2,4.0,hardcoded: financial sector cross-coupling per country
CAN:banking,CAN:capital_markets,intra_country_finance,financial,0.65,0,0.7,0.2,0.2,4.0,hardcoded: financial sector cross-coupling per country
CAN:insurance,CAN:banking,intra_country_finance,financial,0.65,0,0.7,0.2,0.2,4.0,hardcoded: financial sector cross-coupling per country
CAN:insurance,CAN:capital_markets,intra_country_finance,financial,0.65,0,0.7,0.2,0.2,4.0,hardcoded: financial sector cross-coupling per country
CAN:capital_markets,CAN:banking,intra_country_finance,financial,0.65,0,0.7,0.2,0.2,4.0,hardcoded: financial sector cross-coupling per country
CAN:capital_markets,CAN:insurance,intra_country_finance,financial,0.65,0,0.7,0.2,0.2,4.0,hardcoded: financial sector cross-coupling per country
CHE:banking,CHE:insurance,intra_country_finance,financial,0.65,0,0.7,0.2,0.2,4.0,hardcoded: financial sector cross-coupling per country
CHE:banking,CHE:capital_markets,intra_country_finance,financial,0.65,0,0.7,0.2,0.2,4.0,hardcoded: financial sector cross-coupling per country
CHE:insurance,CHE:banking,intra_country_finance,financial,0.65,0,0.7,0.2,0.2,4.0,hardcoded: financial sector cross-coupling per country
CHE:insurance,CHE:capital_markets,intra_country_finance,financial,0.65,0,0.7,0.2,0.2,4.0,hardcoded: financial sector cross-coupling per country
CHE:capital_markets,CHE:banking,intra_country_finance,financial,0.65,0,0.7,0.2,0.2,4.0,hardcoded: financial sector cross-coupling per country
CHE:capital_markets,CHE:insurance,intra_country_finance,financial,0.65,0,0.7,0.2,0.2,4.0,hardcoded: financial sector cross-coupling per country
CHN:banking,CHN:insurance,intra_country_finance,financial,0.65,0,0.7,0.2,0.2,4.0,hardcoded: financial sector cross-coupling per country
CHN:banking,CHN:capital_markets,intra_country_finance,financial,0.65,0,0.7,0.2,0.2,4.0,hardcoded: financial sector cross-coupling per country
CHN:insurance,CHN:banking,intra_country_finance,financial,0.65,0,0.7,0.2,0.2,4.0,hardcoded: financial sector cross-coupling per country
CHN:insurance,CHN:capital_markets,intra_country_finance,financial,0.65,0,0.7,0.2,0.2,4.0,hardcoded: financial sector cross-coupling per country
CHN:capital_markets,CHN:banking,intra_country_finance,financial,0.65,0,0.7,0.2,0.2,4.0,hardcoded: financial sector cross-coupling per country
CHN:capital_markets,CHN:insurance,intra_country_finance,financial,0.65,0,0.7,0.2,0.2,4.0,hardcoded: financial sector cross-coupling per country
DEU:banking,DEU:insurance,intra_country_finance,financial,0.65,0,0.7,0.2,0.2,4.0,hardcoded: financial sector cross-coupling per country
DEU:banking,DEU:capital_markets,intra_country_finance,financial,0.65,0,0.7,0.2,0.2,4.0,hardcoded: financial sector cross-coupling per country
DEU:insurance,DEU:banking,intra_country_finance,financial,0.65,0,0.7,0.2,0.2,4.0,hardcoded: financial sector cross-coupling per country
DEU:insurance,DEU:capital_markets,intra_country_finance,financial,0.65,0,0.7,0.2,0.2,4.0,hardcoded: financial sector cross-coupling per country
DEU:capital_markets,DEU:banking,intra_country_finance,financial,0.65,0,0.7,0.2,0.2,4.0,hardcoded: financial sector cross-coupling per country
DEU:capital_markets,DEU:insurance,intra_country_finance,financial,0.65,0,0.7,0.2,0.2,4.0,hardcoded: financial sector cross-coupling per country
FRA:banking,FRA:insurance,intra_country_finance,financial,0.65,0,0.7,0.2,0.2,4.0,hardcoded: financial sector cross-coupling per country
FRA:banking,FRA:capital_markets,intra_country_finance,financial,0.65,0,0.7,0.2,0.2,4.0,hardcoded: financial sector cross-coupling per country
FRA:insurance,FRA:banking,intra_country_finance,financial,0.65,0,0.7,0.2,0.2,4.0,hardcoded: financial sector cross-coupling per country
FRA:insurance,FRA:capital_markets,intra_country_finance,financial,0.65,0,0.7,0.2,0.2,4.0,hardcoded: financial sector cross-coupling per country
FRA:capital_markets,FRA:banking,intra_country_finance,financial,0.65,0,0.7,0.2,0.2,4.0,hardcoded: financial sector cross-coupling per country
FRA:capital_markets,FRA:insurance,intra_country_finance,financial,0.65,0,0.7,0.2,0.2,4.0,hardcoded: financial sector cross-coupling per country
GBR:banking,GBR:insurance,intra_country_finance,financial,0.65,0,0.7,0.2,0.2,4.0,hardcoded: financial sector cross-coupling per country
GBR:banking,GBR:capital_markets,intra_country_finance,financial,0.65,0,0.7,0.2,0.2,4.0,hardcoded: financial sector cross-coupling per country
GBR:insurance,GBR:banking,intra_country_finance,financial,0.65,0,0.7,0.2,0.2,4.0,hardcoded: financial sector cross-coupling per country
GBR:insurance,GBR:capital_markets,intra_country_finance,financial,0.65,0,0.7,0.2,0.2,4.0,hardcoded: financial sector cross-coupling per country
GBR:capital_markets,GBR:banking,intra_country_finance,financial,0.65,0,0.7,0.2,0.2,4.0,hardcoded: financial sector cross-coupling per country
GBR:capital_markets,GBR:insurance,intra_country_finance,financial,0.65,0,0.7,0.2,0.2,4.0,hardcoded: financial sector cross-coupling per country
HKG:banking,HKG:insurance,intra_country_finance,financial,0.65,0,0.7,0.2,0.2,4.0,hardcoded: financial sector cross-coupling per country
HKG:banking,HKG:capital_markets,intra_country_finance,financial,0.65,0,0.7,0.2,0.2,4.0,hardcoded: financial sector cross-coupling per country
HKG:insurance,HKG:banking,intra_country_finance,financial,0.65,0,0.7,0.2,0.2,4.0,hardcoded: financial sector cross-coupling per country
HKG:insurance,HKG:capital_markets,intra_country_finance,financial,0.65,0,0.7,0.2,0.2,4.0,hardcoded: financial sector cross-coupling per country
HKG:capital_markets,HKG:banking,intra_country_finance,financial,0.65,0,0.7,0.2,0.2,4.0,hardcoded: financial sector cross-coupling per country
HKG:capital_markets,HKG:insurance,intra_country_finance,financial,0.65,0,0.7,0.2,0.2,4.0,hardcoded: financial sector cross-coupling per country
IND:banking,IND:capital_markets,intra_country_finance,financial,0.65,0,0.7,0.2,0.2,4.0,hardcoded: financial sector cross-coupling per country
IND:capital_markets,IND:banking,intra_country_finance,financial,0.65,0,0.7,0.2,0.2,4.0,hardcoded: financial sector cross-coupling per country
ITA:banking,ITA:insurance,intra_country_finance,financial,0.65,0,0.7,0.2,0.2,4.0,hardcoded: financial sector cross-coupling per country
ITA:insurance,ITA:banking,intra_country_finance,financial,0.65,0,0.7,0.2,0.2,4.0,hardcoded: financial sector cross-coupling per country
JPN:banking,JPN:insurance,intra_country_finance,financial,0.65,0,0.7,0.2,0.2,4.0,hardcoded: financial sector cross-coupling per country
JPN:banking,JPN:capital_markets,intra_country_finance,financial,0.65,0,0.7,0.2,0.2,4.0,hardcoded: financial sector cross-coupling per country
JPN:insurance,JPN:banking,intra_country_finance,financial,0.65,0,0.7,0.2,0.2,4.0,hardcoded: financial sector cross-coupling per country
JPN:insurance,JPN:capital_markets,intra_country_finance,financial,0.65,0,0.7,0.2,0.2,4.0,hardcoded: financial sector cross-coupling per country
JPN:capital_markets,JPN:banking,intra_country_finance,financial,0.65,0,0.7,0.2,0.2,4.0,hardcoded: financial sector cross-coupling per country
JPN:capital_markets,JPN:insurance,intra_country_finance,financial,0.65,0,0.7,0.2,0.2,4.0,hardcoded: financial sector cross-coupling per country
KOR:banking,KOR:insurance,intra_country_finance,financial,0.65,0,0.7,0.2,0.2,4.0,hardcoded: financial sector cross-coupling per country
KOR:insurance,KOR:banking,intra_country_finance,financial,0.65,0,0.7,0.2,0.2,4.0,hardcoded: financial sector cross-coupling per country
NLD:banking,NLD:insurance,intra_country_finance,financial,0.65,0,0.7,0.2,0.2,4.0,hardcoded: financial sector cross-coupling per country
NLD:banking,NLD:capital_markets,intra_country_finance,financial,0.65,0,0.7,0.2,0.2,4.0,hardcoded: financial sector cross-coupling per country
NLD:insurance,NLD:banking,intra_country_finance,financial,0.65,0,0.7,0.2,0.2,4.0,hardcoded: financial sector cross-coupling per country
NLD:insurance,NLD:capital_markets,intra_country_finance,financial,0.65,0,0.7,0.2,0.2,4.0,hardcoded: financial sector cross-coupling per country
NLD:capital_markets,NLD:banking,intra_country_finance,financial,0.65,0,0.7,0.2,0.2,4.0,hardcoded: financial sector cross-coupling per country
NLD:capital_markets,NLD:insurance,intra_country_finance,financial,0.65,0,0.7,0.2,0.2,4.0,hardcoded: financial sector cross-coupling per country
SGP:banking,SGP:insurance,intra_country_finance,financial,0.65,0,0.7,0.2,0.2,4.0,hardcoded: financial sector cross-coupling per country
SGP:banking,SGP:capital_markets,intra_country_finance,financial,0.65,0,0.7,0.2,0.2,4.0,hardcoded: financial sector cross-coupling per country
SGP:insurance,SGP:banking,intra_country_finance,financial,0.65,0,0.7,0.2,0.2,4.0,hardcoded: financial sector cross-coupling per country
SGP:insurance,SGP:capital_markets,intra_country_finance,financial,0.65,0,0.7,0.2,0.2,4.0,hardcoded: financial sector cross-coupling per country
SGP:capital_markets,SGP:banking,intra_country_finance,financial,0.65,0,0.7,0.2,0.2,4.0,hardcoded: financial sector cross-coupling per country
SGP:capital_markets,SGP:insurance,intra_country_finance,financial,0.65,0,0.7,0.2,0.2,4.0,hardcoded: financial sector cross-coupling per country
USA:banking,USA:insurance,intra_country_finance,financial,0.65,0,0.7,0.2,0.2,4.0,hardcoded: financial sector cross-coupling per country
USA:banking,USA:capital_markets,intra_country_finance,financial,0.65,0,0.7,0.2,0.2,4.0,hardcoded: financial sector cross-coupling per country
USA:insurance,USA:banking,intra_country_finance,financial,0.65,0,0.7,0.2,0.2,4.0,hardcoded: financial sector cross-coupling per country
USA:insurance,USA:capital_markets,intra_country_finance,financial,0.65,0,0.7,0.2,0.2,4.0,hardcoded: financial sector cross-coupling per country
USA:capital_markets,USA:banking,intra_country_finance,financial,0.65,0,0.7,0.2,0.2,4.0,hardcoded: financial sector cross-coupling per country
USA:capital_markets,USA:insurance,intra_country_finance,financial,0.65,0,0.7,0.2,0.2,4.0,hardcoded: financial sector cross-coupling per country
CHN:electronics,JPN:electronics,trade,electronics,0.7477,33917878580.3,0.6,0.3,0.2,8.0,comtrade_edges.csv: https://comtrade.un.org/data/?r=JPN&p=all&px=HS&cc=8471&y=2019;https://comtrade.
CHN:electronics,TWN:electronics,trade,electronics,0.7391,7267792626.61,0.6,0.3,0.2,8.0,comtrade_edges.csv: https://comtrade.un.org/data/?r=TWN&p=all&px=HS&cc=8471&y=2019;https://comtrade.
CHN:electronics,THA:electronics,trade,electronics,0.6064,7196828659.58,0.6,0.3,0.2,8.0,comtrade_edges.csv: https://comtrade.un.org/data/?r=THA&p=all&px=HS&cc=8471&y=2019;https://comtrade.
CHN:electronics,VNM:electronics,trade,electronics,0.5552,10639606820.33,0.6,0.3,0.2,8.0,comtrade_edges.csv: https://comtrade.un.org/data/?r=VNM&p=all&px=HS&cc=8471&y=2019;https://comtrade.
CHN:electronics,MEX:electronics,trade,electronics,0.5452,14492365680.0,0.6,0.3,0.2,8.0,comtrade_edges.csv: https://comtrade.un.org/data/?r=MEX&p=all&px=HS&cc=8471&y=2019;https://comtrade.
CHN:electronics,USA:electronics,trade,electronics,0.5411,117377305036.0,0.6,0.3,0.2,8.0,comtrade_edges.csv: https://comtrade.un.org/data/?r=USA&p=all&px=HS&cc=8471&y=2019;https://comtrade.
CHN:electronics,KOR:electronics,trade,electronics,0.5336,11305692226.0,0.6,0.3,0.2,8.0,comtrade_edges.csv: https://comtrade.un.org/data/?r=KOR&p=all&px=HS&cc=8471&y=2019;https://comtrade.
USA:automotive,MEX:automotive,trade,automotive,0.486,19011552540.0,0.6,0.3,0.2,8.0,comtrade_edges.csv: https://comtrade.un.org/data/?r=MEX&p=all&px=HS&cc=8703&y=2019;https://comtrade.
CHN:electronics,DEU:electronics,trade,electronics,0.4826,25794905234.91,0.6,0.3,0.2,8.0,comtrade_edges.csv: https://comtrade.un.org/data/?r=DEU&p=all&px=HS&cc=8471&y=2019;https://comtrade.
CHN:electronics,MYS:electronics,trade,electronics,0.4786,3456279018.93,0.6,0.3,0.2,8.0,comtrade_edges.csv: https://comtrade.un.org/data/?r=MYS&p=all&px=HS&cc=8471&y=2019;https://comtrade.
CHN:electronics,IND:electronics,trade,electronics,0.4344,9688881484.38,0.6,0.3,0.2,8.0,comtrade_edges.csv: https://comtrade.un.org/data/?r=IND&p=all&px=HS&cc=8471&y=2019;https://comtrade.
MYS:semiconductors,USA:semiconductors,trade,semiconductors,0.422,18736376250.0,0.6,0.3,0.2,8.0,comtrade_edges.csv: https://comtrade.un.org/data/?r=USA&p=all&px=HS&cc=8541&y=2019;https://comtrade.
CHN:semiconductors,KOR:semiconductors,trade,semiconductors,0.409,16646898353.0,0.6,0.3,0.2,8.0,comtrade_edges.csv: https://comtrade.un.org/data/?r=KOR&p=all&px=HS&cc=8541&y=2019;https://comtrade.
DEU:automotive,KOR:automotive,trade,automotive,0.3842,5888002012.0,0.6,0.3,0.2,8.0,comtrade_edges.csv: https://comtrade.un.org/data/?r=KOR&p=all&px=HS&cc=8703&y=2019;https://comtrade.
KOR:electronics,VNM:electronics,trade,electronics,0.382,6095151235.51,0.6,0.3,0.2,8.0,comtrade_edges.csv: https://comtrade.un.org/data/?r=VNM&p=all&px=HS&cc=8517&y=2019
JPN:automotive,THA:automotive,trade,automotive,0.3753,3198340530.56,0.6,0.3,0.2,8.0,comtrade_edges.csv: https://comtrade.un.org/data/?r=THA&p=all&px=HS&cc=8703&y=2019;https://comtrade.
CHN:automotive,JPN:automotive,trade,automotive,0.3707,3014538201.78,0.6,0.3,0.2,8.0,comtrade_edges.csv: https://comtrade.un.org/data/?r=JPN&p=all&px=HS&cc=8708&y=2019
CHN:electronics,CHN:electronics,trade,electronics,0.3535,26149528951.0,0.6,0.3,0.2,8.0,comtrade_edges.csv: https://comtrade.un.org/data/?r=CHN&p=all&px=HS&cc=8471&y=2019;https://comtrade.
BRA:automotive,IND:automotive,trade,automotive,0.3447,22258735.45,0.6,0.3,0.2,8.0,comtrade_edges.csv: https://comtrade.un.org/data/?r=IND&p=all&px=HS&cc=8704&y=2019
MEX:automotive,USA:automotive,trade,automotive,0.3192,90077348859.0,0.6,0.3,0.2,8.0,comtrade_edges.csv: https://comtrade.un.org/data/?r=USA&p=all&px=HS&cc=8703&y=2019;https://comtrade.
DEU:automotive,CHN:automotive,trade,automotive,0.3061,22474260405.0,0.6,0.3,0.2,8.0,comtrade_edges.csv: https://comtrade.un.org/data/?r=CHN&p=all&px=HS&cc=8703&y=2019;https://comtrade.
DEU:automotive,JPN:automotive,trade,automotive,0.2969,6152524194.02,0.6,0.3,0.2,8.0,comtrade_edges.csv: https://comtrade.un.org/data/?r=JPN&p=all&px=HS&cc=8703&y=2019;https://comtrade.
CHN:automotive,KOR:automotive,trade,automotive,0.2882,1214310031.0,0.6,0.3,0.2,8.0,comtrade_edges.csv: https://comtrade.un.org/data/?r=KOR&p=all&px=HS&cc=8704&y=2019;https://comtrade.
VNM:electronics,KOR:electronics,trade,electronics,0.2851,6039964077.0,0.6,0.3,0.2,8.0,comtrade_edges.csv: https://comtrade.un.org/data/?r=KOR&p=all&px=HS&cc=8471&y=2019;https://comtrade.
VNM:electronics,CHN:electronics,trade,electronics,0.2754,11742585932.0,0.6,0.3,0.2,8.0,comtrade_edges.csv: https://comtrade.un.org/data/?r=CHN&p=all&px=HS&cc=8517&y=2019
CHN:semiconductors,TWN:semiconductors,trade,semiconductors,0.2667,14969696258.41,0.6,0.3,0.2,8.0,comtrade_edges.csv: https://comtrade.un.org/data/?r=TWN&p=all&px=HS&cc=8541&y=2019;https://comtrade.
DEU:electronics,CHN:electronics,trade,electronics,0.2649,208239378.0,0.6,0.3,0.2,8.0,comtrade_edges.csv: https://comtrade.un.org/data/?r=CHN&p=all&px=HS&cc=8528&y=2019
MYS:semiconductors,NLD:semiconductors,trade,semiconductors,0.2623,4236276433.34,0.6,0.3,0.2,8.0,comtrade_edges.csv: https://comtrade.un.org/data/?r=NLD&p=all&px=HS&cc=8541&y=2019;https://comtrade.
JPN:automotive,CHN:automotive,trade,automotive,0.2457,17764303725.0,0.6,0.3,0.2,8.0,comtrade_edges.csv: https://comtrade.un.org/data/?r=CHN&p=all&px=HS&cc=8703&y=2019;https://comtrade.
KOR:automotive,IND:automotive,trade,automotive,0.2115,886116892.13,0.6,0.3,0.2,8.0,comtrade_edges.csv: https://comtrade.un.org/data/?r=IND&p=all&px=HS&cc=8708&y=2019
MEX:electronics,USA:electronics,trade,electronics,0.2071,44921891431.0,0.6,0.3,0.2,8.0,comtrade_edges.csv: https://comtrade.un.org/data/?r=USA&p=all&px=HS&cc=8471&y=2019;https://comtrade.
KOR:semiconductors,CHN:semiconductors,trade,semiconductors,0.1956,65035604256.0,0.6,0.3,0.2,8.0,comtrade_edges.csv: https://comtrade.un.org/data/?r=CHN&p=all&px=HS&cc=8541&y=2019;https://comtrade.
CHN:semiconductors,JPN:semiconductors,trade,semiconductors,0.188,4412095549.06,0.6,0.3,0.2,8.0,comtrade_edges.csv: https://comtrade.un.org/data/?r=JPN&p=all&px=HS&cc=8541&y=2019;https://comtrade.
CAN:automotive,USA:automotive,trade,automotive,0.1806,50982291107.0,0.6,0.3,0.2,8.0,comtrade_edges.csv: https://comtrade.un.org/data/?r=USA&p=all&px=HS&cc=8703&y=2019;https://comtrade.
CHN:automotive,IND:automotive,trade,automotive,0.1786,760066762.59,0.6,0.3,0.2,8.0,comtrade_edges.csv: https://comtrade.un.org/data/?r=IND&p=all&px=HS&cc=8704&y=2019;https://comtrade.
DEU:semiconductors,NLD:semiconductors,trade,semiconductors,0.1726,2788100432.22,0.6,0.3,0.2,8.0,comtrade_edges.csv: https://comtrade.un.org/data/?r=NLD&p=all&px=HS&cc=8541&y=2019;https://comtrade.
JPN:automotive,USA:automotive,trade,automotive,0.1709,48233494010.0,0.6,0.3,0.2,8.0,comtrade_edges.csv: https://comtrade.un.org/data/?r=USA&p=all&px=HS&cc=8703&y=2019;https://comtrade.
MYS:electronics,VNM:electronics,trade,electronics,0.1696,544081851.17,0.6,0.3,0.2,8.0,comtrade_edges.csv: https://comtrade.un.org/data/?r=VNM&p=all&px=HS&cc=8471&y=2019;https://comtrade.
HKG:electronics,IND:electronics,trade,electronics,0.1669,3722141469.27,0.6,0.3,0.2,8.0,comtrade_edges.csv: https://comtrade.un.org/data/?r=IND&p=all&px=HS&cc=8471&y=2019;https://comtrade.
VNM:electronics,IND:electronics,trade,electronics,0.166,2577202805.98,0.6,0.3,0.2,8.0,comtrade_edges.csv: https://comtrade.un.org/data/?r=IND&p=all&px=HS&cc=8517&y=2019;https://comtrade.
CHN:semiconductors,DEU:semiconductors,trade,semiconductors,0.16,3808064946.47,0.6,0.3,0.2,8.0,comtrade_edges.csv: https://comtrade.un.org/data/?r=DEU&p=all&px=HS&cc=8541&y=2019;https://comtrade.
CHN:semiconductors,MYS:semiconductors,trade,semiconductors,0.1563,5466564055.08,0.6,0.3,0.2,8.0,comtrade_edges.csv: https://comtrade.un.org/data/?r=MYS&p=all&px=HS&cc=8541&y=2019;https://comtrade.
GBR:automotive,IND:automotive,trade,automotive,0.1506,43102316.0,0.6,0.3,0.2,8.0,comtrade_edges.csv: https://comtrade.un.org/data/?r=IND&p=all&px=HS&cc=8703&y=2019;https://comtrade.
VNM:electronics,THA:electronics,trade,electronics,0.1479,1157713171.82,0.6,0.3,0.2,8.0,comtrade_edges.csv: https://comtrade.un.org/data/?r=THA&p=all&px=HS&cc=8517&y=2019;https://comtrade.
DEU:automotive,IND:automotive,trade,automotive,0.1475,650880802.39,0.6,0.3,0.2,8.0,comtrade_edges.csv: https://comtrade.un.org/data/?r=IND&p=all&px=HS&cc=8703&y=2019;https://comtrade.
MYS:semiconductors,DEU:semiconductors,trade,semiconductors,0.1467,3492894726.34,0.6,0.3,0.2,8.0,comtrade_edges.csv: https://comtrade.un.org/data/?r=DEU&p=all&px=HS&cc=8541&y=2019;https://comtrade.
SGP:semiconductors,MYS:semiconductors,trade,semiconductors,0.1442,5043690485.35,0.6,0.3,0.2,8.0,comtrade_edges.csv: https://comtrade.un.org/data/?r=MYS&p=all&px=HS&cc=8541&y=2019;https://comtrade.
USA:semiconductors,MYS:semiconductors,trade,semiconductors,0.1437,5025043174.21,0.6,0.3,0.2,8.0,comtrade_edges.csv: https://comtrade.un.org/data/?r=MYS&p=all&px=HS&cc=8541&y=2019;https://comtrade.
USA:automotive,CHN:automotive,trade,automotive,0.1429,10494652128.0,0.6,0.3,0.2,8.0,comtrade_edges.csv: https://comtrade.un.org/data/?r=CHN&p=all&px=HS&cc=8703&y=2019;https://comtrade.
KOR:semiconductors,TWN:semiconductors,trade,semiconductors,0.1425,7661717832.51,0.6,0.3,0.2,8.0,comtrade_edges.csv: https://comtrade.un.org/data/?r=TWN&p=all&px=HS&cc=8542&y=2019
CHN:semiconductors,CHN:semiconductors,trade,semiconductors,0.14,46568922087.0,0.6,0.3,0.2,8.0,comtrade_edges.csv: https://comtrade.un.org/data/?r=CHN&p=all&px=HS&cc=8541&y=2019;https://comtrade.
USA:automotive,KOR:automotive,trade,automotive,0.1383,2119663739.0,0.6,0.3,0.2,8.0,comtrade_edges.csv: https://comtrade.un.org/data/?r=KOR&p=all&px=HS&cc=8703&y=2019;https://comtrade.
CHN:automotive,USA:automotive,trade,automotive,0.1378,9592845098.0,0.6,0.3,0.2,8.0,comtrade_edges.csv: https://comtrade.un.org/data/?r=USA&p=all&px=HS&cc=8708&y=2019
VNM:electronics,USA:electronics,trade,electronics,0.1362,13881032981.0,0.6,0.3,0.2,8.0,comtrade_edges.csv: https://comtrade.un.org/data/?r=USA&p=all&px=HS&cc=8517&y=2019
JPN:semiconductors,TWN:semiconductors,trade,semiconductors,0.1313,7372817578.42,0.6,0.3,0.2,8.0,comtrade_edges.csv: https://comtrade.un.org/data/?r=TWN&p=all&px=HS&cc=8541&y=2019;https://comtrade.
THA:electronics,CHN:electronics,trade,electronics,0.131,9583533257.0,0.6,0.3,0.2,8.0,comtrade_edges.csv: https://comtrade.un.org/data/?r=CHN&p=all&px=HS&cc=8471&y=2019;https://comtrade.
USA:semiconductors,JPN:semiconductors,trade,semiconductors,0.13,2406207638.37,0.6,0.3,0.2,8.0,comtrade_edges.csv: https://comtrade.un.org/data/?r=JPN&p=all&px=HS&cc=8542&y=2019
THA:automotive,JPN:automotive,trade,automotive,0.1293,1109646820.41,0.6,0.3,0.2,8.0,comtrade_edges.csv: https://comtrade.un.org/data/?r=JPN&p=all&px=HS&cc=8704&y=2019;https://comtrade.
JPN:automotive,KOR:automotive,trade,automotive,0.1267,1942159123.0,0.6,0.3,0.2,8.0,comtrade_edges.csv: https://comtrade.un.org/data/?r=KOR&p=all&px=HS&cc=8703&y=2019;https://comtrade.
USA:semiconductors,DEU:semiconductors,trade,semiconductors,0.1258,2995327830.3,0.6,0.3,0.2,8.0,comtrade_edges.csv: https://comtrade.un.org/data/?r=DEU&p=all&px=HS&cc=8541&y=2019;https://comtrade.
IND:automotive,MEX:automotive,trade,automotive,0.124,1223996374.0,0.6,0.3,0.2,8.0,comtrade_edges.csv: https://comtrade.un.org/data/?r=MEX&p=all&px=HS&cc=8703&y=2019
IRL:semiconductors,NLD:semiconductors,trade,semiconductors,0.1229,1646653261.03,0.6,0.3,0.2,8.0,comtrade_edges.csv: https://comtrade.un.org/data/?r=NLD&p=all&px=HS&cc=8542&y=2019
USA:electronics,MEX:electronics,trade,electronics,0.1227,3260695591.0,0.6,0.3,0.2,8.0,comtrade_edges.csv: https://comtrade.un.org/data/?r=MEX&p=all&px=HS&cc=8471&y=2019;https://comtrade.
CHN:automotive,THA:automotive,trade,automotive,0.1209,1030523710.01,0.6,0.3,0.2,8.0,comtrade_edges.csv: https://comtrade.un.org/data/?r=THA&p=all&px=HS&cc=8703&y=2019;https://comtrade.
HKG:electronics,MYS:electronics,trade,electronics,0.1196,814191272.13,0.6,0.3,0.2,8.0,comtrade_edges.csv: https://comtrade.un.org/data/?r=MYS&p=all&px=HS&cc=8471&y=2019;https://comtrade.
GBR:automotive,JPN:automotive,trade,automotive,0.1077,1355095558.76,0.6,0.3,0.2,8.0,comtrade_edges.csv: https://comtrade.un.org/data/?r=JPN&p=all&px=HS&cc=8703&y=2019;https://comtrade.
ESP:automotive,DEU:automotive,trade,automotive,0.1029,12392134001.76,0.6,0.3,0.2,8.0,comtrade_edges.csv: https://comtrade.un.org/data/?r=DEU&p=all&px=HS&cc=8703&y=2019;https://comtrade.
THA:electronics,THA:electronics,trade,electronics,0.1024,1116828182.33,0.6,0.3,0.2,8.0,comtrade_edges.csv: https://comtrade.un.org/data/?r=THA&p=all&px=HS&cc=8471&y=2019;https://comtrade.
MYS:semiconductors,CHN:semiconductors,trade,semiconductors,0.1008,33518676285.0,0.6,0.3,0.2,8.0,comtrade_edges.csv: https://comtrade.un.org/data/?r=CHN&p=all&px=HS&cc=8541&y=2019;https://comtrade.
KOR:semiconductors,NLD:semiconductors,trade,semiconductors,0.1,275404984.37,0.6,0.3,0.2,8.0,comtrade_edges.csv: https://comtrade.un.org/data/?r=NLD&p=all&px=HS&cc=8541&y=2019
JPN:automotive,IND:automotive,trade,automotive,0.0993,416271514.79,0.6,0.3,0.2,8.0,comtrade_edges.csv: https://comtrade.un.org/data/?r=IND&p=all&px=HS&cc=8708&y=2019
VNM:electronics,DEU:electronics,trade,electronics,0.0973,2239339608.35,0.6,0.3,0.2,8.0,comtrade_edges.csv: https://comtrade.un.org/data/?r=DEU&p=all&px=HS&cc=8517&y=2019
CHN:semiconductors,NLD:semiconductors,trade,semiconductors,0.097,1566551442.0,0.6,0.3,0.2,8.0,comtrade_edges.csv: https://comtrade.un.org/data/?r=NLD&p=all&px=HS&cc=8541&y=2019;https://comtrade.
DEU:automotive,USA:automotive,trade,automotive,0.09,22423016680.0,0.6,0.3,0.2,8.0,comtrade_edges.csv: https://comtrade.un.org/data/?r=USA&p=all&px=HS&cc=8703&y=2019;https://comtrade.
CHN:automotive,MEX:automotive,trade,automotive,0.0893,3307313675.0,0.6,0.3,0.2,8.0,comtrade_edges.csv: https://comtrade.un.org/data/?r=MEX&p=all&px=HS&cc=8703&y=2019;https://comtrade.
USA:automotive,DEU:automotive,trade,automotive,0.0878,6365533088.91,0.6,0.3,0.2,8.0,comtrade_edges.csv: https://comtrade.un.org/data/?r=DEU&p=all&px=HS&cc=8703&y=2019
SGP:electronics,IND:electronics,trade,electronics,0.087,1940554072.23,0.6,0.3,0.2,8.0,comtrade_edges.csv: https://comtrade.un.org/data/?r=IND&p=all&px=HS&cc=8471&y=2019;https://comtrade.
JPN:semiconductors,KOR:semiconductors,trade,semiconductors,0.0868,3531272430.0,0.6,0.3,0.2,8.0,comtrade_edges.csv: https://comtrade.un.org/data/?r=KOR&p=all&px=HS&cc=8541&y=2019;https://comtrade.
JPN:semiconductors,MYS:semiconductors,trade,semiconductors,0.0868,3034138020.44,0.6,0.3,0.2,8.0,comtrade_edges.csv: https://comtrade.un.org/data/?r=MYS&p=all&px=HS&cc=8541&y=2019;https://comtrade.
JPN:automotive,MEX:automotive,trade,automotive,0.0864,3379324026.0,0.6,0.3,0.2,8.0,comtrade_edges.csv: https://comtrade.un.org/data/?r=MEX&p=all&px=HS&cc=8703&y=2019;https://comtrade.
KOR:electronics,CHN:electronics,trade,electronics,0.0856,6334315131.0,0.6,0.3,0.2,8.0,comtrade_edges.csv: https://comtrade.un.org/data/?r=CHN&p=all&px=HS&cc=8471&y=2019;https://comtrade.
THA:electronics,MEX:electronics,trade,electronics,0.0854,2270298988.0,0.6,0.3,0.2,8.0,comtrade_edges.csv: https://comtrade.un.org/data/?r=MEX&p=all&px=HS&cc=8471&y=2019;https://comtrade.
KOR:automotive,USA:automotive,trade,automotive,0.084,20924395634.0,0.6,0.3,0.2,8.0,comtrade_edges.csv: https://comtrade.un.org/data/?r=USA&p=all&px=HS&cc=8703&y=2019;https://comtrade.
SGP:electronics,MYS:electronics,trade,electronics,0.0839,571278229.79,0.6,0.3,0.2,8.0,comtrade_edges.csv: https://comtrade.un.org/data/?r=MYS&p=all&px=HS&cc=8471&y=2019;https://comtrade.
FRA:automotive,DEU:automotive,trade,automotive,0.0831,10000392065.76,0.6,0.3,0.2,8.0,comtrade_edges.csv: https://comtrade.un.org/data/?r=DEU&p=all&px=HS&cc=8703&y=2019;https://comtrade.
USA:semiconductors,KOR:semiconductors,trade,semiconductors,0.0827,3364509432.0,0.6,0.3,0.2,8.0,comtrade_edges.csv: https://comtrade.un.org/data/?r=KOR&p=all&px=HS&cc=8541&y=2019;https://comtrade.
MYS:semiconductors,TWN:semiconductors,trade,semiconductors,0.0822,4614210939.25,0.6,0.3,0.2,8.0,comtrade_edges.csv: https://comtrade.un.org/data/?r=TWN&p=all&px=HS&cc=8541&y=2019;https://comtrade.
DEU:automotive,MEX:automotive,trade,automotive,0.082,3207937945.0,0.6,0.3,0.2,8.0,comtrade_edges.csv: https://comtrade.un.org/data/?r=MEX&p=all&px=HS&cc=8703&y=2019;https://comtrade.
GBR:automotive,CHN:automotive,trade,automotive,0.0816,3839039045.0,0.6,0.3,0.2,8.0,comtrade_edges.csv: https://comtrade.un.org/data/?r=CHN&p=all&px=HS&cc=8703&y=2019
THA:automotive,IND:automotive,trade,automotive,0.0807,343382568.47,0.6,0.3,0.2,8.0,comtrade_edges.csv: https://comtrade.un.org/data/?r=IND&p=all&px=HS&cc=8704&y=2019;https://comtrade.
DEU:automotive,THA:automotive,trade,automotive,0.0804,685171233.84,0.6,0.3,0.2,8.0,comtrade_edges.csv: https://comtrade.un.org/data/?r=THA&p=all&px=HS&cc=8703&y=2019;https://comtrade.
USA:automotive,JPN:automotive,trade,automotive,0.0802,1660791937.71,0.6,0.3,0.2,8.0,comtrade_edges.csv: https://comtrade.un.org/data/?r=JPN&p=all&px=HS&cc=8703&y=2019;https://comtrade.
VNM:electronics,TWN:electronics,trade,electronics,0.0794,453581256.69,0.6,0.3,0.2,8.0,comtrade_edges.csv: https://comtrade.un.org/data/?r=TWN&p=all&px=HS&cc=8517&y=2019
THA:electronics,MYS:electronics,trade,electronics,0.0771,556640893.9,0.6,0.3,0.2,8.0,comtrade_edges.csv: https://comtrade.un.org/data/?r=MYS&p=all&px=HS&cc=8471&y=2019;https://comtrade.
USA:automotive,THA:automotive,trade,automotive,0.0764,651460560.48,0.6,0.3,0.2,8.0,comtrade_edges.csv: https://comtrade.un.org/data/?r=THA&p=all&px=HS&cc=8703&y=2019;https://comtrade.
PHL:electronics,MEX:electronics,trade,electronics,0.076,769796742.0,0.6,0.3,0.2,8.0,comtrade_edges.csv: https://comtrade.un.org/data/?r=MEX&p=all&px=HS&cc=8471&y=2019
KOR:automotive,JPN:automotive,trade,automotive,0.0754,613373503.81,0.6,0.3,0.2,8.0,comtrade_edges.csv: https://comtrade.un.org/data/?r=JPN&p=all&px=HS&cc=8708&y=2019
MYS:electronics,THA:electronics,trade,electronics,0.0736,873553202.73,0.6,0.3,0.2,8.0,comtrade_edges.csv: https://comtrade.un.org/data/?r=THA&p=all&px=HS&cc=8471&y=2019;https://comtrade.
USA:semiconductors,TWN:semiconductors,trade,semiconductors,0.0731,4101259522.78,0.6,0.3,0.2,8.0,comtrade_edges.csv: https://comtrade.un.org/data/?r=TWN&p=all&px=HS&cc=8541&y=2019;https://comtrade.
GBR:automotive,KOR:automotive,trade,automotive,0.072,799944221.0,0.6,0.3,0.2,8.0,comtrade_edges.csv: https://comtrade.un.org/data/?r=KOR&p=all&px=HS&cc=8703&y=2019
THA:electronics,TWN:electronics,trade,electronics,0.0715,251412575.65,0.6,0.3,0.2,8.0,comtrade_edges.csv: https://comtrade.un.org/data/?r=TWN&p=all&px=HS&cc=8471&y=2019
KOR:electronics,MEX:electronics,trade,electronics,0.0713,722859392.0,0.6,0.3,0.2,8.0,comtrade_edges.csv: https://comtrade.un.org/data/?r=MEX&p=all&px=HS&cc=8471&y=2019
KOR:semiconductors,USA:semiconductors,trade,semiconductors,0.0701,3110426767.0,0.6,0.3,0.2,8.0,comtrade_edges.csv: https://comtrade.un.org/data/?r=USA&p=all&px=HS&cc=8541&y=2019;https://comtrade.
KOR:automotive,CHN:automotive,trade,automotive,0.0678,1710795017.0,0.6,0.3,0.2,8.0,comtrade_edges.csv: https://comtrade.un.org/data/?r=CHN&p=all&px=HS&cc=8708&y=2019
SGP:semiconductors,NLD:semiconductors,trade,semiconductors,0.0675,903680612.52,0.6,0.3,0.2,8.0,comtrade_edges.csv: https://comtrade.un.org/data/?r=NLD&p=all&px=HS&cc=8542&y=2019
MEX:automotive,KOR:automotive,trade,automotive,0.0664,256926181.0,0.6,0.3,0.2,8.0,comtrade_edges.csv: https://comtrade.un.org/data/?r=KOR&p=all&px=HS&cc=8708&y=2019
VNM:electronics,MYS:electronics,trade,electronics,0.066,476558906.17,0.6,0.3,0.2,8.0,comtrade_edges.csv: https://comtrade.un.org/data/?r=MYS&p=all&px=HS&cc=8471&y=2019;https://comtrade.
USA:electronics,KOR:electronics,trade,electronics,0.0659,549471037.0,0.6,0.3,0.2,8.0,comtrade_edges.csv: https://comtrade.un.org/data/?r=KOR&p=all&px=HS&cc=8471&y=2019;https://comtrade.
KOR:semiconductors,DEU:semiconductors,trade,semiconductors,0.0649,1545259711.14,0.6,0.3,0.2,8.0,comtrade_edges.csv: https://comtrade.un.org/data/?r=DEU&p=all&px=HS&cc=8541&y=2019;https://comtrade.
USA:automotive,IND:automotive,trade,automotive,0.0645,288807436.13,0.6,0.3,0.2,8.0,comtrade_edges.csv: https://comtrade.un.org/data/?r=IND&p=all&px=HS&cc=8703&y=2019;https://comtrade.
JPN:electronics,TWN:electronics,trade,electronics,0.064,38708337.48,0.6,0.3,0.2,8.0,comtrade_edges.csv: https://comtrade.un.org/data/?r=TWN&p=all&px=HS&cc=8528&y=2019
ITA:automotive,JPN:automotive,trade,automotive,0.0636,771619642.68,0.6,0.3,0.2,8.0,comtrade_edges.csv: https://comtrade.un.org/data/?r=JPN&p=all&px=HS&cc=8703&y=2019
JPN:semiconductors,CHN:semiconductors,trade,semiconductors,0.0631,20984654141.0,0.6,0.3,0.2,8.0,comtrade_edges.csv: https://comtrade.un.org/data/?r=CHN&p=all&px=HS&cc=8541&y=2019;https://comtrade.
PHL:electronics,CHN:electronics,trade,electronics,0.0628,1967251667.0,0.6,0.3,0.2,8.0,comtrade_edges.csv: https://comtrade.un.org/data/?r=CHN&p=all&px=HS&cc=8471&y=2019;https://comtrade.
SGP:semiconductors,TWN:semiconductors,trade,semiconductors,0.0624,3353156946.74,0.6,0.3,0.2,8.0,comtrade_edges.csv: https://comtrade.un.org/data/?r=TWN&p=all&px=HS&cc=8542&y=2019
MEX:automotive,DEU:automotive,trade,automotive,0.0622,4510180759.51,0.6,0.3,0.2,8.0,comtrade_edges.csv: https://comtrade.un.org/data/?r=DEU&p=all&px=HS&cc=8703&y=2019
SGP:electronics,KOR:electronics,trade,electronics,0.0621,416222060.0,0.6,0.3,0.2,8.0,comtrade_edges.csv: https://comtrade.un.org/data/?r=KOR&p=all&px=HS&cc=8471&y=2019
POL:automotive,DEU:automotive,trade,automotive,0.0614,7392755144.36,0.6,0.3,0.2,8.0,comtrade_edges.csv: https://comtrade.un.org/data/?r=DEU&p=all&px=HS&cc=8703&y=2019;https://comtrade.
VNM:electronics,JPN:electronics,trade,electronics,0.0612,1484729186.11,0.6,0.3,0.2,8.0,comtrade_edges.csv: https://comtrade.un.org/data/?r=JPN&p=all&px=HS&cc=8517&y=2019
ZAF:automotive,DEU:automotive,trade,automotive,0.0608,4867662238.7,0.6,0.3,0.2,8.0,comtrade_edges.csv: https://comtrade.un.org/data/?r=DEU&p=all&px=HS&cc=8703&y=2019;https://comtrade.
KOR:semiconductors,JPN:semiconductors,trade,semiconductors,0.0603,1415482755.3,0.6,0.3,0.2,8.0,comtrade_edges.csv: https://comtrade.un.org/data/?r=JPN&p=all&px=HS&cc=8541&y=2019;https://comtrade.
MYS:electronics,CHN:electronics,trade,electronics,0.0598,1871857007.0,0.6,0.3,0.2,8.0,comtrade_edges.csv: https://comtrade.un.org/data/?r=CHN&p=all&px=HS&cc=8471&y=2019;https://comtrade.
JPN:electronics,DEU:electronics,trade,electronics,0.0583,348407336.62,0.6,0.3,0.2,8.0,comtrade_edges.csv: https://comtrade.un.org/data/?r=DEU&p=all&px=HS&cc=8528&y=2019
CHN:semiconductors,USA:semiconductors,trade,semiconductors,0.0573,2542962571.0,0.6,0.3,0.2,8.0,comtrade_edges.csv: https://comtrade.un.org/data/?r=USA&p=all&px=HS&cc=8541&y=2019;https://comtrade.
MYS:semiconductors,JPN:semiconductors,trade,semiconductors,0.0555,1303272072.18,0.6,0.3,0.2,8.0,comtrade_edges.csv: https://comtrade.un.org/data/?r=JPN&p=all&px=HS&cc=8541&y=2019;https://comtrade.
VNM:electronics,MEX:electronics,trade,electronics,0.0555,757079632.0,0.6,0.3,0.2,8.0,comtrade_edges.csv: https://comtrade.un.org/data/?r=MEX&p=all&px=HS&cc=8517&y=2019
GBR:automotive,USA:automotive,trade,automotive,0.0551,9899719708.0,0.6,0.3,0.2,8.0,comtrade_edges.csv: https://comtrade.un.org/data/?r=USA&p=all&px=HS&cc=8703&y=2019
JPN:semiconductors,DEU:semiconductors,trade,semiconductors,0.0551,1310344543.62,0.6,0.3,0.2,8.0,comtrade_edges.csv: https://comtrade.un.org/data/?r=DEU&p=all&px=HS&cc=8541&y=2019;https://comtrade.
JPN:semiconductors,NLD:semiconductors,trade,semiconductors,0.0543,149548009.69,0.6,0.3,0.2,8.0,comtrade_edges.csv: https://comtrade.un.org/data/?r=NLD&p=all&px=HS&cc=8541&y=2019
BRA:automotive,MEX:automotive,trade,automotive,0.0543,648625606.0,0.6,0.3,0.2,8.0,comtrade_edges.csv: https://comtrade.un.org/data/?r=MEX&p=all&px=HS&cc=8703&y=2019;https://comtrade.
THA:electronics,JPN:electronics,trade,electronics,0.0541,2455170934.33,0.6,0.3,0.2,8.0,comtrade_edges.csv: https://comtrade.un.org/data/?r=JPN&p=all&px=HS&cc=8471&y=2019;https://comtrade.
THA:automotive,MEX:automotive,trade,automotive,0.0535,639584741.0,0.6,0.3,0.2,8.0,comtrade_edges.csv: https://comtrade.un.org/data/?r=MEX&p=all&px=HS&cc=8703&y=2019;https://comtrade.
GBR:automotive,THA:automotive,trade,automotive,0.0532,83140180.04,0.6,0.3,0.2,8.0,comtrade_edges.csv: https://comtrade.un.org/data/?r=THA&p=all&px=HS&cc=8703&y=2019
SGP:electronics,VNM:electronics,trade,electronics,0.0523,106482386.67,0.6,0.3,0.2,8.0,comtrade_edges.csv: https://comtrade.un.org/data/?r=VNM&p=all&px=HS&cc=8471&y=2019
ITA:automotive,DEU:automotive,trade,automotive,0.0513,6179742527.31,0.6,0.3,0.2,8.0,comtrade_edges.csv: https://comtrade.un.org/data/?r=DEU&p=all&px=HS&cc=8703&y=2019;https://comtrade.
KOR:semiconductors,MYS:semiconductors,trade,semiconductors,0.0504,1762416587.82,0.6,0.3,0.2,8.0,comtrade_edges.csv: https://comtrade.un.org/data/?r=MYS&p=all&px=HS&cc=8541&y=2019;https://comtrade.
ARG:automotive,MEX:automotive,trade,automotive,0.0495,103414896.0,0.6,0.3,0.2,8.0,comtrade_edges.csv: https://comtrade.un.org/data/?r=MEX&p=all&px=HS&cc=8704&y=2019
ESP:automotive,IND:automotive,trade,automotive,0.0481,10660829.96,0.6,0.3,0.2,8.0,comtrade_edges.csv: https://comtrade.un.org/data/?r=IND&p=all&px=HS&cc=8703&y=2019
JPN:semiconductors,USA:semiconductors,trade,semiconductors,0.048,2132175931.0,0.6,0.3,0.2,8.0,comtrade_edges.csv: https://comtrade.un.org/data/?r=USA&p=all&px=HS&cc=8541&y=2019;https://comtrade.
KOR:automotive,MEX:automotive,trade,automotive,0.048,1777472409.0,0.6,0.3,0.2,8.0,comtrade_edges.csv: https://comtrade.un.org/data/?r=MEX&p=all&px=HS&cc=8703&y=2019;https://comtrade.
USA:electronics,MYS:electronics,trade,electronics,0.0463,314990626.84,0.6,0.3,0.2,8.0,comtrade_edges.csv: https://comtrade.un.org/data/?r=MYS&p=all&px=HS&cc=8471&y=2019;https://comtrade.
MYS:electronics,MEX:electronics,trade,electronics,0.0456,1082919712.0,0.6,0.3,0.2,8.0,comtrade_edges.csv: https://comtrade.un.org/data/?r=MEX&p=all&px=HS&cc=8471&y=2019;https://comtrade.
USA:electronics,CHN:electronics,trade,electronics,0.0452,35501035.0,0.6,0.3,0.2,8.0,comtrade_edges.csv: https://comtrade.un.org/data/?r=CHN&p=all&px=HS&cc=8528&y=2019
THA:electronics,VNM:electronics,trade,electronics,0.0445,90533443.43,0.6,0.3,0.2,8.0,comtrade_edges.csv: https://comtrade.un.org/data/?r=VNM&p=all&px=HS&cc=8471&y=2019
MYS:semiconductors,KOR:semiconductors,trade,semiconductors,0.0441,1796858829.0,0.6,0.3,0.2,8.0,comtrade_edges.csv: https://comtrade.un.org/data/?r=KOR&p=all&px=HS&cc=8541&y=2019;https://comtrade.
USA:semiconductors,CHN:semiconductors,trade,semiconductors,0.0435,14451819583.0,0.6,0.3,0.2,8.0,comtrade_edges.csv: https://comtrade.un.org/data/?r=CHN&p=all&px=HS&cc=8541&y=2019;https://comtrade.
SGP:semiconductors,KOR:semiconductors,trade,semiconductors,0.0429,1533056843.0,0.6,0.3,0.2,8.0,comtrade_edges.csv: https://comtrade.un.org/data/?r=KOR&p=all&px=HS&cc=8542&y=2019
CAN:automotive,MEX:automotive,trade,automotive,0.0418,1547870866.0,0.6,0.3,0.2,8.0,comtrade_edges.csv: https://comtrade.un.org/data/?r=MEX&p=all&px=HS&cc=8703&y=2019;https://comtrade.
KOR:electronics,USA:electronics,trade,electronics,0.0416,4234487188.0,0.6,0.3,0.2,8.0,comtrade_edges.csv: https://comtrade.un.org/data/?r=USA&p=all&px=HS&cc=8517&y=2019
USA:electronics,IND:electronics,trade,electronics,0.0416,844447400.15,0.6,0.3,0.2,8.0,comtrade_edges.csv: https://comtrade.un.org/data/?r=IND&p=all&px=HS&cc=8471&y=2019;https://comtrade.
FRA:automotive,KOR:automotive,trade,automotive,0.0413,173913298.0,0.6,0.3,0.2,8.0,comtrade_edges.csv: https://comtrade.un.org/data/?r=KOR&p=all&px=HS&cc=8704&y=2019;https://comtrade.
THA:electronics,IND:electronics,trade,electronics,0.0409,359166043.6,0.6,0.3,0.2,8.0,comtrade_edges.csv: https://comtrade.un.org/data/?r=IND&p=all&px=HS&cc=8471&y=2019;https://comtrade.
MEX:automotive,CHN:automotive,trade,automotive,0.0407,1027895429.0,0.6,0.3,0.2,8.0,comtrade_edges.csv: https://comtrade.un.org/data/?r=CHN&p=all&px=HS&cc=8708&y=2019
GBR:automotive,DEU:automotive,trade,automotive,0.0398,4488306571.82,0.6,0.3,0.2,8.0,comtrade_edges.csv: https://comtrade.un.org/data/?r=DEU&p=all&px=HS&cc=8703&y=2019;https://comtrade.
SGP:electronics,TWN:electronics,trade,electronics,0.0397,139729715.8,0.6,0.3,0.2,8.0,comtrade_edges.csv: https://comtrade.un.org/data/?r=TWN&p=all&px=HS&cc=8471&y=2019
THA:automotive,THA:automotive,trade,automotive,0.0397,72063796.73,0.6,0.3,0.2,8.0,comtrade_edges.csv: https://comtrade.un.org/data/?r=THA&p=all&px=HS&cc=8703&y=2019;https://comtrade.
KOR:electronics,JPN:electronics,trade,electronics,0.0386,146623142.62,0.6,0.3,0.2,8.0,comtrade_edges.csv: https://comtrade.un.org/data/?r=JPN&p=all&px=HS&cc=8528&y=2019
USA:electronics,JPN:electronics,trade,electronics,0.0384,1740865404.09,0.6,0.3,0.2,8.0,comtrade_edges.csv: https://comtrade.un.org/data/?r=JPN&p=all&px=HS&cc=8471&y=2019;https://comtrade.
ZAF:automotive,JPN:automotive,trade,automotive,0.0378,458250255.07,0.6,0.3,0.2,8.0,comtrade_edges.csv: https://comtrade.un.org/data/?r=JPN&p=all&px=HS&cc=8703&y=2019
NLD:semiconductors,DEU:semiconductors,trade,semiconductors,0.0378,898978689.02,0.6,0.3,0.2,8.0,comtrade_edges.csv: https://comtrade.un.org/data/?r=DEU&p=all&px=HS&cc=8541&y=2019;https://comtrade.
CHN:automotive,DEU:automotive,trade,automotive,0.0374,1504736990.56,0.6,0.3,0.2,8.0,comtrade_edges.csv: https://comtrade.un.org/data/?r=DEU&p=all&px=HS&cc=8708&y=2019
JPN:electronics,CHN:electronics,trade,electronics,0.0349,1514928861.0,0.6,0.3,0.2,8.0,comtrade_edges.csv: https://comtrade.un.org/data/?r=CHN&p=all&px=HS&cc=8517&y=2019;https://comtrade.
SGP:electronics,JPN:electronics,trade,electronics,0.0348,601530981.25,0.6,0.3,0.2,8.0,comtrade_edges.csv: https://comtrade.un.org/data/?r=JPN&p=all&px=HS&cc=8471&y=2019
DEU:semiconductors,TWN:semiconductors,trade,semiconductors,0.0346,82361844.5,0.6,0.3,0.2,8.0,comtrade_edges.csv: https://comtrade.un.org/data/?r=TWN&p=all&px=HS&cc=8541&y=2019
ZAF:automotive,MEX:automotive,trade,automotive,0.0342,71394702.0,0.6,0.3,0.2,8.0,comtrade_edges.csv: https://comtrade.un.org/data/?r=MEX&p=all&px=HS&cc=8704&y=2019
THA:electronics,USA:electronics,trade,electronics,0.0339,7352028570.0,0.6,0.3,0.2,8.0,comtrade_edges.csv: https://comtrade.un.org/data/?r=USA&p=all&px=HS&cc=8471&y=2019;https://comtrade.
MEX:electronics,CHN:electronics,trade,electronics,0.0333,26211749.0,0.6,0.3,0.2,8.0,comtrade_edges.csv: https://comtrade.un.org/data/?r=CHN&p=all&px=HS&cc=8528&y=2019
JPN:automotive,DEU:automotive,trade,automotive,0.0333,3756099524.1,0.6,0.3,0.2,8.0,comtrade_edges.csv: https://comtrade.un.org/data/?r=DEU&p=all&px=HS&cc=8703&y=2019;https://comtrade.
MEX:automotive,JPN:automotive,trade,automotive,0.0327,661989423.62,0.6,0.3,0.2,8.0,comtrade_edges.csv: https://comtrade.un.org/data/?r=JPN&p=all&px=HS&cc=8703&y=2019;https://comtrade.
SGP:semiconductors,JPN:semiconductors,trade,semiconductors,0.0322,596529700.29,0.6,0.3,0.2,8.0,comtrade_edges.csv: https://comtrade.un.org/data/?r=JPN&p=all&px=HS&cc=8542&y=2019
JPN:electronics,VNM:electronics,trade,electronics,0.0318,37347742.42,0.6,0.3,0.2,8.0,comtrade_edges.csv: https://comtrade.un.org/data/?r=VNM&p=all&px=HS&cc=8528&y=2019
IND:automotive,THA:automotive,trade,automotive,0.0313,218133219.34,0.6,0.3,0.2,8.0,comtrade_edges.csv: https://comtrade.un.org/data/?r=THA&p=all&px=HS&cc=8704&y=2019;https://comtrade.
DEU:semiconductors,MYS:semiconductors,trade,semiconductors,0.0308,1076466685.54,0.6,0.3,0.2,8.0,comtrade_edges.csv: https://comtrade.un.org/data/?r=MYS&p=all&px=HS&cc=8541&y=2019;https://comtrade.
MYS:electronics,JPN:electronics,trade,electronics,0.0301,843942350.16,0.6,0.3,0.2,8.0,comtrade_edges.csv: https://comtrade.un.org/data/?r=JPN&p=all&px=HS&cc=8517&y=2019;https://comtrade.
USA:electronics,DEU:electronics,trade,electronics,0.0297,1589641738.24,0.6,0.3,0.2,8.0,comtrade_edges.csv: https://comtrade.un.org/data/?r=DEU&p=all&px=HS&cc=8471&y=2019;https://comtrade.
FRA:automotive,JPN:automotive,trade,automotive,0.0295,358185930.54,0.6,0.3,0.2,8.0,comtrade_edges.csv: https://comtrade.un.org/data/?r=JPN&p=all&px=HS&cc=8703&y=2019
JPN:electronics,THA:electronics,trade,electronics,0.0294,230311142.74,0.6,0.3,0.2,8.0,comtrade_edges.csv: https://comtrade.un.org/data/?r=THA&p=all&px=HS&cc=8517&y=2019;https://comtrade.
PHL:electronics,JPN:electronics,trade,electronics,0.0289,109835378.79,0.6,0.3,0.2,8.0,comtrade_edges.csv: https://comtrade.un.org/data/?r=JPN&p=all&px=HS&cc=8528&y=2019
THA:electronics,KOR:electronics,trade,electronics,0.0289,193714079.0,0.6,0.3,0.2,8.0,comtrade_edges.csv: https://comtrade.un.org/data/?r=KOR&p=all&px=HS&cc=8471&y=2019
USA:electronics,TWN:electronics,trade,electronics,0.0276,255012939.06,0.6,0.3,0.2,8.0,comtrade_edges.csv: https://comtrade.un.org/data/?r=TWN&p=all&px=HS&cc=8471&y=2019;https://comtrade.
MYS:electronics,USA:electronics,trade,electronics,0.0272,2775970639.0,0.6,0.3,0.2,8.0,comtrade_edges.csv: https://comtrade.un.org/data/?r=USA&p=all&px=HS&cc=8517&y=2019
USA:electronics,VNM:electronics,trade,electronics,0.0265,53827700.8,0.6,0.3,0.2,8.0,comtrade_edges.csv: https://comtrade.un.org/data/?r=VNM&p=all&px=HS&cc=8471&y=2019
MYS:electronics,IND:electronics,trade,electronics,0.0265,232817056.04,0.6,0.3,0.2,8.0,comtrade_edges.csv: https://comtrade.un.org/data/?r=IND&p=all&px=HS&cc=8471&y=2019;https://comtrade.
PHL:electronics,TWN:electronics,trade,electronics,0.0262,92219012.43,0.6,0.3,0.2,8.0,comtrade_edges.csv: https://comtrade.un.org/data/?r=TWN&p=all&px=HS&cc=8471&y=2019
USA:semiconductors,NLD:semiconductors,trade,semiconductors,0.026,347786753.51,0.6,0.3,0.2,8.0,comtrade_edges.csv: https://comtrade.un.org/data/?r=NLD&p=all&px=HS&cc=8542&y=2019
THA:electronics,DEU:electronics,trade,electronics,0.0257,629516373.5,0.6,0.3,0.2,8.0,comtrade_edges.csv: https://comtrade.un.org/data/?r=DEU&p=all&px=HS&cc=8471&y=2019
MEX:automotive,IND:automotive,trade,automotive,0.0257,107688372.99,0.6,0.3,0.2,8.0,comtrade_edges.csv: https://comtrade.un.org/data/?r=IND&p=all&px=HS&cc=8708&y=2019
IRL:semiconductors,JPN:semiconductors,trade,semiconductors,0.0256,474405590.51,0.6,0.3,0.2,8.0,comtrade_edges.csv: https://comtrade.un.org/data/?r=JPN&p=all&px=HS&cc=8542&y=2019
TUR:automotive,DEU:automotive,trade,automotive,0.0256,1223722534.78,0.6,0.3,0.2,8.0,comtrade_edges.csv: https://comtrade.un.org/data/?r=DEU&p=all&px=HS&cc=8704&y=2019;https://comtrade.
IRL:semiconductors,USA:semiconductors,trade,semiconductors,0.0255,842092316.0,0.6,0.3,0.2,8.0,comtrade_edges.csv: https://comtrade.un.org/data/?r=USA&p=all&px=HS&cc=8542&y=2019
PHL:electronics,DEU:electronics,trade,electronics,0.0254,151479720.79,0.6,0.3,0.2,8.0,comtrade_edges.csv: https://comtrade.un.org/data/?r=DEU&p=all&px=HS&cc=8528&y=2019
MYS:electronics,TWN:electronics,trade,electronics,0.0251,103300400.53,0.6,0.3,0.2,8.0,comtrade_edges.csv: https://comtrade.un.org/data/?r=TWN&p=all&px=HS&cc=8471&y=2019;https://comtrade.
IND:automotive,KOR:automotive,trade,automotive,0.0248,95713692.0,0.6,0.3,0.2,8.0,comtrade_edges.csv: https://comtrade.un.org/data/?r=KOR&p=all&px=HS&cc=8708&y=2019
SGP:electronics,THA:electronics,trade,electronics,0.0248,100288079.26,0.6,0.3,0.2,8.0,comtrade_edges.csv: https://comtrade.un.org/data/?r=THA&p=all&px=HS&cc=8471&y=2019
MEX:electronics,IND:electronics,trade,electronics,0.0248,335047342.0,0.6,0.3,0.2,8.0,comtrade_edges.csv: https://comtrade.un.org/data/?r=IND&p=all&px=HS&cc=8517&y=2019
ESP:automotive,MEX:automotive,trade,automotive,0.0245,242166286.0,0.6,0.3,0.2,8.0,comtrade_edges.csv: https://comtrade.un.org/data/?r=MEX&p=all&px=HS&cc=8703&y=2019
USA:electronics,THA:electronics,trade,electronics,0.0238,96208168.34,0.6,0.3,0.2,8.0,comtrade_edges.csv: https://comtrade.un.org/data/?r=THA&p=all&px=HS&cc=8471&y=2019
FRA:automotive,CHN:automotive,trade,automotive,0.0235,592603980.0,0.6,0.3,0.2,8.0,comtrade_edges.csv: https://comtrade.un.org/data/?r=CHN&p=all&px=HS&cc=8708&y=2019
ITA:automotive,KOR:automotive,trade,automotive,0.0229,254357882.0,0.6,0.3,0.2,8.0,comtrade_edges.csv: https://comtrade.un.org/data/?r=KOR&p=all&px=HS&cc=8703&y=2019
SGP:semiconductors,CHN:semiconductors,trade,semiconductors,0.0227,7538402708.0,0.6,0.3,0.2,8.0,comtrade_edges.csv: https://comtrade.un.org/data/?r=CHN&p=all&px=HS&cc=8541&y=2019;https://comtrade.
KOR:electronics,IND:electronics,trade,electronics,0.0227,45597633.93,0.6,0.3,0.2,8.0,comtrade_edges.csv: https://comtrade.un.org/data/?r=IND&p=all&px=HS&cc=8528&y=2019
DEU:semiconductors,CHN:semiconductors,trade,semiconductors,0.0225,587751120.0,0.6,0.3,0.2,8.0,comtrade_edges.csv: https://comtrade.un.org/data/?r=CHN&p=all&px=HS&cc=8541&y=2019
PHL:electronics,MYS:electronics,trade,electronics,0.0225,9245620.59,0.6,0.3,0.2,8.0,comtrade_edges.csv: https://comtrade.un.org/data/?r=MYS&p=all&px=HS&cc=8528&y=2019
MEX:automotive,THA:automotive,trade,automotive,0.0225,150709386.98,0.6,0.3,0.2,8.0,comtrade_edges.csv: https://comtrade.un.org/data/?r=THA&p=all&px=HS&cc=8708&y=2019
ITA:automotive,IND:automotive,trade,automotive,0.0223,98501740.61,0.6,0.3,0.2,8.0,comtrade_edges.csv: https://comtrade.un.org/data/?r=IND&p=all&px=HS&cc=8703&y=2019;https://comtrade.
DEU:semiconductors,USA:semiconductors,trade,semiconductors,0.0219,247452693.0,0.6,0.3,0.2,8.0,comtrade_edges.csv: https://comtrade.un.org/data/?r=USA&p=all&px=HS&cc=8541&y=2019
ITA:automotive,THA:automotive,trade,automotive,0.0219,34194493.95,0.6,0.3,0.2,8.0,comtrade_edges.csv: https://comtrade.un.org/data/?r=THA&p=all&px=HS&cc=8703&y=2019
IRL:semiconductors,MYS:semiconductors,trade,semiconductors,0.0217,691449372.14,0.6,0.3,0.2,8.0,comtrade_edges.csv: https://comtrade.un.org/data/?r=MYS&p=all&px=HS&cc=8542&y=2019
SGP:semiconductors,USA:semiconductors,trade,semiconductors,0.0216,244377737.0,0.6,0.3,0.2,8.0,comtrade_edges.csv: https://comtrade.un.org/data/?r=USA&p=all&px=HS&cc=8541&y=2019
MEX:electronics,KOR:electronics,trade,electronics,0.0209,140223781.0,0.6,0.3,0.2,8.0,comtrade_edges.csv: https://comtrade.un.org/data/?r=KOR&p=all&px=HS&cc=8471&y=2019
SGP:electronics,CHN:electronics,trade,electronics,0.0208,636673481.0,0.6,0.3,0.2,8.0,comtrade_edges.csv: https://comtrade.un.org/data/?r=CHN&p=all&px=HS&cc=8471&y=2019
KOR:electronics,DEU:electronics,trade,electronics,0.0207,630816699.02,0.6,0.3,0.2,8.0,comtrade_edges.csv: https://comtrade.un.org/data/?r=DEU&p=all&px=HS&cc=8471&y=2019;https://comtrade.
ZAF:automotive,KOR:automotive,trade,automotive,0.0205,227425369.0,0.6,0.3,0.2,8.0,comtrade_edges.csv: https://comtrade.un.org/data/?r=KOR&p=all&px=HS&cc=8703&y=2019
THA:automotive,KOR:automotive,trade,automotive,0.0201,77573561.0,0.6,0.3,0.2,8.0,comtrade_edges.csv: https://comtrade.un.org/data/?r=KOR&p=all&px=HS&cc=8708&y=2019
KOR:automotive,DEU:automotive,trade,automotive,0.02,1451855329.75,0.6,0.3,0.2,8.0,comtrade_edges.csv: https://comtrade.un.org/data/?r=DEU&p=all&px=HS&cc=8703&y=2019
ARE:banking,ARE:government,credit,banking,0.4,0,0.5,0.4,0.3,6.0,hardcoded: bank-credit dependency per country
ARE:banking,ARE:aviation,credit,banking,0.4,0,0.5,0.4,0.3,6.0,hardcoded: bank-credit dependency per country
ARE:banking,ARE:oil,credit,banking,0.4,0,0.5,0.4,0.3,6.0,hardcoded: bank-credit dependency per country
ARE:banking,ARE:shipping,credit,banking,0.4,0,0.5,0.4,0.3,6.0,hardcoded: bank-credit dependency per country
ARE:banking,ARE:tourism,credit,banking,0.4,0,0.5,0.4,0.3,6.0,hardcoded: bank-credit dependency per country
ARE:banking,ARE:energy,credit,banking,0.4,0,0.5,0.4,0.3,6.0,hardcoded: bank-credit dependency per country
ARE:banking,ARE:agriculture,credit,banking,0.4,0,0.5,0.4,0.3,6.0,hardcoded: bank-credit dependency per country
ARE:banking,ARE:telecommunications,credit,banking,0.4,0,0.5,0.4,0.3,6.0,hardcoded: bank-credit dependency per country
ARE:banking,ARE:ports,credit,banking,0.4,0,0.5,0.4,0.3,6.0,hardcoded: bank-credit dependency per country
ARE:banking,ARE:utilities,credit,banking,0.4,0,0.5,0.4,0.3,6.0,hardcoded: bank-credit dependency per country
ARE:banking,ARE:consumer_goods,credit,banking,0.4,0,0.5,0.4,0.3,6.0,hardcoded: bank-credit dependency per country
ARE:utilities,ARE:government,energy_supply,utilities,0.35,0,0.6,0.3,0.25,4.0,hardcoded: utilities supply dependency per country
ARE:utilities,ARE:aviation,energy_supply,utilities,0.35,0,0.6,0.3,0.25,4.0,hardcoded: utilities supply dependency per country
ARE:utilities,ARE:shipping,energy_supply,utilities,0.35,0,0.6,0.3,0.25,4.0,hardcoded: utilities supply dependency per country
ARE:utilities,ARE:tourism,energy_supply,utilities,0.35,0,0.6,0.3,0.25,4.0,hardcoded: utilities supply dependency per country
ARE:utilities,ARE:energy,energy_supply,utilities,0.35,0,0.6,0.3,0.25,4.0,hardcoded: utilities supply dependency per country
ARE:utilities,ARE:agriculture,energy_supply,utilities,0.35,0,0.6,0.3,0.25,4.0,hardcoded: utilities supply dependency per country
ARE:utilities,ARE:telecommunications,energy_supply,utilities,0.35,0,0.6,0.3,0.25,4.0,hardcoded: utilities supply dependency per country
ARE:utilities,ARE:ports,energy_supply,utilities,0.35,0,0.6,0.3,0.25,4.0,hardcoded: utilities supply dependency per country
ARE:utilities,ARE:banking,energy_supply,utilities,0.35,0,0.6,0.3,0.25,4.0,hardcoded: utilities supply dependency per country
ARE:utilities,ARE:consumer_goods,energy_supply,utilities,0.35,0,0.6,0.3,0.25,4.0,hardcoded: utilities supply dependency per country
ARE:oil,ARE:government,energy_supply,oil,0.35,0,0.6,0.3,0.25,4.0,hardcoded: oil supply dependency per country
ARE:oil,ARE:aviation,energy_supply,oil,0.35,0,0.6,0.3,0.25,4.0,hardcoded: oil supply dependency per country
ARE:oil,ARE:shipping,energy_supply,oil,0.35,0,0.6,0.3,0.25,4.0,hardcoded: oil supply dependency per country
ARE:oil,ARE:tourism,energy_supply,oil,0.35,0,0.6,0.3,0.25,4.0,hardcoded: oil supply dependency per country
ARE:oil,ARE:energy,energy_supply,oil,0.35,0,0.6,0.3,0.25,4.0,hardcoded: oil supply dependency per country
ARE:oil,ARE:agriculture,energy_supply,oil,0.35,0,0.6,0.3,0.25,4.0,hardcoded: oil supply dependency per country
ARE:oil,ARE:telecommunications,energy_supply,oil,0.35,0,0.6,0.3,0.25,4.0,hardcoded: oil supply dependency per country
ARE:oil,ARE:ports,energy_supply,oil,0.35,0,0.6,0.3,0.25,4.0,hardcoded: oil supply dependency per country
ARE:oil,ARE:banking,energy_supply,oil,0.35,0,0.6,0.3,0.25,4.0,hardcoded: oil supply dependency per country
ARE:oil,ARE:consumer_goods,energy_supply,oil,0.35,0,0.6,0.3,0.25,4.0,hardcoded: oil supply dependency per country
ARE:telecommunications,ARE:government,telecom_backbone,telecommunications,0.2,0,0.4,0.5,0.3,2.0,hardcoded: telecom dependency per country
ARE:telecommunications,ARE:aviation,telecom_backbone,telecommunications,0.2,0,0.4,0.5,0.3,2.0,hardcoded: telecom dependency per country
ARE:telecommunications,ARE:oil,telecom_backbone,telecommunications,0.2,0,0.4,0.5,0.3,2.0,hardcoded: telecom dependency per country
ARE:telecommunications,ARE:shipping,telecom_backbone,telecommunications,0.2,0,0.4,0.5,0.3,2.0,hardcoded: telecom dependency per country
ARE:telecommunications,ARE:tourism,telecom_backbone,telecommunications,0.2,0,0.4,0.5,0.3,2.0,hardcoded: telecom dependency per country
ARE:telecommunications,ARE:energy,telecom_backbone,telecommunications,0.2,0,0.4,0.5,0.3,2.0,hardcoded: telecom dependency per country
ARE:telecommunications,ARE:agriculture,telecom_backbone,telecommunications,0.2,0,0.4,0.5,0.3,2.0,hardcoded: telecom dependency per country
ARE:telecommunications,ARE:ports,telecom_backbone,telecommunications,0.2,0,0.4,0.5,0.3,2.0,hardcoded: telecom dependency per country
ARE:telecommunications,ARE:utilities,telecom_backbone,telecommunications,0.2,0,0.4,0.5,0.3,2.0,hardcoded: telecom dependency per country
ARE:telecommunications,ARE:banking,telecom_backbone,telecommunications,0.2,0,0.4,0.5,0.3,2.0,hardcoded: telecom dependency per country
ARE:telecommunications,ARE:consumer_goods,telecom_backbone,telecommunications,0.2,0,0.4,0.5,0.3,2.0,hardcoded: telecom dependency per country
ARG:banking,ARG:government,credit,banking,0.4,0,0.5,0.4,0.3,6.0,hardcoded: bank-credit dependency per country
ARG:banking,ARG:tourism,credit,banking,0.4,0,0.5,0.4,0.3,6.0,hardcoded: bank-credit dependency per country
ARG:banking,ARG:agriculture,credit,banking,0.4,0,0.5,0.4,0.3,6.0,hardcoded: bank-credit dependency per country
ARG:banking,ARG:telecommunications,credit,banking,0.4,0,0.5,0.4,0.3,6.0,hardcoded: bank-credit dependency per country
ARG:banking,ARG:utilities,credit,banking,0.4,0,0.5,0.4,0.3,6.0,hardcoded: bank-credit dependency per country
ARG:banking,ARG:automotive,credit,banking,0.4,0,0.5,0.4,0.3,6.0,hardcoded: bank-credit dependency per country
ARG:banking,ARG:consumer_goods,credit,banking,0.4,0,0.5,0.4,0.3,6.0,hardcoded: bank-credit dependency per country
ARG:utilities,ARG:government,energy_supply,utilities,0.35,0,0.6,0.3,0.25,4.0,hardcoded: utilities supply dependency per country
ARG:utilities,ARG:tourism,energy_supply,utilities,0.35,0,0.6,0.3,0.25,4.0,hardcoded: utilities supply dependency per country
ARG:utilities,ARG:agriculture,energy_supply,utilities,0.35,0,0.6,0.3,0.25,4.0,hardcoded: utilities supply dependency per country
ARG:utilities,ARG:banking,energy_supply,utilities,0.35,0,0.6,0.3,0.25,4.0,hardcoded: utilities supply dependency per country
ARG:utilities,ARG:telecommunications,energy_supply,utilities,0.35,0,0.6,0.3,0.25,4.0,hardcoded: utilities supply dependency per country
ARG:utilities,ARG:automotive,energy_supply,utilities,0.35,0,0.6,0.3,0.25,4.0,hardcoded: utilities supply dependency per country
ARG:utilities,ARG:consumer_goods,energy_supply,utilities,0.35,0,0.6,0.3,0.25,4.0,hardcoded: utilities supply dependency per country
ARG:telecommunications,ARG:government,telecom_backbone,telecommunications,0.2,0,0.4,0.5,0.3,2.0,hardcoded: telecom dependency per country
ARG:telecommunications,ARG:tourism,telecom_backbone,telecommunications,0.2,0,0.4,0.5,0.3,2.0,hardcoded: telecom dependency per country
ARG:telecommunications,ARG:agriculture,telecom_backbone,telecommunications,0.2,0,0.4,0.5,0.3,2.0,hardcoded: telecom dependency per country
ARG:telecommunications,ARG:banking,telecom_backbone,telecommunications,0.2,0,0.4,0.5,0.3,2.0,hardcoded: telecom dependency per country
ARG:telecommunications,ARG:utilities,telecom_backbone,telecommunications,0.2,0,0.4,0.5,0.3,2.0,hardcoded: telecom dependency per country
ARG:telecommunications,ARG:automotive,telecom_backbone,telecommunications,0.2,0,0.4,0.5,0.3,2.0,hardcoded: telecom dependency per country
ARG:telecommunications,ARG:consumer_goods,telecom_backbone,telecommunications,0.2,0,0.4,0.5,0.3,2.0,hardcoded: telecom dependency per country
AUS:banking,AUS:government,credit,banking,0.4,0,0.5,0.4,0.3,6.0,hardcoded: bank-credit dependency per country
AUS:banking,AUS:gas,credit,banking,0.4,0,0.5,0.4,0.3,6.0,hardcoded: bank-credit dependency per country
AUS:banking,AUS:aviation,credit,banking,0.4,0,0.5,0.4,0.3,6.0,hardcoded: bank-credit dependency per country
AUS:banking,AUS:tourism,credit,banking,0.4,0,0.5,0.4,0.3,6.0,hardcoded: bank-credit dependency per country
AUS:banking,AUS:energy,credit,banking,0.4,0,0.5,0.4,0.3,6.0,hardcoded: bank-credit dependency per country
AUS:banking,AUS:agriculture,credit,banking,0.4,0,0.5,0.4,0.3,6.0,hardcoded: bank-credit dependency per country
AUS:banking,AUS:telecommunications,credit,banking,0.4,0,0.5,0.4,0.3,6.0,hardcoded: bank-credit dependency per country
AUS:banking,AUS:utilities,credit,banking,0.4,0,0.5,0.4,0.3,6.0,hardcoded: bank-credit dependency per country
AUS:banking,AUS:consumer_goods,credit,banking,0.4,0,0.5,0.4,0.3,6.0,hardcoded: bank-credit dependency per country
AUS:utilities,AUS:government,energy_supply,utilities,0.35,0,0.6,0.3,0.25,4.0,hardcoded: utilities supply dependency per country
AUS:utilities,AUS:aviation,energy_supply,utilities,0.35,0,0.6,0.3,0.25,4.0,hardcoded: utilities supply dependency per country
AUS:utilities,AUS:insurance,energy_supply,utilities,0.35,0,0.6,0.3,0.25,4.0,hardcoded: utilities supply dependency per country
AUS:utilities,AUS:capital_markets,energy_supply,utilities,0.35,0,0.6,0.3,0.25,4.0,hardcoded: utilities supply dependency per country
AUS:utilities,AUS:tourism,energy_supply,utilities,0.35,0,0.6,0.3,0.25,4.0,hardcoded: utilities supply dependency per country
AUS:utilities,AUS:energy,energy_supply,utilities,0.35,0,0.6,0.3,0.25,4.0,hardcoded: utilities supply dependency per country
AUS:utilities,AUS:agriculture,energy_supply,utilities,0.35,0,0.6,0.3,0.25,4.0,hardcoded: utilities supply dependency per country
AUS:utilities,AUS:telecommunications,energy_supply,utilities,0.35,0,0.6,0.3,0.25,4.0,hardcoded: utilities supply dependency per country
AUS:utilities,AUS:banking,energy_supply,utilities,0.35,0,0.6,0.3,0.25,4.0,hardcoded: utilities supply dependency per country
AUS:utilities,AUS:consumer_goods,energy_supply,utilities,0.35,0,0.6,0.3,0.25,4.0,hardcoded: utilities supply dependency per country
AUS:gas,AUS:government,energy_supply,gas,0.35,0,0.6,0.3,0.25,4.0,hardcoded: gas supply dependency per country
AUS:gas,AUS:aviation,energy_supply,gas,0.35,0,0.6,0.3,0.25,4.0,hardcoded: gas supply dependency per country
AUS:gas,AUS:insurance,energy_supply,gas,0.35,0,0.6,0.3,0.25,4.0,hardcoded: gas supply dependency per country
AUS:gas,AUS:capital_markets,energy_supply,gas,0.35,0,0.6,0.3,0.25,4.0,hardcoded: gas supply dependency per country
AUS:gas,AUS:tourism,energy_supply,gas,0.35,0,0.6,0.3,0.25,4.0,hardcoded: gas supply dependency per country
AUS:gas,AUS:energy,energy_supply,gas,0.35,0,0.6,0.3,0.25,4.0,hardcoded: gas supply dependency per country
AUS:gas,AUS:agriculture,energy_supply,gas,0.35,0,0.6,0.3,0.25,4.0,hardcoded: gas supply dependency per country
AUS:gas,AUS:telecommunications,energy_supply,gas,0.35,0,0.6,0.3,0.25,4.0,hardcoded: gas supply dependency per country
AUS:gas,AUS:banking,energy_supply,gas,0.35,0,0.6,0.3,0.25,4.0,hardcoded: gas supply dependency per country
AUS:gas,AUS:consumer_goods,energy_supply,gas,0.35,0,0.6,0.3,0.25,4.0,hardcoded: gas supply dependency per country
AUS:telecommunications,AUS:government,telecom_backbone,telecommunications,0.2,0,0.4,0.5,0.3,2.0,hardcoded: telecom dependency per country
AUS:telecommunications,AUS:gas,telecom_backbone,telecommunications,0.2,0,0.4,0.5,0.3,2.0,hardcoded: telecom dependency per country
AUS:telecommunications,AUS:aviation,telecom_backbone,telecommunications,0.2,0,0.4,0.5,0.3,2.0,hardcoded: telecom dependency per country
AUS:telecommunications,AUS:insurance,telecom_backbone,telecommunications,0.2,0,0.4,0.5,0.3,2.0,hardcoded: telecom dependency per country
AUS:telecommunications,AUS:capital_markets,telecom_backbone,telecommunications,0.2,0,0.4,0.5,0.3,2.0,hardcoded: telecom dependency per country
AUS:telecommunications,AUS:tourism,telecom_backbone,telecommunications,0.2,0,0.4,0.5,0.3,2.0,hardcoded: telecom dependency per country
AUS:telecommunications,AUS:energy,telecom_backbone,telecommunications,0.2,0,0.4,0.5,0.3,2.0,hardcoded: telecom dependency per country
AUS:telecommunications,AUS:agriculture,telecom_backbone,telecommunications,0.2,0,0.4,0.5,0.3,2.0,hardcoded: telecom dependency per country
AUS:telecommunications,AUS:utilities,telecom_backbone,telecommunications,0.2,0,0.4,0.5,0.3,2.0,hardcoded: telecom dependency per country
AUS:telecommunications,AUS:banking,telecom_backbone,telecommunications,0.2,0,0.4,0.5,0.3,2.0,hardcoded: telecom dependency per country
AUS:telecommunications,AUS:consumer_goods,telecom_backbone,telecommunications,0.2,0,0.4,0.5,0.3,2.0,hardcoded: telecom dependency per country
BEL:banking,BEL:government,credit,banking,0.4,0,0.5,0.4,0.3,6.0,hardcoded: bank-credit dependency per country
BEL:banking,BEL:shipping,credit,banking,0.4,0,0.5,0.4,0.3,6.0,hardcoded: bank-credit dependency per country
BEL:banking,BEL:tourism,credit,banking,0.4,0,0.5,0.4,0.3,6.0,hardcoded: bank-credit dependency per country
BEL:banking,BEL:agriculture,credit,banking,0.4,0,0.5,0.4,0.3,6.0,hardcoded: bank-credit dependency per country
BEL:banking,BEL:telecommunications,credit,banking,0.4,0,0.5,0.4,0.3,6.0,hardcoded: bank-credit dependency per country
BEL:banking,BEL:ports,credit,banking,0.4,0,0.5,0.4,0.3,6.0,hardcoded: bank-credit dependency per country
BEL:banking,BEL:utilities,credit,banking,0.4,0,0.5,0.4,0.3,6.0,hardcoded: bank-credit dependency per country
BEL:banking,BEL:consumer_goods,credit,banking,0.4,0,0.5,0.4,0.3,6.0,hardcoded: bank-credit dependency per country
BEL:utilities,BEL:government,energy_supply,utilities,0.35,0,0.6,0.3,0.25,4.0,hardcoded: utilities supply dependency per country
BEL:utilities,BEL:shipping,energy_supply,utilities,0.35,0,0.6,0.3,0.25,4.0,hardcoded: utilities supply dependency per country
BEL:utilities,BEL:tourism,energy_supply,utilities,0.35,0,0.6,0.3,0.25,4.0,hardcoded: utilities supply dependency per country
BEL:utilities,BEL:agriculture,energy_supply,utilities,0.35,0,0.6,0.3,0.25,4.0,hardcoded: utilities supply dependency per country
BEL:utilities,BEL:telecommunications,energy_supply,utilities,0.35,0,0.6,0.3,0.25,4.0,hardcoded: utilities supply dependency per country
BEL:utilities,BEL:ports,energy_supply,utilities,0.35,0,0.6,0.3,0.25,4.0,hardcoded: utilities supply dependency per country
BEL:utilities,BEL:banking,energy_supply,utilities,0.35,0,0.6,0.3,0.25,4.0,hardcoded: utilities supply dependency per country
BEL:utilities,BEL:consumer_goods,energy_supply,utilities,0.35,0,0.6,0.3,0.25,4.0,hardcoded: utilities supply dependency per country
BEL:telecommunications,BEL:government,telecom_backbone,telecommunications,0.2,0,0.4,0.5,0.3,2.0,hardcoded: telecom dependency per country
BEL:telecommunications,BEL:shipping,telecom_backbone,telecommunications,0.2,0,0.4,0.5,0.3,2.0,hardcoded: telecom dependency per country
BEL:telecommunications,BEL:tourism,telecom_backbone,telecommunications,0.2,0,0.4,0.5,0.3,2.0,hardcoded: telecom dependency per country
BEL:telecommunications,BEL:agriculture,telecom_backbone,telecommunications,0.2,0,0.4,0.5,0.3,2.0,hardcoded: telecom dependency per country
BEL:telecommunications,BEL:ports,telecom_backbone,telecommunications,0.2,0,0.4,0.5,0.3,2.0,hardcoded: telecom dependency per country
BEL:telecommunications,BEL:utilities,telecom_backbone,telecommunications,0.2,0,0.4,0.5,0.3,2.0,hardcoded: telecom dependency per country
BEL:telecommunications,BEL:banking,telecom_backbone,telecommunications,0.2,0,0.4,0.5,0.3,2.0,hardcoded: telecom dependency per country
BEL:telecommunications,BEL:consumer_goods,telecom_backbone,telecommunications,0.2,0,0.4,0.5,0.3,2.0,hardcoded: telecom dependency per country
BGD:banking,BGD:government,credit,banking,0.4,0,0.5,0.4,0.3,6.0,hardcoded: bank-credit dependency per country
BGD:banking,BGD:tourism,credit,banking,0.4,0,0.5,0.4,0.3,6.0,hardcoded: bank-credit dependency per country
BGD:banking,BGD:agriculture,credit,banking,0.4,0,0.5,0.4,0.3,6.0,hardcoded: bank-credit dependency per country
BGD:banking,BGD:telecommunications,credit,banking,0.4,0,0.5,0.4,0.3,6.0,hardcoded: bank-credit dependency per country
BGD:banking,BGD:utilities,credit,banking,0.4,0,0.5,0.4,0.3,6.0,hardcoded: bank-credit dependency per country
BGD:banking,BGD:consumer_goods,credit,banking,0.4,0,0.5,0.4,0.3,6.0,hardcoded: bank-credit dependency per country
BGD:utilities,BGD:government,energy_supply,utilities,0.35,0,0.6,0.3,0.25,4.0,hardcoded: utilities supply dependency per country
BGD:utilities,BGD:tourism,energy_supply,utilities,0.35,0,0.6,0.3,0.25,4.0,hardcoded: utilities supply dependency per country
BGD:utilities,BGD:agriculture,energy_supply,utilities,0.35,0,0.6,0.3,0.25,4.0,hardcoded: utilities supply dependency per country
BGD:utilities,BGD:telecommunications,energy_supply,utilities,0.35,0,0.6,0.3,0.25,4.0,hardcoded: utilities supply dependency per country
BGD:utilities,BGD:banking,energy_supply,utilities,0.35,0,0.6,0.3,0.25,4.0,hardcoded: utilities supply dependency per country
BGD:utilities,BGD:consumer_goods,energy_supply,utilities,0.35,0,0.6,0.3,0.25,4.0,hardcoded: utilities supply dependency per country
BGD:telecommunications,BGD:government,telecom_backbone,telecommunications,0.2,0,0.4,0.5,0.3,2.0,hardcoded: telecom dependency per country
BGD:telecommunications,BGD:tourism,telecom_backbone,telecommunications,0.2,0,0.4,0.5,0.3,2.0,hardcoded: telecom dependency per country
BGD:telecommunications,BGD:agriculture,telecom_backbone,telecommunications,0.2,0,0.4,0.5,0.3,2.0,hardcoded: telecom dependency per country
BGD:telecommunications,BGD:utilities,telecom_backbone,telecommunications,0.2,0,0.4,0.5,0.3,2.0,hardcoded: telecom dependency per country
BGD:telecommunications,BGD:banking,telecom_backbone,telecommunications,0.2,0,0.4,0.5,0.3,2.0,hardcoded: telecom dependency per country
BGD:telecommunications,BGD:consumer_goods,telecom_backbone,telecommunications,0.2,0,0.4,0.5,0.3,2.0,hardcoded: telecom dependency per country
BRA:banking,BRA:government,credit,banking,0.4,0,0.5,0.4,0.3,6.0,hardcoded: bank-credit dependency per country
BRA:banking,BRA:aviation,credit,banking,0.4,0,0.5,0.4,0.3,6.0,hardcoded: bank-credit dependency per country
BRA:banking,BRA:oil,credit,banking,0.4,0,0.5,0.4,0.3,6.0,hardcoded: bank-credit dependency per country
BRA:banking,BRA:tourism,credit,banking,0.4,0,0.5,0.4,0.3,6.0,hardcoded: bank-credit dependency per country
BRA:banking,BRA:energy,credit,banking,0.4,0,0.5,0.4,0.3,6.0,hardcoded: bank-credit dependency per country
BRA:banking,BRA:agriculture,credit,banking,0.4,0,0.5,0.4,0.3,6.0,hardcoded: bank-credit dependency per country
BRA:banking,BRA:ports,credit,banking,0.4,0,0.5,0.4,0.3,6.0,hardcoded: bank-credit dependency per country
BRA:banking,BRA:telecommunications,credit,banking,0.4,0,0.5,0.4,0.3,6.0,hardcoded: bank-credit dependency per country
BRA:banking,BRA:automotive,credit,banking,0.4,0,0.5,0.4,0.3,6.0,hardcoded: bank-credit dependency per country
BRA:banking,BRA:aerospace,credit,banking,0.4,0,0.5,0.4,0.3,6.0,hardcoded: bank-credit dependency per country
BRA:banking,BRA:utilities,credit,banking,0.4,0,0.5,0.4,0.3,6.0,hardcoded: bank-credit dependency per country
BRA:banking,BRA:consumer_goods,credit,banking,0.4,0,0.5,0.4,0.3,6.0,hardcoded: bank-credit dependency per country
BRA:utilities,BRA:government,energy_supply,utilities,0.35,0,0.6,0.3,0.25,4.0,hardcoded: utilities supply dependency per country
BRA:utilities,BRA:aviation,energy_supply,utilities,0.35,0,0.6,0.3,0.25,4.0,hardcoded: utilities supply dependency per country
BRA:utilities,BRA:tourism,energy_supply,utilities,0.35,0,0.6,0.3,0.25,4.0,hardcoded: utilities supply dependency per country
BRA:utilities,BRA:energy,energy_supply,utilities,0.35,0,0.6,0.3,0.25,4.0,hardcoded: utilities supply dependency per country
BRA:utilities,BRA:agriculture,energy_supply,utilities,0.35,0,0.6,0.3,0.25,4.0,hardcoded: utilities supply dependency per country
BRA:utilities,BRA:banking,energy_supply,utilities,0.35,0,0.6,0.3,0.25,4.0,hardcoded: utilities supply dependency per country
BRA:utilities,BRA:ports,energy_supply,utilities,0.35,0,0.6,0.3,0.25,4.0,hardcoded: utilities supply dependency per country
BRA:utilities,BRA:telecommunications,energy_supply,utilities,0.35,0,0.6,0.3,0.25,4.0,hardcoded: utilities supply dependency per country
BRA:utilities,BRA:automotive,energy_supply,utilities,0.35,0,0.6,0.3,0.25,4.0,hardcoded: utilities supply dependency per country
BRA:utilities,BRA:aerospace,energy_supply,utilities,0.35,0,0.6,0.3,0.25,4.0,hardcoded: utilities supply dependency per country
BRA:utilities,BRA:consumer_goods,energy_supply,utilities,0.35,0,0.6,0.3,0.25,4.0,hardcoded: utilities supply dependency per country
BRA:oil,BRA:government,energy_supply,oil,0.35,0,0.6,0.3,0.25,4.0,hardcoded: oil supply dependency per country
BRA:oil,BRA:aviation,energy_supply,oil,0.35,0,0.6,0.3,0.25,4.0,hardcoded: oil supply dependency per country
BRA:oil,BRA:tourism,energy_supply,oil,0.35,0,0.6,0.3,0.25,4.0,hardcoded: oil supply dependency per country
BRA:oil,BRA:energy,energy_supply,oil,0.35,0,0.6,0.3,0.25,4.0,hardcoded: oil supply dependency per country
BRA:oil,BRA:agriculture,energy_supply,oil,0.35,0,0.6,0.3,0.25,4.0,hardcoded: oil supply dependency per country
BRA:oil,BRA:banking,energy_supply,oil,0.35,0,0.6,0.3,0.25,4.0,hardcoded: oil supply dependency per country
BRA:oil,BRA:ports,energy_supply,oil,0.35,0,0.6,0.3,0.25,4.0,hardcoded: oil supply dependency per country
BRA:oil,BRA:telecommunications,energy_supply,oil,0.35,0,0.6,0.3,0.25,4.0,hardcoded: oil supply dependency per country
BRA:oil,BRA:automotive,energy_supply,oil,0.35,0,0.6,0.3,0.25,4.0,hardcoded: oil supply dependency per country
BRA:oil,BRA:aerospace,energy_supply,oil,0.35,0,0.6,0.3,0.25,4.0,hardcoded: oil supply dependency per country
BRA:oil,BRA:consumer_goods,energy_supply,oil,0.35,0,0.6,0.3,0.25,4.0,hardcoded: oil supply dependency per country
BRA:telecommunications,BRA:government,telecom_backbone,telecommunications,0.2,0,0.4,0.5,0.3,2.0,hardcoded: telecom dependency per country
BRA:telecommunications,BRA:aviation,telecom_backbone,telecommunications,0.2,0,0.4,0.5,0.3,2.0,hardcoded: telecom dependency per country
BRA:telecommunications,BRA:oil,telecom_backbone,telecommunications,0.2,0,0.4,0.5,0.3,2.0,hardcoded: telecom dependency per country
BRA:telecommunications,BRA:tourism,telecom_backbone,telecommunications,0.2,0,0.4,0.5,0.3,2.0,hardcoded: telecom dependency per country
BRA:telecommunications,BRA:energy,telecom_backbone,telecommunications,0.2,0,0.4,0.5,0.3,2.0,hardcoded: telecom dependency per country
BRA:telecommunications,BRA:agriculture,telecom_backbone,telecommunications,0.2,0,0.4,0.5,0.3,2.0,hardcoded: telecom dependency per country
BRA:telecommunications,BRA:banking,telecom_backbone,telecommunications,0.2,0,0.4,0.5,0.3,2.0,hardcoded: telecom dependency per country
BRA:telecommunications,BRA:ports,telecom_backbone,telecommunications,0.2,0,0.4,0.5,0.3,2.0,hardcoded: telecom dependency per country
BRA:telecommunications,BRA:automotive,telecom_backbone,telecommunications,0.2,0,0.4,0.5,0.3,2.0,hardcoded: telecom dependency per country
BRA:telecommunications,BRA:aerospace,telecom_backbone,telecommunications,0.2,0,0.4,0.5,0.3,2.0,hardcoded: telecom dependency per country
BRA:telecommunications,BRA:utilities,telecom_backbone,telecommunications,0.2,0,0.4,0.5,0.3,2.0,hardcoded: telecom dependency per country
BRA:telecommunications,BRA:consumer_goods,telecom_backbone,telecommunications,0.2,0,0.4,0.5,0.3,2.0,hardcoded: telecom dependency per country
CAN:banking,CAN:government,credit,banking,0.4,0,0.5,0.4,0.3,6.0,hardcoded: bank-credit dependency per country
CAN:banking,CAN:gas,credit,banking,0.4,0,0.5,0.4,0.3,6.0,hardcoded: bank-credit dependency per country
CAN:banking,CAN:aviation,credit,banking,0.4,0,0.5,0.4,0.3,6.0,hardcoded: bank-credit dependency per country
CAN:banking,CAN:oil,credit,banking,0.4,0,0.5,0.4,0.3,6.0,hardcoded: bank-credit dependency per country
CAN:banking,CAN:tourism,credit,banking,0.4,0,0.5,0.4,0.3,6.0,hardcoded: bank-credit dependency per country
CAN:banking,CAN:energy,credit,banking,0.4,0,0.5,0.4,0.3,6.0,hardcoded: bank-credit dependency per country
CAN:banking,CAN:agriculture,credit,banking,0.4,0,0.5,0.4,0.3,6.0,hardcoded: bank-credit dependency per country
CAN:banking,CAN:telecommunications,credit,banking,0.4,0,0.5,0.4,0.3,6.0,hardcoded: bank-credit dependency per country
CAN:banking,CAN:utilities,credit,banking,0.4,0,0.5,0.4,0.3,6.0,hardcoded: bank-credit dependency per country
CAN:banking,CAN:automotive,credit,banking,0.4,0,0.5,0.4,0.3,6.0,hardcoded: bank-credit dependency per country
CAN:banking,CAN:aerospace,credit,banking,0.4,0,0.5,0.4,0.3,6.0,hardcoded: bank-credit dependency per country
CAN:banking,CAN:consumer_goods,credit,banking,0.4,0,0.5,0.4,0.3,6.0,hardcoded: bank-credit dependency per country
CAN:utilities,CAN:government,energy_supply,utilities,0.35,0,0.6,0.3,0.25,4.0,hardcoded: utilities supply dependency per country
CAN:utilities,CAN:aviation,energy_supply,utilities,0.35,0,0.6,0.3,0.25,4.0,hardcoded: utilities supply dependency per country
CAN:utilities,CAN:insurance,energy_supply,utilities,0.35,0,0.6,0.3,0.25,4.0,hardcoded: utilities supply dependency per country
CAN:utilities,CAN:capital_markets,energy_supply,utilities,0.35,0,0.6,0.3,0.25,4.0,hardcoded: utilities supply dependency per country
CAN:utilities,CAN:tourism,energy_supply,utilities,0.35,0,0.6,0.3,0.25,4.0,hardcoded: utilities supply dependency per country
CAN:utilities,CAN:energy,energy_supply,utilities,0.35,0,0.6,0.3,0.25,4.0,hardcoded: utilities supply dependency per country
CAN:utilities,CAN:agriculture,energy_supply,utilities,0.35,0,0.6,0.3,0.25,4.0,hardcoded: utilities supply dependency per country
CAN:utilities,CAN:banking,energy_supply,utilities,0.35,0,0.6,0.3,0.25,4.0,hardcoded: utilities supply dependency per country
CAN:utilities,CAN:telecommunications,energy_supply,utilities,0.35,0,0.6,0.3,0.25,4.0,hardcoded: utilities supply dependency per country
CAN:utilities,CAN:automotive,energy_supply,utilities,0.35,0,0.6,0.3,0.25,4.0,hardcoded: utilities supply dependency per country
CAN:utilities,CAN:aerospace,energy_supply,utilities,0.35,0,0.6,0.3,0.25,4.0,hardcoded: utilities supply dependency per country
CAN:utilities,CAN:consumer_goods,energy_supply,utilities,0.35,0,0.6,0.3,0.25,4.0,hardcoded: utilities supply dependency per country
CAN:oil,CAN:government,energy_supply,oil,0.35,0,0.6,0.3,0.25,4.0,hardcoded: oil supply dependency per country
CAN:oil,CAN:aviation,energy_supply,oil,0.35,0,0.6,0.3,0.25,4.0,hardcoded: oil supply dependency per country
CAN:oil,CAN:insurance,energy_supply,oil,0.35,0,0.6,0.3,0.25,4.0,hardcoded: oil supply dependency per country
CAN:oil,CAN:capital_markets,energy_supply,oil,0.35,0,0.6,0.3,0.25,4.0,hardcoded: oil supply dependency per country
CAN:oil,CAN:tourism,energy_supply,oil,0.35,0,0.6,0.3,0.25,4.0,hardcoded: oil supply dependency per country
CAN:oil,CAN:energy,energy_supply,oil,0.35,0,0.6,0.3,0.25,4.0,hardcoded: oil supply dependency per country
CAN:oil,CAN:agriculture,energy_supply,oil,0.35,0,0.6,0.3,0.25,4.0,hardcoded: oil supply dependency per country
CAN:oil,CAN:banking,energy_supply,oil,0.35,0,0.6,0.3,0.25,4.0,hardcoded: oil supply dependency per country
CAN:oil,CAN:telecommunications,energy_supply,oil,0.35,0,0.6,0.3,0.25,4.0,hardcoded: oil supply dependency per country
CAN:oil,CAN:automotive,energy_supply,oil,0.35,0,0.6,0.3,0.25,4.0,hardcoded: oil supply dependency per country
CAN:oil,CAN:aerospace,energy_supply,oil,0.35,0,0.6,0.3,0.25,4.0,hardcoded: oil supply dependency per country
CAN:oil,CAN:consumer_goods,energy_supply,oil,0.35,0,0.6,0.3,0.25,4.0,hardcoded: oil supply dependency per country
CAN:gas,CAN:government,energy_supply,gas,0.35,0,0.6,0.3,0.25,4.0,hardcoded: gas supply dependency per country
CAN:gas,CAN:aviation,energy_supply,gas,0.35,0,0.6,0.3,0.25,4.0,hardcoded: gas supply dependency per country
CAN:gas,CAN:insurance,energy_supply,gas,0.35,0,0.6,0.3,0.25,4.0,hardcoded: gas supply dependency per country
CAN:gas,CAN:capital_markets,energy_supply,gas,0.35,0,0.6,0.3,0.25,4.0,hardcoded: gas supply dependency per country
CAN:gas,CAN:tourism,energy_supply,gas,0.35,0,0.6,0.3,0.25,4.0,hardcoded: gas supply dependency per country
CAN:gas,CAN:energy,energy_supply,gas,0.35,0,0.6,0.3,0.25,4.0,hardcoded: gas supply dependency per country
CAN:gas,CAN:agriculture,energy_supply,gas,0.35,0,0.6,0.3,0.25,4.0,hardcoded: gas supply dependency per country
CAN:gas,CAN:banking,energy_supply,gas,0.35,0,0.6,0.3,0.25,4.0,hardcoded: gas supply dependency per country
CAN:gas,CAN:telecommunications,energy_supply,gas,0.35,0,0.6,0.3,0.25,4.0,hardcoded: gas supply dependency per country
CAN:gas,CAN:automotive,energy_supply,gas,0.35,0,0.6,0.3,0.25,4.0,hardcoded: gas supply dependency per country
CAN:gas,CAN:aerospace,energy_supply,gas,0.35,0,0.6,0.3,0.25,4.0,hardcoded: gas supply dependency per country
CAN:gas,CAN:consumer_goods,energy_supply,gas,0.35,0,0.6,0.3,0.25,4.0,hardcoded: gas supply dependency per country
CAN:telecommunications,CAN:government,telecom_backbone,telecommunications,0.2,0,0.4,0.5,0.3,2.0,hardcoded: telecom dependency per country
CAN:telecommunications,CAN:gas,telecom_backbone,telecommunications,0.2,0,0.4,0.5,0.3,2.0,hardcoded: telecom dependency per country
CAN:telecommunications,CAN:aviation,telecom_backbone,telecommunications,0.2,0,0.4,0.5,0.3,2.0,hardcoded: telecom dependency per country
CAN:telecommunications,CAN:insurance,telecom_backbone,telecommunications,0.2,0,0.4,0.5,0.3,2.0,hardcoded: telecom dependency per country
CAN:telecommunications,CAN:capital_markets,telecom_backbone,telecommunications,0.2,0,0.4,0.5,0.3,2.0,hardcoded: telecom dependency per country
CAN:telecommunications,CAN:oil,telecom_backbone,telecommunications,0.2,0,0.4,0.5,0.3,2.0,hardcoded: telecom dependency per country
CAN:telecommunications,CAN:tourism,telecom_backbone,telecommunications,0.2,0,0.4,0.5,0.3,2.0,hardcoded: telecom dependency per country
CAN:telecommunications,CAN:energy,telecom_backbone,telecommunications,0.2,0,0.4,0.5,0.3,2.0,hardcoded: telecom dependency per country
CAN:telecommunications,CAN:agriculture,telecom_backbone,telecommunications,0.2,0,0.4,0.5,0.3,2.0,hardcoded: telecom dependency per country
CAN:telecommunications,CAN:banking,telecom_backbone,telecommunications,0.2,0,0.4,0.5,0.3,2.0,hardcoded: telecom dependency per country
CAN:telecommunications,CAN:utilities,telecom_backbone,telecommunications,0.2,0,0.4,0.5,0.3,2.0,hardcoded: telecom dependency per country
CAN:telecommunications,CAN:automotive,telecom_backbone,telecommunications,0.2,0,0.4,0.5,0.3,2.0,hardcoded: telecom dependency per country
CAN:telecommunications,CAN:aerospace,telecom_backbone,telecommunications,0.2,0,0.4,0.5,0.3,2.0,hardcoded: telecom dependency per country
CAN:telecommunications,CAN:consumer_goods,telecom_backbone,telecommunications,0.2,0,0.4,0.5,0.3,2.0,hardcoded: telecom dependency per country
CHE:banking,CHE:government,credit,banking,0.4,0,0.5,0.4,0.3,6.0,hardcoded: bank-credit dependency per country
CHE:banking,CHE:tourism,credit,banking,0.4,0,0.5,0.4,0.3,6.0,hardcoded: bank-credit dependency per country
CHE:banking,CHE:agriculture,credit,banking,0.4,0,0.5,0.4,0.3,6.0,hardcoded: bank-credit dependency per country
CHE:banking,CHE:telecommunications,credit,banking,0.4,0,0.5,0.4,0.3,6.0,hardcoded: bank-credit dependency per country
CHE:banking,CHE:utilities,credit,banking,0.4,0,0.5,0.4,0.3,6.0,hardcoded: bank-credit dependency per country
CHE:banking,CHE:consumer_goods,credit,banking,0.4,0,0.5,0.4,0.3,6.0,hardcoded: bank-credit dependency per country
CHE:utilities,CHE:government,energy_supply,utilities,0.35,0,0.6,0.3,0.25,4.0,hardcoded: utilities supply dependency per country
CHE:utilities,CHE:insurance,energy_supply,utilities,0.35,0,0.6,0.3,0.25,4.0,hardcoded: utilities supply dependency per country
CHE:utilities,CHE:capital_markets,energy_supply,utilities,0.35,0,0.6,0.3,0.25,4.0,hardcoded: utilities supply dependency per country
CHE:utilities,CHE:tourism,energy_supply,utilities,0.35,0,0.6,0.3,0.25,4.0,hardcoded: utilities supply dependency per country
CHE:utilities,CHE:agriculture,energy_supply,utilities,0.35,0,0.6,0.3,0.25,4.0,hardcoded: utilities supply dependency per country
CHE:utilities,CHE:telecommunications,energy_supply,utilities,0.35,0,0.6,0.3,0.25,4.0,hardcoded: utilities supply dependency per country
CHE:utilities,CHE:banking,energy_supply,utilities,0.35,0,0.6,0.3,0.25,4.0,hardcoded: utilities supply dependency per country
CHE:utilities,CHE:consumer_goods,energy_supply,utilities,0.35,0,0.6,0.3,0.25,4.0,hardcoded: utilities supply dependency per country
CHE:telecommunications,CHE:government,telecom_backbone,telecommunications,0.2,0,0.4,0.5,0.3,2.0,hardcoded: telecom dependency per country
CHE:telecommunications,CHE:insurance,telecom_backbone,telecommunications,0.2,0,0.4,0.5,0.3,2.0,hardcoded: telecom dependency per country
CHE:telecommunications,CHE:capital_markets,telecom_backbone,telecommunications,0.2,0,0.4,0.5,0.3,2.0,hardcoded: telecom dependency per country
CHE:telecommunications,CHE:tourism,telecom_backbone,telecommunications,0.2,0,0.4,0.5,0.3,2.0,hardcoded: telecom dependency per country
CHE:telecommunications,CHE:agriculture,telecom_backbone,telecommunications,0.2,0,0.4,0.5,0.3,2.0,hardcoded: telecom dependency per country
CHE:telecommunications,CHE:utilities,telecom_backbone,telecommunications,0.2,0,0.4,0.5,0.3,2.0,hardcoded: telecom dependency per country
CHE:telecommunications,CHE:banking,telecom_backbone,telecommunications,0.2,0,0.4,0.5,0.3,2.0,hardcoded: telecom dependency per country
CHE:telecommunications,CHE:consumer_goods,telecom_backbone,telecommunications,0.2,0,0.4,0.5,0.3,2.0,hardcoded: telecom dependency per country
CHN:banking,CHN:government,credit,banking,0.4,0,0.5,0.4,0.3,6.0,hardcoded: bank-credit dependency per country
CHN:banking,CHN:electronics,credit,banking,0.4,0,0.5,0.4,0.3,6.0,hardcoded: bank-credit dependency per country
CHN:banking,CHN:gas,credit,banking,0.4,0,0.5,0.4,0.3,6.0,hardcoded: bank-credit dependency per country
CHN:banking,CHN:aviation,credit,banking,0.4,0,0.5,0.4,0.3,6.0,hardcoded: bank-credit dependency per country
CHN:banking,CHN:shipping,credit,banking,0.4,0,0.5,0.4,0.3,6.0,hardcoded: bank-credit dependency per country
CHN:banking,CHN:tourism,credit,banking,0.4,0,0.5,0.4,0.3,6.0,hardcoded: bank-credit dependency per country
CHN:banking,CHN:energy,credit,banking,0.4,0,0.5,0.4,0.3,6.0,hardcoded: bank-credit dependency per country
CHN:banking,CHN:agriculture,credit,banking,0.4,0,0.5,0.4,0.3,6.0,hardcoded: bank-credit dependency per country
CHN:banking,CHN:ports,credit,banking,0.4,0,0.5,0.4,0.3,6.0,hardcoded: bank-credit dependency per country
CHN:banking,CHN:semiconductors,credit,banking,0.4,0,0.5,0.4,0.3,6.0,hardcoded: bank-credit dependency per country
CHN:banking,CHN:automotive,credit,banking,0.4,0,0.5,0.4,0.3,6.0,hardcoded: bank-credit dependency per country
CHN:banking,CHN:aerospace,credit,banking,0.4,0,0.5,0.4,0.3,6.0,hardcoded: bank-credit dependency per country
CHN:banking,CHN:telecommunications,credit,banking,0.4,0,0.5,0.4,0.3,6.0,hardcoded: bank-credit dependency per country
CHN:banking,CHN:utilities,credit,banking,0.4,0,0.5,0.4,0.3,6.0,hardcoded: bank-credit dependency per country
CHN:banking,CHN:consumer_goods,credit,banking,0.4,0,0.5,0.4,0.3,6.0,hardcoded: bank-credit dependency per country
CHN:utilities,CHN:government,energy_supply,utilities,0.35,0,0.6,0.3,0.25,4.0,hardcoded: utilities supply dependency per country
CHN:utilities,CHN:electronics,energy_supply,utilities,0.35,0,0.6,0.3,0.25,4.0,hardcoded: utilities supply dependency per country
CHN:utilities,CHN:aviation,energy_supply,utilities,0.35,0,0.6,0.3,0.25,4.0,hardcoded: utilities supply dependency per country
CHN:utilities,CHN:insurance,energy_supply,utilities,0.35,0,0.6,0.3,0.25,4.0,hardcoded: utilities supply dependency per country
CHN:utilities,CHN:capital_markets,energy_supply,utilities,0.35,0,0.6,0.3,0.25,4.0,hardcoded: utilities supply dependency per country
CHN:utilities,CHN:shipping,energy_supply,utilities,0.35,0,0.6,0.3,0.25,4.0,hardcoded: utilities supply dependency per country
CHN:utilities,CHN:tourism,energy_supply,utilities,0.35,0,0.6,0.3,0.25,4.0,hardcoded: utilities supply dependency per country
CHN:utilities,CHN:energy,energy_supply,utilities,0.35,0,0.6,0.3,0.25,4.0,hardcoded: utilities supply dependency per country
CHN:utilities,CHN:agriculture,energy_supply,utilities,0.35,0,0.6,0.3,0.25,4.0,hardcoded: utilities supply dependency per country
CHN:utilities,CHN:banking,energy_supply,utilities,0.35,0,0.6,0.3,0.25,4.0,hardcoded: utilities supply dependency per country
CHN:utilities,CHN:ports,energy_supply,utilities,0.35,0,0.6,0.3,0.25,4.0,hardcoded: utilities supply dependency per country
CHN:utilities,CHN:semiconductors,energy_supply,utilities,0.35,0,0.6,0.3,0.25,4.0,hardcoded: utilities supply dependency per country
CHN:utilities,CHN:automotive,energy_supply,utilities,0.35,0,0.6,0.3,0.25,4.0,hardcoded: utilities supply dependency per country
CHN:utilities,CHN:aerospace,energy_supply,utilities,0.35,0,0.6,0.3,0.25,4.0,hardcoded: utilities supply dependency per country
CHN:utilities,CHN:telecommunications,energy_supply,utilities,0.35,0,0.6,0.3,0.25,4.0,hardcoded: utilities supply dependency per country
CHN:utilities,CHN:consumer_goods,energy_supply,utilities,0.35,0,0.6,0.3,0.25,4.0,hardcoded: utilities supply dependency per country
CHN:gas,CHN:government,energy_supply,gas,0.35,0,0.6,0.3,0.25,4.0,hardcoded: gas supply dependency per country
CHN:gas,CHN:electronics,energy_supply,gas,0.35,0,0.6,0.3,0.25,4.0,hardcoded: gas supply dependency per country
CHN:gas,CHN:aviation,energy_supply,gas,0.35,0,0.6,0.3,0.25,4.0,hardcoded: gas supply dependency per country
CHN:gas,CHN:insurance,energy_supply,gas,0.35,0,0.6,0.3,0.25,4.0,hardcoded: gas supply dependency per country
CHN:gas,CHN:capital_markets,energy_supply,gas,0.35,0,0.6,0.3,0.25,4.0,hardcoded: gas supply dependency per country
CHN:gas,CHN:shipping,energy_supply,gas,0.35,0,0.6,0.3,0.25,4.0,hardcoded: gas supply dependency per country
CHN:gas,CHN:tourism,energy_supply,gas,0.35,0,0.6,0.3,0.25,4.0,hardcoded: gas supply dependency per country
CHN:gas,CHN:energy,energy_supply,gas,0.35,0,0.6,0.3,0.25,4.0,hardcoded: gas supply dependency per country
CHN:gas,CHN:agriculture,energy_supply,gas,0.35,0,0.6,0.3,0.25,4.0,hardcoded: gas supply dependency per country
CHN:gas,CHN:banking,energy_supply,gas,0.35,0,0.6,0.3,0.25,4.0,hardcoded: gas supply dependency per country
CHN:gas,CHN:ports,energy_supply,gas,0.35,0,0.6,0.3,0.25,4.0,hardcoded: gas supply dependency per country
CHN:gas,CHN:semiconductors,energy_supply,gas,0.35,0,0.6,0.3,0.25,4.0,hardcoded: gas supply dependency per country
CHN:gas,CHN:automotive,energy_supply,gas,0.35,0,0.6,0.3,0.25,4.0,hardcoded: gas supply dependency per country
CHN:gas,CHN:aerospace,energy_supply,gas,0.35,0,0.6,0.3,0.25,4.0,hardcoded: gas supply dependency per country
CHN:gas,CHN:telecommunications,energy_supply,gas,0.35,0,0.6,0.3,0.25,4.0,hardcoded: gas supply dependency per country
CHN:gas,CHN:consumer_goods,energy_supply,gas,0.35,0,0.6,0.3,0.25,4.0,hardcoded: gas supply dependency per country
CHN:telecommunications,CHN:government,telecom_backbone,telecommunications,0.2,0,0.4,0.5,0.3,2.0,hardcoded: telecom dependency per country
CHN:telecommunications,CHN:electronics,telecom_backbone,telecommunications,0.2,0,0.4,0.5,0.3,2.0,hardcoded: telecom dependency per country
CHN:telecommunications,CHN:gas,telecom_backbone,telecommunications,0.2,0,0.4,0.5,0.3,2.0,hardcoded: telecom dependency per country
CHN:telecommunications,CHN:aviation,telecom_backbone,telecommunications,0.2,0,0.4,0.5,0.3,2.0,hardcoded: telecom dependency per country
CHN:telecommunications,CHN:insurance,telecom_backbone,telecommunications,0.2,0,0.4,0.5,0.3,2.0,hardcoded: telecom dependency per country
CHN:telecommunications,CHN:capital_markets,telecom_backbone,telecommunications,0.2,0,0.4,0.5,0.3,2.0,hardcoded: telecom dependency per country
CHN:telecommunications,CHN:shipping,telecom_backbone,telecommunications,0.2,0,0.4,0.5,0.3,2.0,hardcoded: telecom dependency per country
CHN:telecommunications,CHN:tourism,telecom_backbone,telecommunications,0.2,0,0.4,0.5,0.3,2.0,hardcoded: telecom dependency per country
CHN:telecommunications,CHN:energy,telecom_backbone,telecommunications,0.2,0,0.4,0.5,0.3,2.0,hardcoded: telecom dependency per country
CHN:telecommunications,CHN:agriculture,telecom_backbone,telecommunications,0.2,0,0.4,0.5,0.3,2.0,hardcoded: telecom dependency per country
CHN:telecommunications,CHN:banking,telecom_backbone,telecommunications,0.2,0,0.4,0.5,0.3,2.0,hardcoded: telecom dependency per country
CHN:telecommunications,CHN:ports,telecom_backbone,telecommunications,0.2,0,0.4,0.5,0.3,2.0,hardcoded: telecom dependency per country
CHN:telecommunications,CHN:semiconductors,telecom_backbone,telecommunications,0.2,0,0.4,0.5,0.3,2.0,hardcoded: telecom dependency per country
CHN:telecommunications,CHN:automotive,telecom_backbone,telecommunications,0.2,0,0.4,0.5,0.3,2.0,hardcoded: telecom dependency per country
CHN:telecommunications,CHN:aerospace,telecom_backbone,telecommunications,0.2,0,0.4,0.5,0.3,2.0,hardcoded: telecom dependency per country
CHN:telecommunications,CHN:utilities,telecom_backbone,telecommunications,0.2,0,0.4,0.5,0.3,2.0,hardcoded: telecom dependency per country
CHN:telecommunications,CHN:consumer_goods,telecom_backbone,telecommunications,0.2,0,0.4,0.5,0.3,2.0,hardcoded: telecom dependency per country
DEU:banking,DEU:government,credit,banking,0.4,0,0.5,0.4,0.3,6.0,hardcoded: bank-credit dependency per country
DEU:banking,DEU:electronics,credit,banking,0.4,0,0.5,0.4,0.3,6.0,hardcoded: bank-credit dependency per country
DEU:banking,DEU:gas,credit,banking,0.4,0,0.5,0.4,0.3,6.0,hardcoded: bank-credit dependency per country
DEU:banking,DEU:aviation,credit,banking,0.4,0,0.5,0.4,0.3,6.0,hardcoded: bank-credit dependency per country
DEU:banking,DEU:shipping,credit,banking,0.4,0,0.5,0.4,0.3,6.0,hardcoded: bank-credit dependency per country
DEU:banking,DEU:tourism,credit,banking,0.4,0,0.5,0.4,0.3,6.0,hardcoded: bank-credit dependency per country
DEU:banking,DEU:agriculture,credit,banking,0.4,0,0.5,0.4,0.3,6.0,hardcoded: bank-credit dependency per country
DEU:banking,DEU:ports,credit,banking,0.4,0,0.5,0.4,0.3,6.0,hardcoded: bank-credit dependency per country
DEU:banking,DEU:semiconductors,credit,banking,0.4,0,0.5,0.4,0.3,6.0,hardcoded: bank-credit dependency per country
DEU:banking,DEU:automotive,credit,banking,0.4,0,0.5,0.4,0.3,6.0,hardcoded: bank-credit dependency per country
DEU:banking,DEU:aerospace,credit,banking,0.4,0,0.5,0.4,0.3,6.0,hardcoded: bank-credit dependency per country
DEU:banking,DEU:telecommunications,credit,banking,0.4,0,0.5,0.4,0.3,6.0,hardcoded: bank-credit dependency per country
DEU:banking,DEU:utilities,credit,banking,0.4,0,0.5,0.4,0.3,6.0,hardcoded: bank-credit dependency per country
DEU:banking,DEU:consumer_goods,credit,banking,0.4,0,0.5,0.4,0.3,6.0,hardcoded: bank-credit dependency per country
DEU:utilities,DEU:government,energy_supply,utilities,0.35,0,0.6,0.3,0.25,4.0,hardcoded: utilities supply dependency per country
DEU:utilities,DEU:electronics,energy_supply,utilities,0.35,0,0.6,0.3,0.25,4.0,hardcoded: utilities supply dependency per country
DEU:utilities,DEU:aviation,energy_supply,utilities,0.35,0,0.6,0.3,0.25,4.0,hardcoded: utilities supply dependency per country
DEU:utilities,DEU:insurance,energy_supply,utilities,0.35,0,0.6,0.3,0.25,4.0,hardcoded: utilities supply dependency per country
DEU:utilities,DEU:capital_markets,energy_supply,utilities,0.35,0,0.6,0.3,0.25,4.0,hardcoded: utilities supply dependency per country
DEU:utilities,DEU:shipping,energy_supply,utilities,0.35,0,0.6,0.3,0.25,4.0,hardcoded: utilities supply dependency per country
DEU:utilities,DEU:tourism,energy_supply,utilities,0.35,0,0.6,0.3,0.25,4.0,hardcoded: utilities supply dependency per country
DEU:utilities,DEU:agriculture,energy_supply,utilities,0.35,0,0.6,0.3,0.25,4.0,hardcoded: utilities supply dependency per country
DEU:utilities,DEU:banking,energy_supply,utilities,0.35,0,0.6,0.3,0.25,4.0,hardcoded: utilities supply dependency per country
DEU:utilities,DEU:ports,energy_supply,utilities,0.35,0,0.6,0.3,0.25,4.0,hardcoded: utilities supply dependency per country
DEU:utilities,DEU:semiconductors,energy_supply,utilities,0.35,0,0.6,0.3,0.25,4.0,hardcoded: utilities supply dependency per country
DEU:utilities,DEU:automotive,energy_supply,utilities,0.35,0,0.6,0.3,0.25,4.0,hardcoded: utilities supply dependency per country
DEU:utilities,DEU:aerospace,energy_supply,utilities,0.35,0,0.6,0.3,0.25,4.0,hardcoded: utilities supply dependency per country
DEU:utilities,DEU:telecommunications,energy_supply,utilities,0.35,0,0.6,0.3,0.25,4.0,hardcoded: utilities supply dependency per country
DEU:utilities,DEU:consumer_goods,energy_supply,utilities,0.35,0,0.6,0.3,0.25,4.0,hardcoded: utilities supply dependency per country
DEU:gas,DEU:government,energy_supply,gas,0.35,0,0.6,0.3,0.25,4.0,hardcoded: gas supply dependency per country
DEU:gas,DEU:electronics,energy_supply,gas,0.35,0,0.6,0.3,0.25,4.0,hardcoded: gas supply dependency per country
DEU:gas,DEU:aviation,energy_supply,gas,0.35,0,0.6,0.3,0.25,4.0,hardcoded: gas supply dependency per country
DEU:gas,DEU:insurance,energy_supply,gas,0.35,0,0.6,0.3,0.25,4.0,hardcoded: gas supply dependency per country
DEU:gas,DEU:capital_markets,energy_supply,gas,0.35,0,0.6,0.3,0.25,4.0,hardcoded: gas supply dependency per country
DEU:gas,DEU:shipping,energy_supply,gas,0.35,0,0.6,0.3,0.25,4.0,hardcoded: gas supply dependency per country
DEU:gas,DEU:tourism,energy_supply,gas,0.35,0,0.6,0.3,0.25,4.0,hardcoded: gas supply dependency per country
DEU:gas,DEU:agriculture,energy_supply,gas,0.35,0,0.6,0.3,0.25,4.0,hardcoded: gas supply dependency per country
DEU:gas,DEU:banking,energy_supply,gas,0.35,0,0.6,0.3,0.25,4.0,hardcoded: gas supply dependency per country
DEU:gas,DEU:ports,energy_supply,gas,0.35,0,0.6,0.3,0.25,4.0,hardcoded: gas supply dependency per country
DEU:gas,DEU:semiconductors,energy_supply,gas,0.35,0,0.6,0.3,0.25,4.0,hardcoded: gas supply dependency per country
DEU:gas,DEU:automotive,energy_supply,gas,0.35,0,0.6,0.3,0.25,4.0,hardcoded: gas supply dependency per country
DEU:gas,DEU:aerospace,energy_supply,gas,0.35,0,0.6,0.3,0.25,4.0,hardcoded: gas supply dependency per country
DEU:gas,DEU:telecommunications,energy_supply,gas,0.35,0,0.6,0.3,0.25,4.0,hardcoded: gas supply dependency per country
DEU:gas,DEU:consumer_goods,energy_supply,gas,0.35,0,0.6,0.3,0.25,4.0,hardcoded: gas supply dependency per country
DEU:telecommunications,DEU:government,telecom_backbone,telecommunications,0.2,0,0.4,0.5,0.3,2.0,hardcoded: telecom dependency per country
DEU:telecommunications,DEU:electronics,telecom_backbone,telecommunications,0.2,0,0.4,0.5,0.3,2.0,hardcoded: telecom dependency per country
DEU:telecommunications,DEU:gas,telecom_backbone,telecommunications,0.2,0,0.4,0.5,0.3,2.0,hardcoded: telecom dependency per country
DEU:telecommunications,DEU:aviation,telecom_backbone,telecommunications,0.2,0,0.4,0.5,0.3,2.0,hardcoded: telecom dependency per country
DEU:telecommunications,DEU:insurance,telecom_backbone,telecommunications,0.2,0,0.4,0.5,0.3,2.0,hardcoded: telecom dependency per country
DEU:telecommunications,DEU:capital_markets,telecom_backbone,telecommunications,0.2,0,0.4,0.5,0.3,2.0,hardcoded: telecom dependency per country
DEU:telecommunications,DEU:shipping,telecom_backbone,telecommunications,0.2,0,0.4,0.5,0.3,2.0,hardcoded: telecom dependency per country
DEU:telecommunications,DEU:tourism,telecom_backbone,telecommunications,0.2,0,0.4,0.5,0.3,2.0,hardcoded: telecom dependency per country
DEU:telecommunications,DEU:agriculture,telecom_backbone,telecommunications,0.2,0,0.4,0.5,0.3,2.0,hardcoded: telecom dependency per country
DEU:telecommunications,DEU:banking,telecom_backbone,telecommunications,0.2,0,0.4,0.5,0.3,2.0,hardcoded: telecom dependency per country
DEU:telecommunications,DEU:ports,telecom_backbone,telecommunications,0.2,0,0.4,0.5,0.3,2.0,hardcoded: telecom dependency per country
DEU:telecommunications,DEU:semiconductors,telecom_backbone,telecommunications,0.2,0,0.4,0.5,0.3,2.0,hardcoded: telecom dependency per country
DEU:telecommunications,DEU:automotive,telecom_backbone,telecommunications,0.2,0,0.4,0.5,0.3,2.0,hardcoded: telecom dependency per country
DEU:telecommunications,DEU:aerospace,telecom_backbone,telecommunications,0.2,0,0.4,0.5,0.3,2.0,hardcoded: telecom dependency per country
DEU:telecommunications,DEU:utilities,telecom_backbone,telecommunications,0.2,0,0.4,0.5,0.3,2.0,hardcoded: telecom dependency per country
DEU:telecommunications,DEU:consumer_goods,telecom_backbone,telecommunications,0.2,0,0.4,0.5,0.3,2.0,hardcoded: telecom dependency per country
EGY:banking,EGY:government,credit,banking,0.4,0,0.5,0.4,0.3,6.0,hardcoded: bank-credit dependency per country
EGY:banking,EGY:gas,credit,banking,0.4,0,0.5,0.4,0.3,6.0,hardcoded: bank-credit dependency per country
EGY:banking,EGY:shipping,credit,banking,0.4,0,0.5,0.4,0.3,6.0,hardcoded: bank-credit dependency per country
EGY:banking,EGY:tourism,credit,banking,0.4,0,0.5,0.4,0.3,6.0,hardcoded: bank-credit dependency per country
EGY:banking,EGY:agriculture,credit,banking,0.4,0,0.5,0.4,0.3,6.0,hardcoded: bank-credit dependency per country
EGY:banking,EGY:telecommunications,credit,banking,0.4,0,0.5,0.4,0.3,6.0,hardcoded: bank-credit dependency per country
EGY:banking,EGY:ports,credit,banking,0.4,0,0.5,0.4,0.3,6.0,hardcoded: bank-credit dependency per country
EGY:banking,EGY:utilities,credit,banking,0.4,0,0.5,0.4,0.3,6.0,hardcoded: bank-credit dependency per country
EGY:banking,EGY:consumer_goods,credit,banking,0.4,0,0.5,0.4,0.3,6.0,hardcoded: bank-credit dependency per country
EGY:utilities,EGY:government,energy_supply,utilities,0.35,0,0.6,0.3,0.25,4.0,hardcoded: utilities supply dependency per country
EGY:utilities,EGY:shipping,energy_supply,utilities,0.35,0,0.6,0.3,0.25,4.0,hardcoded: utilities supply dependency per country
EGY:utilities,EGY:tourism,energy_supply,utilities,0.35,0,0.6,0.3,0.25,4.0,hardcoded: utilities supply dependency per country
EGY:utilities,EGY:agriculture,energy_supply,utilities,0.35,0,0.6,0.3,0.25,4.0,hardcoded: utilities supply dependency per country
EGY:utilities,EGY:telecommunications,energy_supply,utilities,0.35,0,0.6,0.3,0.25,4.0,hardcoded: utilities supply dependency per country
EGY:utilities,EGY:ports,energy_supply,utilities,0.35,0,0.6,0.3,0.25,4.0,hardcoded: utilities supply dependency per country
EGY:utilities,EGY:banking,energy_supply,utilities,0.35,0,0.6,0.3,0.25,4.0,hardcoded: utilities supply dependency per country
EGY:utilities,EGY:consumer_goods,energy_supply,utilities,0.35,0,0.6,0.3,0.25,4.0,hardcoded: utilities supply dependency per country
EGY:gas,EGY:government,energy_supply,gas,0.35,0,0.6,0.3,0.25,4.0,hardcoded: gas supply dependency per country
EGY:gas,EGY:shipping,energy_supply,gas,0.35,0,0.6,0.3,0.25,4.0,hardcoded: gas supply dependency per country
EGY:gas,EGY:tourism,energy_supply,gas,0.35,0,0.6,0.3,0.25,4.0,hardcoded: gas supply dependency per country
EGY:gas,EGY:agriculture,energy_supply,gas,0.35,0,0.6,0.3,0.25,4.0,hardcoded: gas supply dependency per country
EGY:gas,EGY:telecommunications,energy_supply,gas,0.35,0,0.6,0.3,0.25,4.0,hardcoded: gas supply dependency per country
EGY:gas,EGY:ports,energy_supply,gas,0.35,0,0.6,0.3,0.25,4.0,hardcoded: gas supply dependency per country
EGY:gas,EGY:banking,energy_supply,gas,0.35,0,0.6,0.3,0.25,4.0,hardcoded: gas supply dependency per country
EGY:gas,EGY:consumer_goods,energy_supply,gas,0.35,0,0.6,0.3,0.25,4.0,hardcoded: gas supply dependency per country
EGY:telecommunications,EGY:government,telecom_backbone,telecommunications,0.2,0,0.4,0.5,0.3,2.0,hardcoded: telecom dependency per country
EGY:telecommunications,EGY:gas,telecom_backbone,telecommunications,0.2,0,0.4,0.5,0.3,2.0,hardcoded: telecom dependency per country
EGY:telecommunications,EGY:shipping,telecom_backbone,telecommunications,0.2,0,0.4,0.5,0.3,2.0,hardcoded: telecom dependency per country
EGY:telecommunications,EGY:tourism,telecom_backbone,telecommunications,0.2,0,0.4,0.5,0.3,2.0,hardcoded: telecom dependency per country
EGY:telecommunications,EGY:agriculture,telecom_backbone,telecommunications,0.2,0,0.4,0.5,0.3,2.0,hardcoded: telecom dependency per country
EGY:telecommunications,EGY:ports,telecom_backbone,telecommunications,0.2,0,0.4,0.5,0.3,2.0,hardcoded: telecom dependency per country
EGY:telecommunications,EGY:utilities,telecom_backbone,telecommunications,0.2,0,0.4,0.5,0.3,2.0,hardcoded: telecom dependency per country
EGY:telecommunications,EGY:banking,telecom_backbone,telecommunications,0.2,0,0.4,0.5,0.3,2.0,hardcoded: telecom dependency per country
EGY:telecommunications,EGY:consumer_goods,telecom_backbone,telecommunications,0.2,0,0.4,0.5,0.3,2.0,hardcoded: telecom dependency per country
ESP:banking,ESP:government,credit,banking,0.4,0,0.5,0.4,0.3,6.0,hardcoded: bank-credit dependency per country
ESP:banking,ESP:aviation,credit,banking,0.4,0,0.5,0.4,0.3,6.0,hardcoded: bank-credit dependency per country
ESP:banking,ESP:tourism,credit,banking,0.4,0,0.5,0.4,0.3,6.0,hardcoded: bank-credit dependency per country
ESP:banking,ESP:agriculture,credit,banking,0.4,0,0.5,0.4,0.3,6.0,hardcoded: bank-credit dependency per country
ESP:banking,ESP:ports,credit,banking,0.4,0,0.5,0.4,0.3,6.0,hardcoded: bank-credit dependency per country
ESP:banking,ESP:telecommunications,credit,banking,0.4,0,0.5,0.4,0.3,6.0,hardcoded: bank-credit dependency per country
ESP:banking,ESP:automotive,credit,banking,0.4,0,0.5,0.4,0.3,6.0,hardcoded: bank-credit dependency per country
ESP:banking,ESP:aerospace,credit,banking,0.4,0,0.5,0.4,0.3,6.0,hardcoded: bank-credit dependency per country
ESP:banking,ESP:utilities,credit,banking,0.4,0,0.5,0.4,0.3,6.0,hardcoded: bank-credit dependency per country
ESP:banking,ESP:consumer_goods,credit,banking,0.4,0,0.5,0.4,0.3,6.0,hardcoded: bank-credit dependency per country
ESP:utilities,ESP:government,energy_supply,utilities,0.35,0,0.6,0.3,0.25,4.0,hardcoded: utilities supply dependency per country
ESP:utilities,ESP:aviation,energy_supply,utilities,0.35,0,0.6,0.3,0.25,4.0,hardcoded: utilities supply dependency per country
ESP:utilities,ESP:tourism,energy_supply,utilities,0.35,0,0.6,0.3,0.25,4.0,hardcoded: utilities supply dependency per country
ESP:utilities,ESP:agriculture,energy_supply,utilities,0.35,0,0.6,0.3,0.25,4.0,hardcoded: utilities supply dependency per country
ESP:utilities,ESP:banking,energy_supply,utilities,0.35,0,0.6,0.3,0.25,4.0,hardcoded: utilities supply dependency per country
ESP:utilities,ESP:ports,energy_supply,utilities,0.35,0,0.6,0.3,0.25,4.0,hardcoded: utilities supply dependency per country
ESP:utilities,ESP:telecommunications,energy_supply,utilities,0.35,0,0.6,0.3,0.25,4.0,hardcoded: utilities supply dependency per country
ESP:utilities,ESP:automotive,energy_supply,utilities,0.35,0,0.6,0.3,0.25,4.0,hardcoded: utilities supply dependency per country
ESP:utilities,ESP:aerospace,energy_supply,utilities,0.35,0,0.6,0.3,0.25,4.0,hardcoded: utilities supply dependency per country
ESP:utilities,ESP:consumer_goods,energy_supply,utilities,0.35,0,0.6,0.3,0.25,4.0,hardcoded: utilities supply dependency per country
ESP:telecommunications,ESP:government,telecom_backbone,telecommunications,0.2,0,0.4,0.5,0.3,2.0,hardcoded: telecom dependency per country
ESP:telecommunications,ESP:aviation,telecom_backbone,telecommunications,0.2,0,0.4,0.5,0.3,2.0,hardcoded: telecom dependency per country
ESP:telecommunications,ESP:tourism,telecom_backbone,telecommunications,0.2,0,0.4,0.5,0.3,2.0,hardcoded: telecom dependency per country
ESP:telecommunications,ESP:agriculture,telecom_backbone,telecommunications,0.2,0,0.4,0.5,0.3,2.0,hardcoded: telecom dependency per country
ESP:telecommunications,ESP:banking,telecom_backbone,telecommunications,0.2,0,0.4,0.5,0.3,2.0,hardcoded: telecom dependency per country
ESP:telecommunications,ESP:ports,telecom_backbone,telecommunications,0.2,0,0.4,0.5,0.3,2.0,hardcoded: telecom dependency per country
ESP:telecommunications,ESP:automotive,telecom_backbone,telecommunications,0.2,0,0.4,0.5,0.3,2.0,hardcoded: telecom dependency per country
ESP:telecommunications,ESP:aerospace,telecom_backbone,telecommunications,0.2,0,0.4,0.5,0.3,2.0,hardcoded: telecom dependency per country
ESP:telecommunications,ESP:utilities,telecom_backbone,telecommunications,0.2,0,0.4,0.5,0.3,2.0,hardcoded: telecom dependency per country
ESP:telecommunications,ESP:consumer_goods,telecom_backbone,telecommunications,0.2,0,0.4,0.5,0.3,2.0,hardcoded: telecom dependency per country
ETH:banking,ETH:government,credit,banking,0.4,0,0.5,0.4,0.3,6.0,hardcoded: bank-credit dependency per country
ETH:banking,ETH:tourism,credit,banking,0.4,0,0.5,0.4,0.3,6.0,hardcoded: bank-credit dependency per country
ETH:banking,ETH:agriculture,credit,banking,0.4,0,0.5,0.4,0.3,6.0,hardcoded: bank-credit dependency per country
ETH:banking,ETH:telecommunications,credit,banking,0.4,0,0.5,0.4,0.3,6.0,hardcoded: bank-credit dependency per country
ETH:banking,ETH:utilities,credit,banking,0.4,0,0.5,0.4,0.3,6.0,hardcoded: bank-credit dependency per country
ETH:banking,ETH:consumer_goods,credit,banking,0.4,0,0.5,0.4,0.3,6.0,hardcoded: bank-credit dependency per country
ETH:utilities,ETH:government,energy_supply,utilities,0.35,0,0.6,0.3,0.25,4.0,hardcoded: utilities supply dependency per country
ETH:utilities,ETH:tourism,energy_supply,utilities,0.35,0,0.6,0.3,0.25,4.0,hardcoded: utilities supply dependency per country
ETH:utilities,ETH:agriculture,energy_supply,utilities,0.35,0,0.6,0.3,0.25,4.0,hardcoded: utilities supply dependency per country
ETH:utilities,ETH:telecommunications,energy_supply,utilities,0.35,0,0.6,0.3,0.25,4.0,hardcoded: utilities supply dependency per country
ETH:utilities,ETH:banking,energy_supply,utilities,0.35,0,0.6,0.3,0.25,4.0,hardcoded: utilities supply dependency per country
ETH:utilities,ETH:consumer_goods,energy_supply,utilities,0.35,0,0.6,0.3,0.25,4.0,hardcoded: utilities supply dependency per country
ETH:telecommunications,ETH:government,telecom_backbone,telecommunications,0.2,0,0.4,0.5,0.3,2.0,hardcoded: telecom dependency per country
ETH:telecommunications,ETH:tourism,telecom_backbone,telecommunications,0.2,0,0.4,0.5,0.3,2.0,hardcoded: telecom dependency per country
ETH:telecommunications,ETH:agriculture,telecom_backbone,telecommunications,0.2,0,0.4,0.5,0.3,2.0,hardcoded: telecom dependency per country
ETH:telecommunications,ETH:utilities,telecom_backbone,telecommunications,0.2,0,0.4,0.5,0.3,2.0,hardcoded: telecom dependency per country
ETH:telecommunications,ETH:banking,telecom_backbone,telecommunications,0.2,0,0.4,0.5,0.3,2.0,hardcoded: telecom dependency per country
ETH:telecommunications,ETH:consumer_goods,telecom_backbone,telecommunications,0.2,0,0.4,0.5,0.3,2.0,hardcoded: telecom dependency per country
FRA:banking,FRA:government,credit,banking,0.4,0,0.5,0.4,0.3,6.0,hardcoded: bank-credit dependency per country
FRA:banking,FRA:aviation,credit,banking,0.4,0,0.5,0.4,0.3,6.0,hardcoded: bank-credit dependency per country
FRA:banking,FRA:tourism,credit,banking,0.4,0,0.5,0.4,0.3,6.0,hardcoded: bank-credit dependency per country
FRA:banking,FRA:agriculture,credit,banking,0.4,0,0.5,0.4,0.3,6.0,hardcoded: bank-credit dependency per country
FRA:banking,FRA:telecommunications,credit,banking,0.4,0,0.5,0.4,0.3,6.0,hardcoded: bank-credit dependency per country
FRA:banking,FRA:utilities,credit,banking,0.4,0,0.5,0.4,0.3,6.0,hardcoded: bank-credit dependency per country
FRA:banking,FRA:automotive,credit,banking,0.4,0,0.5,0.4,0.3,6.0,hardcoded: bank-credit dependency per country
FRA:banking,FRA:aerospace,credit,banking,0.4,0,0.5,0.4,0.3,6.0,hardcoded: bank-credit dependency per country
FRA:banking,FRA:consumer_goods,credit,banking,0.4,0,0.5,0.4,0.3,6.0,hardcoded: bank-credit dependency per country
FRA:utilities,FRA:government,energy_supply,utilities,0.35,0,0.6,0.3,0.25,4.0,hardcoded: utilities supply dependency per country
FRA:utilities,FRA:aviation,energy_supply,utilities,0.35,0,0.6,0.3,0.25,4.0,hardcoded: utilities supply dependency per country
FRA:utilities,FRA:insurance,energy_supply,utilities,0.35,0,0.6,0.3,0.25,4.0,hardcoded: utilities supply dependency per country
FRA:utilities,FRA:capital_markets,energy_supply,utilities,0.35,0,0.6,0.3,0.25,4.0,hardcoded: utilities supply dependency per country
FRA:utilities,FRA:tourism,energy_supply,utilities,0.35,0,0.6,0.3,0.25,4.0,hardcoded: utilities supply dependency per country
FRA:utilities,FRA:agriculture,energy_supply,utilities,0.35,0,0.6,0.3,0.25,4.0,hardcoded: utilities supply dependency per country
FRA:utilities,FRA:banking,energy_supply,utilities,0.35,0,0.6,0.3,0.25,4.0,hardcoded: utilities supply dependency per country
FRA:utilities,FRA:telecommunications,energy_supply,utilities,0.35,0,0.6,0.3,0.25,4.0,hardcoded: utilities supply dependency per country
FRA:utilities,FRA:automotive,energy_supply,utilities,0.35,0,0.6,0.3,0.25,4.0,hardcoded: utilities supply dependency per country
FRA:utilities,FRA:aerospace,energy_supply,utilities,0.35,0,0.6,0.3,0.25,4.0,hardcoded: utilities supply dependency per country
FRA:utilities,FRA:consumer_goods,energy_supply,utilities,0.35,0,0.6,0.3,0.25,4.0,hardcoded: utilities supply dependency per country
FRA:telecommunications,FRA:government,telecom_backbone,telecommunications,0.2,0,0.4,0.5,0.3,2.0,hardcoded: telecom dependency per country
FRA:telecommunications,FRA:aviation,telecom_backbone,telecommunications,0.2,0,0.4,0.5,0.3,2.0,hardcoded: telecom dependency per country
FRA:telecommunications,FRA:insurance,telecom_backbone,telecommunications,0.2,0,0.4,0.5,0.3,2.0,hardcoded: telecom dependency per country
FRA:telecommunications,FRA:capital_markets,telecom_backbone,telecommunications,0.2,0,0.4,0.5,0.3,2.0,hardcoded: telecom dependency per country
FRA:telecommunications,FRA:tourism,telecom_backbone,telecommunications,0.2,0,0.4,0.5,0.3,2.0,hardcoded: telecom dependency per country
FRA:telecommunications,FRA:agriculture,telecom_backbone,telecommunications,0.2,0,0.4,0.5,0.3,2.0,hardcoded: telecom dependency per country
FRA:telecommunications,FRA:banking,telecom_backbone,telecommunications,0.2,0,0.4,0.5,0.3,2.0,hardcoded: telecom dependency per country
FRA:telecommunications,FRA:utilities,telecom_backbone,telecommunications,0.2,0,0.4,0.5,0.3,2.0,hardcoded: telecom dependency per country
FRA:telecommunications,FRA:automotive,telecom_backbone,telecommunications,0.2,0,0.4,0.5,0.3,2.0,hardcoded: telecom dependency per country
FRA:telecommunications,FRA:aerospace,telecom_backbone,telecommunications,0.2,0,0.4,0.5,0.3,2.0,hardcoded: telecom dependency per country
FRA:telecommunications,FRA:consumer_goods,telecom_backbone,telecommunications,0.2,0,0.4,0.5,0.3,2.0,hardcoded: telecom dependency per country
GBR:banking,GBR:government,credit,banking,0.4,0,0.5,0.4,0.3,6.0,hardcoded: bank-credit dependency per country
GBR:banking,GBR:aviation,credit,banking,0.4,0,0.5,0.4,0.3,6.0,hardcoded: bank-credit dependency per country
GBR:banking,GBR:shipping,credit,banking,0.4,0,0.5,0.4,0.3,6.0,hardcoded: bank-credit dependency per country
GBR:banking,GBR:tourism,credit,banking,0.4,0,0.5,0.4,0.3,6.0,hardcoded: bank-credit dependency per country
GBR:banking,GBR:agriculture,credit,banking,0.4,0,0.5,0.4,0.3,6.0,hardcoded: bank-credit dependency per country
GBR:banking,GBR:telecommunications,credit,banking,0.4,0,0.5,0.4,0.3,6.0,hardcoded: bank-credit dependency per country
GBR:banking,GBR:utilities,credit,banking,0.4,0,0.5,0.4,0.3,6.0,hardcoded: bank-credit dependency per country
GBR:banking,GBR:automotive,credit,banking,0.4,0,0.5,0.4,0.3,6.0,hardcoded: bank-credit dependency per country
GBR:banking,GBR:aerospace,credit,banking,0.4,0,0.5,0.4,0.3,6.0,hardcoded: bank-credit dependency per country
GBR:banking,GBR:consumer_goods,credit,banking,0.4,0,0.5,0.4,0.3,6.0,hardcoded: bank-credit dependency per country
GBR:utilities,GBR:government,energy_supply,utilities,0.35,0,0.6,0.3,0.25,4.0,hardcoded: utilities supply dependency per country
GBR:utilities,GBR:aviation,energy_supply,utilities,0.35,0,0.6,0.3,0.25,4.0,hardcoded: utilities supply dependency per country
GBR:utilities,GBR:insurance,energy_supply,utilities,0.35,0,0.6,0.3,0.25,4.0,hardcoded: utilities supply dependency per country
GBR:utilities,GBR:capital_markets,energy_supply,utilities,0.35,0,0.6,0.3,0.25,4.0,hardcoded: utilities supply dependency per country
GBR:utilities,GBR:shipping,energy_supply,utilities,0.35,0,0.6,0.3,0.25,4.0,hardcoded: utilities supply dependency per country
GBR:utilities,GBR:tourism,energy_supply,utilities,0.35,0,0.6,0.3,0.25,4.0,hardcoded: utilities supply dependency per country
GBR:utilities,GBR:agriculture,energy_supply,utilities,0.35,0,0.6,0.3,0.25,4.0,hardcoded: utilities supply dependency per country
GBR:utilities,GBR:banking,energy_supply,utilities,0.35,0,0.6,0.3,0.25,4.0,hardcoded: utilities supply dependency per country
GBR:utilities,GBR:telecommunications,energy_supply,utilities,0.35,0,0.6,0.3,0.25,4.0,hardcoded: utilities supply dependency per country
GBR:utilities,GBR:automotive,energy_supply,utilities,0.35,0,0.6,0.3,0.25,4.0,hardcoded: utilities supply dependency per country
GBR:utilities,GBR:aerospace,energy_supply,utilities,0.35,0,0.6,0.3,0.25,4.0,hardcoded: utilities supply dependency per country
GBR:utilities,GBR:consumer_goods,energy_supply,utilities,0.35,0,0.6,0.3,0.25,4.0,hardcoded: utilities supply dependency per country
GBR:telecommunications,GBR:government,telecom_backbone,telecommunications,0.2,0,0.4,0.5,0.3,2.0,hardcoded: telecom dependency per country
GBR:telecommunications,GBR:aviation,telecom_backbone,telecommunications,0.2,0,0.4,0.5,0.3,2.0,hardcoded: telecom dependency per country
GBR:telecommunications,GBR:insurance,telecom_backbone,telecommunications,0.2,0,0.4,0.5,0.3,2.0,hardcoded: telecom dependency per country
GBR:telecommunications,GBR:capital_markets,telecom_backbone,telecommunications,0.2,0,0.4,0.5,0.3,2.0,hardcoded: telecom dependency per country
GBR:telecommunications,GBR:shipping,telecom_backbone,telecommunications,0.2,0,0.4,0.5,0.3,2.0,hardcoded: telecom dependency per country
GBR:telecommunications,GBR:tourism,telecom_backbone,telecommunications,0.2,0,0.4,0.5,0.3,2.0,hardcoded: telecom dependency per country
GBR:telecommunications,GBR:agriculture,telecom_backbone,telecommunications,0.2,0,0.4,0.5,0.3,2.0,hardcoded: telecom dependency per country
GBR:telecommunications,GBR:banking,telecom_backbone,telecommunications,0.2,0,0.4,0.5,0.3,2.0,hardcoded: telecom dependency per country
GBR:telecommunications,GBR:utilities,telecom_backbone,telecommunications,0.2,0,0.4,0.5,0.3,2.0,hardcoded: telecom dependency per country
GBR:telecommunications,GBR:automotive,telecom_backbone,telecommunications,0.2,0,0.4,0.5,0.3,2.0,hardcoded: telecom dependency per country
GBR:telecommunications,GBR:aerospace,telecom_backbone,telecommunications,0.2,0,0.4,0.5,0.3,2.0,hardcoded: telecom dependency per country
GBR:telecommunications,GBR:consumer_goods,telecom_backbone,telecommunications,0.2,0,0.4,0.5,0.3,2.0,hardcoded: telecom dependency per country
GRC:banking,GRC:government,credit,banking,0.4,0,0.5,0.4,0.3,6.0,hardcoded: bank-credit dependency per country
GRC:banking,GRC:shipping,credit,banking,0.4,0,0.5,0.4,0.3,6.0,hardcoded: bank-credit dependency per country
GRC:banking,GRC:tourism,credit,banking,0.4,0,0.5,0.4,0.3,6.0,hardcoded: bank-credit dependency per country
GRC:banking,GRC:agriculture,credit,banking,0.4,0,0.5,0.4,0.3,6.0,hardcoded: bank-credit dependency per country
GRC:banking,GRC:telecommunications,credit,banking,0.4,0,0.5,0.4,0.3,6.0,hardcoded: bank-credit dependency per country
GRC:banking,GRC:ports,credit,banking,0.4,0,0.5,0.4,0.3,6.0,hardcoded: bank-credit dependency per country
GRC:banking,GRC:utilities,credit,banking,0.4,0,0.5,0.4,0.3,6.0,hardcoded: bank-credit dependency per country
GRC:banking,GRC:consumer_goods,credit,banking,0.4,0,0.5,0.4,0.3,6.0,hardcoded: bank-credit dependency per country
GRC:utilities,GRC:government,energy_supply,utilities,0.35,0,0.6,0.3,0.25,4.0,hardcoded: utilities supply dependency per country
GRC:utilities,GRC:shipping,energy_supply,utilities,0.35,0,0.6,0.3,0.25,4.0,hardcoded: utilities supply dependency per country
GRC:utilities,GRC:tourism,energy_supply,utilities,0.35,0,0.6,0.3,0.25,4.0,hardcoded: utilities supply dependency per country
GRC:utilities,GRC:agriculture,energy_supply,utilities,0.35,0,0.6,0.3,0.25,4.0,hardcoded: utilities supply dependency per country
GRC:utilities,GRC:telecommunications,energy_supply,utilities,0.35,0,0.6,0.3,0.25,4.0,hardcoded: utilities supply dependency per country
GRC:utilities,GRC:ports,energy_supply,utilities,0.35,0,0.6,0.3,0.25,4.0,hardcoded: utilities supply dependency per country
GRC:utilities,GRC:banking,energy_supply,utilities,0.35,0,0.6,0.3,0.25,4.0,hardcoded: utilities supply dependency per country
GRC:utilities,GRC:consumer_goods,energy_supply,utilities,0.35,0,0.6,0.3,0.25,4.0,hardcoded: utilities supply dependency per country
GRC:telecommunications,GRC:government,telecom_backbone,telecommunications,0.2,0,0.4,0.5,0.3,2.0,hardcoded: telecom dependency per country
GRC:telecommunications,GRC:shipping,telecom_backbone,telecommunications,0.2,0,0.4,0.5,0.3,2.0,hardcoded: telecom dependency per country
GRC:telecommunications,GRC:tourism,telecom_backbone,telecommunications,0.2,0,0.4,0.5,0.3,2.0,hardcoded: telecom dependency per country
GRC:telecommunications,GRC:agriculture,telecom_backbone,telecommunications,0.2,0,0.4,0.5,0.3,2.0,hardcoded: telecom dependency per country
GRC:telecommunications,GRC:ports,telecom_backbone,telecommunications,0.2,0,0.4,0.5,0.3,2.0,hardcoded: telecom dependency per country
GRC:telecommunications,GRC:utilities,telecom_backbone,telecommunications,0.2,0,0.4,0.5,0.3,2.0,hardcoded: telecom dependency per country
GRC:telecommunications,GRC:banking,telecom_backbone,telecommunications,0.2,0,0.4,0.5,0.3,2.0,hardcoded: telecom dependency per country
GRC:telecommunications,GRC:consumer_goods,telecom_backbone,telecommunications,0.2,0,0.4,0.5,0.3,2.0,hardcoded: telecom dependency per country
HKG:banking,HKG:government,credit,banking,0.4,0,0.5,0.4,0.3,6.0,hardcoded: bank-credit dependency per country
HKG:banking,HKG:electronics,credit,banking,0.4,0,0.5,0.4,0.3,6.0,hardcoded: bank-credit dependency per country
HKG:banking,HKG:aviation,credit,banking,0.4,0,0.5,0.4,0.3,6.0,hardcoded: bank-credit dependency per country
HKG:banking,HKG:shipping,credit,banking,0.4,0,0.5,0.4,0.3,6.0,hardcoded: bank-credit dependency per country
HKG:banking,HKG:tourism,credit,banking,0.4,0,0.5,0.4,0.3,6.0,hardcoded: bank-credit dependency per country
HKG:banking,HKG:agriculture,credit,banking,0.4,0,0.5,0.4,0.3,6.0,hardcoded: bank-credit dependency per country
HKG:banking,HKG:telecommunications,credit,banking,0.4,0,0.5,0.4,0.3,6.0,hardcoded: bank-credit dependency per country
HKG:banking,HKG:ports,credit,banking,0.4,0,0.5,0.4,0.3,6.0,hardcoded: bank-credit dependency per country
HKG:banking,HKG:utilities,credit,banking,0.4,0,0.5,0.4,0.3,6.0,hardcoded: bank-credit dependency per country
HKG:banking,HKG:consumer_goods,credit,banking,0.4,0,0.5,0.4,0.3,6.0,hardcoded: bank-credit dependency per country
HKG:utilities,HKG:government,energy_supply,utilities,0.35,0,0.6,0.3,0.25,4.0,hardcoded: utilities supply dependency per country
HKG:utilities,HKG:electronics,energy_supply,utilities,0.35,0,0.6,0.3,0.25,4.0,hardcoded: utilities supply dependency per country
HKG:utilities,HKG:aviation,energy_supply,utilities,0.35,0,0.6,0.3,0.25,4.0,hardcoded: utilities supply dependency per country
HKG:utilities,HKG:insurance,energy_supply,utilities,0.35,0,0.6,0.3,0.25,4.0,hardcoded: utilities supply dependency per country
HKG:utilities,HKG:capital_markets,energy_supply,utilities,0.35,0,0.6,0.3,0.25,4.0,hardcoded: utilities supply dependency per country
HKG:utilities,HKG:shipping,energy_supply,utilities,0.35,0,0.6,0.3,0.25,4.0,hardcoded: utilities supply dependency per country
HKG:utilities,HKG:tourism,energy_supply,utilities,0.35,0,0.6,0.3,0.25,4.0,hardcoded: utilities supply dependency per country
HKG:utilities,HKG:agriculture,energy_supply,utilities,0.35,0,0.6,0.3,0.25,4.0,hardcoded: utilities supply dependency per country
HKG:utilities,HKG:telecommunications,energy_supply,utilities,0.35,0,0.6,0.3,0.25,4.0,hardcoded: utilities supply dependency per country
HKG:utilities,HKG:ports,energy_supply,utilities,0.35,0,0.6,0.3,0.25,4.0,hardcoded: utilities supply dependency per country
HKG:utilities,HKG:banking,energy_supply,utilities,0.35,0,0.6,0.3,0.25,4.0,hardcoded: utilities supply dependency per country
HKG:utilities,HKG:consumer_goods,energy_supply,utilities,0.35,0,0.6,0.3,0.25,4.0,hardcoded: utilities supply dependency per country
HKG:telecommunications,HKG:government,telecom_backbone,telecommunications,0.2,0,0.4,0.5,0.3,2.0,hardcoded: telecom dependency per country
HKG:telecommunications,HKG:electronics,telecom_backbone,telecommunications,0.2,0,0.4,0.5,0.3,2.0,hardcoded: telecom dependency per country
HKG:telecommunications,HKG:aviation,telecom_backbone,telecommunications,0.2,0,0.4,0.5,0.3,2.0,hardcoded: telecom dependency per country
HKG:telecommunications,HKG:insurance,telecom_backbone,telecommunications,0.2,0,0.4,0.5,0.3,2.0,hardcoded: telecom dependency per country
HKG:telecommunications,HKG:capital_markets,telecom_backbone,telecommunications,0.2,0,0.4,0.5,0.3,2.0,hardcoded: telecom dependency per country
HKG:telecommunications,HKG:shipping,telecom_backbone,telecommunications,0.2,0,0.4,0.5,0.3,2.0,hardcoded: telecom dependency per country
HKG:telecommunications,HKG:tourism,telecom_backbone,telecommunications,0.2,0,0.4,0.5,0.3,2.0,hardcoded: telecom dependency per country
HKG:telecommunications,HKG:agriculture,telecom_backbone,telecommunications,0.2,0,0.4,0.5,0.3,2.0,hardcoded: telecom dependency per country
HKG:telecommunications,HKG:ports,telecom_backbone,telecommunications,0.2,0,0.4,0.5,0.3,2.0,hardcoded: telecom dependency per country
HKG:telecommunications,HKG:utilities,telecom_backbone,telecommunications,0.2,0,0.4,0.5,0.3,2.0,hardcoded: telecom dependency per country
HKG:telecommunications,HKG:banking,telecom_backbone,telecommunications,0.2,0,0.4,0.5,0.3,2.0,hardcoded: telecom dependency per country
HKG:telecommunications,HKG:consumer_goods,telecom_backbone,telecommunications,0.2,0,0.4,0.5,0.3,2.0,hardcoded: telecom dependency per country
IDN:banking,IDN:government,credit,banking,0.4,0,0.5,0.4,0.3,6.0,hardcoded: bank-credit dependency per country
IDN:banking,IDN:tourism,credit,banking,0.4,0,0.5,0.4,0.3,6.0,hardcoded: bank-credit dependency per country
IDN:banking,IDN:agriculture,credit,banking,0.4,0,0.5,0.4,0.3,6.0,hardcoded: bank-credit dependency per country
IDN:banking,IDN:telecommunications,credit,banking,0.4,0,0.5,0.4,0.3,6.0,hardcoded: bank-credit dependency per country
IDN:banking,IDN:utilities,credit,banking,0.4,0,0.5,0.4,0.3,6.0,hardcoded: bank-credit dependency per country
IDN:banking,IDN:consumer_goods,credit,banking,0.4,0,0.5,0.4,0.3,6.0,hardcoded: bank-credit dependency per country
IDN:utilities,IDN:government,energy_supply,utilities,0.35,0,0.6,0.3,0.25,4.0,hardcoded: utilities supply dependency per country
IDN:utilities,IDN:tourism,energy_supply,utilities,0.35,0,0.6,0.3,0.25,4.0,hardcoded: utilities supply dependency per country
IDN:utilities,IDN:agriculture,energy_supply,utilities,0.35,0,0.6,0.3,0.25,4.0,hardcoded: utilities supply dependency per country
IDN:utilities,IDN:telecommunications,energy_supply,utilities,0.35,0,0.6,0.3,0.25,4.0,hardcoded: utilities supply dependency per country
IDN:utilities,IDN:banking,energy_supply,utilities,0.35,0,0.6,0.3,0.25,4.0,hardcoded: utilities supply dependency per country
IDN:utilities,IDN:consumer_goods,energy_supply,utilities,0.35,0,0.6,0.3,0.25,4.0,hardcoded: utilities supply dependency per country
IDN:telecommunications,IDN:government,telecom_backbone,telecommunications,0.2,0,0.4,0.5,0.3,2.0,hardcoded: telecom dependency per country
IDN:telecommunications,IDN:tourism,telecom_backbone,telecommunications,0.2,0,0.4,0.5,0.3,2.0,hardcoded: telecom dependency per country
IDN:telecommunications,IDN:agriculture,telecom_backbone,telecommunications,0.2,0,0.4,0.5,0.3,2.0,hardcoded: telecom dependency per country
IDN:telecommunications,IDN:utilities,telecom_backbone,telecommunications,0.2,0,0.4,0.5,0.3,2.0,hardcoded: telecom dependency per country
IDN:telecommunications,IDN:banking,telecom_backbone,telecommunications,0.2,0,0.4,0.5,0.3,2.0,hardcoded: telecom dependency per country
IDN:telecommunications,IDN:consumer_goods,telecom_backbone,telecommunications,0.2,0,0.4,0.5,0.3,2.0,hardcoded: telecom dependency per country
IND:banking,IND:government,credit,banking,0.4,0,0.5,0.4,0.3,6.0,hardcoded: bank-credit dependency per country
IND:banking,IND:electronics,credit,banking,0.4,0,0.5,0.4,0.3,6.0,hardcoded: bank-credit dependency per country
IND:banking,IND:aviation,credit,banking,0.4,0,0.5,0.4,0.3,6.0,hardcoded: bank-credit dependency per country
IND:banking,IND:tourism,credit,banking,0.4,0,0.5,0.4,0.3,6.0,hardcoded: bank-credit dependency per country
IND:banking,IND:energy,credit,banking,0.4,0,0.5,0.4,0.3,6.0,hardcoded: bank-credit dependency per country
IND:banking,IND:agriculture,credit,banking,0.4,0,0.5,0.4,0.3,6.0,hardcoded: bank-credit dependency per country
IND:banking,IND:ports,credit,banking,0.4,0,0.5,0.4,0.3,6.0,hardcoded: bank-credit dependency per country
IND:banking,IND:telecommunications,credit,banking,0.4,0,0.5,0.4,0.3,6.0,hardcoded: bank-credit dependency per country
IND:banking,IND:automotive,credit,banking,0.4,0,0.5,0.4,0.3,6.0,hardcoded: bank-credit dependency per country
IND:banking,IND:utilities,credit,banking,0.4,0,0.5,0.4,0.3,6.0,hardcoded: bank-credit dependency per country
IND:banking,IND:consumer_goods,credit,banking,0.4,0,0.5,0.4,0.3,6.0,hardcoded: bank-credit dependency per country
IND:utilities,IND:government,energy_supply,utilities,0.35,0,0.6,0.3,0.25,4.0,hardcoded: utilities supply dependency per country
IND:utilities,IND:electronics,energy_supply,utilities,0.35,0,0.6,0.3,0.25,4.0,hardcoded: utilities supply dependency per country
IND:utilities,IND:aviation,energy_supply,utilities,0.35,0,0.6,0.3,0.25,4.0,hardcoded: utilities supply dependency per country
IND:utilities,IND:capital_markets,energy_supply,utilities,0.35,0,0.6,0.3,0.25,4.0,hardcoded: utilities supply dependency per country
IND:utilities,IND:tourism,energy_supply,utilities,0.35,0,0.6,0.3,0.25,4.0,hardcoded: utilities supply dependency per country
IND:utilities,IND:energy,energy_supply,utilities,0.35,0,0.6,0.3,0.25,4.0,hardcoded: utilities supply dependency per country
IND:utilities,IND:agriculture,energy_supply,utilities,0.35,0,0.6,0.3,0.25,4.0,hardcoded: utilities supply dependency per country
IND:utilities,IND:banking,energy_supply,utilities,0.35,0,0.6,0.3,0.25,4.0,hardcoded: utilities supply dependency per country
IND:utilities,IND:ports,energy_supply,utilities,0.35,0,0.6,0.3,0.25,4.0,hardcoded: utilities supply dependency per country
IND:utilities,IND:telecommunications,energy_supply,utilities,0.35,0,0.6,0.3,0.25,4.0,hardcoded: utilities supply dependency per country
IND:utilities,IND:automotive,energy_supply,utilities,0.35,0,0.6,0.3,0.25,4.0,hardcoded: utilities supply dependency per country
IND:utilities,IND:consumer_goods,energy_supply,utilities,0.35,0,0.6,0.3,0.25,4.0,hardcoded: utilities supply dependency per country
IND:telecommunications,IND:government,telecom_backbone,telecommunications,0.2,0,0.4,0.5,0.3,2.0,hardcoded: telecom dependency per country
IND:telecommunications,IND:electronics,telecom_backbone,telecommunications,0.2,0,0.4,0.5,0.3,2.0,hardcoded: telecom dependency per country
IND:telecommunications,IND:aviation,telecom_backbone,telecommunications,0.2,0,0.4,0.5,0.3,2.0,hardcoded: telecom dependency per country
IND:telecommunications,IND:capital_markets,telecom_backbone,telecommunications,0.2,0,0.4,0.5,0.3,2.0,hardcoded: telecom dependency per country
IND:telecommunications,IND:tourism,telecom_backbone,telecommunications,0.2,0,0.4,0.5,0.3,2.0,hardcoded: telecom dependency per country
IND:telecommunications,IND:energy,telecom_backbone,telecommunications,0.2,0,0.4,0.5,0.3,2.0,hardcoded: telecom dependency per country
IND:telecommunications,IND:agriculture,telecom_backbone,telecommunications,0.2,0,0.4,0.5,0.3,2.0,hardcoded: telecom dependency per country
IND:telecommunications,IND:banking,telecom_backbone,telecommunications,0.2,0,0.4,0.5,0.3,2.0,hardcoded: telecom dependency per country
IND:telecommunications,IND:ports,telecom_backbone,telecommunications,0.2,0,0.4,0.5,0.3,2.0,hardcoded: telecom dependency per country
IND:telecommunications,IND:automotive,telecom_backbone,telecommunications,0.2,0,0.4,0.5,0.3,2.0,hardcoded: telecom dependency per country
IND:telecommunications,IND:utilities,telecom_backbone,telecommunications,0.2,0,0.4,0.5,0.3,2.0,hardcoded: telecom dependency per country
IND:telecommunications,IND:consumer_goods,telecom_backbone,telecommunications,0.2,0,0.4,0.5,0.3,2.0,hardcoded: telecom dependency per country
IRL:banking,IRL:government,credit,banking,0.4,0,0.5,0.4,0.3,6.0,hardcoded: bank-credit dependency per country
IRL:banking,IRL:tourism,credit,banking,0.4,0,0.5,0.4,0.3,6.0,hardcoded: bank-credit dependency per country
IRL:banking,IRL:agriculture,credit,banking,0.4,0,0.5,0.4,0.3,6.0,hardcoded: bank-credit dependency per country
IRL:banking,IRL:semiconductors,credit,banking,0.4,0,0.5,0.4,0.3,6.0,hardcoded: bank-credit dependency per country
IRL:banking,IRL:telecommunications,credit,banking,0.4,0,0.5,0.4,0.3,6.0,hardcoded: bank-credit dependency per country
IRL:banking,IRL:utilities,credit,banking,0.4,0,0.5,0.4,0.3,6.0,hardcoded: bank-credit dependency per country
IRL:banking,IRL:consumer_goods,credit,banking,0.4,0,0.5,0.4,0.3,6.0,hardcoded: bank-credit dependency per country
IRL:utilities,IRL:government,energy_supply,utilities,0.35,0,0.6,0.3,0.25,4.0,hardcoded: utilities supply dependency per country
IRL:utilities,IRL:tourism,energy_supply,utilities,0.35,0,0.6,0.3,0.25,4.0,hardcoded: utilities supply dependency per country
IRL:utilities,IRL:agriculture,energy_supply,utilities,0.35,0,0.6,0.3,0.25,4.0,hardcoded: utilities supply dependency per country
IRL:utilities,IRL:semiconductors,energy_supply,utilities,0.35,0,0.6,0.3,0.25,4.0,hardcoded: utilities supply dependency per country
IRL:utilities,IRL:telecommunications,energy_supply,utilities,0.35,0,0.6,0.3,0.25,4.0,hardcoded: utilities supply dependency per country
IRL:utilities,IRL:banking,energy_supply,utilities,0.35,0,0.6,0.3,0.25,4.0,hardcoded: utilities supply dependency per country
IRL:utilities,IRL:consumer_goods,energy_supply,utilities,0.35,0,0.6,0.3,0.25,4.0,hardcoded: utilities supply dependency per country
IRL:telecommunications,IRL:government,telecom_backbone,telecommunications,0.2,0,0.4,0.5,0.3,2.0,hardcoded: telecom dependency per country
IRL:telecommunications,IRL:tourism,telecom_backbone,telecommunications,0.2,0,0.4,0.5,0.3,2.0,hardcoded: telecom dependency per country
IRL:telecommunications,IRL:agriculture,telecom_backbone,telecommunications,0.2,0,0.4,0.5,0.3,2.0,hardcoded: telecom dependency per country
IRL:telecommunications,IRL:semiconductors,telecom_backbone,telecommunications,0.2,0,0.4,0.5,0.3,2.0,hardcoded: telecom dependency per country
IRL:telecommunications,IRL:utilities,telecom_backbone,telecommunications,0.2,0,0.4,0.5,0.3,2.0,hardcoded: telecom dependency per country
IRL:telecommunications,IRL:banking,telecom_backbone,telecommunications,0.2,0,0.4,0.5,0.3,2.0,hardcoded: telecom dependency per country
IRL:telecommunications,IRL:consumer_goods,telecom_backbone,telecommunications,0.2,0,0.4,0.5,0.3,2.0,hardcoded: telecom dependency per country
IRN:banking,IRN:government,credit,banking,0.4,0,0.5,0.4,0.3,6.0,hardcoded: bank-credit dependency per country
IRN:banking,IRN:gas,credit,banking,0.4,0,0.5,0.4,0.3,6.0,hardcoded: bank-credit dependency per country
IRN:banking,IRN:oil,credit,banking,0.4,0,0.5,0.4,0.3,6.0,hardcoded: bank-credit dependency per country
IRN:banking,IRN:tourism,credit,banking,0.4,0,0.5,0.4,0.3,6.0,hardcoded: bank-credit dependency per country
IRN:banking,IRN:energy,credit,banking,0.4,0,0.5,0.4,0.3,6.0,hardcoded: bank-credit dependency per country
IRN:banking,IRN:agriculture,credit,banking,0.4,0,0.5,0.4,0.3,6.0,hardcoded: bank-credit dependency per country
IRN:banking,IRN:telecommunications,credit,banking,0.4,0,0.5,0.4,0.3,6.0,hardcoded: bank-credit dependency per country
IRN:banking,IRN:utilities,credit,banking,0.4,0,0.5,0.4,0.3,6.0,hardcoded: bank-credit dependency per country
IRN:banking,IRN:consumer_goods,credit,banking,0.4,0,0.5,0.4,0.3,6.0,hardcoded: bank-credit dependency per country
IRN:utilities,IRN:government,energy_supply,utilities,0.35,0,0.6,0.3,0.25,4.0,hardcoded: utilities supply dependency per country
IRN:utilities,IRN:tourism,energy_supply,utilities,0.35,0,0.6,0.3,0.25,4.0,hardcoded: utilities supply dependency per country
IRN:utilities,IRN:energy,energy_supply,utilities,0.35,0,0.6,0.3,0.25,4.0,hardcoded: utilities supply dependency per country
IRN:utilities,IRN:agriculture,energy_supply,utilities,0.35,0,0.6,0.3,0.25,4.0,hardcoded: utilities supply dependency per country
IRN:utilities,IRN:telecommunications,energy_supply,utilities,0.35,0,0.6,0.3,0.25,4.0,hardcoded: utilities supply dependency per country
IRN:utilities,IRN:banking,energy_supply,utilities,0.35,0,0.6,0.3,0.25,4.0,hardcoded: utilities supply dependency per country
IRN:utilities,IRN:consumer_goods,energy_supply,utilities,0.35,0,0.6,0.3,0.25,4.0,hardcoded: utilities supply dependency per country
IRN:oil,IRN:government,energy_supply,oil,0.35,0,0.6,0.3,0.25,4.0,hardcoded: oil supply dependency per country
IRN:oil,IRN:tourism,energy_supply,oil,0.35,0,0.6,0.3,0.25,4.0,hardcoded: oil supply dependency per country
IRN:oil,IRN:energy,energy_supply,oil,0.35,0,0.6,0.3,0.25,4.0,hardcoded: oil supply dependency per country
IRN:oil,IRN:agriculture,energy_supply,oil,0.35,0,0.6,0.3,0.25,4.0,hardcoded: oil supply dependency per country
IRN:oil,IRN:telecommunications,energy_supply,oil,0.35,0,0.6,0.3,0.25,4.0,hardcoded: oil supply dependency per country
IRN:oil,IRN:banking,energy_supply,oil,0.35,0,0.6,0.3,0.25,4.0,hardcoded: oil supply dependency per country
IRN:oil,IRN:consumer_goods,energy_supply,oil,0.35,0,0.6,0.3,0.25,4.0,hardcoded: oil supply dependency per country
IRN:gas,IRN:government,energy_supply,gas,0.35,0,0.6,0.3,0.25,4.0,hardcoded: gas supply dependency per country
IRN:gas,IRN:tourism,energy_supply,gas,0.35,0,0.6,0.3,0.25,4.0,hardcoded: gas supply dependency per country
IRN:gas,IRN:energy,energy_supply,gas,0.35,0,0.6,0.3,0.25,4.0,hardcoded: gas supply dependency per country
IRN:gas,IRN:agriculture,energy_supply,gas,0.35,0,0.6,0.3,0.25,4.0,hardcoded: gas supply dependency per country
IRN:gas,IRN:telecommunications,energy_supply,gas,0.35,0,0.6,0.3,0.25,4.0,hardcoded: gas supply dependency per country
IRN:gas,IRN:banking,energy_supply,gas,0.35,0,0.6,0.3,0.25,4.0,hardcoded: gas supply dependency per country
IRN:gas,IRN:consumer_goods,energy_supply,gas,0.35,0,0.6,0.3,0.25,4.0,hardcoded: gas supply dependency per country
IRN:telecommunications,IRN:government,telecom_backbone,telecommunications,0.2,0,0.4,0.5,0.3,2.0,hardcoded: telecom dependency per country
IRN:telecommunications,IRN:gas,telecom_backbone,telecommunications,0.2,0,0.4,0.5,0.3,2.0,hardcoded: telecom dependency per country
IRN:telecommunications,IRN:oil,telecom_backbone,telecommunications,0.2,0,0.4,0.5,0.3,2.0,hardcoded: telecom dependency per country
IRN:telecommunications,IRN:tourism,telecom_backbone,telecommunications,0.2,0,0.4,0.5,0.3,2.0,hardcoded: telecom dependency per country
IRN:telecommunications,IRN:energy,telecom_backbone,telecommunications,0.2,0,0.4,0.5,0.3,2.0,hardcoded: telecom dependency per country
IRN:telecommunications,IRN:agriculture,telecom_backbone,telecommunications,0.2,0,0.4,0.5,0.3,2.0,hardcoded: telecom dependency per country
IRN:telecommunications,IRN:utilities,telecom_backbone,telecommunications,0.2,0,0.4,0.5,0.3,2.0,hardcoded: telecom dependency per country
IRN:telecommunications,IRN:banking,telecom_backbone,telecommunications,0.2,0,0.4,0.5,0.3,2.0,hardcoded: telecom dependency per country
IRN:telecommunications,IRN:consumer_goods,telecom_backbone,telecommunications,0.2,0,0.4,0.5,0.3,2.0,hardcoded: telecom dependency per country
IRQ:banking,IRQ:government,credit,banking,0.4,0,0.5,0.4,0.3,6.0,hardcoded: bank-credit dependency per country
IRQ:banking,IRQ:oil,credit,banking,0.4,0,0.5,0.4,0.3,6.0,hardcoded: bank-credit dependency per country
IRQ:banking,IRQ:tourism,credit,banking,0.4,0,0.5,0.4,0.3,6.0,hardcoded: bank-credit dependency per country
IRQ:banking,IRQ:energy,credit,banking,0.4,0,0.5,0.4,0.3,6.0,hardcoded: bank-credit dependency per country
IRQ:banking,IRQ:agriculture,credit,banking,0.4,0,0.5,0.4,0.3,6.0,hardcoded: bank-credit dependency per country
IRQ:banking,IRQ:telecommunications,credit,banking,0.4,0,0.5,0.4,0.3,6.0,hardcoded: bank-credit dependency per country
IRQ:banking,IRQ:utilities,credit,banking,0.4,0,0.5,0.4,0.3,6.0,hardcoded: bank-credit dependency per country
IRQ:banking,IRQ:consumer_goods,credit,banking,0.4,0,0.5,0.4,0.3,6.0,hardcoded: bank-credit dependency per country
IRQ:utilities,IRQ:government,energy_supply,utilities,0.35,0,0.6,0.3,0.25,4.0,hardcoded: utilities supply dependency per country
IRQ:utilities,IRQ:tourism,energy_supply,utilities,0.35,0,0.6,0.3,0.25,4.0,hardcoded: utilities supply dependency per country
IRQ:utilities,IRQ:energy,energy_supply,utilities,0.35,0,0.6,0.3,0.25,4.0,hardcoded: utilities supply dependency per country
IRQ:utilities,IRQ:agriculture,energy_supply,utilities,0.35,0,0.6,0.3,0.25,4.0,hardcoded: utilities supply dependency per country
IRQ:utilities,IRQ:telecommunications,energy_supply,utilities,0.35,0,0.6,0.3,0.25,4.0,hardcoded: utilities supply dependency per country
IRQ:utilities,IRQ:banking,energy_supply,utilities,0.35,0,0.6,0.3,0.25,4.0,hardcoded: utilities supply dependency per country
IRQ:utilities,IRQ:consumer_goods,energy_supply,utilities,0.35,0,0.6,0.3,0.25,4.0,hardcoded: utilities supply dependency per country
IRQ:oil,IRQ:government,energy_supply,oil,0.35,0,0.6,0.3,0.25,4.0,hardcoded: oil supply dependency per country
IRQ:oil,IRQ:tourism,energy_supply,oil,0.35,0,0.6,0.3,0.25,4.0,hardcoded: oil supply dependency per country
IRQ:oil,IRQ:energy,energy_supply,oil,0.35,0,0.6,0.3,0.25,4.0,hardcoded: oil supply dependency per country
IRQ:oil,IRQ:agriculture,energy_supply,oil,0.35,0,0.6,0.3,0.25,4.0,hardcoded: oil supply dependency per country
IRQ:oil,IRQ:telecommunications,energy_supply,oil,0.35,0,0.6,0.3,0.25,4.0,hardcoded: oil supply dependency per country
IRQ:oil,IRQ:banking,energy_supply,oil,0.35,0,0.6,0.3,0.25,4.0,hardcoded: oil supply dependency per country
IRQ:oil,IRQ:consumer_goods,energy_supply,oil,0.35,0,0.6,0.3,0.25,4.0,hardcoded: oil supply dependency per country
IRQ:telecommunications,IRQ:government,telecom_backbone,telecommunications,0.2,0,0.4,0.5,0.3,2.0,hardcoded: telecom dependency per country
IRQ:telecommunications,IRQ:oil,telecom_backbone,telecommunications,0.2,0,0.4,0.5,0.3,2.0,hardcoded: telecom dependency per country
IRQ:telecommunications,IRQ:tourism,telecom_backbone,telecommunications,0.2,0,0.4,0.5,0.3,2.0,hardcoded: telecom dependency per country
IRQ:telecommunications,IRQ:energy,telecom_backbone,telecommunications,0.2,0,0.4,0.5,0.3,2.0,hardcoded: telecom dependency per country
IRQ:telecommunications,IRQ:agriculture,telecom_backbone,telecommunications,0.2,0,0.4,0.5,0.3,2.0,hardcoded: telecom dependency per country
IRQ:telecommunications,IRQ:utilities,telecom_backbone,telecommunications,0.2,0,0.4,0.5,0.3,2.0,hardcoded: telecom dependency per country
IRQ:telecommunications,IRQ:banking,telecom_backbone,telecommunications,0.2,0,0.4,0.5,0.3,2.0,hardcoded: telecom dependency per country
IRQ:telecommunications,IRQ:consumer_goods,telecom_backbone,telecommunications,0.2,0,0.4,0.5,0.3,2.0,hardcoded: telecom dependency per country
ISR:banking,ISR:government,credit,banking,0.4,0,0.5,0.4,0.3,6.0,hardcoded: bank-credit dependency per country
ISR:banking,ISR:tourism,credit,banking,0.4,0,0.5,0.4,0.3,6.0,hardcoded: bank-credit dependency per country
ISR:banking,ISR:agriculture,credit,banking,0.4,0,0.5,0.4,0.3,6.0,hardcoded: bank-credit dependency per country
ISR:banking,ISR:semiconductors,credit,banking,0.4,0,0.5,0.4,0.3,6.0,hardcoded: bank-credit dependency per country
ISR:banking,ISR:telecommunications,credit,banking,0.4,0,0.5,0.4,0.3,6.0,hardcoded: bank-credit dependency per country
ISR:banking,ISR:utilities,credit,banking,0.4,0,0.5,0.4,0.3,6.0,hardcoded: bank-credit dependency per country
ISR:banking,ISR:aerospace,credit,banking,0.4,0,0.5,0.4,0.3,6.0,hardcoded: bank-credit dependency per country
ISR:banking,ISR:consumer_goods,credit,banking,0.4,0,0.5,0.4,0.3,6.0,hardcoded: bank-credit dependency per country
ISR:utilities,ISR:government,energy_supply,utilities,0.35,0,0.6,0.3,0.25,4.0,hardcoded: utilities supply dependency per country
ISR:utilities,ISR:tourism,energy_supply,utilities,0.35,0,0.6,0.3,0.25,4.0,hardcoded: utilities supply dependency per country
ISR:utilities,ISR:agriculture,energy_supply,utilities,0.35,0,0.6,0.3,0.25,4.0,hardcoded: utilities supply dependency per country
ISR:utilities,ISR:semiconductors,energy_supply,utilities,0.35,0,0.6,0.3,0.25,4.0,hardcoded: utilities supply dependency per country
ISR:utilities,ISR:telecommunications,energy_supply,utilities,0.35,0,0.6,0.3,0.25,4.0,hardcoded: utilities supply dependency per country
ISR:utilities,ISR:banking,energy_supply,utilities,0.35,0,0.6,0.3,0.25,4.0,hardcoded: utilities supply dependency per country
ISR:utilities,ISR:aerospace,energy_supply,utilities,0.35,0,0.6,0.3,0.25,4.0,hardcoded: utilities supply dependency per country
ISR:utilities,ISR:consumer_goods,energy_supply,utilities,0.35,0,0.6,0.3,0.25,4.0,hardcoded: utilities supply dependency per country
ISR:telecommunications,ISR:government,telecom_backbone,telecommunications,0.2,0,0.4,0.5,0.3,2.0,hardcoded: telecom dependency per country
ISR:telecommunications,ISR:tourism,telecom_backbone,telecommunications,0.2,0,0.4,0.5,0.3,2.0,hardcoded: telecom dependency per country
ISR:telecommunications,ISR:agriculture,telecom_backbone,telecommunications,0.2,0,0.4,0.5,0.3,2.0,hardcoded: telecom dependency per country
ISR:telecommunications,ISR:semiconductors,telecom_backbone,telecommunications,0.2,0,0.4,0.5,0.3,2.0,hardcoded: telecom dependency per country
ISR:telecommunications,ISR:utilities,telecom_backbone,telecommunications,0.2,0,0.4,0.5,0.3,2.0,hardcoded: telecom dependency per country
ISR:telecommunications,ISR:banking,telecom_backbone,telecommunications,0.2,0,0.4,0.5,0.3,2.0,hardcoded: telecom dependency per country
ISR:telecommunications,ISR:aerospace,telecom_backbone,telecommunications,0.2,0,0.4,0.5,0.3,2.0,hardcoded: telecom dependency per country
ISR:telecommunications,ISR:consumer_goods,telecom_backbone,telecommunications,0.2,0,0.4,0.5,0.3,2.0,hardcoded: telecom dependency per country
ITA:banking,ITA:government,credit,banking,0.4,0,0.5,0.4,0.3,6.0,hardcoded: bank-credit dependency per country
ITA:banking,ITA:aviation,credit,banking,0.4,0,0.5,0.4,0.3,6.0,hardcoded: bank-credit dependency per country
ITA:banking,ITA:tourism,credit,banking,0.4,0,0.5,0.4,0.3,6.0,hardcoded: bank-credit dependency per country
ITA:banking,ITA:agriculture,credit,banking,0.4,0,0.5,0.4,0.3,6.0,hardcoded: bank-credit dependency per country
ITA:banking,ITA:telecommunications,credit,banking,0.4,0,0.5,0.4,0.3,6.0,hardcoded: bank-credit dependency per country
ITA:banking,ITA:utilities,credit,banking,0.4,0,0.5,0.4,0.3,6.0,hardcoded: bank-credit dependency per country
ITA:banking,ITA:automotive,credit,banking,0.4,0,0.5,0.4,0.3,6.0,hardcoded: bank-credit dependency per country
ITA:banking,ITA:consumer_goods,credit,banking,0.4,0,0.5,0.4,0.3,6.0,hardcoded: bank-credit dependency per country
ITA:utilities,ITA:government,energy_supply,utilities,0.35,0,0.6,0.3,0.25,4.0,hardcoded: utilities supply dependency per country
ITA:utilities,ITA:aviation,energy_supply,utilities,0.35,0,0.6,0.3,0.25,4.0,hardcoded: utilities supply dependency per country
ITA:utilities,ITA:insurance,energy_supply,utilities,0.35,0,0.6,0.3,0.25,4.0,hardcoded: utilities supply dependency per country
ITA:utilities,ITA:tourism,energy_supply,utilities,0.35,0,0.6,0.3,0.25,4.0,hardcoded: utilities supply dependency per country
ITA:utilities,ITA:agriculture,energy_supply,utilities,0.35,0,0.6,0.3,0.25,4.0,hardcoded: utilities supply dependency per country
ITA:utilities,ITA:banking,energy_supply,utilities,0.35,0,0.6,0.3,0.25,4.0,hardcoded: utilities supply dependency per country
ITA:utilities,ITA:telecommunications,energy_supply,utilities,0.35,0,0.6,0.3,0.25,4.0,hardcoded: utilities supply dependency per country
ITA:utilities,ITA:automotive,energy_supply,utilities,0.35,0,0.6,0.3,0.25,4.0,hardcoded: utilities supply dependency per country
ITA:utilities,ITA:consumer_goods,energy_supply,utilities,0.35,0,0.6,0.3,0.25,4.0,hardcoded: utilities supply dependency per country
ITA:telecommunications,ITA:government,telecom_backbone,telecommunications,0.2,0,0.4,0.5,0.3,2.0,hardcoded: telecom dependency per country
ITA:telecommunications,ITA:aviation,telecom_backbone,telecommunications,0.2,0,0.4,0.5,0.3,2.0,hardcoded: telecom dependency per country
ITA:telecommunications,ITA:insurance,telecom_backbone,telecommunications,0.2,0,0.4,0.5,0.3,2.0,hardcoded: telecom dependency per country
ITA:telecommunications,ITA:tourism,telecom_backbone,telecommunications,0.2,0,0.4,0.5,0.3,2.0,hardcoded: telecom dependency per country
ITA:telecommunications,ITA:agriculture,telecom_backbone,telecommunications,0.2,0,0.4,0.5,0.3,2.0,hardcoded: telecom dependency per country
ITA:telecommunications,ITA:banking,telecom_backbone,telecommunications,0.2,0,0.4,0.5,0.3,2.0,hardcoded: telecom dependency per country
ITA:telecommunications,ITA:utilities,telecom_backbone,telecommunications,0.2,0,0.4,0.5,0.3,2.0,hardcoded: telecom dependency per country
ITA:telecommunications,ITA:automotive,telecom_backbone,telecommunications,0.2,0,0.4,0.5,0.3,2.0,hardcoded: telecom dependency per country
ITA:telecommunications,ITA:consumer_goods,telecom_backbone,telecommunications,0.2,0,0.4,0.5,0.3,2.0,hardcoded: telecom dependency per country
JOR:banking,JOR:government,credit,banking,0.4,0,0.5,0.4,0.3,6.0,hardcoded: bank-credit dependency per country
JOR:banking,JOR:tourism,credit,banking,0.4,0,0.5,0.4,0.3,6.0,hardcoded: bank-credit dependency per country
JOR:banking,JOR:agriculture,credit,banking,0.4,0,0.5,0.4,0.3,6.0,hardcoded: bank-credit dependency per country
JOR:banking,JOR:telecommunications,credit,banking,0.4,0,0.5,0.4,0.3,6.0,hardcoded: bank-credit dependency per country
JOR:banking,JOR:utilities,credit,banking,0.4,0,0.5,0.4,0.3,6.0,hardcoded: bank-credit dependency per country
JOR:banking,JOR:consumer_goods,credit,banking,0.4,0,0.5,0.4,0.3,6.0,hardcoded: bank-credit dependency per country
JOR:utilities,JOR:government,energy_supply,utilities,0.35,0,0.6,0.3,0.25,4.0,hardcoded: utilities supply dependency per country
JOR:utilities,JOR:tourism,energy_supply,utilities,0.35,0,0.6,0.3,0.25,4.0,hardcoded: utilities supply dependency per country
JOR:utilities,JOR:agriculture,energy_supply,utilities,0.35,0,0.6,0.3,0.25,4.0,hardcoded: utilities supply dependency per country
JOR:utilities,JOR:telecommunications,energy_supply,utilities,0.35,0,0.6,0.3,0.25,4.0,hardcoded: utilities supply dependency per country
JOR:utilities,JOR:banking,energy_supply,utilities,0.35,0,0.6,0.3,0.25,4.0,hardcoded: utilities supply dependency per country
JOR:utilities,JOR:consumer_goods,energy_supply,utilities,0.35,0,0.6,0.3,0.25,4.0,hardcoded: utilities supply dependency per country
JOR:telecommunications,JOR:government,telecom_backbone,telecommunications,0.2,0,0.4,0.5,0.3,2.0,hardcoded: telecom dependency per country
JOR:telecommunications,JOR:tourism,telecom_backbone,telecommunications,0.2,0,0.4,0.5,0.3,2.0,hardcoded: telecom dependency per country
JOR:telecommunications,JOR:agriculture,telecom_backbone,telecommunications,0.2,0,0.4,0.5,0.3,2.0,hardcoded: telecom dependency per country
JOR:telecommunications,JOR:utilities,telecom_backbone,telecommunications,0.2,0,0.4,0.5,0.3,2.0,hardcoded: telecom dependency per country
JOR:telecommunications,JOR:banking,telecom_backbone,telecommunications,0.2,0,0.4,0.5,0.3,2.0,hardcoded: telecom dependency per country
JOR:telecommunications,JOR:consumer_goods,telecom_backbone,telecommunications,0.2,0,0.4,0.5,0.3,2.0,hardcoded: telecom dependency per country
JPN:banking,JPN:government,credit,banking,0.4,0,0.5,0.4,0.3,6.0,hardcoded: bank-credit dependency per country
JPN:banking,JPN:electronics,credit,banking,0.4,0,0.5,0.4,0.3,6.0,hardcoded: bank-credit dependency per country
JPN:banking,JPN:aviation,credit,banking,0.4,0,0.5,0.4,0.3,6.0,hardcoded: bank-credit dependency per country
JPN:banking,JPN:shipping,credit,banking,0.4,0,0.5,0.4,0.3,6.0,hardcoded: bank-credit dependency per country
JPN:banking,JPN:tourism,credit,banking,0.4,0,0.5,0.4,0.3,6.0,hardcoded: bank-credit dependency per country
JPN:banking,JPN:agriculture,credit,banking,0.4,0,0.5,0.4,0.3,6.0,hardcoded: bank-credit dependency per country
JPN:banking,JPN:ports,credit,banking,0.4,0,0.5,0.4,0.3,6.0,hardcoded: bank-credit dependency per country
JPN:banking,JPN:semiconductors,credit,banking,0.4,0,0.5,0.4,0.3,6.0,hardcoded: bank-credit dependency per country
JPN:banking,JPN:automotive,credit,banking,0.4,0,0.5,0.4,0.3,6.0,hardcoded: bank-credit dependency per country
JPN:banking,JPN:aerospace,credit,banking,0.4,0,0.5,0.4,0.3,6.0,hardcoded: bank-credit dependency per country
JPN:banking,JPN:telecommunications,credit,banking,0.4,0,0.5,0.4,0.3,6.0,hardcoded: bank-credit dependency per country
JPN:banking,JPN:utilities,credit,banking,0.4,0,0.5,0.4,0.3,6.0,hardcoded: bank-credit dependency per country
JPN:banking,JPN:consumer_goods,credit,banking,0.4,0,0.5,0.4,0.3,6.0,hardcoded: bank-credit dependency per country
JPN:utilities,JPN:government,energy_supply,utilities,0.35,0,0.6,0.3,0.25,4.0,hardcoded: utilities supply dependency per country
JPN:utilities,JPN:electronics,energy_supply,utilities,0.35,0,0.6,0.3,0.25,4.0,hardcoded: utilities supply dependency per country
JPN:utilities,JPN:aviation,energy_supply,utilities,0.35,0,0.6,0.3,0.25,4.0,hardcoded: utilities supply dependency per country
JPN:utilities,JPN:insurance,energy_supply,utilities,0.35,0,0.6,0.3,0.25,4.0,hardcoded: utilities supply dependency per country
JPN:utilities,JPN:capital_markets,energy_supply,utilities,0.35,0,0.6,0.3,0.25,4.0,hardcoded: utilities supply dependency per country
JPN:utilities,JPN:shipping,energy_supply,utilities,0.35,0,0.6,0.3,0.25,4.0,hardcoded: utilities supply dependency per country
JPN:utilities,JPN:tourism,energy_supply,utilities,0.35,0,0.6,0.3,0.25,4.0,hardcoded: utilities supply dependency per country
JPN:utilities,JPN:agriculture,energy_supply,utilities,0.35,0,0.6,0.3,0.25,4.0,hardcoded: utilities supply dependency per country
JPN:utilities,JPN:banking,energy_supply,utilities,0.35,0,0.6,0.3,0.25,4.0,hardcoded: utilities supply dependency per country
JPN:utilities,JPN:ports,energy_supply,utilities,0.35,0,0.6,0.3,0.25,4.0,hardcoded: utilities supply dependency per country
JPN:utilities,JPN:semiconductors,energy_supply,utilities,0.35,0,0.6,0.3,0.25,4.0,hardcoded: utilities supply dependency per country
JPN:utilities,JPN:automotive,energy_supply,utilities,0.35,0,0.6,0.3,0.25,4.0,hardcoded: utilities supply dependency per country
JPN:utilities,JPN:aerospace,energy_supply,utilities,0.35,0,0.6,0.3,0.25,4.0,hardcoded: utilities supply dependency per country
JPN:utilities,JPN:telecommunications,energy_supply,utilities,0.35,0,0.6,0.3,0.25,4.0,hardcoded: utilities supply dependency per country
JPN:utilities,JPN:consumer_goods,energy_supply,utilities,0.35,0,0.6,0.3,0.25,4.0,hardcoded: utilities supply dependency per country
JPN:telecommunications,JPN:government,telecom_backbone,telecommunications,0.2,0,0.4,0.5,0.3,2.0,hardcoded: telecom dependency per country
JPN:telecommunications,JPN:electronics,telecom_backbone,telecommunications,0.2,0,0.4,0.5,0.3,2.0,hardcoded: telecom dependency per country
JPN:telecommunications,JPN:aviation,telecom_backbone,telecommunications,0.2,0,0.4,0.5,0.3,2.0,hardcoded: telecom dependency per country
JPN:telecommunications,JPN:insurance,telecom_backbone,telecommunications,0.2,0,0.4,0.5,0.3,2.0,hardcoded: telecom dependency per country
JPN:telecommunications,JPN:capital_markets,telecom_backbone,telecommunications,0.2,0,0.4,0.5,0.3,2.0,hardcoded: telecom dependency per country
JPN:telecommunications,JPN:shipping,telecom_backbone,telecommunications,0.2,0,0.4,0.5,0.3,2.0,hardcoded: telecom dependency per country
JPN:telecommunications,JPN:tourism,telecom_backbone,telecommunications,0.2,0,0.4,0.5,0.3,2.0,hardcoded: telecom dependency per country
JPN:telecommunications,JPN:agriculture,telecom_backbone,telecommunications,0.2,0,0.4,0.5,0.3,2.0,hardcoded: telecom dependency per country
JPN:telecommunications,JPN:banking,telecom_backbone,telecommunications,0.2,0,0.4,0.5,0.3,2.0,hardcoded: telecom dependency per country
JPN:telecommunications,JPN:ports,telecom_backbone,telecommunications,0.2,0,0.4,0.5,0.3,2.0,hardcoded: telecom dependency per country
JPN:telecommunications,JPN:semiconductors,telecom_backbone,telecommunications,0.2,0,0.4,0.5,0.3,2.0,hardcoded: telecom dependency per country
JPN:telecommunications,JPN:automotive,telecom_backbone,telecommunications,0.2,0,0.4,0.5,0.3,2.0,hardcoded: telecom dependency per country
JPN:telecommunications,JPN:aerospace,telecom_backbone,telecommunications,0.2,0,0.4,0.5,0.3,2.0,hardcoded: telecom dependency per country
JPN:telecommunications,JPN:utilities,telecom_backbone,telecommunications,0.2,0,0.4,0.5,0.3,2.0,hardcoded: telecom dependency per country
JPN:telecommunications,JPN:consumer_goods,telecom_backbone,telecommunications,0.2,0,0.4,0.5,0.3,2.0,hardcoded: telecom dependency per country
KEN:banking,KEN:government,credit,banking,0.4,0,0.5,0.4,0.3,6.0,hardcoded: bank-credit dependency per country
KEN:banking,KEN:tourism,credit,banking,0.4,0,0.5,0.4,0.3,6.0,hardcoded: bank-credit dependency per country
KEN:banking,KEN:agriculture,credit,banking,0.4,0,0.5,0.4,0.3,6.0,hardcoded: bank-credit dependency per country
KEN:banking,KEN:telecommunications,credit,banking,0.4,0,0.5,0.4,0.3,6.0,hardcoded: bank-credit dependency per country
KEN:banking,KEN:utilities,credit,banking,0.4,0,0.5,0.4,0.3,6.0,hardcoded: bank-credit dependency per country
KEN:banking,KEN:consumer_goods,credit,banking,0.4,0,0.5,0.4,0.3,6.0,hardcoded: bank-credit dependency per country
KEN:utilities,KEN:government,energy_supply,utilities,0.35,0,0.6,0.3,0.25,4.0,hardcoded: utilities supply dependency per country
KEN:utilities,KEN:tourism,energy_supply,utilities,0.35,0,0.6,0.3,0.25,4.0,hardcoded: utilities supply dependency per country
KEN:utilities,KEN:agriculture,energy_supply,utilities,0.35,0,0.6,0.3,0.25,4.0,hardcoded: utilities supply dependency per country
KEN:utilities,KEN:telecommunications,energy_supply,utilities,0.35,0,0.6,0.3,0.25,4.0,hardcoded: utilities supply dependency per country
KEN:utilities,KEN:banking,energy_supply,utilities,0.35,0,0.6,0.3,0.25,4.0,hardcoded: utilities supply dependency per country
KEN:utilities,KEN:consumer_goods,energy_supply,utilities,0.35,0,0.6,0.3,0.25,4.0,hardcoded: utilities supply dependency per country
KEN:telecommunications,KEN:government,telecom_backbone,telecommunications,0.2,0,0.4,0.5,0.3,2.0,hardcoded: telecom dependency per country
KEN:telecommunications,KEN:tourism,telecom_backbone,telecommunications,0.2,0,0.4,0.5,0.3,2.0,hardcoded: telecom dependency per country
KEN:telecommunications,KEN:agriculture,telecom_backbone,telecommunications,0.2,0,0.4,0.5,0.3,2.0,hardcoded: telecom dependency per country
KEN:telecommunications,KEN:utilities,telecom_backbone,telecommunications,0.2,0,0.4,0.5,0.3,2.0,hardcoded: telecom dependency per country
KEN:telecommunications,KEN:banking,telecom_backbone,telecommunications,0.2,0,0.4,0.5,0.3,2.0,hardcoded: telecom dependency per country
KEN:telecommunications,KEN:consumer_goods,telecom_backbone,telecommunications,0.2,0,0.4,0.5,0.3,2.0,hardcoded: telecom dependency per country
KOR:banking,KOR:government,credit,banking,0.4,0,0.5,0.4,0.3,6.0,hardcoded: bank-credit dependency per country
KOR:banking,KOR:electronics,credit,banking,0.4,0,0.5,0.4,0.3,6.0,hardcoded: bank-credit dependency per country
KOR:banking,KOR:aviation,credit,banking,0.4,0,0.5,0.4,0.3,6.0,hardcoded: bank-credit dependency per country
KOR:banking,KOR:shipping,credit,banking,0.4,0,0.5,0.4,0.3,6.0,hardcoded: bank-credit dependency per country
KOR:banking,KOR:tourism,credit,banking,0.4,0,0.5,0.4,0.3,6.0,hardcoded: bank-credit dependency per country
KOR:banking,KOR:agriculture,credit,banking,0.4,0,0.5,0.4,0.3,6.0,hardcoded: bank-credit dependency per country
KOR:banking,KOR:ports,credit,banking,0.4,0,0.5,0.4,0.3,6.0,hardcoded: bank-credit dependency per country
KOR:banking,KOR:semiconductors,credit,banking,0.4,0,0.5,0.4,0.3,6.0,hardcoded: bank-credit dependency per country
KOR:banking,KOR:automotive,credit,banking,0.4,0,0.5,0.4,0.3,6.0,hardcoded: bank-credit dependency per country
KOR:banking,KOR:telecommunications,credit,banking,0.4,0,0.5,0.4,0.3,6.0,hardcoded: bank-credit dependency per country
KOR:banking,KOR:utilities,credit,banking,0.4,0,0.5,0.4,0.3,6.0,hardcoded: bank-credit dependency per country
KOR:banking,KOR:consumer_goods,credit,banking,0.4,0,0.5,0.4,0.3,6.0,hardcoded: bank-credit dependency per country
KOR:utilities,KOR:government,energy_supply,utilities,0.35,0,0.6,0.3,0.25,4.0,hardcoded: utilities supply dependency per country
KOR:utilities,KOR:electronics,energy_supply,utilities,0.35,0,0.6,0.3,0.25,4.0,hardcoded: utilities supply dependency per country
KOR:utilities,KOR:aviation,energy_supply,utilities,0.35,0,0.6,0.3,0.25,4.0,hardcoded: utilities supply dependency per country
KOR:utilities,KOR:insurance,energy_supply,utilities,0.35,0,0.6,0.3,0.25,4.0,hardcoded: utilities supply dependency per country
KOR:utilities,KOR:shipping,energy_supply,utilities,0.35,0,0.6,0.3,0.25,4.0,hardcoded: utilities supply dependency per country
KOR:utilities,KOR:tourism,energy_supply,utilities,0.35,0,0.6,0.3,0.25,4.0,hardcoded: utilities supply dependency per country
KOR:utilities,KOR:agriculture,energy_supply,utilities,0.35,0,0.6,0.3,0.25,4.0,hardcoded: utilities supply dependency per country
KOR:utilities,KOR:banking,energy_supply,utilities,0.35,0,0.6,0.3,0.25,4.0,hardcoded: utilities supply dependency per country
KOR:utilities,KOR:ports,energy_supply,utilities,0.35,0,0.6,0.3,0.25,4.0,hardcoded: utilities supply dependency per country
KOR:utilities,KOR:semiconductors,energy_supply,utilities,0.35,0,0.6,0.3,0.25,4.0,hardcoded: utilities supply dependency per country
KOR:utilities,KOR:automotive,energy_supply,utilities,0.35,0,0.6,0.3,0.25,4.0,hardcoded: utilities supply dependency per country
KOR:utilities,KOR:telecommunications,energy_supply,utilities,0.35,0,0.6,0.3,0.25,4.0,hardcoded: utilities supply dependency per country
KOR:utilities,KOR:consumer_goods,energy_supply,utilities,0.35,0,0.6,0.3,0.25,4.0,hardcoded: utilities supply dependency per country
KOR:telecommunications,KOR:government,telecom_backbone,telecommunications,0.2,0,0.4,0.5,0.3,2.0,hardcoded: telecom dependency per country
KOR:telecommunications,KOR:electronics,telecom_backbone,telecommunications,0.2,0,0.4,0.5,0.3,2.0,hardcoded: telecom dependency per country
KOR:telecommunications,KOR:aviation,telecom_backbone,telecommunications,0.2,0,0.4,0.5,0.3,2.0,hardcoded: telecom dependency per country
KOR:telecommunications,KOR:insurance,telecom_backbone,telecommunications,0.2,0,0.4,0.5,0.3,2.0,hardcoded: telecom dependency per country
KOR:telecommunications,KOR:shipping,telecom_backbone,telecommunications,0.2,0,0.4,0.5,0.3,2.0,hardcoded: telecom dependency per country
KOR:telecommunications,KOR:tourism,telecom_backbone,telecommunications,0.2,0,0.4,0.5,0.3,2.0,hardcoded: telecom dependency per country
KOR:telecommunications,KOR:agriculture,telecom_backbone,telecommunications,0.2,0,0.4,0.5,0.3,2.0,hardcoded: telecom dependency per country
KOR:telecommunications,KOR:banking,telecom_backbone,telecommunications,0.2,0,0.4,0.5,0.3,2.0,hardcoded: telecom dependency per country
KOR:telecommunications,KOR:ports,telecom_backbone,telecommunications,0.2,0,0.4,0.5,0.3,2.0,hardcoded: telecom dependency per country
KOR:telecommunications,KOR:semiconductors,telecom_backbone,telecommunications,0.2,0,0.4,0.5,0.3,2.0,hardcoded: telecom dependency per country
KOR:telecommunications,KOR:automotive,telecom_backbone,telecommunications,0.2,0,0.4,0.5,0.3,2.0,hardcoded: telecom dependency per country
KOR:telecommunications,KOR:utilities,telecom_backbone,telecommunications,0.2,0,0.4,0.5,0.3,2.0,hardcoded: telecom dependency per country
KOR:telecommunications,KOR:consumer_goods,telecom_backbone,telecommunications,0.2,0,0.4,0.5,0.3,2.0,hardcoded: telecom dependency per country
LBN:banking,LBN:government,credit,banking,0.4,0,0.5,0.4,0.3,6.0,hardcoded: bank-credit dependency per country
LBN:banking,LBN:tourism,credit,banking,0.4,0,0.5,0.4,0.3,6.0,hardcoded: bank-credit dependency per country
LBN:banking,LBN:agriculture,credit,banking,0.4,0,0.5,0.4,0.3,6.0,hardcoded: bank-credit dependency per country
LBN:banking,LBN:telecommunications,credit,banking,0.4,0,0.5,0.4,0.3,6.0,hardcoded: bank-credit dependency per country
LBN:banking,LBN:utilities,credit,banking,0.4,0,0.5,0.4,0.3,6.0,hardcoded: bank-credit dependency per country
LBN:banking,LBN:consumer_goods,credit,banking,0.4,0,0.5,0.4,0.3,6.0,hardcoded: bank-credit dependency per country
LBN:utilities,LBN:government,energy_supply,utilities,0.35,0,0.6,0.3,0.25,4.0,hardcoded: utilities supply dependency per country
LBN:utilities,LBN:tourism,energy_supply,utilities,0.35,0,0.6,0.3,0.25,4.0,hardcoded: utilities supply dependency per country
LBN:utilities,LBN:agriculture,energy_supply,utilities,0.35,0,0.6,0.3,0.25,4.0,hardcoded: utilities supply dependency per country
LBN:utilities,LBN:telecommunications,energy_supply,utilities,0.35,0,0.6,0.3,0.25,4.0,hardcoded: utilities supply dependency per country
LBN:utilities,LBN:banking,energy_supply,utilities,0.35,0,0.6,0.3,0.25,4.0,hardcoded: utilities supply dependency per country
LBN:utilities,LBN:consumer_goods,energy_supply,utilities,0.35,0,0.6,0.3,0.25,4.0,hardcoded: utilities supply dependency per country
LBN:telecommunications,LBN:government,telecom_backbone,telecommunications,0.2,0,0.4,0.5,0.3,2.0,hardcoded: telecom dependency per country
LBN:telecommunications,LBN:tourism,telecom_backbone,telecommunications,0.2,0,0.4,0.5,0.3,2.0,hardcoded: telecom dependency per country
LBN:telecommunications,LBN:agriculture,telecom_backbone,telecommunications,0.2,0,0.4,0.5,0.3,2.0,hardcoded: telecom dependency per country
LBN:telecommunications,LBN:utilities,telecom_backbone,telecommunications,0.2,0,0.4,0.5,0.3,2.0,hardcoded: telecom dependency per country
LBN:telecommunications,LBN:banking,telecom_backbone,telecommunications,0.2,0,0.4,0.5,0.3,2.0,hardcoded: telecom dependency per country
LBN:telecommunications,LBN:consumer_goods,telecom_backbone,telecommunications,0.2,0,0.4,0.5,0.3,2.0,hardcoded: telecom dependency per country
LBY:banking,LBY:government,credit,banking,0.4,0,0.5,0.4,0.3,6.0,hardcoded: bank-credit dependency per country
LBY:banking,LBY:oil,credit,banking,0.4,0,0.5,0.4,0.3,6.0,hardcoded: bank-credit dependency per country
LBY:banking,LBY:tourism,credit,banking,0.4,0,0.5,0.4,0.3,6.0,hardcoded: bank-credit dependency per country
LBY:banking,LBY:energy,credit,banking,0.4,0,0.5,0.4,0.3,6.0,hardcoded: bank-credit dependency per country
LBY:banking,LBY:agriculture,credit,banking,0.4,0,0.5,0.4,0.3,6.0,hardcoded: bank-credit dependency per country
LBY:banking,LBY:telecommunications,credit,banking,0.4,0,0.5,0.4,0.3,6.0,hardcoded: bank-credit dependency per country
LBY:banking,LBY:utilities,credit,banking,0.4,0,0.5,0.4,0.3,6.0,hardcoded: bank-credit dependency per country
LBY:banking,LBY:consumer_goods,credit,banking,0.4,0,0.5,0.4,0.3,6.0,hardcoded: bank-credit dependency per country
LBY:utilities,LBY:government,energy_supply,utilities,0.35,0,0.6,0.3,0.25,4.0,hardcoded: utilities supply dependency per country
LBY:utilities,LBY:tourism,energy_supply,utilities,0.35,0,0.6,0.3,0.25,4.0,hardcoded: utilities supply dependency per country
LBY:utilities,LBY:energy,energy_supply,utilities,0.35,0,0.6,0.3,0.25,4.0,hardcoded: utilities supply dependency per country
LBY:utilities,LBY:agriculture,energy_supply,utilities,0.35,0,0.6,0.3,0.25,4.0,hardcoded: utilities supply dependency per country
LBY:utilities,LBY:telecommunications,energy_supply,utilities,0.35,0,0.6,0.3,0.25,4.0,hardcoded: utilities supply dependency per country
LBY:utilities,LBY:banking,energy_supply,utilities,0.35,0,0.6,0.3,0.25,4.0,hardcoded: utilities supply dependency per country
LBY:utilities,LBY:consumer_goods,energy_supply,utilities,0.35,0,0.6,0.3,0.25,4.0,hardcoded: utilities supply dependency per country
LBY:oil,LBY:government,energy_supply,oil,0.35,0,0.6,0.3,0.25,4.0,hardcoded: oil supply dependency per country
LBY:oil,LBY:tourism,energy_supply,oil,0.35,0,0.6,0.3,0.25,4.0,hardcoded: oil supply dependency per country
LBY:oil,LBY:energy,energy_supply,oil,0.35,0,0.6,0.3,0.25,4.0,hardcoded: oil supply dependency per country
LBY:oil,LBY:agriculture,energy_supply,oil,0.35,0,0.6,0.3,0.25,4.0,hardcoded: oil supply dependency per country
LBY:oil,LBY:telecommunications,energy_supply,oil,0.35,0,0.6,0.3,0.25,4.0,hardcoded: oil supply dependency per country
LBY:oil,LBY:banking,energy_supply,oil,0.35,0,0.6,0.3,0.25,4.0,hardcoded: oil supply dependency per country
LBY:oil,LBY:consumer_goods,energy_supply,oil,0.35,0,0.6,0.3,0.25,4.0,hardcoded: oil supply dependency per country
LBY:telecommunications,LBY:government,telecom_backbone,telecommunications,0.2,0,0.4,0.5,0.3,2.0,hardcoded: telecom dependency per country
LBY:telecommunications,LBY:oil,telecom_backbone,telecommunications,0.2,0,0.4,0.5,0.3,2.0,hardcoded: telecom dependency per country
LBY:telecommunications,LBY:tourism,telecom_backbone,telecommunications,0.2,0,0.4,0.5,0.3,2.0,hardcoded: telecom dependency per country
LBY:telecommunications,LBY:energy,telecom_backbone,telecommunications,0.2,0,0.4,0.5,0.3,2.0,hardcoded: telecom dependency per country
LBY:telecommunications,LBY:agriculture,telecom_backbone,telecommunications,0.2,0,0.4,0.5,0.3,2.0,hardcoded: telecom dependency per country
LBY:telecommunications,LBY:utilities,telecom_backbone,telecommunications,0.2,0,0.4,0.5,0.3,2.0,hardcoded: telecom dependency per country
LBY:telecommunications,LBY:banking,telecom_backbone,telecommunications,0.2,0,0.4,0.5,0.3,2.0,hardcoded: telecom dependency per country
LBY:telecommunications,LBY:consumer_goods,telecom_backbone,telecommunications,0.2,0,0.4,0.5,0.3,2.0,hardcoded: telecom dependency per country
LKA:banking,LKA:government,credit,banking,0.4,0,0.5,0.4,0.3,6.0,hardcoded: bank-credit dependency per country
LKA:banking,LKA:tourism,credit,banking,0.4,0,0.5,0.4,0.3,6.0,hardcoded: bank-credit dependency per country
LKA:banking,LKA:agriculture,credit,banking,0.4,0,0.5,0.4,0.3,6.0,hardcoded: bank-credit dependency per country
LKA:banking,LKA:telecommunications,credit,banking,0.4,0,0.5,0.4,0.3,6.0,hardcoded: bank-credit dependency per country
LKA:banking,LKA:utilities,credit,banking,0.4,0,0.5,0.4,0.3,6.0,hardcoded: bank-credit dependency per country
LKA:banking,LKA:consumer_goods,credit,banking,0.4,0,0.5,0.4,0.3,6.0,hardcoded: bank-credit dependency per country
LKA:utilities,LKA:government,energy_supply,utilities,0.35,0,0.6,0.3,0.25,4.0,hardcoded: utilities supply dependency per country
LKA:utilities,LKA:tourism,energy_supply,utilities,0.35,0,0.6,0.3,0.25,4.0,hardcoded: utilities supply dependency per country
LKA:utilities,LKA:agriculture,energy_supply,utilities,0.35,0,0.6,0.3,0.25,4.0,hardcoded: utilities supply dependency per country
LKA:utilities,LKA:telecommunications,energy_supply,utilities,0.35,0,0.6,0.3,0.25,4.0,hardcoded: utilities supply dependency per country
LKA:utilities,LKA:banking,energy_supply,utilities,0.35,0,0.6,0.3,0.25,4.0,hardcoded: utilities supply dependency per country
LKA:utilities,LKA:consumer_goods,energy_supply,utilities,0.35,0,0.6,0.3,0.25,4.0,hardcoded: utilities supply dependency per country
LKA:telecommunications,LKA:government,telecom_backbone,telecommunications,0.2,0,0.4,0.5,0.3,2.0,hardcoded: telecom dependency per country
LKA:telecommunications,LKA:tourism,telecom_backbone,telecommunications,0.2,0,0.4,0.5,0.3,2.0,hardcoded: telecom dependency per country
LKA:telecommunications,LKA:agriculture,telecom_backbone,telecommunications,0.2,0,0.4,0.5,0.3,2.0,hardcoded: telecom dependency per country
LKA:telecommunications,LKA:utilities,telecom_backbone,telecommunications,0.2,0,0.4,0.5,0.3,2.0,hardcoded: telecom dependency per country
LKA:telecommunications,LKA:banking,telecom_backbone,telecommunications,0.2,0,0.4,0.5,0.3,2.0,hardcoded: telecom dependency per country
LKA:telecommunications,LKA:consumer_goods,telecom_backbone,telecommunications,0.2,0,0.4,0.5,0.3,2.0,hardcoded: telecom dependency per country
MDV:banking,MDV:government,credit,banking,0.4,0,0.5,0.4,0.3,6.0,hardcoded: bank-credit dependency per country
MDV:banking,MDV:tourism,credit,banking,0.4,0,0.5,0.4,0.3,6.0,hardcoded: bank-credit dependency per country
MDV:banking,MDV:agriculture,credit,banking,0.4,0,0.5,0.4,0.3,6.0,hardcoded: bank-credit dependency per country
MDV:banking,MDV:telecommunications,credit,banking,0.4,0,0.5,0.4,0.3,6.0,hardcoded: bank-credit dependency per country
MDV:banking,MDV:utilities,credit,banking,0.4,0,0.5,0.4,0.3,6.0,hardcoded: bank-credit dependency per country
MDV:banking,MDV:consumer_goods,credit,banking,0.4,0,0.5,0.4,0.3,6.0,hardcoded: bank-credit dependency per country
MDV:utilities,MDV:government,energy_supply,utilities,0.35,0,0.6,0.3,0.25,4.0,hardcoded: utilities supply dependency per country
MDV:utilities,MDV:tourism,energy_supply,utilities,0.35,0,0.6,0.3,0.25,4.0,hardcoded: utilities supply dependency per country
MDV:utilities,MDV:agriculture,energy_supply,utilities,0.35,0,0.6,0.3,0.25,4.0,hardcoded: utilities supply dependency per country
MDV:utilities,MDV:telecommunications,energy_supply,utilities,0.35,0,0.6,0.3,0.25,4.0,hardcoded: utilities supply dependency per country
MDV:utilities,MDV:banking,energy_supply,utilities,0.35,0,0.6,0.3,0.25,4.0,hardcoded: utilities supply dependency per country
MDV:utilities,MDV:consumer_goods,energy_supply,utilities,0.35,0,0.6,0.3,0.25,4.0,hardcoded: utilities supply dependency per country
MDV:telecommunications,MDV:government,telecom_backbone,telecommunications,0.2,0,0.4,0.5,0.3,2.0,hardcoded: telecom dependency per country
MDV:telecommunications,MDV:tourism,telecom_backbone,telecommunications,0.2,0,0.4,0.5,0.3,2.0,hardcoded: telecom dependency per country
MDV:telecommunications,MDV:agriculture,telecom_backbone,telecommunications,0.2,0,0.4,0.5,0.3,2.0,hardcoded: telecom dependency per country
MDV:telecommunications,MDV:utilities,telecom_backbone,telecommunications,0.2,0,0.4,0.5,0.3,2.0,hardcoded: telecom dependency per country
MDV:telecommunications,MDV:banking,telecom_backbone,telecommunications,0.2,0,0.4,0.5,0.3,2.0,hardcoded: telecom dependency per country
MDV:telecommunications,MDV:consumer_goods,telecom_backbone,telecommunications,0.2,0,0.4,0.5,0.3,2.0,hardcoded: telecom dependency per country
MEX:banking,MEX:government,credit,banking,0.4,0,0.5,0.4,0.3,6.0,hardcoded: bank-credit dependency per country
MEX:banking,MEX:electronics,credit,banking,0.4,0,0.5,0.4,0.3,6.0,hardcoded: bank-credit dependency per country
MEX:banking,MEX:oil,credit,banking,0.4,0,0.5,0.4,0.3,6.0,hardcoded: bank-credit dependency per country
MEX:banking,MEX:tourism,credit,banking,0.4,0,0.5,0.4,0.3,6.0,hardcoded: bank-credit dependency per country
MEX:banking,MEX:agriculture,credit,banking,0.4,0,0.5,0.4,0.3,6.0,hardcoded: bank-credit dependency per country
MEX:banking,MEX:ports,credit,banking,0.4,0,0.5,0.4,0.3,6.0,hardcoded: bank-credit dependency per country
MEX:banking,MEX:telecommunications,credit,banking,0.4,0,0.5,0.4,0.3,6.0,hardcoded: bank-credit dependency per country
MEX:banking,MEX:automotive,credit,banking,0.4,0,0.5,0.4,0.3,6.0,hardcoded: bank-credit dependency per country
MEX:banking,MEX:utilities,credit,banking,0.4,0,0.5,0.4,0.3,6.0,hardcoded: bank-credit dependency per country
MEX:banking,MEX:consumer_goods,credit,banking,0.4,0,0.5,0.4,0.3,6.0,hardcoded: bank-credit dependency per country
MEX:utilities,MEX:government,energy_supply,utilities,0.35,0,0.6,0.3,0.25,4.0,hardcoded: utilities supply dependency per country
MEX:utilities,MEX:electronics,energy_supply,utilities,0.35,0,0.6,0.3,0.25,4.0,hardcoded: utilities supply dependency per country
MEX:utilities,MEX:tourism,energy_supply,utilities,0.35,0,0.6,0.3,0.25,4.0,hardcoded: utilities supply dependency per country
MEX:utilities,MEX:agriculture,energy_supply,utilities,0.35,0,0.6,0.3,0.25,4.0,hardcoded: utilities supply dependency per country
MEX:utilities,MEX:banking,energy_supply,utilities,0.35,0,0.6,0.3,0.25,4.0,hardcoded: utilities supply dependency per country
MEX:utilities,MEX:ports,energy_supply,utilities,0.35,0,0.6,0.3,0.25,4.0,hardcoded: utilities supply dependency per country
MEX:utilities,MEX:telecommunications,energy_supply,utilities,0.35,0,0.6,0.3,0.25,4.0,hardcoded: utilities supply dependency per country
MEX:utilities,MEX:automotive,energy_supply,utilities,0.35,0,0.6,0.3,0.25,4.0,hardcoded: utilities supply dependency per country
MEX:utilities,MEX:consumer_goods,energy_supply,utilities,0.35,0,0.6,0.3,0.25,4.0,hardcoded: utilities supply dependency per country
MEX:oil,MEX:government,energy_supply,oil,0.35,0,0.6,0.3,0.25,4.0,hardcoded: oil supply dependency per country
MEX:oil,MEX:electronics,energy_supply,oil,0.35,0,0.6,0.3,0.25,4.0,hardcoded: oil supply dependency per country
MEX:oil,MEX:tourism,energy_supply,oil,0.35,0,0.6,0.3,0.25,4.0,hardcoded: oil supply dependency per country
MEX:oil,MEX:agriculture,energy_supply,oil,0.35,0,0.6,0.3,0.25,4.0,hardcoded: oil supply dependency per country
MEX:oil,MEX:banking,energy_supply,oil,0.35,0,0.6,0.3,0.25,4.0,hardcoded: oil supply dependency per country
MEX:oil,MEX:ports,energy_supply,oil,0.35,0,0.6,0.3,0.25,4.0,hardcoded: oil supply dependency per country
MEX:oil,MEX:telecommunications,energy_supply,oil,0.35,0,0.6,0.3,0.25,4.0,hardcoded: oil supply dependency per country
MEX:oil,MEX:automotive,energy_supply,oil,0.35,0,0.6,0.3,0.25,4.0,hardcoded: oil supply dependency per country
MEX:oil,MEX:consumer_goods,energy_supply,oil,0.35,0,0.6,0.3,0.25,4.0,hardcoded: oil supply dependency per country
MEX:telecommunications,MEX:government,telecom_backbone,telecommunications,0.2,0,0.4,0.5,0.3,2.0,hardcoded: telecom dependency per country
MEX:telecommunications,MEX:electronics,telecom_backbone,telecommunications,0.2,0,0.4,0.5,0.3,2.0,hardcoded: telecom dependency per country
MEX:telecommunications,MEX:oil,telecom_backbone,telecommunications,0.2,0,0.4,0.5,0.3,2.0,hardcoded: telecom dependency per country
MEX:telecommunications,MEX:tourism,telecom_backbone,telecommunications,0.2,0,0.4,0.5,0.3,2.0,hardcoded: telecom dependency per country
MEX:telecommunications,MEX:agriculture,telecom_backbone,telecommunications,0.2,0,0.4,0.5,0.3,2.0,hardcoded: telecom dependency per country
MEX:telecommunications,MEX:banking,telecom_backbone,telecommunications,0.2,0,0.4,0.5,0.3,2.0,hardcoded: telecom dependency per country
MEX:telecommunications,MEX:ports,telecom_backbone,telecommunications,0.2,0,0.4,0.5,0.3,2.0,hardcoded: telecom dependency per country
MEX:telecommunications,MEX:automotive,telecom_backbone,telecommunications,0.2,0,0.4,0.5,0.3,2.0,hardcoded: telecom dependency per country
MEX:telecommunications,MEX:utilities,telecom_backbone,telecommunications,0.2,0,0.4,0.5,0.3,2.0,hardcoded: telecom dependency per country
MEX:telecommunications,MEX:consumer_goods,telecom_backbone,telecommunications,0.2,0,0.4,0.5,0.3,2.0,hardcoded: telecom dependency per country
MMR:banking,MMR:government,credit,banking,0.4,0,0.5,0.4,0.3,6.0,hardcoded: bank-credit dependency per country
MMR:banking,MMR:tourism,credit,banking,0.4,0,0.5,0.4,0.3,6.0,hardcoded: bank-credit dependency per country
MMR:banking,MMR:agriculture,credit,banking,0.4,0,0.5,0.4,0.3,6.0,hardcoded: bank-credit dependency per country
MMR:banking,MMR:telecommunications,credit,banking,0.4,0,0.5,0.4,0.3,6.0,hardcoded: bank-credit dependency per country
MMR:banking,MMR:utilities,credit,banking,0.4,0,0.5,0.4,0.3,6.0,hardcoded: bank-credit dependency per country
MMR:banking,MMR:consumer_goods,credit,banking,0.4,0,0.5,0.4,0.3,6.0,hardcoded: bank-credit dependency per country
MMR:utilities,MMR:government,energy_supply,utilities,0.35,0,0.6,0.3,0.25,4.0,hardcoded: utilities supply dependency per country
MMR:utilities,MMR:tourism,energy_supply,utilities,0.35,0,0.6,0.3,0.25,4.0,hardcoded: utilities supply dependency per country
MMR:utilities,MMR:agriculture,energy_supply,utilities,0.35,0,0.6,0.3,0.25,4.0,hardcoded: utilities supply dependency per country
MMR:utilities,MMR:telecommunications,energy_supply,utilities,0.35,0,0.6,0.3,0.25,4.0,hardcoded: utilities supply dependency per country
MMR:utilities,MMR:banking,energy_supply,utilities,0.35,0,0.6,0.3,0.25,4.0,hardcoded: utilities supply dependency per country
MMR:utilities,MMR:consumer_goods,energy_supply,utilities,0.35,0,0.6,0.3,0.25,4.0,hardcoded: utilities supply dependency per country
MMR:telecommunications,MMR:government,telecom_backbone,telecommunications,0.2,0,0.4,0.5,0.3,2.0,hardcoded: telecom dependency per country
MMR:telecommunications,MMR:tourism,telecom_backbone,telecommunications,0.2,0,0.4,0.5,0.3,2.0,hardcoded: telecom dependency per country
MMR:telecommunications,MMR:agriculture,telecom_backbone,telecommunications,0.2,0,0.4,0.5,0.3,2.0,hardcoded: telecom dependency per country
MMR:telecommunications,MMR:utilities,telecom_backbone,telecommunications,0.2,0,0.4,0.5,0.3,2.0,hardcoded: telecom dependency per country
MMR:telecommunications,MMR:banking,telecom_backbone,telecommunications,0.2,0,0.4,0.5,0.3,2.0,hardcoded: telecom dependency per country
MMR:telecommunications,MMR:consumer_goods,telecom_backbone,telecommunications,0.2,0,0.4,0.5,0.3,2.0,hardcoded: telecom dependency per country
MYS:banking,MYS:government,credit,banking,0.4,0,0.5,0.4,0.3,6.0,hardcoded: bank-credit dependency per country
MYS:banking,MYS:electronics,credit,banking,0.4,0,0.5,0.4,0.3,6.0,hardcoded: bank-credit dependency per country
MYS:banking,MYS:shipping,credit,banking,0.4,0,0.5,0.4,0.3,6.0,hardcoded: bank-credit dependency per country
MYS:banking,MYS:tourism,credit,banking,0.4,0,0.5,0.4,0.3,6.0,hardcoded: bank-credit dependency per country
MYS:banking,MYS:agriculture,credit,banking,0.4,0,0.5,0.4,0.3,6.0,hardcoded: bank-credit dependency per country
MYS:banking,MYS:semiconductors,credit,banking,0.4,0,0.5,0.4,0.3,6.0,hardcoded: bank-credit dependency per country
MYS:banking,MYS:ports,credit,banking,0.4,0,0.5,0.4,0.3,6.0,hardcoded: bank-credit dependency per country
MYS:banking,MYS:telecommunications,credit,banking,0.4,0,0.5,0.4,0.3,6.0,hardcoded: bank-credit dependency per country
MYS:banking,MYS:utilities,credit,banking,0.4,0,0.5,0.4,0.3,6.0,hardcoded: bank-credit dependency per country
MYS:banking,MYS:consumer_goods,credit,banking,0.4,0,0.5,0.4,0.3,6.0,hardcoded: bank-credit dependency per country
MYS:utilities,MYS:government,energy_supply,utilities,0.35,0,0.6,0.3,0.25,4.0,hardcoded: utilities supply dependency per country
MYS:utilities,MYS:electronics,energy_supply,utilities,0.35,0,0.6,0.3,0.25,4.0,hardcoded: utilities supply dependency per country
MYS:utilities,MYS:shipping,energy_supply,utilities,0.35,0,0.6,0.3,0.25,4.0,hardcoded: utilities supply dependency per country
MYS:utilities,MYS:tourism,energy_supply,utilities,0.35,0,0.6,0.3,0.25,4.0,hardcoded: utilities supply dependency per country
MYS:utilities,MYS:agriculture,energy_supply,utilities,0.35,0,0.6,0.3,0.25,4.0,hardcoded: utilities supply dependency per country
MYS:utilities,MYS:semiconductors,energy_supply,utilities,0.35,0,0.6,0.3,0.25,4.0,hardcoded: utilities supply dependency per country
MYS:utilities,MYS:ports,energy_supply,utilities,0.35,0,0.6,0.3,0.25,4.0,hardcoded: utilities supply dependency per country
MYS:utilities,MYS:telecommunications,energy_supply,utilities,0.35,0,0.6,0.3,0.25,4.0,hardcoded: utilities supply dependency per country
MYS:utilities,MYS:banking,energy_supply,utilities,0.35,0,0.6,0.3,0.25,4.0,hardcoded: utilities supply dependency per country
MYS:utilities,MYS:consumer_goods,energy_supply,utilities,0.35,0,0.6,0.3,0.25,4.0,hardcoded: utilities supply dependency per country
MYS:telecommunications,MYS:government,telecom_backbone,telecommunications,0.2,0,0.4,0.5,0.3,2.0,hardcoded: telecom dependency per country
MYS:telecommunications,MYS:electronics,telecom_backbone,telecommunications,0.2,0,0.4,0.5,0.3,2.0,hardcoded: telecom dependency per country
MYS:telecommunications,MYS:shipping,telecom_backbone,telecommunications,0.2,0,0.4,0.5,0.3,2.0,hardcoded: telecom dependency per country
MYS:telecommunications,MYS:tourism,telecom_backbone,telecommunications,0.2,0,0.4,0.5,0.3,2.0,hardcoded: telecom dependency per country
MYS:telecommunications,MYS:agriculture,telecom_backbone,telecommunications,0.2,0,0.4,0.5,0.3,2.0,hardcoded: telecom dependency per country
MYS:telecommunications,MYS:semiconductors,telecom_backbone,telecommunications,0.2,0,0.4,0.5,0.3,2.0,hardcoded: telecom dependency per country
MYS:telecommunications,MYS:ports,telecom_backbone,telecommunications,0.2,0,0.4,0.5,0.3,2.0,hardcoded: telecom dependency per country
MYS:telecommunications,MYS:banking,telecom_backbone,telecommunications,0.2,0,0.4,0.5,0.3,2.0,hardcoded: telecom dependency per country
MYS:telecommunications,MYS:utilities,telecom_backbone,telecommunications,0.2,0,0.4,0.5,0.3,2.0,hardcoded: telecom dependency per country
MYS:telecommunications,MYS:consumer_goods,telecom_backbone,telecommunications,0.2,0,0.4,0.5,0.3,2.0,hardcoded: telecom dependency per country
NGA:banking,NGA:government,credit,banking,0.4,0,0.5,0.4,0.3,6.0,hardcoded: bank-credit dependency per country
NGA:banking,NGA:oil,credit,banking,0.4,0,0.5,0.4,0.3,6.0,hardcoded: bank-credit dependency per country
NGA:banking,NGA:tourism,credit,banking,0.4,0,0.5,0.4,0.3,6.0,hardcoded: bank-credit dependency per country
NGA:banking,NGA:energy,credit,banking,0.4,0,0.5,0.4,0.3,6.0,hardcoded: bank-credit dependency per country
NGA:banking,NGA:agriculture,credit,banking,0.4,0,0.5,0.4,0.3,6.0,hardcoded: bank-credit dependency per country
NGA:banking,NGA:telecommunications,credit,banking,0.4,0,0.5,0.4,0.3,6.0,hardcoded: bank-credit dependency per country
NGA:banking,NGA:utilities,credit,banking,0.4,0,0.5,0.4,0.3,6.0,hardcoded: bank-credit dependency per country
NGA:banking,NGA:consumer_goods,credit,banking,0.4,0,0.5,0.4,0.3,6.0,hardcoded: bank-credit dependency per country
NGA:utilities,NGA:government,energy_supply,utilities,0.35,0,0.6,0.3,0.25,4.0,hardcoded: utilities supply dependency per country
NGA:utilities,NGA:tourism,energy_supply,utilities,0.35,0,0.6,0.3,0.25,4.0,hardcoded: utilities supply dependency per country
NGA:utilities,NGA:energy,energy_supply,utilities,0.35,0,0.6,0.3,0.25,4.0,hardcoded: utilities supply dependency per country
NGA:utilities,NGA:agriculture,energy_supply,utilities,0.35,0,0.6,0.3,0.25,4.0,hardcoded: utilities supply dependency per country
NGA:utilities,NGA:telecommunications,energy_supply,utilities,0.35,0,0.6,0.3,0.25,4.0,hardcoded: utilities supply dependency per country
NGA:utilities,NGA:banking,energy_supply,utilities,0.35,0,0.6,0.3,0.25,4.0,hardcoded: utilities supply dependency per country
NGA:utilities,NGA:consumer_goods,energy_supply,utilities,0.35,0,0.6,0.3,0.25,4.0,hardcoded: utilities supply dependency per country
NGA:oil,NGA:government,energy_supply,oil,0.35,0,0.6,0.3,0.25,4.0,hardcoded: oil supply dependency per country
NGA:oil,NGA:tourism,energy_supply,oil,0.35,0,0.6,0.3,0.25,4.0,hardcoded: oil supply dependency per country
NGA:oil,NGA:energy,energy_supply,oil,0.35,0,0.6,0.3,0.25,4.0,hardcoded: oil supply dependency per country
NGA:oil,NGA:agriculture,energy_supply,oil,0.35,0,0.6,0.3,0.25,4.0,hardcoded: oil supply dependency per country
NGA:oil,NGA:telecommunications,energy_supply,oil,0.35,0,0.6,0.3,0.25,4.0,hardcoded: oil supply dependency per country
NGA:oil,NGA:banking,energy_supply,oil,0.35,0,0.6,0.3,0.25,4.0,hardcoded: oil supply dependency per country
NGA:oil,NGA:consumer_goods,energy_supply,oil,0.35,0,0.6,0.3,0.25,4.0,hardcoded: oil supply dependency per country
NGA:telecommunications,NGA:government,telecom_backbone,telecommunications,0.2,0,0.4,0.5,0.3,2.0,hardcoded: telecom dependency per country
NGA:telecommunications,NGA:oil,telecom_backbone,telecommunications,0.2,0,0.4,0.5,0.3,2.0,hardcoded: telecom dependency per country
NGA:telecommunications,NGA:tourism,telecom_backbone,telecommunications,0.2,0,0.4,0.5,0.3,2.0,hardcoded: telecom dependency per country
NGA:telecommunications,NGA:energy,telecom_backbone,telecommunications,0.2,0,0.4,0.5,0.3,2.0,hardcoded: telecom dependency per country
NGA:telecommunications,NGA:agriculture,telecom_backbone,telecommunications,0.2,0,0.4,0.5,0.3,2.0,hardcoded: telecom dependency per country
NGA:telecommunications,NGA:utilities,telecom_backbone,telecommunications,0.2,0,0.4,0.5,0.3,2.0,hardcoded: telecom dependency per country
NGA:telecommunications,NGA:banking,telecom_backbone,telecommunications,0.2,0,0.4,0.5,0.3,2.0,hardcoded: telecom dependency per country
NGA:telecommunications,NGA:consumer_goods,telecom_backbone,telecommunications,0.2,0,0.4,0.5,0.3,2.0,hardcoded: telecom dependency per country
NLD:banking,NLD:government,credit,banking,0.4,0,0.5,0.4,0.3,6.0,hardcoded: bank-credit dependency per country
NLD:banking,NLD:gas,credit,banking,0.4,0,0.5,0.4,0.3,6.0,hardcoded: bank-credit dependency per country
NLD:banking,NLD:shipping,credit,banking,0.4,0,0.5,0.4,0.3,6.0,hardcoded: bank-credit dependency per country
NLD:banking,NLD:tourism,credit,banking,0.4,0,0.5,0.4,0.3,6.0,hardcoded: bank-credit dependency per country
NLD:banking,NLD:agriculture,credit,banking,0.4,0,0.5,0.4,0.3,6.0,hardcoded: bank-credit dependency per country
NLD:banking,NLD:semiconductors,credit,banking,0.4,0,0.5,0.4,0.3,6.0,hardcoded: bank-credit dependency per country
NLD:banking,NLD:ports,credit,banking,0.4,0,0.5,0.4,0.3,6.0,hardcoded: bank-credit dependency per country
NLD:banking,NLD:telecommunications,credit,banking,0.4,0,0.5,0.4,0.3,6.0,hardcoded: bank-credit dependency per country
NLD:banking,NLD:aerospace,credit,banking,0.4,0,0.5,0.4,0.3,6.0,hardcoded: bank-credit dependency per country
NLD:banking,NLD:utilities,credit,banking,0.4,0,0.5,0.4,0.3,6.0,hardcoded: bank-credit dependency per country
NLD:banking,NLD:consumer_goods,credit,banking,0.4,0,0.5,0.4,0.3,6.0,hardcoded: bank-credit dependency per country
NLD:utilities,NLD:government,energy_supply,utilities,0.35,0,0.6,0.3,0.25,4.0,hardcoded: utilities supply dependency per country
NLD:utilities,NLD:insurance,energy_supply,utilities,0.35,0,0.6,0.3,0.25,4.0,hardcoded: utilities supply dependency per country
NLD:utilities,NLD:capital_markets,energy_supply,utilities,0.35,0,0.6,0.3,0.25,4.0,hardcoded: utilities supply dependency per country
NLD:utilities,NLD:shipping,energy_supply,utilities,0.35,0,0.6,0.3,0.25,4.0,hardcoded: utilities supply dependency per country
NLD:utilities,NLD:tourism,energy_supply,utilities,0.35,0,0.6,0.3,0.25,4.0,hardcoded: utilities supply dependency per country
NLD:utilities,NLD:agriculture,energy_supply,utilities,0.35,0,0.6,0.3,0.25,4.0,hardcoded: utilities supply dependency per country
NLD:utilities,NLD:semiconductors,energy_supply,utilities,0.35,0,0.6,0.3,0.25,4.0,hardcoded: utilities supply dependency per country
NLD:utilities,NLD:ports,energy_supply,utilities,0.35,0,0.6,0.3,0.25,4.0,hardcoded: utilities supply dependency per country
NLD:utilities,NLD:telecommunications,energy_supply,utilities,0.35,0,0.6,0.3,0.25,4.0,hardcoded: utilities supply dependency per country
NLD:utilities,NLD:banking,energy_supply,utilities,0.35,0,0.6,0.3,0.25,4.0,hardcoded: utilities supply dependency per country
NLD:utilities,NLD:aerospace,energy_supply,utilities,0.35,0,0.6,0.3,0.25,4.0,hardcoded: utilities supply dependency per country
NLD:utilities,NLD:consumer_goods,energy_supply,utilities,0.35,0,0.6,0.3,0.25,4.0,hardcoded: utilities supply dependency per country
NLD:gas,NLD:government,energy_supply,gas,0.35,0,0.6,0.3,0.25,4.0,hardcoded: gas supply dependency per country
NLD:gas,NLD:insurance,energy_supply,gas,0.35,0,0.6,0.3,0.25,4.0,hardcoded: gas supply dependency per country
NLD:gas,NLD:capital_markets,energy_supply,gas,0.35,0,0.6,0.3,0.25,4.0,hardcoded: gas supply dependency per country
NLD:gas,NLD:shipping,energy_supply,gas,0.35,0,0.6,0.3,0.25,4.0,hardcoded: gas supply dependency per country
NLD:gas,NLD:tourism,energy_supply,gas,0.35,0,0.6,0.3,0.25,4.0,hardcoded: gas supply dependency per country
NLD:gas,NLD:agriculture,energy_supply,gas,0.35,0,0.6,0.3,0.25,4.0,hardcoded: gas supply dependency per country
NLD:gas,NLD:semiconductors,energy_supply,gas,0.35,0,0.6,0.3,0.25,4.0,hardcoded: gas supply dependency per country
NLD:gas,NLD:ports,energy_supply,gas,0.35,0,0.6,0.3,0.25,4.0,hardcoded: gas supply dependency per country
NLD:gas,NLD:telecommunications,energy_supply,gas,0.35,0,0.6,0.3,0.25,4.0,hardcoded: gas supply dependency per country
NLD:gas,NLD:banking,energy_supply,gas,0.35,0,0.6,0.3,0.25,4.0,hardcoded: gas supply dependency per country
NLD:gas,NLD:aerospace,energy_supply,gas,0.35,0,0.6,0.3,0.25,4.0,hardcoded: gas supply dependency per country
NLD:gas,NLD:consumer_goods,energy_supply,gas,0.35,0,0.6,0.3,0.25,4.0,hardcoded: gas supply dependency per country
NLD:telecommunications,NLD:government,telecom_backbone,telecommunications,0.2,0,0.4,0.5,0.3,2.0,hardcoded: telecom dependency per country
NLD:telecommunications,NLD:gas,telecom_backbone,telecommunications,0.2,0,0.4,0.5,0.3,2.0,hardcoded: telecom dependency per country
NLD:telecommunications,NLD:insurance,telecom_backbone,telecommunications,0.2,0,0.4,0.5,0.3,2.0,hardcoded: telecom dependency per country
NLD:telecommunications,NLD:capital_markets,telecom_backbone,telecommunications,0.2,0,0.4,0.5,0.3,2.0,hardcoded: telecom dependency per country
NLD:telecommunications,NLD:shipping,telecom_backbone,telecommunications,0.2,0,0.4,0.5,0.3,2.0,hardcoded: telecom dependency per country
NLD:telecommunications,NLD:tourism,telecom_backbone,telecommunications,0.2,0,0.4,0.5,0.3,2.0,hardcoded: telecom dependency per country
NLD:telecommunications,NLD:agriculture,telecom_backbone,telecommunications,0.2,0,0.4,0.5,0.3,2.0,hardcoded: telecom dependency per country
NLD:telecommunications,NLD:semiconductors,telecom_backbone,telecommunications,0.2,0,0.4,0.5,0.3,2.0,hardcoded: telecom dependency per country
NLD:telecommunications,NLD:ports,telecom_backbone,telecommunications,0.2,0,0.4,0.5,0.3,2.0,hardcoded: telecom dependency per country
NLD:telecommunications,NLD:banking,telecom_backbone,telecommunications,0.2,0,0.4,0.5,0.3,2.0,hardcoded: telecom dependency per country
NLD:telecommunications,NLD:aerospace,telecom_backbone,telecommunications,0.2,0,0.4,0.5,0.3,2.0,hardcoded: telecom dependency per country
NLD:telecommunications,NLD:utilities,telecom_backbone,telecommunications,0.2,0,0.4,0.5,0.3,2.0,hardcoded: telecom dependency per country
NLD:telecommunications,NLD:consumer_goods,telecom_backbone,telecommunications,0.2,0,0.4,0.5,0.3,2.0,hardcoded: telecom dependency per country
NOR:banking,NOR:government,credit,banking,0.4,0,0.5,0.4,0.3,6.0,hardcoded: bank-credit dependency per country
NOR:banking,NOR:gas,credit,banking,0.4,0,0.5,0.4,0.3,6.0,hardcoded: bank-credit dependency per country
NOR:banking,NOR:oil,credit,banking,0.4,0,0.5,0.4,0.3,6.0,hardcoded: bank-credit dependency per country
NOR:banking,NOR:tourism,credit,banking,0.4,0,0.5,0.4,0.3,6.0,hardcoded: bank-credit dependency per country
NOR:banking,NOR:energy,credit,banking,0.4,0,0.5,0.4,0.3,6.0,hardcoded: bank-credit dependency per country
NOR:banking,NOR:agriculture,credit,banking,0.4,0,0.5,0.4,0.3,6.0,hardcoded: bank-credit dependency per country
NOR:banking,NOR:telecommunications,credit,banking,0.4,0,0.5,0.4,0.3,6.0,hardcoded: bank-credit dependency per country
NOR:banking,NOR:utilities,credit,banking,0.4,0,0.5,0.4,0.3,6.0,hardcoded: bank-credit dependency per country
NOR:banking,NOR:consumer_goods,credit,banking,0.4,0,0.5,0.4,0.3,6.0,hardcoded: bank-credit dependency per country
NOR:utilities,NOR:government,energy_supply,utilities,0.35,0,0.6,0.3,0.25,4.0,hardcoded: utilities supply dependency per country
NOR:utilities,NOR:tourism,energy_supply,utilities,0.35,0,0.6,0.3,0.25,4.0,hardcoded: utilities supply dependency per country
NOR:utilities,NOR:energy,energy_supply,utilities,0.35,0,0.6,0.3,0.25,4.0,hardcoded: utilities supply dependency per country
NOR:utilities,NOR:agriculture,energy_supply,utilities,0.35,0,0.6,0.3,0.25,4.0,hardcoded: utilities supply dependency per country
NOR:utilities,NOR:telecommunications,energy_supply,utilities,0.35,0,0.6,0.3,0.25,4.0,hardcoded: utilities supply dependency per country
NOR:utilities,NOR:banking,energy_supply,utilities,0.35,0,0.6,0.3,0.25,4.0,hardcoded: utilities supply dependency per country
NOR:utilities,NOR:consumer_goods,energy_supply,utilities,0.35,0,0.6,0.3,0.25,4.0,hardcoded: utilities supply dependency per country
NOR:oil,NOR:government,energy_supply,oil,0.35,0,0.6,0.3,0.25,4.0,hardcoded: oil supply dependency per country
NOR:oil,NOR:tourism,energy_supply,oil,0.35,0,0.6,0.3,0.25,4.0,hardcoded: oil supply dependency per country
NOR:oil,NOR:energy,energy_supply,oil,0.35,0,0.6,0.3,0.25,4.0,hardcoded: oil supply dependency per country
NOR:oil,NOR:agriculture,energy_supply,oil,0.35,0,0.6,0.3,0.25,4.0,hardcoded: oil supply dependency per country
NOR:oil,NOR:telecommunications,energy_supply,oil,0.35,0,0.6,0.3,0.25,4.0,hardcoded: oil supply dependency per country
NOR:oil,NOR:banking,energy_supply,oil,0.35,0,0.6,0.3,0.25,4.0,hardcoded: oil supply dependency per country
NOR:oil,NOR:consumer_goods,energy_supply,oil,0.35,0,0.6,0.3,0.25,4.0,hardcoded: oil supply dependency per country
NOR:gas,NOR:government,energy_supply,gas,0.35,0,0.6,0.3,0.25,4.0,hardcoded: gas supply dependency per country
NOR:gas,NOR:tourism,energy_supply,gas,0.35,0,0.6,0.3,0.25,4.0,hardcoded: gas supply dependency per country
NOR:gas,NOR:energy,energy_supply,gas,0.35,0,0.6,0.3,0.25,4.0,hardcoded: gas supply dependency per country
NOR:gas,NOR:agriculture,energy_supply,gas,0.35,0,0.6,0.3,0.25,4.0,hardcoded: gas supply dependency per country
NOR:gas,NOR:telecommunications,energy_supply,gas,0.35,0,0.6,0.3,0.25,4.0,hardcoded: gas supply dependency per country
NOR:gas,NOR:banking,energy_supply,gas,0.35,0,0.6,0.3,0.25,4.0,hardcoded: gas supply dependency per country
NOR:gas,NOR:consumer_goods,energy_supply,gas,0.35,0,0.6,0.3,0.25,4.0,hardcoded: gas supply dependency per country
NOR:telecommunications,NOR:government,telecom_backbone,telecommunications,0.2,0,0.4,0.5,0.3,2.0,hardcoded: telecom dependency per country
NOR:telecommunications,NOR:gas,telecom_backbone,telecommunications,0.2,0,0.4,0.5,0.3,2.0,hardcoded: telecom dependency per country
NOR:telecommunications,NOR:oil,telecom_backbone,telecommunications,0.2,0,0.4,0.5,0.3,2.0,hardcoded: telecom dependency per country
NOR:telecommunications,NOR:tourism,telecom_backbone,telecommunications,0.2,0,0.4,0.5,0.3,2.0,hardcoded: telecom dependency per country
NOR:telecommunications,NOR:energy,telecom_backbone,telecommunications,0.2,0,0.4,0.5,0.3,2.0,hardcoded: telecom dependency per country
NOR:telecommunications,NOR:agriculture,telecom_backbone,telecommunications,0.2,0,0.4,0.5,0.3,2.0,hardcoded: telecom dependency per country
NOR:telecommunications,NOR:utilities,telecom_backbone,telecommunications,0.2,0,0.4,0.5,0.3,2.0,hardcoded: telecom dependency per country
NOR:telecommunications,NOR:banking,telecom_backbone,telecommunications,0.2,0,0.4,0.5,0.3,2.0,hardcoded: telecom dependency per country
NOR:telecommunications,NOR:consumer_goods,telecom_backbone,telecommunications,0.2,0,0.4,0.5,0.3,2.0,hardcoded: telecom dependency per country
NPL:banking,NPL:government,credit,banking,0.4,0,0.5,0.4,0.3,6.0,hardcoded: bank-credit dependency per country
NPL:banking,NPL:tourism,credit,banking,0.4,0,0.5,0.4,0.3,6.0,hardcoded: bank-credit dependency per country
NPL:banking,NPL:agriculture,credit,banking,0.4,0,0.5,0.4,0.3,6.0,hardcoded: bank-credit dependency per country
NPL:banking,NPL:telecommunications,credit,banking,0.4,0,0.5,0.4,0.3,6.0,hardcoded: bank-credit dependency per country
NPL:banking,NPL:utilities,credit,banking,0.4,0,0.5,0.4,0.3,6.0,hardcoded: bank-credit dependency per country
NPL:banking,NPL:consumer_goods,credit,banking,0.4,0,0.5,0.4,0.3,6.0,hardcoded: bank-credit dependency per country
NPL:utilities,NPL:government,energy_supply,utilities,0.35,0,0.6,0.3,0.25,4.0,hardcoded: utilities supply dependency per country
NPL:utilities,NPL:tourism,energy_supply,utilities,0.35,0,0.6,0.3,0.25,4.0,hardcoded: utilities supply dependency per country
NPL:utilities,NPL:agriculture,energy_supply,utilities,0.35,0,0.6,0.3,0.25,4.0,hardcoded: utilities supply dependency per country
NPL:utilities,NPL:telecommunications,energy_supply,utilities,0.35,0,0.6,0.3,0.25,4.0,hardcoded: utilities supply dependency per country
NPL:utilities,NPL:banking,energy_supply,utilities,0.35,0,0.6,0.3,0.25,4.0,hardcoded: utilities supply dependency per country
NPL:utilities,NPL:consumer_goods,energy_supply,utilities,0.35,0,0.6,0.3,0.25,4.0,hardcoded: utilities supply dependency per country
NPL:telecommunications,NPL:government,telecom_backbone,telecommunications,0.2,0,0.4,0.5,0.3,2.0,hardcoded: telecom dependency per country
NPL:telecommunications,NPL:tourism,telecom_backbone,telecommunications,0.2,0,0.4,0.5,0.3,2.0,hardcoded: telecom dependency per country
NPL:telecommunications,NPL:agriculture,telecom_backbone,telecommunications,0.2,0,0.4,0.5,0.3,2.0,hardcoded: telecom dependency per country
NPL:telecommunications,NPL:utilities,telecom_backbone,telecommunications,0.2,0,0.4,0.5,0.3,2.0,hardcoded: telecom dependency per country
NPL:telecommunications,NPL:banking,telecom_backbone,telecommunications,0.2,0,0.4,0.5,0.3,2.0,hardcoded: telecom dependency per country
NPL:telecommunications,NPL:consumer_goods,telecom_backbone,telecommunications,0.2,0,0.4,0.5,0.3,2.0,hardcoded: telecom dependency per country
PAK:banking,PAK:government,credit,banking,0.4,0,0.5,0.4,0.3,6.0,hardcoded: bank-credit dependency per country
PAK:banking,PAK:tourism,credit,banking,0.4,0,0.5,0.4,0.3,6.0,hardcoded: bank-credit dependency per country
PAK:banking,PAK:agriculture,credit,banking,0.4,0,0.5,0.4,0.3,6.0,hardcoded: bank-credit dependency per country
PAK:banking,PAK:telecommunications,credit,banking,0.4,0,0.5,0.4,0.3,6.0,hardcoded: bank-credit dependency per country
PAK:banking,PAK:utilities,credit,banking,0.4,0,0.5,0.4,0.3,6.0,hardcoded: bank-credit dependency per country
PAK:banking,PAK:consumer_goods,credit,banking,0.4,0,0.5,0.4,0.3,6.0,hardcoded: bank-credit dependency per country
PAK:utilities,PAK:government,energy_supply,utilities,0.35,0,0.6,0.3,0.25,4.0,hardcoded: utilities supply dependency per country
PAK:utilities,PAK:tourism,energy_supply,utilities,0.35,0,0.6,0.3,0.25,4.0,hardcoded: utilities supply dependency per country
PAK:utilities,PAK:agriculture,energy_supply,utilities,0.35,0,0.6,0.3,0.25,4.0,hardcoded: utilities supply dependency per country
PAK:utilities,PAK:telecommunications,energy_supply,utilities,0.35,0,0.6,0.3,0.25,4.0,hardcoded: utilities supply dependency per country
PAK:utilities,PAK:banking,energy_supply,utilities,0.35,0,0.6,0.3,0.25,4.0,hardcoded: utilities supply dependency per country
PAK:utilities,PAK:consumer_goods,energy_supply,utilities,0.35,0,0.6,0.3,0.25,4.0,hardcoded: utilities supply dependency per country
PAK:telecommunications,PAK:government,telecom_backbone,telecommunications,0.2,0,0.4,0.5,0.3,2.0,hardcoded: telecom dependency per country
PAK:telecommunications,PAK:tourism,telecom_backbone,telecommunications,0.2,0,0.4,0.5,0.3,2.0,hardcoded: telecom dependency per country
PAK:telecommunications,PAK:agriculture,telecom_backbone,telecommunications,0.2,0,0.4,0.5,0.3,2.0,hardcoded: telecom dependency per country
PAK:telecommunications,PAK:utilities,telecom_backbone,telecommunications,0.2,0,0.4,0.5,0.3,2.0,hardcoded: telecom dependency per country
PAK:telecommunications,PAK:banking,telecom_backbone,telecommunications,0.2,0,0.4,0.5,0.3,2.0,hardcoded: telecom dependency per country
PAK:telecommunications,PAK:consumer_goods,telecom_backbone,telecommunications,0.2,0,0.4,0.5,0.3,2.0,hardcoded: telecom dependency per country
PHL:banking,PHL:government,credit,banking,0.4,0,0.5,0.4,0.3,6.0,hardcoded: bank-credit dependency per country
PHL:banking,PHL:electronics,credit,banking,0.4,0,0.5,0.4,0.3,6.0,hardcoded: bank-credit dependency per country
PHL:banking,PHL:tourism,credit,banking,0.4,0,0.5,0.4,0.3,6.0,hardcoded: bank-credit dependency per country
PHL:banking,PHL:agriculture,credit,banking,0.4,0,0.5,0.4,0.3,6.0,hardcoded: bank-credit dependency per country
PHL:banking,PHL:telecommunications,credit,banking,0.4,0,0.5,0.4,0.3,6.0,hardcoded: bank-credit dependency per country
PHL:banking,PHL:utilities,credit,banking,0.4,0,0.5,0.4,0.3,6.0,hardcoded: bank-credit dependency per country
PHL:banking,PHL:consumer_goods,credit,banking,0.4,0,0.5,0.4,0.3,6.0,hardcoded: bank-credit dependency per country
PHL:utilities,PHL:government,energy_supply,utilities,0.35,0,0.6,0.3,0.25,4.0,hardcoded: utilities supply dependency per country
PHL:utilities,PHL:electronics,energy_supply,utilities,0.35,0,0.6,0.3,0.25,4.0,hardcoded: utilities supply dependency per country
PHL:utilities,PHL:tourism,energy_supply,utilities,0.35,0,0.6,0.3,0.25,4.0,hardcoded: utilities supply dependency per country
PHL:utilities,PHL:agriculture,energy_supply,utilities,0.35,0,0.6,0.3,0.25,4.0,hardcoded: utilities supply dependency per country
PHL:utilities,PHL:telecommunications,energy_supply,utilities,0.35,0,0.6,0.3,0.25,4.0,hardcoded: utilities supply dependency per country
PHL:utilities,PHL:banking,energy_supply,utilities,0.35,0,0.6,0.3,0.25,4.0,hardcoded: utilities supply dependency per country
PHL:utilities,PHL:consumer_goods,energy_supply,utilities,0.35,0,0.6,0.3,0.25,4.0,hardcoded: utilities supply dependency per country
PHL:telecommunications,PHL:government,telecom_backbone,telecommunications,0.2,0,0.4,0.5,0.3,2.0,hardcoded: telecom dependency per country
PHL:telecommunications,PHL:electronics,telecom_backbone,telecommunications,0.2,0,0.4,0.5,0.3,2.0,hardcoded: telecom dependency per country
PHL:telecommunications,PHL:tourism,telecom_backbone,telecommunications,0.2,0,0.4,0.5,0.3,2.0,hardcoded: telecom dependency per country
PHL:telecommunications,PHL:agriculture,telecom_backbone,telecommunications,0.2,0,0.4,0.5,0.3,2.0,hardcoded: telecom dependency per country
PHL:telecommunications,PHL:utilities,telecom_backbone,telecommunications,0.2,0,0.4,0.5,0.3,2.0,hardcoded: telecom dependency per country
PHL:telecommunications,PHL:banking,telecom_backbone,telecommunications,0.2,0,0.4,0.5,0.3,2.0,hardcoded: telecom dependency per country
PHL:telecommunications,PHL:consumer_goods,telecom_backbone,telecommunications,0.2,0,0.4,0.5,0.3,2.0,hardcoded: telecom dependency per country
POL:banking,POL:government,credit,banking,0.4,0,0.5,0.4,0.3,6.0,hardcoded: bank-credit dependency per country
POL:banking,POL:tourism,credit,banking,0.4,0,0.5,0.4,0.3,6.0,hardcoded: bank-credit dependency per country
POL:banking,POL:agriculture,credit,banking,0.4,0,0.5,0.4,0.3,6.0,hardcoded: bank-credit dependency per country
POL:banking,POL:telecommunications,credit,banking,0.4,0,0.5,0.4,0.3,6.0,hardcoded: bank-credit dependency per country
POL:banking,POL:utilities,credit,banking,0.4,0,0.5,0.4,0.3,6.0,hardcoded: bank-credit dependency per country
POL:banking,POL:automotive,credit,banking,0.4,0,0.5,0.4,0.3,6.0,hardcoded: bank-credit dependency per country
POL:banking,POL:consumer_goods,credit,banking,0.4,0,0.5,0.4,0.3,6.0,hardcoded: bank-credit dependency per country
POL:utilities,POL:government,energy_supply,utilities,0.35,0,0.6,0.3,0.25,4.0,hardcoded: utilities supply dependency per country
POL:utilities,POL:tourism,energy_supply,utilities,0.35,0,0.6,0.3,0.25,4.0,hardcoded: utilities supply dependency per country
POL:utilities,POL:agriculture,energy_supply,utilities,0.35,0,0.6,0.3,0.25,4.0,hardcoded: utilities supply dependency per country
POL:utilities,POL:banking,energy_supply,utilities,0.35,0,0.6,0.3,0.25,4.0,hardcoded: utilities supply dependency per country
POL:utilities,POL:telecommunications,energy_supply,utilities,0.35,0,0.6,0.3,0.25,4.0,hardcoded: utilities supply dependency per country
POL:utilities,POL:automotive,energy_supply,utilities,0.35,0,0.6,0.3,0.25,4.0,hardcoded: utilities supply dependency per country
POL:utilities,POL:consumer_goods,energy_supply,utilities,0.35,0,0.6,0.3,0.25,4.0,hardcoded: utilities supply dependency per country
POL:telecommunications,POL:government,telecom_backbone,telecommunications,0.2,0,0.4,0.5,0.3,2.0,hardcoded: telecom dependency per country
POL:telecommunications,POL:tourism,telecom_backbone,telecommunications,0.2,0,0.4,0.5,0.3,2.0,hardcoded: telecom dependency per country
POL:telecommunications,POL:agriculture,telecom_backbone,telecommunications,0.2,0,0.4,0.5,0.3,2.0,hardcoded: telecom dependency per country
POL:telecommunications,POL:banking,telecom_backbone,telecommunications,0.2,0,0.4,0.5,0.3,2.0,hardcoded: telecom dependency per country
POL:telecommunications,POL:utilities,telecom_backbone,telecommunications,0.2,0,0.4,0.5,0.3,2.0,hardcoded: telecom dependency per country
POL:telecommunications,POL:automotive,telecom_backbone,telecommunications,0.2,0,0.4,0.5,0.3,2.0,hardcoded: telecom dependency per country
POL:telecommunications,POL:consumer_goods,telecom_backbone,telecommunications,0.2,0,0.4,0.5,0.3,2.0,hardcoded: telecom dependency per country
PRK:banking,PRK:government,credit,banking,0.4,0,0.5,0.4,0.3,6.0,hardcoded: bank-credit dependency per country
PRK:banking,PRK:tourism,credit,banking,0.4,0,0.5,0.4,0.3,6.0,hardcoded: bank-credit dependency per country
PRK:banking,PRK:agriculture,credit,banking,0.4,0,0.5,0.4,0.3,6.0,hardcoded: bank-credit dependency per country
PRK:banking,PRK:telecommunications,credit,banking,0.4,0,0.5,0.4,0.3,6.0,hardcoded: bank-credit dependency per country
PRK:banking,PRK:utilities,credit,banking,0.4,0,0.5,0.4,0.3,6.0,hardcoded: bank-credit dependency per country
PRK:banking,PRK:consumer_goods,credit,banking,0.4,0,0.5,0.4,0.3,6.0,hardcoded: bank-credit dependency per country
PRK:utilities,PRK:government,energy_supply,utilities,0.35,0,0.6,0.3,0.25,4.0,hardcoded: utilities supply dependency per country
PRK:utilities,PRK:tourism,energy_supply,utilities,0.35,0,0.6,0.3,0.25,4.0,hardcoded: utilities supply dependency per country
PRK:utilities,PRK:agriculture,energy_supply,utilities,0.35,0,0.6,0.3,0.25,4.0,hardcoded: utilities supply dependency per country
PRK:utilities,PRK:telecommunications,energy_supply,utilities,0.35,0,0.6,0.3,0.25,4.0,hardcoded: utilities supply dependency per country
PRK:utilities,PRK:banking,energy_supply,utilities,0.35,0,0.6,0.3,0.25,4.0,hardcoded: utilities supply dependency per country
PRK:utilities,PRK:consumer_goods,energy_supply,utilities,0.35,0,0.6,0.3,0.25,4.0,hardcoded: utilities supply dependency per country
PRK:telecommunications,PRK:government,telecom_backbone,telecommunications,0.2,0,0.4,0.5,0.3,2.0,hardcoded: telecom dependency per country
PRK:telecommunications,PRK:tourism,telecom_backbone,telecommunications,0.2,0,0.4,0.5,0.3,2.0,hardcoded: telecom dependency per country
PRK:telecommunications,PRK:agriculture,telecom_backbone,telecommunications,0.2,0,0.4,0.5,0.3,2.0,hardcoded: telecom dependency per country
PRK:telecommunications,PRK:utilities,telecom_backbone,telecommunications,0.2,0,0.4,0.5,0.3,2.0,hardcoded: telecom dependency per country
PRK:telecommunications,PRK:banking,telecom_backbone,telecommunications,0.2,0,0.4,0.5,0.3,2.0,hardcoded: telecom dependency per country
PRK:telecommunications,PRK:consumer_goods,telecom_backbone,telecommunications,0.2,0,0.4,0.5,0.3,2.0,hardcoded: telecom dependency per country
PSE:banking,PSE:government,credit,banking,0.4,0,0.5,0.4,0.3,6.0,hardcoded: bank-credit dependency per country
PSE:banking,PSE:tourism,credit,banking,0.4,0,0.5,0.4,0.3,6.0,hardcoded: bank-credit dependency per country
PSE:banking,PSE:agriculture,credit,banking,0.4,0,0.5,0.4,0.3,6.0,hardcoded: bank-credit dependency per country
PSE:banking,PSE:telecommunications,credit,banking,0.4,0,0.5,0.4,0.3,6.0,hardcoded: bank-credit dependency per country
PSE:banking,PSE:utilities,credit,banking,0.4,0,0.5,0.4,0.3,6.0,hardcoded: bank-credit dependency per country
PSE:banking,PSE:consumer_goods,credit,banking,0.4,0,0.5,0.4,0.3,6.0,hardcoded: bank-credit dependency per country
PSE:utilities,PSE:government,energy_supply,utilities,0.35,0,0.6,0.3,0.25,4.0,hardcoded: utilities supply dependency per country
PSE:utilities,PSE:tourism,energy_supply,utilities,0.35,0,0.6,0.3,0.25,4.0,hardcoded: utilities supply dependency per country
PSE:utilities,PSE:agriculture,energy_supply,utilities,0.35,0,0.6,0.3,0.25,4.0,hardcoded: utilities supply dependency per country
PSE:utilities,PSE:telecommunications,energy_supply,utilities,0.35,0,0.6,0.3,0.25,4.0,hardcoded: utilities supply dependency per country
PSE:utilities,PSE:banking,energy_supply,utilities,0.35,0,0.6,0.3,0.25,4.0,hardcoded: utilities supply dependency per country
PSE:utilities,PSE:consumer_goods,energy_supply,utilities,0.35,0,0.6,0.3,0.25,4.0,hardcoded: utilities supply dependency per country
PSE:telecommunications,PSE:government,telecom_backbone,telecommunications,0.2,0,0.4,0.5,0.3,2.0,hardcoded: telecom dependency per country
PSE:telecommunications,PSE:tourism,telecom_backbone,telecommunications,0.2,0,0.4,0.5,0.3,2.0,hardcoded: telecom dependency per country
PSE:telecommunications,PSE:agriculture,telecom_backbone,telecommunications,0.2,0,0.4,0.5,0.3,2.0,hardcoded: telecom dependency per country
PSE:telecommunications,PSE:utilities,telecom_backbone,telecommunications,0.2,0,0.4,0.5,0.3,2.0,hardcoded: telecom dependency per country
PSE:telecommunications,PSE:banking,telecom_backbone,telecommunications,0.2,0,0.4,0.5,0.3,2.0,hardcoded: telecom dependency per country
PSE:telecommunications,PSE:consumer_goods,telecom_backbone,telecommunications,0.2,0,0.4,0.5,0.3,2.0,hardcoded: telecom dependency per country
QAT:banking,QAT:government,credit,banking,0.4,0,0.5,0.4,0.3,6.0,hardcoded: bank-credit dependency per country
QAT:banking,QAT:gas,credit,banking,0.4,0,0.5,0.4,0.3,6.0,hardcoded: bank-credit dependency per country
QAT:banking,QAT:aviation,credit,banking,0.4,0,0.5,0.4,0.3,6.0,hardcoded: bank-credit dependency per country
QAT:banking,QAT:oil,credit,banking,0.4,0,0.5,0.4,0.3,6.0,hardcoded: bank-credit dependency per country
QAT:banking,QAT:tourism,credit,banking,0.4,0,0.5,0.4,0.3,6.0,hardcoded: bank-credit dependency per country
QAT:banking,QAT:energy,credit,banking,0.4,0,0.5,0.4,0.3,6.0,hardcoded: bank-credit dependency per country
QAT:banking,QAT:agriculture,credit,banking,0.4,0,0.5,0.4,0.3,6.0,hardcoded: bank-credit dependency per country
QAT:banking,QAT:telecommunications,credit,banking,0.4,0,0.5,0.4,0.3,6.0,hardcoded: bank-credit dependency per country
QAT:banking,QAT:utilities,credit,banking,0.4,0,0.5,0.4,0.3,6.0,hardcoded: bank-credit dependency per country
QAT:banking,QAT:consumer_goods,credit,banking,0.4,0,0.5,0.4,0.3,6.0,hardcoded: bank-credit dependency per country
QAT:utilities,QAT:government,energy_supply,utilities,0.35,0,0.6,0.3,0.25,4.0,hardcoded: utilities supply dependency per country
QAT:utilities,QAT:aviation,energy_supply,utilities,0.35,0,0.6,0.3,0.25,4.0,hardcoded: utilities supply dependency per country
QAT:utilities,QAT:tourism,energy_supply,utilities,0.35,0,0.6,0.3,0.25,4.0,hardcoded: utilities supply dependency per country
QAT:utilities,QAT:energy,energy_supply,utilities,0.35,0,0.6,0.3,0.25,4.0,hardcoded: utilities supply dependency per country
QAT:utilities,QAT:agriculture,energy_supply,utilities,0.35,0,0.6,0.3,0.25,4.0,hardcoded: utilities supply dependency per country
QAT:utilities,QAT:telecommunications,energy_supply,utilities,0.35,0,0.6,0.3,0.25,4.0,hardcoded: utilities supply dependency per country
QAT:utilities,QAT:banking,energy_supply,utilities,0.35,0,0.6,0.3,0.25,4.0,hardcoded: utilities supply dependency per country
QAT:utilities,QAT:consumer_goods,energy_supply,utilities,0.35,0,0.6,0.3,0.25,4.0,hardcoded: utilities supply dependency per country
QAT:oil,QAT:government,energy_supply,oil,0.35,0,0.6,0.3,0.25,4.0,hardcoded: oil supply dependency per country
QAT:oil,QAT:aviation,energy_supply,oil,0.35,0,0.6,0.3,0.25,4.0,hardcoded: oil supply dependency per country
QAT:oil,QAT:tourism,energy_supply,oil,0.35,0,0.6,0.3,0.25,4.0,hardcoded: oil supply dependency per country
QAT:oil,QAT:energy,energy_supply,oil,0.35,0,0.6,0.3,0.25,4.0,hardcoded: oil supply dependency per country
QAT:oil,QAT:agriculture,energy_supply,oil,0.35,0,0.6,0.3,0.25,4.0,hardcoded: oil supply dependency per country
QAT:oil,QAT:telecommunications,energy_supply,oil,0.35,0,0.6,0.3,0.25,4.0,hardcoded: oil supply dependency per country
QAT:oil,QAT:banking,energy_supply,oil,0.35,0,0.6,0.3,0.25,4.0,hardcoded: oil supply dependency per country
QAT:oil,QAT:consumer_goods,energy_supply,oil,0.35,0,0.6,0.3,0.25,4.0,hardcoded: oil supply dependency per country
QAT:gas,QAT:government,energy_supply,gas,0.35,0,0.6,0.3,0.25,4.0,hardcoded: gas supply dependency per country
QAT:gas,QAT:aviation,energy_supply,gas,0.35,0,0.6,0.3,0.25,4.0,hardcoded: gas supply dependency per country
QAT:gas,QAT:tourism,energy_supply,gas,0.35,0,0.6,0.3,0.25,4.0,hardcoded: gas supply dependency per country
QAT:gas,QAT:energy,energy_supply,gas,0.35,0,0.6,0.3,0.25,4.0,hardcoded: gas supply dependency per country
QAT:gas,QAT:agriculture,energy_supply,gas,0.35,0,0.6,0.3,0.25,4.0,hardcoded: gas supply dependency per country
QAT:gas,QAT:telecommunications,energy_supply,gas,0.35,0,0.6,0.3,0.25,4.0,hardcoded: gas supply dependency per country
QAT:gas,QAT:banking,energy_supply,gas,0.35,0,0.6,0.3,0.25,4.0,hardcoded: gas supply dependency per country
QAT:gas,QAT:consumer_goods,energy_supply,gas,0.35,0,0.6,0.3,0.25,4.0,hardcoded: gas supply dependency per country
QAT:telecommunications,QAT:government,telecom_backbone,telecommunications,0.2,0,0.4,0.5,0.3,2.0,hardcoded: telecom dependency per country
QAT:telecommunications,QAT:gas,telecom_backbone,telecommunications,0.2,0,0.4,0.5,0.3,2.0,hardcoded: telecom dependency per country
QAT:telecommunications,QAT:aviation,telecom_backbone,telecommunications,0.2,0,0.4,0.5,0.3,2.0,hardcoded: telecom dependency per country
QAT:telecommunications,QAT:oil,telecom_backbone,telecommunications,0.2,0,0.4,0.5,0.3,2.0,hardcoded: telecom dependency per country
QAT:telecommunications,QAT:tourism,telecom_backbone,telecommunications,0.2,0,0.4,0.5,0.3,2.0,hardcoded: telecom dependency per country
QAT:telecommunications,QAT:energy,telecom_backbone,telecommunications,0.2,0,0.4,0.5,0.3,2.0,hardcoded: telecom dependency per country
QAT:telecommunications,QAT:agriculture,telecom_backbone,telecommunications,0.2,0,0.4,0.5,0.3,2.0,hardcoded: telecom dependency per country
QAT:telecommunications,QAT:utilities,telecom_backbone,telecommunications,0.2,0,0.4,0.5,0.3,2.0,hardcoded: telecom dependency per country
QAT:telecommunications,QAT:banking,telecom_backbone,telecommunications,0.2,0,0.4,0.5,0.3,2.0,hardcoded: telecom dependency per country
QAT:telecommunications,QAT:consumer_goods,telecom_backbone,telecommunications,0.2,0,0.4,0.5,0.3,2.0,hardcoded: telecom dependency per country
RUS:banking,RUS:government,credit,banking,0.4,0,0.5,0.4,0.3,6.0,hardcoded: bank-credit dependency per country
RUS:banking,RUS:gas,credit,banking,0.4,0,0.5,0.4,0.3,6.0,hardcoded: bank-credit dependency per country
RUS:banking,RUS:aviation,credit,banking,0.4,0,0.5,0.4,0.3,6.0,hardcoded: bank-credit dependency per country
RUS:banking,RUS:oil,credit,banking,0.4,0,0.5,0.4,0.3,6.0,hardcoded: bank-credit dependency per country
RUS:banking,RUS:tourism,credit,banking,0.4,0,0.5,0.4,0.3,6.0,hardcoded: bank-credit dependency per country
RUS:banking,RUS:energy,credit,banking,0.4,0,0.5,0.4,0.3,6.0,hardcoded: bank-credit dependency per country
RUS:banking,RUS:agriculture,credit,banking,0.4,0,0.5,0.4,0.3,6.0,hardcoded: bank-credit dependency per country
RUS:banking,RUS:telecommunications,credit,banking,0.4,0,0.5,0.4,0.3,6.0,hardcoded: bank-credit dependency per country
RUS:banking,RUS:utilities,credit,banking,0.4,0,0.5,0.4,0.3,6.0,hardcoded: bank-credit dependency per country
RUS:banking,RUS:aerospace,credit,banking,0.4,0,0.5,0.4,0.3,6.0,hardcoded: bank-credit dependency per country
RUS:banking,RUS:consumer_goods,credit,banking,0.4,0,0.5,0.4,0.3,6.0,hardcoded: bank-credit dependency per country
RUS:utilities,RUS:government,energy_supply,utilities,0.35,0,0.6,0.3,0.25,4.0,hardcoded: utilities supply dependency per country
RUS:utilities,RUS:aviation,energy_supply,utilities,0.35,0,0.6,0.3,0.25,4.0,hardcoded: utilities supply dependency per country
RUS:utilities,RUS:tourism,energy_supply,utilities,0.35,0,0.6,0.3,0.25,4.0,hardcoded: utilities supply dependency per country
RUS:utilities,RUS:energy,energy_supply,utilities,0.35,0,0.6,0.3,0.25,4.0,hardcoded: utilities supply dependency per country
RUS:utilities,RUS:agriculture,energy_supply,utilities,0.35,0,0.6,0.3,0.25,4.0,hardcoded: utilities supply dependency per country
RUS:utilities,RUS:telecommunications,energy_supply,utilities,0.35,0,0.6,0.3,0.25,4.0,hardcoded: utilities supply dependency per country
RUS:utilities,RUS:banking,energy_supply,utilities,0.35,0,0.6,0.3,0.25,4.0,hardcoded: utilities supply dependency per country
RUS:utilities,RUS:aerospace,energy_supply,utilities,0.35,0,0.6,0.3,0.25,4.0,hardcoded: utilities supply dependency per country
RUS:utilities,RUS:consumer_goods,energy_supply,utilities,0.35,0,0.6,0.3,0.25,4.0,hardcoded: utilities supply dependency per country
RUS:oil,RUS:government,energy_supply,oil,0.35,0,0.6,0.3,0.25,4.0,hardcoded: oil supply dependency per country
RUS:oil,RUS:aviation,energy_supply,oil,0.35,0,0.6,0.3,0.25,4.0,hardcoded: oil supply dependency per country
RUS:oil,RUS:tourism,energy_supply,oil,0.35,0,0.6,0.3,0.25,4.0,hardcoded: oil supply dependency per country
RUS:oil,RUS:energy,energy_supply,oil,0.35,0,0.6,0.3,0.25,4.0,hardcoded: oil supply dependency per country
RUS:oil,RUS:agriculture,energy_supply,oil,0.35,0,0.6,0.3,0.25,4.0,hardcoded: oil supply dependency per country
RUS:oil,RUS:telecommunications,energy_supply,oil,0.35,0,0.6,0.3,0.25,4.0,hardcoded: oil supply dependency per country
RUS:oil,RUS:banking,energy_supply,oil,0.35,0,0.6,0.3,0.25,4.0,hardcoded: oil supply dependency per country
RUS:oil,RUS:aerospace,energy_supply,oil,0.35,0,0.6,0.3,0.25,4.0,hardcoded: oil supply dependency per country
RUS:oil,RUS:consumer_goods,energy_supply,oil,0.35,0,0.6,0.3,0.25,4.0,hardcoded: oil supply dependency per country
RUS:gas,RUS:government,energy_supply,gas,0.35,0,0.6,0.3,0.25,4.0,hardcoded: gas supply dependency per country
RUS:gas,RUS:aviation,energy_supply,gas,0.35,0,0.6,0.3,0.25,4.0,hardcoded: gas supply dependency per country
RUS:gas,RUS:tourism,energy_supply,gas,0.35,0,0.6,0.3,0.25,4.0,hardcoded: gas supply dependency per country
RUS:gas,RUS:energy,energy_supply,gas,0.35,0,0.6,0.3,0.25,4.0,hardcoded: gas supply dependency per country
RUS:gas,RUS:agriculture,energy_supply,gas,0.35,0,0.6,0.3,0.25,4.0,hardcoded: gas supply dependency per country
RUS:gas,RUS:telecommunications,energy_supply,gas,0.35,0,0.6,0.3,0.25,4.0,hardcoded: gas supply dependency per country
RUS:gas,RUS:banking,energy_supply,gas,0.35,0,0.6,0.3,0.25,4.0,hardcoded: gas supply dependency per country
RUS:gas,RUS:aerospace,energy_supply,gas,0.35,0,0.6,0.3,0.25,4.0,hardcoded: gas supply dependency per country
RUS:gas,RUS:consumer_goods,energy_supply,gas,0.35,0,0.6,0.3,0.25,4.0,hardcoded: gas supply dependency per country
RUS:telecommunications,RUS:government,telecom_backbone,telecommunications,0.2,0,0.4,0.5,0.3,2.0,hardcoded: telecom dependency per country
RUS:telecommunications,RUS:gas,telecom_backbone,telecommunications,0.2,0,0.4,0.5,0.3,2.0,hardcoded: telecom dependency per country
RUS:telecommunications,RUS:aviation,telecom_backbone,telecommunications,0.2,0,0.4,0.5,0.3,2.0,hardcoded: telecom dependency per country
RUS:telecommunications,RUS:oil,telecom_backbone,telecommunications,0.2,0,0.4,0.5,0.3,2.0,hardcoded: telecom dependency per country
RUS:telecommunications,RUS:tourism,telecom_backbone,telecommunications,0.2,0,0.4,0.5,0.3,2.0,hardcoded: telecom dependency per country
RUS:telecommunications,RUS:energy,telecom_backbone,telecommunications,0.2,0,0.4,0.5,0.3,2.0,hardcoded: telecom dependency per country
RUS:telecommunications,RUS:agriculture,telecom_backbone,telecommunications,0.2,0,0.4,0.5,0.3,2.0,hardcoded: telecom dependency per country
RUS:telecommunications,RUS:utilities,telecom_backbone,telecommunications,0.2,0,0.4,0.5,0.3,2.0,hardcoded: telecom dependency per country
RUS:telecommunications,RUS:banking,telecom_backbone,telecommunications,0.2,0,0.4,0.5,0.3,2.0,hardcoded: telecom dependency per country
RUS:telecommunications,RUS:aerospace,telecom_backbone,telecommunications,0.2,0,0.4,0.5,0.3,2.0,hardcoded: telecom dependency per country
RUS:telecommunications,RUS:consumer_goods,telecom_backbone,telecommunications,0.2,0,0.4,0.5,0.3,2.0,hardcoded: telecom dependency per country
SAU:banking,SAU:government,credit,banking,0.4,0,0.5,0.4,0.3,6.0,hardcoded: bank-credit dependency per country
SAU:banking,SAU:oil,credit,banking,0.4,0,0.5,0.4,0.3,6.0,hardcoded: bank-credit dependency per country
SAU:banking,SAU:tourism,credit,banking,0.4,0,0.5,0.4,0.3,6.0,hardcoded: bank-credit dependency per country
SAU:banking,SAU:energy,credit,banking,0.4,0,0.5,0.4,0.3,6.0,hardcoded: bank-credit dependency per country
SAU:banking,SAU:agriculture,credit,banking,0.4,0,0.5,0.4,0.3,6.0,hardcoded: bank-credit dependency per country
SAU:banking,SAU:telecommunications,credit,banking,0.4,0,0.5,0.4,0.3,6.0,hardcoded: bank-credit dependency per country
SAU:banking,SAU:utilities,credit,banking,0.4,0,0.5,0.4,0.3,6.0,hardcoded: bank-credit dependency per country
SAU:banking,SAU:consumer_goods,credit,banking,0.4,0,0.5,0.4,0.3,6.0,hardcoded: bank-credit dependency per country
SAU:utilities,SAU:government,energy_supply,utilities,0.35,0,0.6,0.3,0.25,4.0,hardcoded: utilities supply dependency per country
SAU:utilities,SAU:tourism,energy_supply,utilities,0.35,0,0.6,0.3,0.25,4.0,hardcoded: utilities supply dependency per country
SAU:utilities,SAU:energy,energy_supply,utilities,0.35,0,0.6,0.3,0.25,4.0,hardcoded: utilities supply dependency per country
SAU:utilities,SAU:agriculture,energy_supply,utilities,0.35,0,0.6,0.3,0.25,4.0,hardcoded: utilities supply dependency per country
SAU:utilities,SAU:telecommunications,energy_supply,utilities,0.35,0,0.6,0.3,0.25,4.0,hardcoded: utilities supply dependency per country
SAU:utilities,SAU:banking,energy_supply,utilities,0.35,0,0.6,0.3,0.25,4.0,hardcoded: utilities supply dependency per country
SAU:utilities,SAU:consumer_goods,energy_supply,utilities,0.35,0,0.6,0.3,0.25,4.0,hardcoded: utilities supply dependency per country
SAU:oil,SAU:government,energy_supply,oil,0.35,0,0.6,0.3,0.25,4.0,hardcoded: oil supply dependency per country
SAU:oil,SAU:tourism,energy_supply,oil,0.35,0,0.6,0.3,0.25,4.0,hardcoded: oil supply dependency per country
SAU:oil,SAU:energy,energy_supply,oil,0.35,0,0.6,0.3,0.25,4.0,hardcoded: oil supply dependency per country
SAU:oil,SAU:agriculture,energy_supply,oil,0.35,0,0.6,0.3,0.25,4.0,hardcoded: oil supply dependency per country
SAU:oil,SAU:telecommunications,energy_supply,oil,0.35,0,0.6,0.3,0.25,4.0,hardcoded: oil supply dependency per country
SAU:oil,SAU:banking,energy_supply,oil,0.35,0,0.6,0.3,0.25,4.0,hardcoded: oil supply dependency per country
SAU:oil,SAU:consumer_goods,energy_supply,oil,0.35,0,0.6,0.3,0.25,4.0,hardcoded: oil supply dependency per country
SAU:telecommunications,SAU:government,telecom_backbone,telecommunications,0.2,0,0.4,0.5,0.3,2.0,hardcoded: telecom dependency per country
SAU:telecommunications,SAU:oil,telecom_backbone,telecommunications,0.2,0,0.4,0.5,0.3,2.0,hardcoded: telecom dependency per country
SAU:telecommunications,SAU:tourism,telecom_backbone,telecommunications,0.2,0,0.4,0.5,0.3,2.0,hardcoded: telecom dependency per country
SAU:telecommunications,SAU:energy,telecom_backbone,telecommunications,0.2,0,0.4,0.5,0.3,2.0,hardcoded: telecom dependency per country
SAU:telecommunications,SAU:agriculture,telecom_backbone,telecommunications,0.2,0,0.4,0.5,0.3,2.0,hardcoded: telecom dependency per country
SAU:telecommunications,SAU:utilities,telecom_backbone,telecommunications,0.2,0,0.4,0.5,0.3,2.0,hardcoded: telecom dependency per country
SAU:telecommunications,SAU:banking,telecom_backbone,telecommunications,0.2,0,0.4,0.5,0.3,2.0,hardcoded: telecom dependency per country
SAU:telecommunications,SAU:consumer_goods,telecom_backbone,telecommunications,0.2,0,0.4,0.5,0.3,2.0,hardcoded: telecom dependency per country
SGP:banking,SGP:government,credit,banking,0.4,0,0.5,0.4,0.3,6.0,hardcoded: bank-credit dependency per country
SGP:banking,SGP:electronics,credit,banking,0.4,0,0.5,0.4,0.3,6.0,hardcoded: bank-credit dependency per country
SGP:banking,SGP:aviation,credit,banking,0.4,0,0.5,0.4,0.3,6.0,hardcoded: bank-credit dependency per country
SGP:banking,SGP:shipping,credit,banking,0.4,0,0.5,0.4,0.3,6.0,hardcoded: bank-credit dependency per country
SGP:banking,SGP:tourism,credit,banking,0.4,0,0.5,0.4,0.3,6.0,hardcoded: bank-credit dependency per country
SGP:banking,SGP:agriculture,credit,banking,0.4,0,0.5,0.4,0.3,6.0,hardcoded: bank-credit dependency per country
SGP:banking,SGP:semiconductors,credit,banking,0.4,0,0.5,0.4,0.3,6.0,hardcoded: bank-credit dependency per country
SGP:banking,SGP:ports,credit,banking,0.4,0,0.5,0.4,0.3,6.0,hardcoded: bank-credit dependency per country
SGP:banking,SGP:telecommunications,credit,banking,0.4,0,0.5,0.4,0.3,6.0,hardcoded: bank-credit dependency per country
SGP:banking,SGP:utilities,credit,banking,0.4,0,0.5,0.4,0.3,6.0,hardcoded: bank-credit dependency per country
SGP:banking,SGP:consumer_goods,credit,banking,0.4,0,0.5,0.4,0.3,6.0,hardcoded: bank-credit dependency per country
SGP:utilities,SGP:government,energy_supply,utilities,0.35,0,0.6,0.3,0.25,4.0,hardcoded: utilities supply dependency per country
SGP:utilities,SGP:electronics,energy_supply,utilities,0.35,0,0.6,0.3,0.25,4.0,hardcoded: utilities supply dependency per country
SGP:utilities,SGP:aviation,energy_supply,utilities,0.35,0,0.6,0.3,0.25,4.0,hardcoded: utilities supply dependency per country
SGP:utilities,SGP:insurance,energy_supply,utilities,0.35,0,0.6,0.3,0.25,4.0,hardcoded: utilities supply dependency per country
SGP:utilities,SGP:capital_markets,energy_supply,utilities,0.35,0,0.6,0.3,0.25,4.0,hardcoded: utilities supply dependency per country
SGP:utilities,SGP:shipping,energy_supply,utilities,0.35,0,0.6,0.3,0.25,4.0,hardcoded: utilities supply dependency per country
SGP:utilities,SGP:tourism,energy_supply,utilities,0.35,0,0.6,0.3,0.25,4.0,hardcoded: utilities supply dependency per country
SGP:utilities,SGP:agriculture,energy_supply,utilities,0.35,0,0.6,0.3,0.25,4.0,hardcoded: utilities supply dependency per country
SGP:utilities,SGP:semiconductors,energy_supply,utilities,0.35,0,0.6,0.3,0.25,4.0,hardcoded: utilities supply dependency per country
SGP:utilities,SGP:ports,energy_supply,utilities,0.35,0,0.6,0.3,0.25,4.0,hardcoded: utilities supply dependency per country
SGP:utilities,SGP:telecommunications,energy_supply,utilities,0.35,0,0.6,0.3,0.25,4.0,hardcoded: utilities supply dependency per country
SGP:utilities,SGP:banking,energy_supply,utilities,0.35,0,0.6,0.3,0.25,4.0,hardcoded: utilities supply dependency per country
SGP:utilities,SGP:consumer_goods,energy_supply,utilities,0.35,0,0.6,0.3,0.25,4.0,hardcoded: utilities supply dependency per country
SGP:telecommunications,SGP:government,telecom_backbone,telecommunications,0.2,0,0.4,0.5,0.3,2.0,hardcoded: telecom dependency per country
SGP:telecommunications,SGP:electronics,telecom_backbone,telecommunications,0.2,0,0.4,0.5,0.3,2.0,hardcoded: telecom dependency per country
SGP:telecommunications,SGP:aviation,telecom_backbone,telecommunications,0.2,0,0.4,0.5,0.3,2.0,hardcoded: telecom dependency per country
SGP:telecommunications,SGP:insurance,telecom_backbone,telecommunications,0.2,0,0.4,0.5,0.3,2.0,hardcoded: telecom dependency per country
SGP:telecommunications,SGP:capital_markets,telecom_backbone,telecommunications,0.2,0,0.4,0.5,0.3,2.0,hardcoded: telecom dependency per country
SGP:telecommunications,SGP:shipping,telecom_backbone,telecommunications,0.2,0,0.4,0.5,0.3,2.0,hardcoded: telecom dependency per country
SGP:telecommunications,SGP:tourism,telecom_backbone,telecommunications,0.2,0,0.4,0.5,0.3,2.0,hardcoded: telecom dependency per country
SGP:telecommunications,SGP:agriculture,telecom_backbone,telecommunications,0.2,0,0.4,0.5,0.3,2.0,hardcoded: telecom dependency per country
SGP:telecommunications,SGP:semiconductors,telecom_backbone,telecommunications,0.2,0,0.4,0.5,0.3,2.0,hardcoded: telecom dependency per country
SGP:telecommunications,SGP:ports,telecom_backbone,telecommunications,0.2,0,0.4,0.5,0.3,2.0,hardcoded: telecom dependency per country
SGP:telecommunications,SGP:banking,telecom_backbone,telecommunications,0.2,0,0.4,0.5,0.3,2.0,hardcoded: telecom dependency per country
SGP:telecommunications,SGP:utilities,telecom_backbone,telecommunications,0.2,0,0.4,0.5,0.3,2.0,hardcoded: telecom dependency per country
SGP:telecommunications,SGP:consumer_goods,telecom_backbone,telecommunications,0.2,0,0.4,0.5,0.3,2.0,hardcoded: telecom dependency per country
SYR:banking,SYR:government,credit,banking,0.4,0,0.5,0.4,0.3,6.0,hardcoded: bank-credit dependency per country
SYR:banking,SYR:tourism,credit,banking,0.4,0,0.5,0.4,0.3,6.0,hardcoded: bank-credit dependency per country
SYR:banking,SYR:agriculture,credit,banking,0.4,0,0.5,0.4,0.3,6.0,hardcoded: bank-credit dependency per country
SYR:banking,SYR:telecommunications,credit,banking,0.4,0,0.5,0.4,0.3,6.0,hardcoded: bank-credit dependency per country
SYR:banking,SYR:utilities,credit,banking,0.4,0,0.5,0.4,0.3,6.0,hardcoded: bank-credit dependency per country
SYR:banking,SYR:consumer_goods,credit,banking,0.4,0,0.5,0.4,0.3,6.0,hardcoded: bank-credit dependency per country
SYR:utilities,SYR:government,energy_supply,utilities,0.35,0,0.6,0.3,0.25,4.0,hardcoded: utilities supply dependency per country
SYR:utilities,SYR:tourism,energy_supply,utilities,0.35,0,0.6,0.3,0.25,4.0,hardcoded: utilities supply dependency per country
SYR:utilities,SYR:agriculture,energy_supply,utilities,0.35,0,0.6,0.3,0.25,4.0,hardcoded: utilities supply dependency per country
SYR:utilities,SYR:telecommunications,energy_supply,utilities,0.35,0,0.6,0.3,0.25,4.0,hardcoded: utilities supply dependency per country
SYR:utilities,SYR:banking,energy_supply,utilities,0.35,0,0.6,0.3,0.25,4.0,hardcoded: utilities supply dependency per country
SYR:utilities,SYR:consumer_goods,energy_supply,utilities,0.35,0,0.6,0.3,0.25,4.0,hardcoded: utilities supply dependency per country
SYR:telecommunications,SYR:government,telecom_backbone,telecommunications,0.2,0,0.4,0.5,0.3,2.0,hardcoded: telecom dependency per country
SYR:telecommunications,SYR:tourism,telecom_backbone,telecommunications,0.2,0,0.4,0.5,0.3,2.0,hardcoded: telecom dependency per country
SYR:telecommunications,SYR:agriculture,telecom_backbone,telecommunications,0.2,0,0.4,0.5,0.3,2.0,hardcoded: telecom dependency per country
SYR:telecommunications,SYR:utilities,telecom_backbone,telecommunications,0.2,0,0.4,0.5,0.3,2.0,hardcoded: telecom dependency per country
SYR:telecommunications,SYR:banking,telecom_backbone,telecommunications,0.2,0,0.4,0.5,0.3,2.0,hardcoded: telecom dependency per country
SYR:telecommunications,SYR:consumer_goods,telecom_backbone,telecommunications,0.2,0,0.4,0.5,0.3,2.0,hardcoded: telecom dependency per country
THA:banking,THA:government,credit,banking,0.4,0,0.5,0.4,0.3,6.0,hardcoded: bank-credit dependency per country
THA:banking,THA:electronics,credit,banking,0.4,0,0.5,0.4,0.3,6.0,hardcoded: bank-credit dependency per country
THA:banking,THA:tourism,credit,banking,0.4,0,0.5,0.4,0.3,6.0,hardcoded: bank-credit dependency per country
THA:banking,THA:agriculture,credit,banking,0.4,0,0.5,0.4,0.3,6.0,hardcoded: bank-credit dependency per country
THA:banking,THA:telecommunications,credit,banking,0.4,0,0.5,0.4,0.3,6.0,hardcoded: bank-credit dependency per country
THA:banking,THA:utilities,credit,banking,0.4,0,0.5,0.4,0.3,6.0,hardcoded: bank-credit dependency per country
THA:banking,THA:automotive,credit,banking,0.4,0,0.5,0.4,0.3,6.0,hardcoded: bank-credit dependency per country
THA:banking,THA:consumer_goods,credit,banking,0.4,0,0.5,0.4,0.3,6.0,hardcoded: bank-credit dependency per country
THA:utilities,THA:government,energy_supply,utilities,0.35,0,0.6,0.3,0.25,4.0,hardcoded: utilities supply dependency per country
THA:utilities,THA:electronics,energy_supply,utilities,0.35,0,0.6,0.3,0.25,4.0,hardcoded: utilities supply dependency per country
THA:utilities,THA:tourism,energy_supply,utilities,0.35,0,0.6,0.3,0.25,4.0,hardcoded: utilities supply dependency per country
THA:utilities,THA:agriculture,energy_supply,utilities,0.35,0,0.6,0.3,0.25,4.0,hardcoded: utilities supply dependency per country
THA:utilities,THA:banking,energy_supply,utilities,0.35,0,0.6,0.3,0.25,4.0,hardcoded: utilities supply dependency per country
THA:utilities,THA:telecommunications,energy_supply,utilities,0.35,0,0.6,0.3,0.25,4.0,hardcoded: utilities supply dependency per country
THA:utilities,THA:automotive,energy_supply,utilities,0.35,0,0.6,0.3,0.25,4.0,hardcoded: utilities supply dependency per country
THA:utilities,THA:consumer_goods,energy_supply,utilities,0.35,0,0.6,0.3,0.25,4.0,hardcoded: utilities supply dependency per country
THA:telecommunications,THA:government,telecom_backbone,telecommunications,0.2,0,0.4,0.5,0.3,2.0,hardcoded: telecom dependency per country
THA:telecommunications,THA:electronics,telecom_backbone,telecommunications,0.2,0,0.4,0.5,0.3,2.0,hardcoded: telecom dependency per country
THA:telecommunications,THA:tourism,telecom_backbone,telecommunications,0.2,0,0.4,0.5,0.3,2.0,hardcoded: telecom dependency per country
THA:telecommunications,THA:agriculture,telecom_backbone,telecommunications,0.2,0,0.4,0.5,0.3,2.0,hardcoded: telecom dependency per country
THA:telecommunications,THA:banking,telecom_backbone,telecommunications,0.2,0,0.4,0.5,0.3,2.0,hardcoded: telecom dependency per country
THA:telecommunications,THA:utilities,telecom_backbone,telecommunications,0.2,0,0.4,0.5,0.3,2.0,hardcoded: telecom dependency per country
THA:telecommunications,THA:automotive,telecom_backbone,telecommunications,0.2,0,0.4,0.5,0.3,2.0,hardcoded: telecom dependency per country
THA:telecommunications,THA:consumer_goods,telecom_backbone,telecommunications,0.2,0,0.4,0.5,0.3,2.0,hardcoded: telecom dependency per country
TUN:banking,TUN:government,credit,banking,0.4,0,0.5,0.4,0.3,6.0,hardcoded: bank-credit dependency per country
TUN:banking,TUN:tourism,credit,banking,0.4,0,0.5,0.4,0.3,6.0,hardcoded: bank-credit dependency per country
TUN:banking,TUN:agriculture,credit,banking,0.4,0,0.5,0.4,0.3,6.0,hardcoded: bank-credit dependency per country
TUN:banking,TUN:telecommunications,credit,banking,0.4,0,0.5,0.4,0.3,6.0,hardcoded: bank-credit dependency per country
TUN:banking,TUN:utilities,credit,banking,0.4,0,0.5,0.4,0.3,6.0,hardcoded: bank-credit dependency per country
TUN:banking,TUN:consumer_goods,credit,banking,0.4,0,0.5,0.4,0.3,6.0,hardcoded: bank-credit dependency per country
TUN:utilities,TUN:government,energy_supply,utilities,0.35,0,0.6,0.3,0.25,4.0,hardcoded: utilities supply dependency per country
TUN:utilities,TUN:tourism,energy_supply,utilities,0.35,0,0.6,0.3,0.25,4.0,hardcoded: utilities supply dependency per country
TUN:utilities,TUN:agriculture,energy_supply,utilities,0.35,0,0.6,0.3,0.25,4.0,hardcoded: utilities supply dependency per country
TUN:utilities,TUN:telecommunications,energy_supply,utilities,0.35,0,0.6,0.3,0.25,4.0,hardcoded: utilities supply dependency per country
TUN:utilities,TUN:banking,energy_supply,utilities,0.35,0,0.6,0.3,0.25,4.0,hardcoded: utilities supply dependency per country
TUN:utilities,TUN:consumer_goods,energy_supply,utilities,0.35,0,0.6,0.3,0.25,4.0,hardcoded: utilities supply dependency per country
TUN:telecommunications,TUN:government,telecom_backbone,telecommunications,0.2,0,0.4,0.5,0.3,2.0,hardcoded: telecom dependency per country
TUN:telecommunications,TUN:tourism,telecom_backbone,telecommunications,0.2,0,0.4,0.5,0.3,2.0,hardcoded: telecom dependency per country
TUN:telecommunications,TUN:agriculture,telecom_backbone,telecommunications,0.2,0,0.4,0.5,0.3,2.0,hardcoded: telecom dependency per country
TUN:telecommunications,TUN:utilities,telecom_backbone,telecommunications,0.2,0,0.4,0.5,0.3,2.0,hardcoded: telecom dependency per country
TUN:telecommunications,TUN:banking,telecom_backbone,telecommunications,0.2,0,0.4,0.5,0.3,2.0,hardcoded: telecom dependency per country
TUN:telecommunications,TUN:consumer_goods,telecom_backbone,telecommunications,0.2,0,0.4,0.5,0.3,2.0,hardcoded: telecom dependency per country
TUR:banking,TUR:government,credit,banking,0.4,0,0.5,0.4,0.3,6.0,hardcoded: bank-credit dependency per country
TUR:banking,TUR:aviation,credit,banking,0.4,0,0.5,0.4,0.3,6.0,hardcoded: bank-credit dependency per country
TUR:banking,TUR:tourism,credit,banking,0.4,0,0.5,0.4,0.3,6.0,hardcoded: bank-credit dependency per country
TUR:banking,TUR:agriculture,credit,banking,0.4,0,0.5,0.4,0.3,6.0,hardcoded: bank-credit dependency per country
TUR:banking,TUR:telecommunications,credit,banking,0.4,0,0.5,0.4,0.3,6.0,hardcoded: bank-credit dependency per country
TUR:banking,TUR:utilities,credit,banking,0.4,0,0.5,0.4,0.3,6.0,hardcoded: bank-credit dependency per country
TUR:banking,TUR:automotive,credit,banking,0.4,0,0.5,0.4,0.3,6.0,hardcoded: bank-credit dependency per country
TUR:banking,TUR:consumer_goods,credit,banking,0.4,0,0.5,0.4,0.3,6.0,hardcoded: bank-credit dependency per country
TUR:utilities,TUR:government,energy_supply,utilities,0.35,0,0.6,0.3,0.25,4.0,hardcoded: utilities supply dependency per country
TUR:utilities,TUR:aviation,energy_supply,utilities,0.35,0,0.6,0.3,0.25,4.0,hardcoded: utilities supply dependency per country
TUR:utilities,TUR:tourism,energy_supply,utilities,0.35,0,0.6,0.3,0.25,4.0,hardcoded: utilities supply dependency per country
TUR:utilities,TUR:agriculture,energy_supply,utilities,0.35,0,0.6,0.3,0.25,4.0,hardcoded: utilities supply dependency per country
TUR:utilities,TUR:banking,energy_supply,utilities,0.35,0,0.6,0.3,0.25,4.0,hardcoded: utilities supply dependency per country
TUR:utilities,TUR:telecommunications,energy_supply,utilities,0.35,0,0.6,0.3,0.25,4.0,hardcoded: utilities supply dependency per country
TUR:utilities,TUR:automotive,energy_supply,utilities,0.35,0,0.6,0.3,0.25,4.0,hardcoded: utilities supply dependency per country
TUR:utilities,TUR:consumer_goods,energy_supply,utilities,0.35,0,0.6,0.3,0.25,4.0,hardcoded: utilities supply dependency per country
TUR:telecommunications,TUR:government,telecom_backbone,telecommunications,0.2,0,0.4,0.5,0.3,2.0,hardcoded: telecom dependency per country
TUR:telecommunications,TUR:aviation,telecom_backbone,telecommunications,0.2,0,0.4,0.5,0.3,2.0,hardcoded: telecom dependency per country
TUR:telecommunications,TUR:tourism,telecom_backbone,telecommunications,0.2,0,0.4,0.5,0.3,2.0,hardcoded: telecom dependency per country
TUR:telecommunications,TUR:agriculture,telecom_backbone,telecommunications,0.2,0,0.4,0.5,0.3,2.0,hardcoded: telecom dependency per country
TUR:telecommunications,TUR:banking,telecom_backbone,telecommunications,0.2,0,0.4,0.5,0.3,2.0,hardcoded: telecom dependency per country
TUR:telecommunications,TUR:utilities,telecom_backbone,telecommunications,0.2,0,0.4,0.5,0.3,2.0,hardcoded: telecom dependency per country
TUR:telecommunications,TUR:automotive,telecom_backbone,telecommunications,0.2,0,0.4,0.5,0.3,2.0,hardcoded: telecom dependency per country
TUR:telecommunications,TUR:consumer_goods,telecom_backbone,telecommunications,0.2,0,0.4,0.5,0.3,2.0,hardcoded: telecom dependency per country
TWN:banking,TWN:government,credit,banking,0.4,0,0.5,0.4,0.3,6.0,hardcoded: bank-credit dependency per country
TWN:banking,TWN:electronics,credit,banking,0.4,0,0.5,0.4,0.3,6.0,hardcoded: bank-credit dependency per country
TWN:banking,TWN:shipping,credit,banking,0.4,0,0.5,0.4,0.3,6.0,hardcoded: bank-credit dependency per country
TWN:banking,TWN:tourism,credit,banking,0.4,0,0.5,0.4,0.3,6.0,hardcoded: bank-credit dependency per country
TWN:banking,TWN:agriculture,credit,banking,0.4,0,0.5,0.4,0.3,6.0,hardcoded: bank-credit dependency per country
TWN:banking,TWN:semiconductors,credit,banking,0.4,0,0.5,0.4,0.3,6.0,hardcoded: bank-credit dependency per country
TWN:banking,TWN:telecommunications,credit,banking,0.4,0,0.5,0.4,0.3,6.0,hardcoded: bank-credit dependency per country
TWN:banking,TWN:utilities,credit,banking,0.4,0,0.5,0.4,0.3,6.0,hardcoded: bank-credit dependency per country
TWN:banking,TWN:consumer_goods,credit,banking,0.4,0,0.5,0.4,0.3,6.0,hardcoded: bank-credit dependency per country
TWN:utilities,TWN:government,energy_supply,utilities,0.35,0,0.6,0.3,0.25,4.0,hardcoded: utilities supply dependency per country
TWN:utilities,TWN:electronics,energy_supply,utilities,0.35,0,0.6,0.3,0.25,4.0,hardcoded: utilities supply dependency per country
TWN:utilities,TWN:shipping,energy_supply,utilities,0.35,0,0.6,0.3,0.25,4.0,hardcoded: utilities supply dependency per country
TWN:utilities,TWN:tourism,energy_supply,utilities,0.35,0,0.6,0.3,0.25,4.0,hardcoded: utilities supply dependency per country
TWN:utilities,TWN:agriculture,energy_supply,utilities,0.35,0,0.6,0.3,0.25,4.0,hardcoded: utilities supply dependency per country
TWN:utilities,TWN:semiconductors,energy_supply,utilities,0.35,0,0.6,0.3,0.25,4.0,hardcoded: utilities supply dependency per country
TWN:utilities,TWN:telecommunications,energy_supply,utilities,0.35,0,0.6,0.3,0.25,4.0,hardcoded: utilities supply dependency per country
TWN:utilities,TWN:banking,energy_supply,utilities,0.35,0,0.6,0.3,0.25,4.0,hardcoded: utilities supply dependency per country
TWN:utilities,TWN:consumer_goods,energy_supply,utilities,0.35,0,0.6,0.3,0.25,4.0,hardcoded: utilities supply dependency per country
TWN:telecommunications,TWN:government,telecom_backbone,telecommunications,0.2,0,0.4,0.5,0.3,2.0,hardcoded: telecom dependency per country
TWN:telecommunications,TWN:electronics,telecom_backbone,telecommunications,0.2,0,0.4,0.5,0.3,2.0,hardcoded: telecom dependency per country
TWN:telecommunications,TWN:shipping,telecom_backbone,telecommunications,0.2,0,0.4,0.5,0.3,2.0,hardcoded: telecom dependency per country
TWN:telecommunications,TWN:tourism,telecom_backbone,telecommunications,0.2,0,0.4,0.5,0.3,2.0,hardcoded: telecom dependency per country
TWN:telecommunications,TWN:agriculture,telecom_backbone,telecommunications,0.2,0,0.4,0.5,0.3,2.0,hardcoded: telecom dependency per country
TWN:telecommunications,TWN:semiconductors,telecom_backbone,telecommunications,0.2,0,0.4,0.5,0.3,2.0,hardcoded: telecom dependency per country
TWN:telecommunications,TWN:utilities,telecom_backbone,telecommunications,0.2,0,0.4,0.5,0.3,2.0,hardcoded: telecom dependency per country
TWN:telecommunications,TWN:banking,telecom_backbone,telecommunications,0.2,0,0.4,0.5,0.3,2.0,hardcoded: telecom dependency per country
TWN:telecommunications,TWN:consumer_goods,telecom_backbone,telecommunications,0.2,0,0.4,0.5,0.3,2.0,hardcoded: telecom dependency per country
UKR:banking,UKR:government,credit,banking,0.4,0,0.5,0.4,0.3,6.0,hardcoded: bank-credit dependency per country
UKR:banking,UKR:tourism,credit,banking,0.4,0,0.5,0.4,0.3,6.0,hardcoded: bank-credit dependency per country
UKR:banking,UKR:agriculture,credit,banking,0.4,0,0.5,0.4,0.3,6.0,hardcoded: bank-credit dependency per country
UKR:banking,UKR:telecommunications,credit,banking,0.4,0,0.5,0.4,0.3,6.0,hardcoded: bank-credit dependency per country
UKR:banking,UKR:utilities,credit,banking,0.4,0,0.5,0.4,0.3,6.0,hardcoded: bank-credit dependency per country
UKR:banking,UKR:consumer_goods,credit,banking,0.4,0,0.5,0.4,0.3,6.0,hardcoded: bank-credit dependency per country
UKR:utilities,UKR:government,energy_supply,utilities,0.35,0,0.6,0.3,0.25,4.0,hardcoded: utilities supply dependency per country
UKR:utilities,UKR:tourism,energy_supply,utilities,0.35,0,0.6,0.3,0.25,4.0,hardcoded: utilities supply dependency per country
UKR:utilities,UKR:agriculture,energy_supply,utilities,0.35,0,0.6,0.3,0.25,4.0,hardcoded: utilities supply dependency per country
UKR:utilities,UKR:telecommunications,energy_supply,utilities,0.35,0,0.6,0.3,0.25,4.0,hardcoded: utilities supply dependency per country
UKR:utilities,UKR:banking,energy_supply,utilities,0.35,0,0.6,0.3,0.25,4.0,hardcoded: utilities supply dependency per country
UKR:utilities,UKR:consumer_goods,energy_supply,utilities,0.35,0,0.6,0.3,0.25,4.0,hardcoded: utilities supply dependency per country
UKR:telecommunications,UKR:government,telecom_backbone,telecommunications,0.2,0,0.4,0.5,0.3,2.0,hardcoded: telecom dependency per country
UKR:telecommunications,UKR:tourism,telecom_backbone,telecommunications,0.2,0,0.4,0.5,0.3,2.0,hardcoded: telecom dependency per country
UKR:telecommunications,UKR:agriculture,telecom_backbone,telecommunications,0.2,0,0.4,0.5,0.3,2.0,hardcoded: telecom dependency per country
UKR:telecommunications,UKR:utilities,telecom_backbone,telecommunications,0.2,0,0.4,0.5,0.3,2.0,hardcoded: telecom dependency per country
UKR:telecommunications,UKR:banking,telecom_backbone,telecommunications,0.2,0,0.4,0.5,0.3,2.0,hardcoded: telecom dependency per country
UKR:telecommunications,UKR:consumer_goods,telecom_backbone,telecommunications,0.2,0,0.4,0.5,0.3,2.0,hardcoded: telecom dependency per country
USA:banking,USA:gas,credit,banking,0.4,0,0.5,0.4,0.3,6.0,hardcoded: bank-credit dependency per country
USA:banking,USA:aviation,credit,banking,0.4,0,0.5,0.4,0.3,6.0,hardcoded: bank-credit dependency per country
USA:banking,USA:utilities,credit,banking,0.4,0,0.5,0.4,0.3,6.0,hardcoded: bank-credit dependency per country
USA:banking,USA:oil,credit,banking,0.4,0,0.5,0.4,0.3,6.0,hardcoded: bank-credit dependency per country
USA:banking,USA:shipping,credit,banking,0.4,0,0.5,0.4,0.3,6.0,hardcoded: bank-credit dependency per country
USA:banking,USA:ports,credit,banking,0.4,0,0.5,0.4,0.3,6.0,hardcoded: bank-credit dependency per country
USA:banking,USA:government,credit,banking,0.4,0,0.5,0.4,0.3,6.0,hardcoded: bank-credit dependency per country
USA:banking,USA:electronics,credit,banking,0.4,0,0.5,0.4,0.3,6.0,hardcoded: bank-credit dependency per country
USA:banking,USA:agriculture,credit,banking,0.4,0,0.5,0.4,0.3,6.0,hardcoded: bank-credit dependency per country
USA:banking,USA:semiconductors,credit,banking,0.4,0,0.5,0.4,0.3,6.0,hardcoded: bank-credit dependency per country
USA:banking,USA:automotive,credit,banking,0.4,0,0.5,0.4,0.3,6.0,hardcoded: bank-credit dependency per country
USA:banking,USA:tourism,credit,banking,0.4,0,0.5,0.4,0.3,6.0,hardcoded: bank-credit dependency per country
USA:banking,USA:energy,credit,banking,0.4,0,0.5,0.4,0.3,6.0,hardcoded: bank-credit dependency per country
USA:banking,USA:telecommunications,credit,banking,0.4,0,0.5,0.4,0.3,6.0,hardcoded: bank-credit dependency per country
USA:banking,USA:aerospace,credit,banking,0.4,0,0.5,0.4,0.3,6.0,hardcoded: bank-credit dependency per country
USA:banking,USA:consumer_goods,credit,banking,0.4,0,0.5,0.4,0.3,6.0,hardcoded: bank-credit dependency per country
USA:utilities,USA:aviation,energy_supply,utilities,0.35,0,0.6,0.3,0.25,4.0,hardcoded: utilities supply dependency per country
USA:utilities,USA:insurance,energy_supply,utilities,0.35,0,0.6,0.3,0.25,4.0,hardcoded: utilities supply dependency per country
USA:utilities,USA:capital_markets,energy_supply,utilities,0.35,0,0.6,0.3,0.25,4.0,hardcoded: utilities supply dependency per country
USA:utilities,USA:shipping,energy_supply,utilities,0.35,0,0.6,0.3,0.25,4.0,hardcoded: utilities supply dependency per country
USA:utilities,USA:ports,energy_supply,utilities,0.35,0,0.6,0.3,0.25,4.0,hardcoded: utilities supply dependency per country
USA:utilities,USA:government,energy_supply,utilities,0.35,0,0.6,0.3,0.25,4.0,hardcoded: utilities supply dependency per country
USA:utilities,USA:electronics,energy_supply,utilities,0.35,0,0.6,0.3,0.25,4.0,hardcoded: utilities supply dependency per country
USA:utilities,USA:agriculture,energy_supply,utilities,0.35,0,0.6,0.3,0.25,4.0,hardcoded: utilities supply dependency per country
USA:utilities,USA:semiconductors,energy_supply,utilities,0.35,0,0.6,0.3,0.25,4.0,hardcoded: utilities supply dependency per country
USA:utilities,USA:automotive,energy_supply,utilities,0.35,0,0.6,0.3,0.25,4.0,hardcoded: utilities supply dependency per country
USA:utilities,USA:tourism,energy_supply,utilities,0.35,0,0.6,0.3,0.25,4.0,hardcoded: utilities supply dependency per country
USA:utilities,USA:energy,energy_supply,utilities,0.35,0,0.6,0.3,0.25,4.0,hardcoded: utilities supply dependency per country
USA:utilities,USA:telecommunications,energy_supply,utilities,0.35,0,0.6,0.3,0.25,4.0,hardcoded: utilities supply dependency per country
USA:utilities,USA:banking,energy_supply,utilities,0.35,0,0.6,0.3,0.25,4.0,hardcoded: utilities supply dependency per country
USA:utilities,USA:aerospace,energy_supply,utilities,0.35,0,0.6,0.3,0.25,4.0,hardcoded: utilities supply dependency per country
USA:utilities,USA:consumer_goods,energy_supply,utilities,0.35,0,0.6,0.3,0.25,4.0,hardcoded: utilities supply dependency per country
USA:oil,USA:aviation,energy_supply,oil,0.35,0,0.6,0.3,0.25,4.0,hardcoded: oil supply dependency per country
USA:oil,USA:insurance,energy_supply,oil,0.35,0,0.6,0.3,0.25,4.0,hardcoded: oil supply dependency per country
USA:oil,USA:capital_markets,energy_supply,oil,0.35,0,0.6,0.3,0.25,4.0,hardcoded: oil supply dependency per country
USA:oil,USA:shipping,energy_supply,oil,0.35,0,0.6,0.3,0.25,4.0,hardcoded: oil supply dependency per country
USA:oil,USA:ports,energy_supply,oil,0.35,0,0.6,0.3,0.25,4.0,hardcoded: oil supply dependency per country
USA:oil,USA:government,energy_supply,oil,0.35,0,0.6,0.3,0.25,4.0,hardcoded: oil supply dependency per country
USA:oil,USA:electronics,energy_supply,oil,0.35,0,0.6,0.3,0.25,4.0,hardcoded: oil supply dependency per country
USA:oil,USA:agriculture,energy_supply,oil,0.35,0,0.6,0.3,0.25,4.0,hardcoded: oil supply dependency per country
USA:oil,USA:semiconductors,energy_supply,oil,0.35,0,0.6,0.3,0.25,4.0,hardcoded: oil supply dependency per country
USA:oil,USA:automotive,energy_supply,oil,0.35,0,0.6,0.3,0.25,4.0,hardcoded: oil supply dependency per country
USA:oil,USA:tourism,energy_supply,oil,0.35,0,0.6,0.3,0.25,4.0,hardcoded: oil supply dependency per country
USA:oil,USA:energy,energy_supply,oil,0.35,0,0.6,0.3,0.25,4.0,hardcoded: oil supply dependency per country
USA:oil,USA:telecommunications,energy_supply,oil,0.35,0,0.6,0.3,0.25,4.0,hardcoded: oil supply dependency per country
USA:oil,USA:banking,energy_supply,oil,0.35,0,0.6,0.3,0.25,4.0,hardcoded: oil supply dependency per country
USA:oil,USA:aerospace,energy_supply,oil,0.35,0,0.6,0.3,0.25,4.0,hardcoded: oil supply dependency per country
USA:oil,USA:consumer_goods,energy_supply,oil,0.35,0,0.6,0.3,0.25,4.0,hardcoded: oil supply dependency per country
USA:gas,USA:aviation,energy_supply,gas,0.35,0,0.6,0.3,0.25,4.0,hardcoded: gas supply dependency per country
USA:gas,USA:insurance,energy_supply,gas,0.35,0,0.6,0.3,0.25,4.0,hardcoded: gas supply dependency per country
USA:gas,USA:capital_markets,energy_supply,gas,0.35,0,0.6,0.3,0.25,4.0,hardcoded: gas supply dependency per country
USA:gas,USA:shipping,energy_supply,gas,0.35,0,0.6,0.3,0.25,4.0,hardcoded: gas supply dependency per country
USA:gas,USA:ports,energy_supply,gas,0.35,0,0.6,0.3,0.25,4.0,hardcoded: gas supply dependency per country
USA:gas,USA:government,energy_supply,gas,0.35,0,0.6,0.3,0.25,4.0,hardcoded: gas supply dependency per country
USA:gas,USA:electronics,energy_supply,gas,0.35,0,0.6,0.3,0.25,4.0,hardcoded: gas supply dependency per country
USA:gas,USA:agriculture,energy_supply,gas,0.35,0,0.6,0.3,0.25,4.0,hardcoded: gas supply dependency per country
USA:gas,USA:semiconductors,energy_supply,gas,0.35,0,0.6,0.3,0.25,4.0,hardcoded: gas supply dependency per country
USA:gas,USA:automotive,energy_supply,gas,0.35,0,0.6,0.3,0.25,4.0,hardcoded: gas supply dependency per country
USA:gas,USA:tourism,energy_supply,gas,0.35,0,0.6,0.3,0.25,4.0,hardcoded: gas supply dependency per country
USA:gas,USA:energy,energy_supply,gas,0.35,0,0.6,0.3,0.25,4.0,hardcoded: gas supply dependency per country
USA:gas,USA:telecommunications,energy_supply,gas,0.35,0,0.6,0.3,0.25,4.0,hardcoded: gas supply dependency per country
USA:gas,USA:banking,energy_supply,gas,0.35,0,0.6,0.3,0.25,4.0,hardcoded: gas supply dependency per country
USA:gas,USA:aerospace,energy_supply,gas,0.35,0,0.6,0.3,0.25,4.0,hardcoded: gas supply dependency per country
USA:gas,USA:consumer_goods,energy_supply,gas,0.35,0,0.6,0.3,0.25,4.0,hardcoded: gas supply dependency per country
USA:telecommunications,USA:gas,telecom_backbone,telecommunications,0.2,0,0.4,0.5,0.3,2.0,hardcoded: telecom dependency per country
USA:telecommunications,USA:aviation,telecom_backbone,telecommunications,0.2,0,0.4,0.5,0.3,2.0,hardcoded: telecom dependency per country
USA:telecommunications,USA:insurance,telecom_backbone,telecommunications,0.2,0,0.4,0.5,0.3,2.0,hardcoded: telecom dependency per country
USA:telecommunications,USA:utilities,telecom_backbone,telecommunications,0.2,0,0.4,0.5,0.3,2.0,hardcoded: telecom dependency per country
USA:telecommunications,USA:capital_markets,telecom_backbone,telecommunications,0.2,0,0.4,0.5,0.3,2.0,hardcoded: telecom dependency per country
USA:telecommunications,USA:oil,telecom_backbone,telecommunications,0.2,0,0.4,0.5,0.3,2.0,hardcoded: telecom dependency per country
USA:telecommunications,USA:shipping,telecom_backbone,telecommunications,0.2,0,0.4,0.5,0.3,2.0,hardcoded: telecom dependency per country
USA:telecommunications,USA:ports,telecom_backbone,telecommunications,0.2,0,0.4,0.5,0.3,2.0,hardcoded: telecom dependency per country
USA:telecommunications,USA:government,telecom_backbone,telecommunications,0.2,0,0.4,0.5,0.3,2.0,hardcoded: telecom dependency per country
USA:telecommunications,USA:electronics,telecom_backbone,telecommunications,0.2,0,0.4,0.5,0.3,2.0,hardcoded: telecom dependency per country
USA:telecommunications,USA:agriculture,telecom_backbone,telecommunications,0.2,0,0.4,0.5,0.3,2.0,hardcoded: telecom dependency per country
USA:telecommunications,USA:semiconductors,telecom_backbone,telecommunications,0.2,0,0.4,0.5,0.3,2.0,hardcoded: telecom dependency per country
USA:telecommunications,USA:automotive,telecom_backbone,telecommunications,0.2,0,0.4,0.5,0.3,2.0,hardcoded: telecom dependency per country
USA:telecommunications,USA:tourism,telecom_backbone,telecommunications,0.2,0,0.4,0.5,0.3,2.0,hardcoded: telecom dependency per country
USA:telecommunications,USA:energy,telecom_backbone,telecommunications,0.2,0,0.4,0.5,0.3,2.0,hardcoded: telecom dependency per country
USA:telecommunications,USA:banking,telecom_backbone,telecommunications,0.2,0,0.4,0.5,0.3,2.0,hardcoded: telecom dependency per country
USA:telecommunications,USA:aerospace,telecom_backbone,telecommunications,0.2,0,0.4,0.5,0.3,2.0,hardcoded: telecom dependency per country
USA:telecommunications,USA:consumer_goods,telecom_backbone,telecommunications,0.2,0,0.4,0.5,0.3,2.0,hardcoded: telecom dependency per country
VEN:banking,VEN:government,credit,banking,0.4,0,0.5,0.4,0.3,6.0,hardcoded: bank-credit dependency per country
VEN:banking,VEN:oil,credit,banking,0.4,0,0.5,0.4,0.3,6.0,hardcoded: bank-credit dependency per country
VEN:banking,VEN:tourism,credit,banking,0.4,0,0.5,0.4,0.3,6.0,hardcoded: bank-credit dependency per country
VEN:banking,VEN:energy,credit,banking,0.4,0,0.5,0.4,0.3,6.0,hardcoded: bank-credit dependency per country
VEN:banking,VEN:agriculture,credit,banking,0.4,0,0.5,0.4,0.3,6.0,hardcoded: bank-credit dependency per country
VEN:banking,VEN:telecommunications,credit,banking,0.4,0,0.5,0.4,0.3,6.0,hardcoded: bank-credit dependency per country
VEN:banking,VEN:utilities,credit,banking,0.4,0,0.5,0.4,0.3,6.0,hardcoded: bank-credit dependency per country
VEN:banking,VEN:consumer_goods,credit,banking,0.4,0,0.5,0.4,0.3,6.0,hardcoded: bank-credit dependency per country
VEN:utilities,VEN:government,energy_supply,utilities,0.35,0,0.6,0.3,0.25,4.0,hardcoded: utilities supply dependency per country
VEN:utilities,VEN:tourism,energy_supply,utilities,0.35,0,0.6,0.3,0.25,4.0,hardcoded: utilities supply dependency per country
VEN:utilities,VEN:energy,energy_supply,utilities,0.35,0,0.6,0.3,0.25,4.0,hardcoded: utilities supply dependency per country
VEN:utilities,VEN:agriculture,energy_supply,utilities,0.35,0,0.6,0.3,0.25,4.0,hardcoded: utilities supply dependency per country
VEN:utilities,VEN:telecommunications,energy_supply,utilities,0.35,0,0.6,0.3,0.25,4.0,hardcoded: utilities supply dependency per country
VEN:utilities,VEN:banking,energy_supply,utilities,0.35,0,0.6,0.3,0.25,4.0,hardcoded: utilities supply dependency per country
VEN:utilities,VEN:consumer_goods,energy_supply,utilities,0.35,0,0.6,0.3,0.25,4.0,hardcoded: utilities supply dependency per country
VEN:oil,VEN:government,energy_supply,oil,0.35,0,0.6,0.3,0.25,4.0,hardcoded: oil supply dependency per country
VEN:oil,VEN:tourism,energy_supply,oil,0.35,0,0.6,0.3,0.25,4.0,hardcoded: oil supply dependency per country
VEN:oil,VEN:energy,energy_supply,oil,0.35,0,0.6,0.3,0.25,4.0,hardcoded: oil supply dependency per country
VEN:oil,VEN:agriculture,energy_supply,oil,0.35,0,0.6,0.3,0.25,4.0,hardcoded: oil supply dependency per country
VEN:oil,VEN:telecommunications,energy_supply,oil,0.35,0,0.6,0.3,0.25,4.0,hardcoded: oil supply dependency per country
VEN:oil,VEN:banking,energy_supply,oil,0.35,0,0.6,0.3,0.25,4.0,hardcoded: oil supply dependency per country
VEN:oil,VEN:consumer_goods,energy_supply,oil,0.35,0,0.6,0.3,0.25,4.0,hardcoded: oil supply dependency per country
VEN:telecommunications,VEN:government,telecom_backbone,telecommunications,0.2,0,0.4,0.5,0.3,2.0,hardcoded: telecom dependency per country
VEN:telecommunications,VEN:oil,telecom_backbone,telecommunications,0.2,0,0.4,0.5,0.3,2.0,hardcoded: telecom dependency per country
VEN:telecommunications,VEN:tourism,telecom_backbone,telecommunications,0.2,0,0.4,0.5,0.3,2.0,hardcoded: telecom dependency per country
VEN:telecommunications,VEN:energy,telecom_backbone,telecommunications,0.2,0,0.4,0.5,0.3,2.0,hardcoded: telecom dependency per country
VEN:telecommunications,VEN:agriculture,telecom_backbone,telecommunications,0.2,0,0.4,0.5,0.3,2.0,hardcoded: telecom dependency per country
VEN:telecommunications,VEN:utilities,telecom_backbone,telecommunications,0.2,0,0.4,0.5,0.3,2.0,hardcoded: telecom dependency per country
VEN:telecommunications,VEN:banking,telecom_backbone,telecommunications,0.2,0,0.4,0.5,0.3,2.0,hardcoded: telecom dependency per country
VEN:telecommunications,VEN:consumer_goods,telecom_backbone,telecommunications,0.2,0,0.4,0.5,0.3,2.0,hardcoded: telecom dependency per country
VNM:banking,VNM:government,credit,banking,0.4,0,0.5,0.4,0.3,6.0,hardcoded: bank-credit dependency per country
VNM:banking,VNM:electronics,credit,banking,0.4,0,0.5,0.4,0.3,6.0,hardcoded: bank-credit dependency per country
VNM:banking,VNM:tourism,credit,banking,0.4,0,0.5,0.4,0.3,6.0,hardcoded: bank-credit dependency per country
VNM:banking,VNM:agriculture,credit,banking,0.4,0,0.5,0.4,0.3,6.0,hardcoded: bank-credit dependency per country
VNM:banking,VNM:telecommunications,credit,banking,0.4,0,0.5,0.4,0.3,6.0,hardcoded: bank-credit dependency per country
VNM:banking,VNM:utilities,credit,banking,0.4,0,0.5,0.4,0.3,6.0,hardcoded: bank-credit dependency per country
VNM:banking,VNM:consumer_goods,credit,banking,0.4,0,0.5,0.4,0.3,6.0,hardcoded: bank-credit dependency per country
VNM:utilities,VNM:government,energy_supply,utilities,0.35,0,0.6,0.3,0.25,4.0,hardcoded: utilities supply dependency per country
VNM:utilities,VNM:electronics,energy_supply,utilities,0.35,0,0.6,0.3,0.25,4.0,hardcoded: utilities supply dependency per country
VNM:utilities,VNM:tourism,energy_supply,utilities,0.35,0,0.6,0.3,0.25,4.0,hardcoded: utilities supply dependency per country
VNM:utilities,VNM:agriculture,energy_supply,utilities,0.35,0,0.6,0.3,0.25,4.0,hardcoded: utilities supply dependency per country
VNM:utilities,VNM:telecommunications,energy_supply,utilities,0.35,0,0.6,0.3,0.25,4.0,hardcoded: utilities supply dependency per country
VNM:utilities,VNM:banking,energy_supply,utilities,0.35,0,0.6,0.3,0.25,4.0,hardcoded: utilities supply dependency per country
VNM:utilities,VNM:consumer_goods,energy_supply,utilities,0.35,0,0.6,0.3,0.25,4.0,hardcoded: utilities supply dependency per country
VNM:telecommunications,VNM:government,telecom_backbone,telecommunications,0.2,0,0.4,0.5,0.3,2.0,hardcoded: telecom dependency per country
VNM:telecommunications,VNM:electronics,telecom_backbone,telecommunications,0.2,0,0.4,0.5,0.3,2.0,hardcoded: telecom dependency per country
VNM:telecommunications,VNM:tourism,telecom_backbone,telecommunications,0.2,0,0.4,0.5,0.3,2.0,hardcoded: telecom dependency per country
VNM:telecommunications,VNM:agriculture,telecom_backbone,telecommunications,0.2,0,0.4,0.5,0.3,2.0,hardcoded: telecom dependency per country
VNM:telecommunications,VNM:utilities,telecom_backbone,telecommunications,0.2,0,0.4,0.5,0.3,2.0,hardcoded: telecom dependency per country
VNM:telecommunications,VNM:banking,telecom_backbone,telecommunications,0.2,0,0.4,0.5,0.3,2.0,hardcoded: telecom dependency per country
VNM:telecommunications,VNM:consumer_goods,telecom_backbone,telecommunications,0.2,0,0.4,0.5,0.3,2.0,hardcoded: telecom dependency per country
YEM:banking,YEM:government,credit,banking,0.4,0,0.5,0.4,0.3,6.0,hardcoded: bank-credit dependency per country
YEM:banking,YEM:tourism,credit,banking,0.4,0,0.5,0.4,0.3,6.0,hardcoded: bank-credit dependency per country
YEM:banking,YEM:agriculture,credit,banking,0.4,0,0.5,0.4,0.3,6.0,hardcoded: bank-credit dependency per country
YEM:banking,YEM:telecommunications,credit,banking,0.4,0,0.5,0.4,0.3,6.0,hardcoded: bank-credit dependency per country
YEM:banking,YEM:utilities,credit,banking,0.4,0,0.5,0.4,0.3,6.0,hardcoded: bank-credit dependency per country
YEM:banking,YEM:consumer_goods,credit,banking,0.4,0,0.5,0.4,0.3,6.0,hardcoded: bank-credit dependency per country
YEM:utilities,YEM:government,energy_supply,utilities,0.35,0,0.6,0.3,0.25,4.0,hardcoded: utilities supply dependency per country
YEM:utilities,YEM:tourism,energy_supply,utilities,0.35,0,0.6,0.3,0.25,4.0,hardcoded: utilities supply dependency per country
YEM:utilities,YEM:agriculture,energy_supply,utilities,0.35,0,0.6,0.3,0.25,4.0,hardcoded: utilities supply dependency per country
YEM:utilities,YEM:telecommunications,energy_supply,utilities,0.35,0,0.6,0.3,0.25,4.0,hardcoded: utilities supply dependency per country
YEM:utilities,YEM:banking,energy_supply,utilities,0.35,0,0.6,0.3,0.25,4.0,hardcoded: utilities supply dependency per country
YEM:utilities,YEM:consumer_goods,energy_supply,utilities,0.35,0,0.6,0.3,0.25,4.0,hardcoded: utilities supply dependency per country
YEM:telecommunications,YEM:government,telecom_backbone,telecommunications,0.2,0,0.4,0.5,0.3,2.0,hardcoded: telecom dependency per country
YEM:telecommunications,YEM:tourism,telecom_backbone,telecommunications,0.2,0,0.4,0.5,0.3,2.0,hardcoded: telecom dependency per country
YEM:telecommunications,YEM:agriculture,telecom_backbone,telecommunications,0.2,0,0.4,0.5,0.3,2.0,hardcoded: telecom dependency per country
YEM:telecommunications,YEM:utilities,telecom_backbone,telecommunications,0.2,0,0.4,0.5,0.3,2.0,hardcoded: telecom dependency per country
YEM:telecommunications,YEM:banking,telecom_backbone,telecommunications,0.2,0,0.4,0.5,0.3,2.0,hardcoded: telecom dependency per country
YEM:telecommunications,YEM:consumer_goods,telecom_backbone,telecommunications,0.2,0,0.4,0.5,0.3,2.0,hardcoded: telecom dependency per country
ZAF:banking,ZAF:government,credit,banking,0.4,0,0.5,0.4,0.3,6.0,hardcoded: bank-credit dependency per country
ZAF:banking,ZAF:tourism,credit,banking,0.4,0,0.5,0.4,0.3,6.0,hardcoded: bank-credit dependency per country
ZAF:banking,ZAF:agriculture,credit,banking,0.4,0,0.5,0.4,0.3,6.0,hardcoded: bank-credit dependency per country
ZAF:banking,ZAF:telecommunications,credit,banking,0.4,0,0.5,0.4,0.3,6.0,hardcoded: bank-credit dependency per country
ZAF:banking,ZAF:utilities,credit,banking,0.4,0,0.5,0.4,0.3,6.0,hardcoded: bank-credit dependency per country
ZAF:banking,ZAF:automotive,credit,banking,0.4,0,0.5,0.4,0.3,6.0,hardcoded: bank-credit dependency per country
ZAF:banking,ZAF:consumer_goods,credit,banking,0.4,0,0.5,0.4,0.3,6.0,hardcoded: bank-credit dependency per country
ZAF:utilities,ZAF:government,energy_supply,utilities,0.35,0,0.6,0.3,0.25,4.0,hardcoded: utilities supply dependency per country
ZAF:utilities,ZAF:tourism,energy_supply,utilities,0.35,0,0.6,0.3,0.25,4.0,hardcoded: utilities supply dependency per country
ZAF:utilities,ZAF:agriculture,energy_supply,utilities,0.35,0,0.6,0.3,0.25,4.0,hardcoded: utilities supply dependency per country
ZAF:utilities,ZAF:banking,energy_supply,utilities,0.35,0,0.6,0.3,0.25,4.0,hardcoded: utilities supply dependency per country
ZAF:utilities,ZAF:telecommunications,energy_supply,utilities,0.35,0,0.6,0.3,0.25,4.0,hardcoded: utilities supply dependency per country
ZAF:utilities,ZAF:automotive,energy_supply,utilities,0.35,0,0.6,0.3,0.25,4.0,hardcoded: utilities supply dependency per country
ZAF:utilities,ZAF:consumer_goods,energy_supply,utilities,0.35,0,0.6,0.3,0.25,4.0,hardcoded: utilities supply dependency per country
ZAF:telecommunications,ZAF:government,telecom_backbone,telecommunications,0.2,0,0.4,0.5,0.3,2.0,hardcoded: telecom dependency per country
ZAF:telecommunications,ZAF:tourism,telecom_backbone,telecommunications,0.2,0,0.4,0.5,0.3,2.0,hardcoded: telecom dependency per country
ZAF:telecommunications,ZAF:agriculture,telecom_backbone,telecommunications,0.2,0,0.4,0.5,0.3,2.0,hardcoded: telecom dependency per country
ZAF:telecommunications,ZAF:banking,telecom_backbone,telecommunications,0.2,0,0.4,0.5,0.3,2.0,hardcoded: telecom dependency per country
ZAF:telecommunications,ZAF:utilities,telecom_backbone,telecommunications,0.2,0,0.4,0.5,0.3,2.0,hardcoded: telecom dependency per country
ZAF:telecommunications,ZAF:automotive,telecom_backbone,telecommunications,0.2,0,0.4,0.5,0.3,2.0,hardcoded: telecom dependency per country
ZAF:telecommunications,ZAF:consumer_goods,telecom_backbone,telecommunications,0.2,0,0.4,0.5,0.3,2.0,hardcoded: telecom dependency per country
CP:TaiwanStrait,TWN:shipping,chokepoint,shipping,0.7,0,0.85,0.15,0.15,4.0,hardcoded: chokepoint route map
CP:TaiwanStrait,CHN:shipping,chokepoint,shipping,0.7,0,0.85,0.15,0.15,4.0,hardcoded: chokepoint route map
CP:TaiwanStrait,CHN:gas,chokepoint,shipping,0.7,0,0.85,0.15,0.15,4.0,hardcoded: chokepoint route map
CP:TaiwanStrait,CHN:ports,chokepoint,shipping,0.7,0,0.85,0.15,0.15,4.0,hardcoded: chokepoint route map
CP:TaiwanStrait,JPN:shipping,chokepoint,shipping,0.7,0,0.85,0.15,0.15,4.0,hardcoded: chokepoint route map
CP:TaiwanStrait,JPN:ports,chokepoint,shipping,0.7,0,0.85,0.15,0.15,4.0,hardcoded: chokepoint route map
CP:TaiwanStrait,KOR:shipping,chokepoint,shipping,0.7,0,0.85,0.15,0.15,4.0,hardcoded: chokepoint route map
CP:TaiwanStrait,KOR:ports,chokepoint,shipping,0.7,0,0.85,0.15,0.15,4.0,hardcoded: chokepoint route map
CP:Malacca,SGP:shipping,chokepoint,shipping,0.7,0,0.85,0.15,0.15,4.0,hardcoded: chokepoint route map
CP:Malacca,SGP:ports,chokepoint,shipping,0.7,0,0.85,0.15,0.15,4.0,hardcoded: chokepoint route map
CP:Malacca,MYS:shipping,chokepoint,shipping,0.7,0,0.85,0.15,0.15,4.0,hardcoded: chokepoint route map
CP:Malacca,MYS:ports,chokepoint,shipping,0.7,0,0.85,0.15,0.15,4.0,hardcoded: chokepoint route map
CP:Malacca,CHN:shipping,chokepoint,shipping,0.7,0,0.85,0.15,0.15,4.0,hardcoded: chokepoint route map
CP:Malacca,CHN:gas,chokepoint,shipping,0.7,0,0.85,0.15,0.15,4.0,hardcoded: chokepoint route map
CP:Malacca,CHN:ports,chokepoint,shipping,0.7,0,0.85,0.15,0.15,4.0,hardcoded: chokepoint route map
CP:Malacca,JPN:shipping,chokepoint,shipping,0.7,0,0.85,0.15,0.15,4.0,hardcoded: chokepoint route map
CP:Malacca,JPN:ports,chokepoint,shipping,0.7,0,0.85,0.15,0.15,4.0,hardcoded: chokepoint route map
CP:Malacca,KOR:shipping,chokepoint,shipping,0.7,0,0.85,0.15,0.15,4.0,hardcoded: chokepoint route map
CP:Malacca,KOR:ports,chokepoint,shipping,0.7,0,0.85,0.15,0.15,4.0,hardcoded: chokepoint route map
CP:Suez,EGY:shipping,chokepoint,shipping,0.7,0,0.85,0.15,0.15,4.0,hardcoded: chokepoint route map
CP:Suez,EGY:gas,chokepoint,shipping,0.7,0,0.85,0.15,0.15,4.0,hardcoded: chokepoint route map
CP:Suez,EGY:ports,chokepoint,shipping,0.7,0,0.85,0.15,0.15,4.0,hardcoded: chokepoint route map
CP:Suez,DEU:shipping,chokepoint,shipping,0.7,0,0.85,0.15,0.15,4.0,hardcoded: chokepoint route map
CP:Suez,DEU:gas,chokepoint,shipping,0.7,0,0.85,0.15,0.15,4.0,hardcoded: chokepoint route map
CP:Suez,DEU:ports,chokepoint,shipping,0.7,0,0.85,0.15,0.15,4.0,hardcoded: chokepoint route map
CP:Suez,NLD:shipping,chokepoint,shipping,0.7,0,0.85,0.15,0.15,4.0,hardcoded: chokepoint route map
CP:Suez,NLD:gas,chokepoint,shipping,0.7,0,0.85,0.15,0.15,4.0,hardcoded: chokepoint route map
CP:Suez,NLD:ports,chokepoint,shipping,0.7,0,0.85,0.15,0.15,4.0,hardcoded: chokepoint route map
CP:Suez,CHN:shipping,chokepoint,shipping,0.7,0,0.85,0.15,0.15,4.0,hardcoded: chokepoint route map
CP:Suez,CHN:gas,chokepoint,shipping,0.7,0,0.85,0.15,0.15,4.0,hardcoded: chokepoint route map
CP:Suez,CHN:ports,chokepoint,shipping,0.7,0,0.85,0.15,0.15,4.0,hardcoded: chokepoint route map
CP:Hormuz,SAU:oil,chokepoint,shipping,0.7,0,0.85,0.15,0.15,4.0,hardcoded: chokepoint route map
CP:Hormuz,ARE:shipping,chokepoint,shipping,0.7,0,0.85,0.15,0.15,4.0,hardcoded: chokepoint route map
CP:Hormuz,ARE:oil,chokepoint,shipping,0.7,0,0.85,0.15,0.15,4.0,hardcoded: chokepoint route map
CP:Hormuz,ARE:ports,chokepoint,shipping,0.7,0,0.85,0.15,0.15,4.0,hardcoded: chokepoint route map
CP:Hormuz,IRN:oil,chokepoint,shipping,0.7,0,0.85,0.15,0.15,4.0,hardcoded: chokepoint route map
CP:Hormuz,IRN:gas,chokepoint,shipping,0.7,0,0.85,0.15,0.15,4.0,hardcoded: chokepoint route map
CP:Hormuz,IRQ:oil,chokepoint,shipping,0.7,0,0.85,0.15,0.15,4.0,hardcoded: chokepoint route map
CP:Hormuz,QAT:oil,chokepoint,shipping,0.7,0,0.85,0.15,0.15,4.0,hardcoded: chokepoint route map
CP:Hormuz,QAT:gas,chokepoint,shipping,0.7,0,0.85,0.15,0.15,4.0,hardcoded: chokepoint route map
CP:Hormuz,USA:shipping,chokepoint,shipping,0.7,0,0.85,0.15,0.15,4.0,hardcoded: chokepoint route map
CP:Hormuz,USA:oil,chokepoint,shipping,0.7,0,0.85,0.15,0.15,4.0,hardcoded: chokepoint route map
CP:Hormuz,USA:gas,chokepoint,shipping,0.7,0,0.85,0.15,0.15,4.0,hardcoded: chokepoint route map
CP:Hormuz,USA:ports,chokepoint,shipping,0.7,0,0.85,0.15,0.15,4.0,hardcoded: chokepoint route map
CP:Hormuz,CHN:shipping,chokepoint,shipping,0.7,0,0.85,0.15,0.15,4.0,hardcoded: chokepoint route map
CP:Hormuz,CHN:gas,chokepoint,shipping,0.7,0,0.85,0.15,0.15,4.0,hardcoded: chokepoint route map
CP:Hormuz,CHN:ports,chokepoint,shipping,0.7,0,0.85,0.15,0.15,4.0,hardcoded: chokepoint route map
CP:Hormuz,JPN:shipping,chokepoint,shipping,0.7,0,0.85,0.15,0.15,4.0,hardcoded: chokepoint route map
CP:Hormuz,JPN:ports,chokepoint,shipping,0.7,0,0.85,0.15,0.15,4.0,hardcoded: chokepoint route map
CP:Hormuz,KOR:shipping,chokepoint,shipping,0.7,0,0.85,0.15,0.15,4.0,hardcoded: chokepoint route map
CP:Hormuz,KOR:ports,chokepoint,shipping,0.7,0,0.85,0.15,0.15,4.0,hardcoded: chokepoint route map
CP:Hormuz,IND:ports,chokepoint,shipping,0.7,0,0.85,0.15,0.15,4.0,hardcoded: chokepoint route map
CP:Panama,USA:shipping,chokepoint,shipping,0.7,0,0.85,0.15,0.15,4.0,hardcoded: chokepoint route map
CP:Panama,USA:oil,chokepoint,shipping,0.7,0,0.85,0.15,0.15,4.0,hardcoded: chokepoint route map
CP:Panama,USA:gas,chokepoint,shipping,0.7,0,0.85,0.15,0.15,4.0,hardcoded: chokepoint route map
CP:Panama,USA:ports,chokepoint,shipping,0.7,0,0.85,0.15,0.15,4.0,hardcoded: chokepoint route map
CP:Panama,CHN:shipping,chokepoint,shipping,0.7,0,0.85,0.15,0.15,4.0,hardcoded: chokepoint route map
CP:Panama,CHN:gas,chokepoint,shipping,0.7,0,0.85,0.15,0.15,4.0,hardcoded: chokepoint route map
CP:Panama,CHN:ports,chokepoint,shipping,0.7,0,0.85,0.15,0.15,4.0,hardcoded: chokepoint route map
CP:Panama,MEX:oil,chokepoint,shipping,0.7,0,0.85,0.15,0.15,4.0,hardcoded: chokepoint route map
CP:Panama,MEX:ports,chokepoint,shipping,0.7,0,0.85,0.15,0.15,4.0,hardcoded: chokepoint route map
CP:RedSea,EGY:shipping,chokepoint,shipping,0.7,0,0.85,0.15,0.15,4.0,hardcoded: chokepoint route map
CP:RedSea,EGY:gas,chokepoint,shipping,0.7,0,0.85,0.15,0.15,4.0,hardcoded: chokepoint route map
CP:RedSea,EGY:ports,chokepoint,shipping,0.7,0,0.85,0.15,0.15,4.0,hardcoded: chokepoint route map
CP:RedSea,NLD:shipping,chokepoint,shipping,0.7,0,0.85,0.15,0.15,4.0,hardcoded: chokepoint route map
CP:RedSea,NLD:gas,chokepoint,shipping,0.7,0,0.85,0.15,0.15,4.0,hardcoded: chokepoint route map
CP:RedSea,NLD:ports,chokepoint,shipping,0.7,0,0.85,0.15,0.15,4.0,hardcoded: chokepoint route map
CP:RedSea,DEU:shipping,chokepoint,shipping,0.7,0,0.85,0.15,0.15,4.0,hardcoded: chokepoint route map
CP:RedSea,DEU:gas,chokepoint,shipping,0.7,0,0.85,0.15,0.15,4.0,hardcoded: chokepoint route map
CP:RedSea,DEU:ports,chokepoint,shipping,0.7,0,0.85,0.15,0.15,4.0,hardcoded: chokepoint route map
CP:Bosphorus,RUS:oil,chokepoint,shipping,0.7,0,0.85,0.15,0.15,4.0,hardcoded: chokepoint route map
CP:Bosphorus,RUS:gas,chokepoint,shipping,0.7,0,0.85,0.15,0.15,4.0,hardcoded: chokepoint route map
CP:BabElMandeb,SAU:oil,chokepoint,shipping,0.7,0,0.85,0.15,0.15,4.0,hardcoded: chokepoint route map
CP:BabElMandeb,ARE:shipping,chokepoint,shipping,0.7,0,0.85,0.15,0.15,4.0,hardcoded: chokepoint route map
CP:BabElMandeb,ARE:oil,chokepoint,shipping,0.7,0,0.85,0.15,0.15,4.0,hardcoded: chokepoint route map
CP:BabElMandeb,ARE:ports,chokepoint,shipping,0.7,0,0.85,0.15,0.15,4.0,hardcoded: chokepoint route map
