year,country_iso3,wiod_sector,wiod_sector_name,geds_sector,gross_output_usd_m,value_added_usd_m,intermediate_inputs_usd_m,source_file
2014,AUS,A01,"Crop and animal production, hunting and related service activities",agriculture,70292.03449229615,30489.19020396576,39039.23889719337,WIOT2014_Nov16_ROW.xlsb
2014,AUS,A02,Forestry and logging,agriculture,2585.3796854828192,1569.8989394530902,925.1227403984241,WIOT2014_Nov16_ROW.xlsb
2014,AUS,A03,Fishing and aquaculture,agriculture,3175.044396357493,1894.7384651530315,1204.706017805077,WIOT2014_Nov16_ROW.xlsb
2014,AUS,B,Mining and quarrying,oil,171985.12232699487,98315.11987397016,72425.87198273232,WIOT2014_Nov16_ROW.xlsb
2014,AUS,C10-C12,"Manufacture of food products, beverages and tobacco products",consumer_goods,83504.03658421464,24247.39617801595,58384.50168847773,WIOT2014_Nov16_ROW.xlsb
2014,AUS,C13-C15,"Manufacture of textiles, wearing apparel and leather products",consumer_goods,5064.024116346062,2335.770879055502,2605.2095972316642,WIOT2014_Nov16_ROW.xlsb
2014,AUS,C16,"Manufacture of wood and of products of wood and cork, except furniture; manufact",consumer_goods,8999.775281756543,3382.997588963426,5553.244913233897,WIOT2014_Nov16_ROW.xlsb
2014,AUS,C17,Manufacture of paper and paper products,consumer_goods,7925.2296141988445,2463.259348087771,5385.554660946538,WIOT2014_Nov16_ROW.xlsb
2014,AUS,C18,Printing and reproduction of recorded media,consumer_goods,7784.081666341691,3042.4212502629375,4671.908312017449,WIOT2014_Nov16_ROW.xlsb
2014,AUS,C19,Manufacture of coke and refined petroleum products ,oil,24455.020256154203,3751.803517235343,19239.522784215555,WIOT2014_Nov16_ROW.xlsb
2014,AUS,C20,Manufacture of chemicals and chemical products ,consumer_goods,16160.984713683432,5333.571165157138,10468.847540390536,WIOT2014_Nov16_ROW.xlsb
2014,AUS,C21,Manufacture of basic pharmaceutical products and pharmaceutical preparations,consumer_goods,9784.739998226658,3360.2317909219487,6321.730740004585,WIOT2014_Nov16_ROW.xlsb
2014,AUS,C22,Manufacture of rubber and plastic products,consumer_goods,10784.61384820831,4251.740442226176,6324.447737974651,WIOT2014_Nov16_ROW.xlsb
2014,AUS,C23,Manufacture of other non-metallic mineral products,consumer_goods,15538.112479268631,5473.808481092642,9868.065376990076,WIOT2014_Nov16_ROW.xlsb
2014,AUS,C24,Manufacture of basic metals,consumer_goods,43584.66503444618,4766.247477963553,37334.75130900781,WIOT2014_Nov16_ROW.xlsb
2014,AUS,C25,"Manufacture of fabricated metal products, except machinery and equipment",consumer_goods,26102.35340243545,10112.567490023932,15617.106826996753,WIOT2014_Nov16_ROW.xlsb
2014,AUS,C26,"Manufacture of computer, electronic and optical products",electronics,6032.936480991308,4016.797406438137,1926.685052703261,WIOT2014_Nov16_ROW.xlsb
2014,AUS,C27,Manufacture of electrical equipment,electronics,6013.8132106364665,2265.652221087755,3637.6790150544043,WIOT2014_Nov16_ROW.xlsb
2014,AUS,C28,Manufacture of machinery and equipment n.e.c.,consumer_goods,13821.57130694129,4993.9054583783145,8586.62245497596,WIOT2014_Nov16_ROW.xlsb
2014,AUS,C29,"Manufacture of motor vehicles, trailers and semi-trailers",automotive,14087.475828065739,3167.177823530229,10571.161754150407,WIOT2014_Nov16_ROW.xlsb
2014,AUS,C30,Manufacture of other transport equipment,aerospace,10714.495190240563,3581.5153478851016,6918.039940091633,WIOT2014_Nov16_ROW.xlsb
2014,AUS,C31_C32,Manufacture of furniture; other manufacturing,consumer_goods,5695.092038055795,2161.840182018621,3448.1590346811317,WIOT2014_Nov16_ROW.xlsb
2014,AUS,C33,Repair and installation of machinery and equipment,consumer_goods,0.0,0.0,0.0,WIOT2014_Nov16_ROW.xlsb
2014,AUS,D35,"Electricity, gas, steam and air conditioning supply",utilities,58881.746428369544,22113.170636002407,36411.9795577746,WIOT2014_Nov16_ROW.xlsb
2014,AUS,E36,"Water collection, treatment and supply",utilities,16475.4599805394,10234.918099283512,6145.734387650603,WIOT2014_Nov16_ROW.xlsb
2014,AUS,E37-E39,"Sewerage; waste collection, treatment and disposal activities; materials recover",utilities,4247.069855140801,3357.6873480463732,850.5749122338195,WIOT2014_Nov16_ROW.xlsb
2014,AUS,F,Construction,,388428.56238348474,119992.65871174823,264704.23705085355,WIOT2014_Nov16_ROW.xlsb
2014,AUS,G45,Wholesale and retail trade and repair of motor vehicles and motorcycles,consumer_goods,16037.79765285644,6931.473216055322,8769.61579826679,WIOT2014_Nov16_ROW.xlsb
2014,AUS,G46,"Wholesale trade, except of motor vehicles and motorcycles",consumer_goods,122996.74078191459,59177.72939809531,63136.79327418034,WIOT2014_Nov16_ROW.xlsb
2014,AUS,G47,"Retail trade, except of motor vehicles and motorcycles",consumer_goods,106061.06336455871,64839.26067341695,40790.254948962014,WIOT2014_Nov16_ROW.xlsb
2014,AUS,H49,Land transport and transport via pipelines,shipping,63815.32431017686,27824.254806716843,34919.82077256825,WIOT2014_Nov16_ROW.xlsb
2014,AUS,H50,Water transport,shipping,8193.515669257882,3461.919195011759,4552.4347035039955,WIOT2014_Nov16_ROW.xlsb
2014,AUS,H51,Air transport,aviation,22758.435814441662,6222.247319119544,16078.553837537751,WIOT2014_Nov16_ROW.xlsb
2014,AUS,H52,Warehousing and support activities for transportation,ports,50759.46947366975,27037.036479127742,23682.434742658377,WIOT2014_Nov16_ROW.xlsb
2014,AUS,H53,Postal and courier activities,telecommunications,11041.31249643112,4605.457397193834,6189.2335064511935,WIOT2014_Nov16_ROW.xlsb
2014,AUS,I,Accommodation and food service activities,tourism,77107.08224073699,36235.24581319798,38086.20206774551,WIOT2014_Nov16_ROW.xlsb
2014,AUS,J58,Publishing activities,telecommunications,10601.55535202874,6370.642912523376,4195.356084403471,WIOT2014_Nov16_ROW.xlsb
2014,AUS,J59_J60,"Motion picture, video and television programme production, sound recording and m",telecommunications,16208.008809902825,7010.763961594307,9113.241922498664,WIOT2014_Nov16_ROW.xlsb
2014,AUS,J61,Telecommunications,telecommunications,48156.52229274655,20233.039619861498,27440.964402369813,WIOT2014_Nov16_ROW.xlsb
2014,AUS,J62_J63,"Computer programming, consultancy and related activities; information service ac",telecommunications,49016.90971403993,26689.091942022158,22262.92238545435,WIOT2014_Nov16_ROW.xlsb
2014,AUS,K64,"Financial service activities, except insurance and pension funding",banking,113051.2418371218,87369.98942394291,24350.732257921525,WIOT2014_Nov16_ROW.xlsb
2014,AUS,K65,"Insurance, reinsurance and pension funding, except compulsory social security",insurance,46259.93095289796,16605.595434689178,28272.26102431498,WIOT2014_Nov16_ROW.xlsb
2014,AUS,K66,Activities auxiliary to financial services and insurance activities,capital_markets,41674.80385525989,21995.744847179725,19492.172073057594,WIOT2014_Nov16_ROW.xlsb
2014,AUS,L68,Real estate activities,,235478.70648147646,165036.42356906636,68697.32824890515,WIOT2014_Nov16_ROW.xlsb
2014,AUS,M69_M70,Legal and accounting activities; activities of head offices; management consulta,,140122.71597658657,67624.9329928765,72000.71948065891,WIOT2014_Nov16_ROW.xlsb
2014,AUS,M71,Architectural and engineering activities; technical testing and analysis,,0.0,0.0,0.0,WIOT2014_Nov16_ROW.xlsb
2014,AUS,M72,Scientific research and development,,0.0,0.0,0.0,WIOT2014_Nov16_ROW.xlsb
2014,AUS,M73,Advertising and market research,,0.0,0.0,0.0,WIOT2014_Nov16_ROW.xlsb
2014,AUS,M74_M75,"Other professional, scientific and technical activities; veterinary activities",,0.0,0.0,0.0,WIOT2014_Nov16_ROW.xlsb
2014,AUS,N,Administrative and support service activities,,95209.12854368167,46140.66507633089,48825.23188459777,WIOT2014_Nov16_ROW.xlsb
2014,AUS,O84,Public administration and defence; compulsory social security,government,126612.94591095638,76666.49405898355,49472.229573547986,WIOT2014_Nov16_ROW.xlsb
2014,AUS,P85,Education,government,92706.60889821686,69726.46505710906,22713.34695932195,WIOT2014_Nov16_ROW.xlsb
2014,AUS,Q,Human health and social work activities,,130374.3787503342,96115.01954594461,33515.27928488786,WIOT2014_Nov16_ROW.xlsb
2014,AUS,R_S,Other service activities,,56474.9392111936,22806.356434281457,33109.34616434859,WIOT2014_Nov16_ROW.xlsb
2014,AUS,T,Activities of households as employers; undifferentiated goods- and services-prod,,10894.637696861722,9748.543384691862,1124.8233799642603,WIOT2014_Nov16_ROW.xlsb
2014,AUS,U,Activities of extraterritorial organizations and bodies,,0.0,0.0,0.0,WIOT2014_Nov16_ROW.xlsb
2014,AUT,A01,"Crop and animal production, hunting and related service activities",agriculture,9381.734149999998,3808.0124000000005,5401.603134701504,WIOT2014_Nov16_ROW.xlsb
2014,AUT,A02,Forestry and logging,agriculture,3294.01575,1628.2096,1619.077307084834,WIOT2014_Nov16_ROW.xlsb
2014,AUT,A03,Fishing and aquaculture,agriculture,89.80659999999999,28.961299999999994,58.28886803765634,WIOT2014_Nov16_ROW.xlsb
2014,AUT,B,Mining and quarrying,oil,3412.78365,1837.3155000000002,1513.7360571793224,WIOT2014_Nov16_ROW.xlsb
2014,AUT,C10-C12,"Manufacture of food products, beverages and tobacco products",consumer_goods,27457.30515,7300.107500000005,19832.43034547559,WIOT2014_Nov16_ROW.xlsb
2014,AUT,C13-C15,"Manufacture of textiles, wearing apparel and leather products",consumer_goods,4261.9608499999995,1429.9973999999995,2712.7883755520384,WIOT2014_Nov16_ROW.xlsb
2014,AUT,C16,"Manufacture of wood and of products of wood and cork, except furniture; manufact",consumer_goods,10278.0731,2648.7633000000023,7460.609474172964,WIOT2014_Nov16_ROW.xlsb
2014,AUT,C17,Manufacture of paper and paper products,consumer_goods,8179.0431,2237.991100000003,5807.087898723884,WIOT2014_Nov16_ROW.xlsb
2014,AUT,C18,Printing and reproduction of recorded media,consumer_goods,3399.8971999999994,1291.1691500000002,2064.165293853285,WIOT2014_Nov16_ROW.xlsb
2014,AUT,C19,Manufacture of coke and refined petroleum products ,oil,7412.4986,157.69295000000216,6961.902282082059,WIOT2014_Nov16_ROW.xlsb
2014,AUT,C20,Manufacture of chemicals and chemical products ,consumer_goods,18165.3776,2634.8140500000013,14868.688546996987,WIOT2014_Nov16_ROW.xlsb
2014,AUT,C21,Manufacture of basic pharmaceutical products and pharmaceutical preparations,consumer_goods,5937.863600000001,2828.5093500000003,2959.61220169039,WIOT2014_Nov16_ROW.xlsb
2014,AUT,C22,Manufacture of rubber and plastic products,consumer_goods,8025.999899999999,3097.9291500000018,4746.81336684003,WIOT2014_Nov16_ROW.xlsb
2014,AUT,C23,Manufacture of other non-metallic mineral products,consumer_goods,8726.3851,3343.170250000001,5207.143151896941,WIOT2014_Nov16_ROW.xlsb
2014,AUT,C24,Manufacture of basic metals,consumer_goods,20039.3597,4903.227799999999,14644.04566322752,WIOT2014_Nov16_ROW.xlsb
2014,AUT,C25,"Manufacture of fabricated metal products, except machinery and equipment",consumer_goods,18991.7046,7373.042149999997,11287.118685730497,WIOT2014_Nov16_ROW.xlsb
2014,AUT,C26,"Manufacture of computer, electronic and optical products",electronics,7901.918,4062.154449999999,3690.681907165357,WIOT2014_Nov16_ROW.xlsb
2014,AUT,C27,Manufacture of electrical equipment,electronics,13492.11315,5803.286549999996,7421.446031486306,WIOT2014_Nov16_ROW.xlsb
2014,AUT,C28,Manufacture of machinery and equipment n.e.c.,consumer_goods,28271.144249999998,10096.334300000004,17603.309813174277,WIOT2014_Nov16_ROW.xlsb
2014,AUT,C29,"Manufacture of motor vehicles, trailers and semi-trailers",automotive,19785.21765,5139.435100000005,14036.041828920685,WIOT2014_Nov16_ROW.xlsb
2014,AUT,C30,Manufacture of other transport equipment,aerospace,3582.4330999999997,1172.0027000000011,2315.5617733657887,WIOT2014_Nov16_ROW.xlsb
2014,AUT,C31_C32,Manufacture of furniture; other manufacturing,consumer_goods,8543.3178,3251.9023000000007,5086.458068420704,WIOT2014_Nov16_ROW.xlsb
2014,AUT,C33,Repair and installation of machinery and equipment,consumer_goods,7942.8358,3120.9122000000016,4678.921583742335,WIOT2014_Nov16_ROW.xlsb
2014,AUT,D35,"Electricity, gas, steam and air conditioning supply",utilities,27118.27195,6558.273100000012,20261.051294844016,WIOT2014_Nov16_ROW.xlsb
2014,AUT,E36,"Water collection, treatment and supply",utilities,1236.43495,737.1846499999999,484.6463873536127,WIOT2014_Nov16_ROW.xlsb
2014,AUT,E37-E39,"Sewerage; waste collection, treatment and disposal activities; materials recover",utilities,8848.8728,3353.9311000000002,5366.919963320995,WIOT2014_Nov16_ROW.xlsb
2014,AUT,F,Construction,,62954.958,24897.551349999983,37294.78973589526,WIOT2014_Nov16_ROW.xlsb
2014,AUT,G45,Wholesale and retail trade and repair of motor vehicles and motorcycles,consumer_goods,11459.906700000001,5815.375899999999,5487.088293569755,WIOT2014_Nov16_ROW.xlsb
2014,AUT,G46,"Wholesale trade, except of motor vehicles and motorcycles",consumer_goods,41317.54565,23033.665849999994,17959.885373005258,WIOT2014_Nov16_ROW.xlsb
2014,AUT,G47,"Retail trade, except of motor vehicles and motorcycles",consumer_goods,29465.0672,18347.913500000002,10841.652118998365,WIOT2014_Nov16_ROW.xlsb
2014,AUT,H49,Land transport and transport via pipelines,shipping,21605.262649999997,11198.192200000001,9847.84834332679,WIOT2014_Nov16_ROW.xlsb
2014,AUT,H50,Water transport,shipping,136.43695,48.0917,87.35996625382579,WIOT2014_Nov16_ROW.xlsb
2014,AUT,H51,Air transport,aviation,4949.32675,627.8490999999981,4270.703578449271,WIOT2014_Nov16_ROW.xlsb
2014,AUT,H52,Warehousing and support activities for transportation,ports,13677.30605,8160.975499999997,5422.558071857091,WIOT2014_Nov16_ROW.xlsb
2014,AUT,H53,Postal and courier activities,telecommunications,3443.7376999999997,1797.8590499999998,1605.0340821768973,WIOT2014_Nov16_ROW.xlsb
2014,AUT,I,Accommodation and food service activities,tourism,32169.760349999997,20099.939300000002,11534.089330226925,WIOT2014_Nov16_ROW.xlsb
2014,AUT,J58,Publishing activities,telecommunications,3650.718,1339.1280000000002,2300.362181682253,WIOT2014_Nov16_ROW.xlsb
2014,AUT,J59_J60,"Motion picture, video and television programme production, sound recording and m",telecommunications,3642.87985,1458.0287499999997,2162.7719514467535,WIOT2014_Nov16_ROW.xlsb
2014,AUT,J61,Telecommunications,telecommunications,7872.691,3210.984499999999,4596.994872418373,WIOT2014_Nov16_ROW.xlsb
2014,AUT,J62_J63,"Computer programming, consultancy and related activities; information service ac",telecommunications,13812.945899999999,6908.598550000002,6833.033241348959,WIOT2014_Nov16_ROW.xlsb
2014,AUT,K64,"Financial service activities, except insurance and pension funding",banking,22384.6936,12475.810649999996,9043.144898292692,WIOT2014_Nov16_ROW.xlsb
2014,AUT,K65,"Insurance, reinsurance and pension funding, except compulsory social security",insurance,9191.75865,3940.331000000001,4884.89423602607,WIOT2014_Nov16_ROW.xlsb
2014,AUT,K66,Activities auxiliary to financial services and insurance activities,capital_markets,4370.897849999999,1529.1035000000006,2735.7758663617306,WIOT2014_Nov16_ROW.xlsb
2014,AUT,L68,Real estate activities,,57931.23525,38739.06,18400.1747503685,WIOT2014_Nov16_ROW.xlsb
2014,AUT,M69_M70,Legal and accounting activities; activities of head offices; management consulta,,20552.1607,10702.395999999995,9747.48972656531,WIOT2014_Nov16_ROW.xlsb
2014,AUT,M71,Architectural and engineering activities; technical testing and analysis,,10471.237,5794.51845,4621.248148171592,WIOT2014_Nov16_ROW.xlsb
2014,AUT,M72,Scientific research and development,,2738.1713499999996,1411.2655499999998,1264.2491903352307,WIOT2014_Nov16_ROW.xlsb
2014,AUT,M73,Advertising and market research,,6087.31985,1714.42925,4311.325557468247,WIOT2014_Nov16_ROW.xlsb
2014,AUT,M74_M75,"Other professional, scientific and technical activities; veterinary activities",,1998.46255,939.7809000000001,1035.622399188971,WIOT2014_Nov16_ROW.xlsb
2014,AUT,N,Administrative and support service activities,,26304.964249999997,16634.9456,9492.05167351629,WIOT2014_Nov16_ROW.xlsb
2014,AUT,O84,Public administration and defence; compulsory social security,government,30759.823299999996,20167.1614,9347.026723927976,WIOT2014_Nov16_ROW.xlsb
2014,AUT,P85,Education,government,25927.803099999997,21097.377099999998,4131.662945358914,WIOT2014_Nov16_ROW.xlsb
2014,AUT,Q,Human health and social work activities,,39737.16205,26610.386399999996,11338.943310190243,WIOT2014_Nov16_ROW.xlsb
2014,AUT,R_S,Other service activities,,17010.379699999998,10889.1831,5608.665679055827,WIOT2014_Nov16_ROW.xlsb
2014,AUT,T,Activities of households as employers; undifferentiated goods- and services-prod,,229.69765,229.69765,0.0,WIOT2014_Nov16_ROW.xlsb
2014,AUT,U,Activities of extraterritorial organizations and bodies,,0.0,0.0,0.0,WIOT2014_Nov16_ROW.xlsb
2014,BEL,A01,"Crop and animal production, hunting and related service activities",agriculture,11567.957628505004,3184.3235380039564,7768.85312953196,WIOT2014_Nov16_ROW.xlsb
2014,BEL,A02,Forestry and logging,agriculture,524.350550684648,109.24831000179825,395.4005567512268,WIOT2014_Nov16_ROW.xlsb
2014,BEL,A03,Fishing and aquaculture,agriculture,121.52227081034754,51.85685199424563,67.07020522534792,WIOT2014_Nov16_ROW.xlsb
2014,BEL,B,Mining and quarrying,oil,803.0782499999999,291.34005,495.6648554722453,WIOT2014_Nov16_ROW.xlsb
2014,BEL,C10-C12,"Manufacture of food products, beverages and tobacco products",consumer_goods,51912.7317,10108.689349999988,40644.06280416687,WIOT2014_Nov16_ROW.xlsb
2014,BEL,C13-C15,"Manufacture of textiles, wearing apparel and leather products",consumer_goods,6599.987999999999,1840.5038999999988,4499.910663487111,WIOT2014_Nov16_ROW.xlsb
2014,BEL,C16,"Manufacture of wood and of products of wood and cork, except furniture; manufact",consumer_goods,4022.508123651586,951.828286879668,2958.1636966043716,WIOT2014_Nov16_ROW.xlsb
2014,BEL,C17,Manufacture of paper and paper products,consumer_goods,5908.192533612059,1311.8094772340207,4430.206719662872,WIOT2014_Nov16_ROW.xlsb
2014,BEL,C18,Printing and reproduction of recorded media,consumer_goods,4212.266734936879,1413.016535585781,2720.2608933257043,WIOT2014_Nov16_ROW.xlsb
2014,BEL,C19,Manufacture of coke and refined petroleum products ,oil,47951.80894999999,1290.5048999999922,43903.98465256333,WIOT2014_Nov16_ROW.xlsb
2014,BEL,C20,Manufacture of chemicals and chemical products ,consumer_goods,43897.359800000006,10090.62175,32016.362444976483,WIOT2014_Nov16_ROW.xlsb
2014,BEL,C21,Manufacture of basic pharmaceutical products and pharmaceutical preparations,consumer_goods,19415.36325,8237.62995,10816.046733399375,WIOT2014_Nov16_ROW.xlsb
2014,BEL,C22,Manufacture of rubber and plastic products,consumer_goods,7159.609788303931,2558.6911458693553,4334.888891165495,WIOT2014_Nov16_ROW.xlsb
2014,BEL,C23,Manufacture of other non-metallic mineral products,consumer_goods,9616.97711809853,2937.949871147852,6457.7603605981385,WIOT2014_Nov16_ROW.xlsb
2014,BEL,C24,Manufacture of basic metals,consumer_goods,24997.989065111764,3321.4924930761567,20858.535878312556,WIOT2014_Nov16_ROW.xlsb
2014,BEL,C25,"Manufacture of fabricated metal products, except machinery and equipment",consumer_goods,15307.462097677851,4927.418249673688,10000.628270378744,WIOT2014_Nov16_ROW.xlsb
2014,BEL,C26,"Manufacture of computer, electronic and optical products",electronics,4232.0696,1608.41495,2501.9861289284736,WIOT2014_Nov16_ROW.xlsb
2014,BEL,C27,Manufacture of electrical equipment,electronics,4946.0055,1805.2986500000006,3000.7771492475486,WIOT2014_Nov16_ROW.xlsb
2014,BEL,C28,Manufacture of machinery and equipment n.e.c.,consumer_goods,12512.211549999998,4605.909500000003,7536.064245148739,WIOT2014_Nov16_ROW.xlsb
2014,BEL,C29,"Manufacture of motor vehicles, trailers and semi-trailers",automotive,22193.46644645415,3779.4678192948995,17295.62182333568,WIOT2014_Nov16_ROW.xlsb
2014,BEL,C30,Manufacture of other transport equipment,aerospace,2700.6167405965357,1033.3561949963648,1598.3836454654902,WIOT2014_Nov16_ROW.xlsb
2014,BEL,C31_C32,Manufacture of furniture; other manufacturing,consumer_goods,4763.088242959515,1678.8858714146158,2941.7960717850283,WIOT2014_Nov16_ROW.xlsb
2014,BEL,C33,Repair and installation of machinery and equipment,consumer_goods,5245.842708597221,2055.734904827592,3077.9579605744557,WIOT2014_Nov16_ROW.xlsb
2014,BEL,D35,"Electricity, gas, steam and air conditioning supply",utilities,18774.362,7981.229450000002,10668.546034755713,WIOT2014_Nov16_ROW.xlsb
2014,BEL,E36,"Water collection, treatment and supply",utilities,3254.8470386669014,1285.433630551996,1968.3651046771913,WIOT2014_Nov16_ROW.xlsb
2014,BEL,E37-E39,"Sewerage; waste collection, treatment and disposal activities; materials recover",utilities,11597.517261333096,3334.557969448002,8167.839418950555,WIOT2014_Nov16_ROW.xlsb
2014,BEL,F,Construction,,90431.65925,26993.525799999992,61897.29561103152,WIOT2014_Nov16_ROW.xlsb
2014,BEL,G45,Wholesale and retail trade and repair of motor vehicles and motorcycles,consumer_goods,14761.256044164993,7742.574530591798,6896.116463778409,WIOT2014_Nov16_ROW.xlsb
2014,BEL,G46,"Wholesale trade, except of motor vehicles and motorcycles",consumer_goods,66068.89227860258,29689.80479144949,35751.71631707765,WIOT2014_Nov16_ROW.xlsb
2014,BEL,G47,"Retail trade, except of motor vehicles and motorcycles",consumer_goods,36231.69197723244,21788.03232795871,14298.600693876437,WIOT2014_Nov16_ROW.xlsb
2014,BEL,H49,Land transport and transport via pipelines,shipping,23076.47112473726,9260.898862973805,13413.090742515848,WIOT2014_Nov16_ROW.xlsb
2014,BEL,H50,Water transport,shipping,2564.9128163841124,522.0199390260905,2022.1223131584525,WIOT2014_Nov16_ROW.xlsb
2014,BEL,H51,Air transport,aviation,4120.057744919959,549.7157416749471,3499.5171606001095,WIOT2014_Nov16_ROW.xlsb
2014,BEL,H52,Warehousing and support activities for transportation,ports,32721.047345108374,12772.35911160996,19393.019968472745,WIOT2014_Nov16_ROW.xlsb
2014,BEL,H53,Postal and courier activities,telecommunications,5023.112868850295,2784.1500947152144,2026.6199372004564,WIOT2014_Nov16_ROW.xlsb
2014,BEL,I,Accommodation and food service activities,tourism,21185.5895,8982.121350000007,11565.730320896182,WIOT2014_Nov16_ROW.xlsb
2014,BEL,J58,Publishing activities,telecommunications,3822.290132770953,1406.9843524647179,2403.4061484234808,WIOT2014_Nov16_ROW.xlsb
2014,BEL,J59_J60,"Motion picture, video and television programme production, sound recording and m",telecommunications,5227.45186722905,2446.32989753528,2757.317860087664,WIOT2014_Nov16_ROW.xlsb
2014,BEL,J61,Telecommunications,telecommunications,15803.17175,6725.132699999998,9026.2910179067,WIOT2014_Nov16_ROW.xlsb
2014,BEL,J62_J63,"Computer programming, consultancy and related activities; information service ac",telecommunications,18809.03585,9151.5051,9597.690565159388,WIOT2014_Nov16_ROW.xlsb
2014,BEL,K64,"Financial service activities, except insurance and pension funding",banking,33258.69846925242,19068.22559371223,13795.60504605829,WIOT2014_Nov16_ROW.xlsb
2014,BEL,K65,"Insurance, reinsurance and pension funding, except compulsory social security",insurance,12930.290306489549,5582.408556915275,6679.664066465173,WIOT2014_Nov16_ROW.xlsb
2014,BEL,K66,Activities auxiliary to financial services and insurance activities,capital_markets,11100.049574258026,4748.008049372493,6077.322903138844,WIOT2014_Nov16_ROW.xlsb
2014,BEL,L68,Real estate activities,,60327.052149999996,41109.901099999995,18318.946764560555,WIOT2014_Nov16_ROW.xlsb
2014,BEL,M69_M70,Legal and accounting activities; activities of head offices; management consulta,,64274.06448262932,34298.19530811045,28344.053302204877,WIOT2014_Nov16_ROW.xlsb
2014,BEL,M71,Architectural and engineering activities; technical testing and analysis,,13079.809049272597,5075.2389706873055,7912.998065512119,WIOT2014_Nov16_ROW.xlsb
2014,BEL,M72,Scientific research and development,,3962.5169499999997,1935.8902000000003,1997.1344987364412,WIOT2014_Nov16_ROW.xlsb
2014,BEL,M73,Advertising and market research,,7767.490728666893,1954.9362072916338,5783.723887500705,WIOT2014_Nov16_ROW.xlsb
2014,BEL,M74_M75,"Other professional, scientific and technical activities; veterinary activities",,3231.4581894311864,1196.6488139106073,2012.478018779898,WIOT2014_Nov16_ROW.xlsb
2014,BEL,N,Administrative and support service activities,,40067.56,20105.2533,19562.604999695093,WIOT2014_Nov16_ROW.xlsb
2014,BEL,O84,Public administration and defence; compulsory social security,government,51889.21725,38050.099899999994,12205.320671773938,WIOT2014_Nov16_ROW.xlsb
2014,BEL,P85,Education,government,39496.70355,33632.306,5101.657744922737,WIOT2014_Nov16_ROW.xlsb
2014,BEL,Q,Human health and social work activities,,61561.3615,36088.30395,22864.655958012918,WIOT2014_Nov16_ROW.xlsb
2014,BEL,R_S,Other service activities,,23200.25975,10165.681999999999,12301.281906016176,WIOT2014_Nov16_ROW.xlsb
2014,BEL,T,Activities of households as employers; undifferentiated goods- and services-prod,,524.09325,524.09325,0.0,WIOT2014_Nov16_ROW.xlsb
2014,BEL,U,Activities of extraterritorial organizations and bodies,,0.0,0.0,0.0,WIOT2014_Nov16_ROW.xlsb
2014,BGR,A01,"Crop and animal production, hunting and related service activities",agriculture,5746.994740046104,2309.5009900461046,3274.6774478647762,WIOT2014_Nov16_ROW.xlsb
2014,BGR,A02,Forestry and logging,agriculture,504.5163004706154,257.8138504706154,230.43038101055242,WIOT2014_Nov16_ROW.xlsb
2014,BGR,A03,Fishing and aquaculture,agriculture,61.65276887499751,30.433018874997515,30.766454869477492,WIOT2014_Nov16_ROW.xlsb
2014,BGR,B,Mining and quarrying,oil,2039.059032663172,1293.504832663172,703.6131122920727,WIOT2014_Nov16_ROW.xlsb
2014,BGR,C10-C12,"Manufacture of food products, beverages and tobacco products",consumer_goods,6493.870200921882,1727.3450509218824,4391.404885449471,WIOT2014_Nov16_ROW.xlsb
2014,BGR,C13-C15,"Manufacture of textiles, wearing apparel and leather products",consumer_goods,2670.6012965917566,1004.2637465917568,1582.062546762174,WIOT2014_Nov16_ROW.xlsb
2014,BGR,C16,"Manufacture of wood and of products of wood and cork, except furniture; manufact",consumer_goods,605.1006669326264,140.39136693262643,441.2235885819953,WIOT2014_Nov16_ROW.xlsb
2014,BGR,C17,Manufacture of paper and paper products,consumer_goods,664.7603506069237,169.36270060692368,468.7750001535702,WIOT2014_Nov16_ROW.xlsb
2014,BGR,C18,Printing and reproduction of recorded media,consumer_goods,468.9065115514358,142.09551155143586,313.5176751190611,WIOT2014_Nov16_ROW.xlsb
2014,BGR,C19,Manufacture of coke and refined petroleum products ,oil,4596.984579242002,-203.94872075799785,4556.039789956487,WIOT2014_Nov16_ROW.xlsb
2014,BGR,C20,Manufacture of chemicals and chemical products ,consumer_goods,1695.1853993690047,439.8857493690049,1194.9551143343767,WIOT2014_Nov16_ROW.xlsb
2014,BGR,C21,Manufacture of basic pharmaceutical products and pharmaceutical preparations,consumer_goods,644.6966262532067,219.04522625320675,401.84619999681394,WIOT2014_Nov16_ROW.xlsb
2014,BGR,C22,Manufacture of rubber and plastic products,consumer_goods,1616.5249701146977,351.92582011469773,1208.2999316663859,WIOT2014_Nov16_ROW.xlsb
2014,BGR,C23,Manufacture of other non-metallic mineral products,consumer_goods,1645.8897587383497,472.2928587383497,1116.267328475129,WIOT2014_Nov16_ROW.xlsb
2014,BGR,C24,Manufacture of basic metals,consumer_goods,5034.400344622372,366.3170446223725,4451.084052186735,WIOT2014_Nov16_ROW.xlsb
2014,BGR,C25,"Manufacture of fabricated metal products, except machinery and equipment",consumer_goods,2072.6757363816514,683.9946863816514,1331.908788154265,WIOT2014_Nov16_ROW.xlsb
2014,BGR,C26,"Manufacture of computer, electronic and optical products",electronics,515.6775775945374,211.18537759453736,287.45021004381084,WIOT2014_Nov16_ROW.xlsb
2014,BGR,C27,Manufacture of electrical equipment,electronics,1586.097202717339,333.9859527173391,1199.4438869538956,WIOT2014_Nov16_ROW.xlsb
2014,BGR,C28,Manufacture of machinery and equipment n.e.c.,consumer_goods,1754.1807213097354,533.1563713097354,1175.896160922238,WIOT2014_Nov16_ROW.xlsb
2014,BGR,C29,"Manufacture of motor vehicles, trailers and semi-trailers",automotive,1065.7690929878343,247.0145429878342,777.9603446793027,WIOT2014_Nov16_ROW.xlsb
2014,BGR,C30,Manufacture of other transport equipment,aerospace,370.58097498355187,81.10082498355189,276.78640871071605,WIOT2014_Nov16_ROW.xlsb
2014,BGR,C31_C32,Manufacture of furniture; other manufacturing,consumer_goods,998.2699408574489,323.65764085744905,642.8031775156505,WIOT2014_Nov16_ROW.xlsb
2014,BGR,C33,Repair and installation of machinery and equipment,consumer_goods,612.5415183485744,263.8102683485744,335.5795663683759,WIOT2014_Nov16_ROW.xlsb
2014,BGR,D35,"Electricity, gas, steam and air conditioning supply",utilities,4981.650022977169,1916.2691229771697,2936.287086923745,WIOT2014_Nov16_ROW.xlsb
2014,BGR,E36,"Water collection, treatment and supply",utilities,423.06555193532773,258.3315519353278,155.1711461160827,WIOT2014_Nov16_ROW.xlsb
2014,BGR,E37-E39,"Sewerage; waste collection, treatment and disposal activities; materials recover",utilities,621.7097102717961,240.6959102717961,369.08971339423556,WIOT2014_Nov16_ROW.xlsb
2014,BGR,F,Construction,,10351.154426010628,2192.703076010628,7952.596574641417,WIOT2014_Nov16_ROW.xlsb
2014,BGR,G45,Wholesale and retail trade and repair of motor vehicles and motorcycles,consumer_goods,1149.6115437639623,568.6584937639623,559.1802646155821,WIOT2014_Nov16_ROW.xlsb
2014,BGR,G46,"Wholesale trade, except of motor vehicles and motorcycles",consumer_goods,7639.894191324584,3505.070791324584,3938.9754516740527,WIOT2014_Nov16_ROW.xlsb
2014,BGR,G47,"Retail trade, except of motor vehicles and motorcycles",consumer_goods,4216.305305908235,2220.366905908235,1937.5049875389693,WIOT2014_Nov16_ROW.xlsb
2014,BGR,H49,Land transport and transport via pipelines,shipping,5815.822615643624,1727.0981656436236,3763.5025088701295,WIOT2014_Nov16_ROW.xlsb
2014,BGR,H50,Water transport,shipping,404.1976787020311,233.75112870203117,161.89047683777818,WIOT2014_Nov16_ROW.xlsb
2014,BGR,H51,Air transport,aviation,844.5366357100953,139.23598571009535,644.5268657374822,WIOT2014_Nov16_ROW.xlsb
2014,BGR,H52,Warehousing and support activities for transportation,ports,2373.6316016874043,803.0789016874045,1524.1735610947194,WIOT2014_Nov16_ROW.xlsb
2014,BGR,H53,Postal and courier activities,telecommunications,406.72225328958496,167.32655328958492,229.64244313576205,WIOT2014_Nov16_ROW.xlsb
2014,BGR,I,Accommodation and food service activities,tourism,2384.3942617711864,1157.7902117711865,1166.5804455752143,WIOT2014_Nov16_ROW.xlsb
2014,BGR,J58,Publishing activities,telecommunications,254.8491609962182,112.30111099621818,136.73351505275465,WIOT2014_Nov16_ROW.xlsb
2014,BGR,J59_J60,"Motion picture, video and television programme production, sound recording and m",telecommunications,505.4464068976089,246.65460689760891,247.37799540535264,WIOT2014_Nov16_ROW.xlsb
2014,BGR,J61,Telecommunications,telecommunications,2178.4421243654833,1185.6540743654834,943.8636126304214,WIOT2014_Nov16_ROW.xlsb
2014,BGR,J62_J63,"Computer programming, consultancy and related activities; information service ac",telecommunications,2084.2356305457133,1198.1261305457133,865.5365475271543,WIOT2014_Nov16_ROW.xlsb
2014,BGR,K64,"Financial service activities, except insurance and pension funding",banking,3861.137523143433,2857.987173143433,985.1738168054075,WIOT2014_Nov16_ROW.xlsb
2014,BGR,K65,"Insurance, reinsurance and pension funding, except compulsory social security",insurance,1016.8720693973189,521.607269397319,486.6297095897321,WIOT2014_Nov16_ROW.xlsb
2014,BGR,K66,Activities auxiliary to financial services and insurance activities,capital_markets,314.37597232380193,181.79167232380198,128.9003277868949,WIOT2014_Nov16_ROW.xlsb
2014,BGR,L68,Real estate activities,,6718.823083907596,5089.152133907595,1605.9061034476065,WIOT2014_Nov16_ROW.xlsb
2014,BGR,M69_M70,Legal and accounting activities; activities of head offices; management consulta,,1195.5853757267837,542.4947757267837,641.2712809847691,WIOT2014_Nov16_ROW.xlsb
2014,BGR,M71,Architectural and engineering activities; technical testing and analysis,,855.963657527444,354.58775752744396,492.70371161292485,WIOT2014_Nov16_ROW.xlsb
2014,BGR,M72,Scientific research and development,,534.9440678679741,384.42501786797413,144.62729248313147,WIOT2014_Nov16_ROW.xlsb
2014,BGR,M73,Advertising and market research,,830.0535499183394,218.0135999183394,600.8362545793333,WIOT2014_Nov16_ROW.xlsb
2014,BGR,M74_M75,"Other professional, scientific and technical activities; veterinary activities",,588.8902406335969,251.8497906335969,327.5094252037063,WIOT2014_Nov16_ROW.xlsb
2014,BGR,N,Administrative and support service activities,,2604.165123235078,1052.6099732350783,1494.3682827274527,WIOT2014_Nov16_ROW.xlsb
2014,BGR,O84,Public administration and defence; compulsory social security,government,4675.113519109455,3460.731669109456,1159.3005294634181,WIOT2014_Nov16_ROW.xlsb
2014,BGR,P85,Education,government,2900.3375840591502,2099.7834840591504,770.9120676732572,WIOT2014_Nov16_ROW.xlsb
2014,BGR,Q,Human health and social work activities,,3203.950896299171,1792.8181962991705,1354.1503465466835,WIOT2014_Nov16_ROW.xlsb
2014,BGR,R_S,Other service activities,,3471.688674926584,1261.5960749265844,2110.7587409980515,WIOT2014_Nov16_ROW.xlsb
2014,BGR,T,Activities of households as employers; undifferentiated goods- and services-prod,,0.0,0.0,0.0,WIOT2014_Nov16_ROW.xlsb
2014,BGR,U,Activities of extraterritorial organizations and bodies,,0.0,0.0,0.0,WIOT2014_Nov16_ROW.xlsb
2014,BRA,A01,"Crop and animal production, hunting and related service activities",agriculture,171385.14112029734,98456.21396214247,64257.91360783034,WIOT2014_Nov16_ROW.xlsb
2014,BRA,A02,Forestry and logging,agriculture,8751.855157314729,6547.095060883555,1977.3622064500034,WIOT2014_Nov16_ROW.xlsb
2014,BRA,A03,Fishing and aquaculture,agriculture,4334.105884720954,3242.261522973977,979.2320593404595,WIOT2014_Nov16_ROW.xlsb
2014,BRA,B,Mining and quarrying,oil,125065.60240915786,78108.26402000003,42688.203716136704,WIOT2014_Nov16_ROW.xlsb
2014,BRA,C10-C12,"Manufacture of food products, beverages and tobacco products",consumer_goods,244119.05062903053,46832.9351376961,183303.71139104164,WIOT2014_Nov16_ROW.xlsb
2014,BRA,C13-C15,"Manufacture of textiles, wearing apparel and leather products",consumer_goods,62934.530656637595,22506.898899863052,34908.2271279936,WIOT2014_Nov16_ROW.xlsb
2014,BRA,C16,"Manufacture of wood and of products of wood and cork, except furniture; manufact",consumer_goods,11149.9565140175,4403.429561965274,6077.994899711501,WIOT2014_Nov16_ROW.xlsb
2014,BRA,C17,Manufacture of paper and paper products,consumer_goods,28797.01767428606,7483.535223707743,19111.43937197101,WIOT2014_Nov16_ROW.xlsb
2014,BRA,C18,Printing and reproduction of recorded media,consumer_goods,9217.799693731427,4146.212809107831,4547.297314797197,WIOT2014_Nov16_ROW.xlsb
2014,BRA,C19,Manufacture of coke and refined petroleum products ,oil,138170.43086744074,-12221.259959420464,134247.88193267316,WIOT2014_Nov16_ROW.xlsb
2014,BRA,C20,Manufacture of chemicals and chemical products ,consumer_goods,110460.73855750661,18623.532166486628,81378.81974988541,WIOT2014_Nov16_ROW.xlsb
2014,BRA,C21,Manufacture of basic pharmaceutical products and pharmaceutical preparations,consumer_goods,21950.895009847958,9757.34863996102,11013.226134673778,WIOT2014_Nov16_ROW.xlsb
2014,BRA,C22,Manufacture of rubber and plastic products,consumer_goods,42026.35945298615,11139.130893105976,27399.13383952258,WIOT2014_Nov16_ROW.xlsb
2014,BRA,C23,Manufacture of other non-metallic mineral products,consumer_goods,37577.895308028994,12601.45576583258,22567.25374623743,WIOT2014_Nov16_ROW.xlsb
2014,BRA,C24,Manufacture of basic metals,consumer_goods,66693.1862371134,14744.495681474826,48170.18624502772,WIOT2014_Nov16_ROW.xlsb
2014,BRA,C25,"Manufacture of fabricated metal products, except machinery and equipment",consumer_goods,40206.78909017977,15040.251644777258,22936.82414481253,WIOT2014_Nov16_ROW.xlsb
2014,BRA,C26,"Manufacture of computer, electronic and optical products",electronics,38191.491501293305,7768.898590935088,26024.406074545805,WIOT2014_Nov16_ROW.xlsb
2014,BRA,C27,Manufacture of electrical equipment,electronics,30816.64551153712,7911.796786967013,20400.139078912285,WIOT2014_Nov16_ROW.xlsb
2014,BRA,C28,Manufacture of machinery and equipment n.e.c.,consumer_goods,56866.986648155194,16787.50685989477,36364.835760521724,WIOT2014_Nov16_ROW.xlsb
2014,BRA,C29,"Manufacture of motor vehicles, trailers and semi-trailers",automotive,122794.58497440672,26456.518433217883,86048.21999830949,WIOT2014_Nov16_ROW.xlsb
2014,BRA,C30,Manufacture of other transport equipment,aerospace,18524.369478937228,5125.281964344682,11663.414352388601,WIOT2014_Nov16_ROW.xlsb
2014,BRA,C31_C32,Manufacture of furniture; other manufacturing,consumer_goods,52866.7032089345,22837.29685008229,26708.034270670803,WIOT2014_Nov16_ROW.xlsb
2014,BRA,C33,Repair and installation of machinery and equipment,consumer_goods,0.0,0.0,0.0,WIOT2014_Nov16_ROW.xlsb
2014,BRA,D35,"Electricity, gas, steam and air conditioning supply",utilities,76310.86712867401,24060.24443064989,46785.5279851181,WIOT2014_Nov16_ROW.xlsb
2014,BRA,E36,"Water collection, treatment and supply",utilities,23935.79198102439,15097.136821350068,8108.674394288048,WIOT2014_Nov16_ROW.xlsb
2014,BRA,E37-E39,"Sewerage; waste collection, treatment and disposal activities; materials recover",utilities,0.0,0.0,0.0,WIOT2014_Nov16_ROW.xlsb
2014,BRA,F,Construction,,296311.6636865686,137561.981864,144284.61013132203,WIOT2014_Nov16_ROW.xlsb
2014,BRA,G45,Wholesale and retail trade and repair of motor vehicles and motorcycles,consumer_goods,61138.52868130761,37029.89511497257,21879.58770998825,WIOT2014_Nov16_ROW.xlsb
2014,BRA,G46,"Wholesale trade, except of motor vehicles and motorcycles",consumer_goods,144977.92024396648,93322.03910463964,47881.13448593734,WIOT2014_Nov16_ROW.xlsb
2014,BRA,G47,"Retail trade, except of motor vehicles and motorcycles",consumer_goods,214815.3141717368,138276.2500363883,70945.98213202994,WIOT2014_Nov16_ROW.xlsb
2014,BRA,H49,Land transport and transport via pipelines,shipping,130583.16310155114,58663.7920929603,63103.24999614309,WIOT2014_Nov16_ROW.xlsb
2014,BRA,H50,Water transport,shipping,7209.853695331749,2711.3479524839618,4017.1386844520425,WIOT2014_Nov16_ROW.xlsb
2014,BRA,H51,Air transport,aviation,15949.37040619405,3786.7937865341323,10659.081657789053,WIOT2014_Nov16_ROW.xlsb
2014,BRA,H52,Warehousing and support activities for transportation,ports,45201.58712549677,26415.72270492427,17566.507119567454,WIOT2014_Nov16_ROW.xlsb
2014,BRA,H53,Postal and courier activities,telecommunications,0.0,0.0,0.0,WIOT2014_Nov16_ROW.xlsb
2014,BRA,I,Accommodation and food service activities,tourism,96113.97619773296,48648.05565018832,42202.473204384754,WIOT2014_Nov16_ROW.xlsb
2014,BRA,J58,Publishing activities,telecommunications,9683.651496058894,4134.502060707311,5099.363385978057,WIOT2014_Nov16_ROW.xlsb
2014,BRA,J59_J60,"Motion picture, video and television programme production, sound recording and m",telecommunications,17265.5155483692,7780.560560543477,8785.93459206896,WIOT2014_Nov16_ROW.xlsb
2014,BRA,J61,Telecommunications,telecommunications,72330.01424536588,28485.364653228542,39488.69502743012,WIOT2014_Nov16_ROW.xlsb
2014,BRA,J62_J63,"Computer programming, consultancy and related activities; information service ac",telecommunications,45678.219176013605,30701.07740869546,13796.684278096522,WIOT2014_Nov16_ROW.xlsb
2014,BRA,K64,"Financial service activities, except insurance and pension funding",banking,225967.35051742315,135508.46916199996,83057.63464290586,WIOT2014_Nov16_ROW.xlsb
2014,BRA,K65,"Insurance, reinsurance and pension funding, except compulsory social security",insurance,0.0,0.0,0.0,WIOT2014_Nov16_ROW.xlsb
2014,BRA,K66,Activities auxiliary to financial services and insurance activities,capital_markets,0.0,0.0,0.0,WIOT2014_Nov16_ROW.xlsb
2014,BRA,L68,Real estate activities,,213426.19185474885,196667.71152200046,15189.398732911015,WIOT2014_Nov16_ROW.xlsb
2014,BRA,M69_M70,Legal and accounting activities; activities of head offices; management consulta,,74850.7107783604,51170.00258062206,22065.849507247207,WIOT2014_Nov16_ROW.xlsb
2014,BRA,M71,Architectural and engineering activities; technical testing and analysis,,32345.9183739389,20310.282074814477,11080.274015885421,WIOT2014_Nov16_ROW.xlsb
2014,BRA,M72,Scientific research and development,,37518.446903997225,12021.170950957374,23977.383072652396,WIOT2014_Nov16_ROW.xlsb
2014,BRA,M73,Advertising and market research,,0.0,0.0,0.0,WIOT2014_Nov16_ROW.xlsb
2014,BRA,M74_M75,"Other professional, scientific and technical activities; veterinary activities",,0.0,0.0,0.0,WIOT2014_Nov16_ROW.xlsb
2014,BRA,N,Administrative and support service activities,,121577.51835102437,86449.58688766665,32119.774531511008,WIOT2014_Nov16_ROW.xlsb
2014,BRA,O84,Public administration and defence; compulsory social security,government,295822.4728866211,210780.9405278356,78170.66845554752,WIOT2014_Nov16_ROW.xlsb
2014,BRA,P85,Education,government,158210.0254830505,121658.50712568536,33855.532712761225,WIOT2014_Nov16_ROW.xlsb
2014,BRA,Q,Human health and social work activities,,142582.89634341767,89069.69154698559,48548.577430594654,WIOT2014_Nov16_ROW.xlsb
2014,BRA,R_S,Other service activities,,75755.49497500299,38278.110994834846,34355.53513415124,WIOT2014_Nov16_ROW.xlsb
2014,BRA,T,Activities of households as employers; undifferentiated goods- and services-prod,,25037.184556500604,25037.184556500604,0.0,WIOT2014_Nov16_ROW.xlsb
2014,BRA,U,Activities of extraterritorial organizations and bodies,,0.0,0.0,0.0,WIOT2014_Nov16_ROW.xlsb
2014,CAN,A01,"Crop and animal production, hunting and related service activities",agriculture,57654.04211840198,23542.14296958827,36776.290996891075,WIOT2014_Nov16_ROW.xlsb
2014,CAN,A02,Forestry and logging,agriculture,12431.85094742356,4640.009146305748,7843.311291933596,WIOT2014_Nov16_ROW.xlsb
2014,CAN,A03,Fishing and aquaculture,agriculture,6162.591484703084,2137.350885575377,3956.177550389348,WIOT2014_Nov16_ROW.xlsb
2014,CAN,B,Mining and quarrying,oil,201500.14459447798,140330.53506204058,59725.507410253325,WIOT2014_Nov16_ROW.xlsb
2014,CAN,C10-C12,"Manufacture of food products, beverages and tobacco products",consumer_goods,90743.32347260327,26063.9802054313,64025.29376630526,WIOT2014_Nov16_ROW.xlsb
2014,CAN,C13-C15,"Manufacture of textiles, wearing apparel and leather products",consumer_goods,5964.596620321685,2318.780103819378,3572.799831860145,WIOT2014_Nov16_ROW.xlsb
2014,CAN,C16,"Manufacture of wood and of products of wood and cork, except furniture; manufact",consumer_goods,21025.657859334573,6820.53763055263,13993.057032715733,WIOT2014_Nov16_ROW.xlsb
2014,CAN,C17,Manufacture of paper and paper products,consumer_goods,24824.52581863468,6450.627343011507,18024.49031902095,WIOT2014_Nov16_ROW.xlsb
2014,CAN,C18,Printing and reproduction of recorded media,consumer_goods,14605.27793237699,6801.282026543638,7690.797840201371,WIOT2014_Nov16_ROW.xlsb
2014,CAN,C19,Manufacture of coke and refined petroleum products ,oil,81271.92402738894,9051.147337067692,70349.51985541571,WIOT2014_Nov16_ROW.xlsb
2014,CAN,C20,Manufacture of chemicals and chemical products ,consumer_goods,26593.08632110214,8821.093541802391,17516.876292790876,WIOT2014_Nov16_ROW.xlsb
2014,CAN,C21,Manufacture of basic pharmaceutical products and pharmaceutical preparations,consumer_goods,13750.305255184148,5490.887501089771,8019.693513489785,WIOT2014_Nov16_ROW.xlsb
2014,CAN,C22,Manufacture of rubber and plastic products,consumer_goods,24047.369803550406,8607.254992018341,14891.588925472419,WIOT2014_Nov16_ROW.xlsb
2014,CAN,C23,Manufacture of other non-metallic mineral products,consumer_goods,15500.674849626232,6940.125065976877,8392.402426666045,WIOT2014_Nov16_ROW.xlsb
2014,CAN,C24,Manufacture of basic metals,consumer_goods,63215.42660019689,26375.110228102854,35981.0998093317,WIOT2014_Nov16_ROW.xlsb
2014,CAN,C25,"Manufacture of fabricated metal products, except machinery and equipment",consumer_goods,31189.322415514707,12647.891475378417,17923.773050357857,WIOT2014_Nov16_ROW.xlsb
2014,CAN,C26,"Manufacture of computer, electronic and optical products",electronics,19726.018541521342,9293.362566443922,10114.30624990275,WIOT2014_Nov16_ROW.xlsb
2014,CAN,C27,Manufacture of electrical equipment,electronics,10111.113044106824,3579.515439986904,6276.262999732499,WIOT2014_Nov16_ROW.xlsb
2014,CAN,C28,Manufacture of machinery and equipment n.e.c.,consumer_goods,33335.8495625095,13690.734450391603,18955.224878126675,WIOT2014_Nov16_ROW.xlsb
2014,CAN,C29,"Manufacture of motor vehicles, trailers and semi-trailers",automotive,67597.41422231056,14123.478814172566,51274.95306584723,WIOT2014_Nov16_ROW.xlsb
2014,CAN,C30,Manufacture of other transport equipment,aerospace,23386.43347862828,9024.797563160648,13696.522565043533,WIOT2014_Nov16_ROW.xlsb
2014,CAN,C31_C32,Manufacture of furniture; other manufacturing,consumer_goods,48547.49109573248,10199.389407709024,37505.527811238775,WIOT2014_Nov16_ROW.xlsb
2014,CAN,C33,Repair and installation of machinery and equipment,consumer_goods,0.0,0.0,0.0,WIOT2014_Nov16_ROW.xlsb
2014,CAN,D35,"Electricity, gas, steam and air conditioning supply",utilities,49493.23867766771,35893.53189317725,14338.389255873319,WIOT2014_Nov16_ROW.xlsb
2014,CAN,E36,"Water collection, treatment and supply",utilities,0.0,0.0,0.0,WIOT2014_Nov16_ROW.xlsb
2014,CAN,E37-E39,"Sewerage; waste collection, treatment and disposal activities; materials recover",utilities,7311.8460289079685,4869.315633448912,2292.716954552858,WIOT2014_Nov16_ROW.xlsb
2014,CAN,F,Construction,,290795.9384337391,125991.22557242232,160740.7427458539,WIOT2014_Nov16_ROW.xlsb
2014,CAN,G45,Wholesale and retail trade and repair of motor vehicles and motorcycles,consumer_goods,99460.1008112128,27104.11462806831,70407.79895498426,WIOT2014_Nov16_ROW.xlsb
2014,CAN,G46,"Wholesale trade, except of motor vehicles and motorcycles",consumer_goods,134955.17813792068,85354.67927332602,48739.215471454896,WIOT2014_Nov16_ROW.xlsb
2014,CAN,G47,"Retail trade, except of motor vehicles and motorcycles",consumer_goods,101328.63874995131,63404.28642237497,37668.677236540694,WIOT2014_Nov16_ROW.xlsb
2014,CAN,H49,Land transport and transport via pipelines,shipping,109792.22117221974,40233.61606419866,71551.74502023698,WIOT2014_Nov16_ROW.xlsb
2014,CAN,H50,Water transport,shipping,4756.156851328806,1746.9236935705276,3446.669084133334,WIOT2014_Nov16_ROW.xlsb
2014,CAN,H51,Air transport,aviation,19241.500928618374,5841.873930891181,12913.630591156209,WIOT2014_Nov16_ROW.xlsb
2014,CAN,H52,Warehousing and support activities for transportation,ports,25759.75515678527,12834.603067402599,12707.569151373842,WIOT2014_Nov16_ROW.xlsb
2014,CAN,H53,Postal and courier activities,telecommunications,13237.317274207087,7248.47473776036,5870.721584124259,WIOT2014_Nov16_ROW.xlsb
2014,CAN,I,Accommodation and food service activities,tourism,70600.3231446238,34474.46892489099,34973.809923366236,WIOT2014_Nov16_ROW.xlsb
2014,CAN,J58,Publishing activities,telecommunications,4825.52054590868,2425.641317420009,2489.2914331415577,WIOT2014_Nov16_ROW.xlsb
2014,CAN,J59_J60,"Motion picture, video and television programme production, sound recording and m",telecommunications,16124.842964178504,6324.717766199253,10140.550213838318,WIOT2014_Nov16_ROW.xlsb
2014,CAN,J61,Telecommunications,telecommunications,53643.97305949488,32492.64176119228,20805.054157195715,WIOT2014_Nov16_ROW.xlsb
2014,CAN,J62_J63,"Computer programming, consultancy and related activities; information service ac",telecommunications,48135.88202563809,28395.82281371032,19736.17744559387,WIOT2014_Nov16_ROW.xlsb
2014,CAN,K64,"Financial service activities, except insurance and pension funding",banking,131800.8219683972,63547.34063438223,65129.82655815768,WIOT2014_Nov16_ROW.xlsb
2014,CAN,K65,"Insurance, reinsurance and pension funding, except compulsory social security",insurance,51871.31222190521,26549.212095055715,24399.854242317953,WIOT2014_Nov16_ROW.xlsb
2014,CAN,K66,Activities auxiliary to financial services and insurance activities,capital_markets,0.0,0.0,0.0,WIOT2014_Nov16_ROW.xlsb
2014,CAN,L68,Real estate activities,,251704.69313574338,197823.62383039106,52595.43203691219,WIOT2014_Nov16_ROW.xlsb
2014,CAN,M69_M70,Legal and accounting activities; activities of head offices; management consulta,,37838.67420522986,27732.624894984292,10138.957470362324,WIOT2014_Nov16_ROW.xlsb
2014,CAN,M71,Architectural and engineering activities; technical testing and analysis,,36389.60233970448,23795.01401056042,13562.846461708968,WIOT2014_Nov16_ROW.xlsb
2014,CAN,M72,Scientific research and development,,20831.040076638477,14378.414815927386,7064.43648119968,WIOT2014_Nov16_ROW.xlsb
2014,CAN,M73,Advertising and market research,,40749.963738270744,4012.651627521321,36591.4573358358,WIOT2014_Nov16_ROW.xlsb
2014,CAN,M74_M75,"Other professional, scientific and technical activities; veterinary activities",,26842.71644827031,13872.39683206761,13491.186793698043,WIOT2014_Nov16_ROW.xlsb
2014,CAN,N,Administrative and support service activities,,103294.65596060891,49233.82592059317,53493.726655720355,WIOT2014_Nov16_ROW.xlsb
2014,CAN,O84,Public administration and defence; compulsory social security,government,278494.8263760533,150400.91638509557,126235.3851833923,WIOT2014_Nov16_ROW.xlsb
2014,CAN,P85,Education,government,113896.23965786512,90456.54548348646,22475.49308800466,WIOT2014_Nov16_ROW.xlsb
2014,CAN,Q,Human health and social work activities,,151056.3882372977,106154.25768819459,44555.93899650122,WIOT2014_Nov16_ROW.xlsb
2014,CAN,R_S,Other service activities,,64757.23181882774,35977.980058839676,29091.00666086971,WIOT2014_Nov16_ROW.xlsb
2014,CAN,T,Activities of households as employers; undifferentiated goods- and services-prod,,0.0,0.0,0.0,WIOT2014_Nov16_ROW.xlsb
2014,CAN,U,Activities of extraterritorial organizations and bodies,,0.0,0.0,0.0,WIOT2014_Nov16_ROW.xlsb
2014,CHE,A01,"Crop and animal production, hunting and related service activities",agriculture,11791.462234393031,4682.19014194226,6624.438921436755,WIOT2014_Nov16_ROW.xlsb
2014,CHE,A02,Forestry and logging,agriculture,782.9947235730398,400.79607961774553,356.13372628672397,WIOT2014_Nov16_ROW.xlsb
2014,CHE,A03,Fishing and aquaculture,agriculture,43.22362883144153,31.63005907966589,10.80291955082884,WIOT2014_Nov16_ROW.xlsb
2014,CHE,B,Mining and quarrying,oil,2011.6633347953796,833.252591592777,1162.02772104209,WIOT2014_Nov16_ROW.xlsb
2014,CHE,C10-C12,"Manufacture of food products, beverages and tobacco products",consumer_goods,41513.176661806065,12563.949573007365,28737.188154601965,WIOT2014_Nov16_ROW.xlsb
2014,CHE,C13-C15,"Manufacture of textiles, wearing apparel and leather products",consumer_goods,3775.606183737862,1317.7526875869735,2380.9818575206195,WIOT2014_Nov16_ROW.xlsb
2014,CHE,C16,"Manufacture of wood and of products of wood and cork, except furniture; manufact",consumer_goods,9038.080466948333,3411.759180690777,5566.541712247702,WIOT2014_Nov16_ROW.xlsb
2014,CHE,C17,Manufacture of paper and paper products,consumer_goods,3537.891181616752,1152.5249344746176,2355.6400990519555,WIOT2014_Nov16_ROW.xlsb
2014,CHE,C18,Printing and reproduction of recorded media,consumer_goods,3988.6212126150444,2040.4702253171088,1926.548646281371,WIOT2014_Nov16_ROW.xlsb
2014,CHE,C19,Manufacture of coke and refined petroleum products ,oil,4522.7170729294085,542.1800852439785,3759.716611866951,WIOT2014_Nov16_ROW.xlsb
2014,CHE,C20,Manufacture of chemicals and chemical products ,consumer_goods,17019.02200241916,6032.514911390153,10377.029983637976,WIOT2014_Nov16_ROW.xlsb
2014,CHE,C21,Manufacture of basic pharmaceutical products and pharmaceutical preparations,consumer_goods,83988.98576275684,26370.714828690445,55053.08729387664,WIOT2014_Nov16_ROW.xlsb
2014,CHE,C22,Manufacture of rubber and plastic products,consumer_goods,8687.931554249948,3089.6753239190125,5350.581106037294,WIOT2014_Nov16_ROW.xlsb
2014,CHE,C23,Manufacture of other non-metallic mineral products,consumer_goods,7882.680287565166,3197.348739288437,4607.752189235227,WIOT2014_Nov16_ROW.xlsb
2014,CHE,C24,Manufacture of basic metals,consumer_goods,5678.665439932978,1867.223529620461,3437.9146024156316,WIOT2014_Nov16_ROW.xlsb
2014,CHE,C25,"Manufacture of fabricated metal products, except machinery and equipment",consumer_goods,20684.76785070759,9863.873590025032,10198.896473983186,WIOT2014_Nov16_ROW.xlsb
2014,CHE,C26,"Manufacture of computer, electronic and optical products",electronics,70747.84399719,26918.18373717007,42990.05068189906,WIOT2014_Nov16_ROW.xlsb
2014,CHE,C27,Manufacture of electrical equipment,electronics,22410.032667732612,5758.853449219781,16099.728683120818,WIOT2014_Nov16_ROW.xlsb
2014,CHE,C28,Manufacture of machinery and equipment n.e.c.,consumer_goods,32910.51345567949,12496.420743518274,19800.721527526643,WIOT2014_Nov16_ROW.xlsb
2014,CHE,C29,"Manufacture of motor vehicles, trailers and semi-trailers",automotive,2152.4837377489257,838.844095782328,1264.4061028126673,WIOT2014_Nov16_ROW.xlsb
2014,CHE,C30,Manufacture of other transport equipment,aerospace,5708.275210693812,2195.0761459991,3421.073503304195,WIOT2014_Nov16_ROW.xlsb
2014,CHE,C31_C32,Manufacture of furniture; other manufacturing,consumer_goods,12007.79973020708,4989.264605497749,6492.998980050952,WIOT2014_Nov16_ROW.xlsb
2014,CHE,C33,Repair and installation of machinery and equipment,consumer_goods,4950.845029257125,1871.0085348075518,3039.2568860188912,WIOT2014_Nov16_ROW.xlsb
2014,CHE,D35,"Electricity, gas, steam and air conditioning supply",utilities,45692.376833501374,8924.578418160885,36711.23763777408,WIOT2014_Nov16_ROW.xlsb
2014,CHE,E36,"Water collection, treatment and supply",utilities,5988.887697711592,2039.2488428983268,3936.715779122254,WIOT2014_Nov16_ROW.xlsb
2014,CHE,E37-E39,"Sewerage; waste collection, treatment and disposal activities; materials recover",utilities,0.0,0.0,0.0,WIOT2014_Nov16_ROW.xlsb
2014,CHE,F,Construction,,84138.74128125056,36385.65982859917,47216.762465370004,WIOT2014_Nov16_ROW.xlsb
2014,CHE,G45,Wholesale and retail trade and repair of motor vehicles and motorcycles,consumer_goods,14030.31986145863,7727.522386735419,6196.52658353285,WIOT2014_Nov16_ROW.xlsb
2014,CHE,G46,"Wholesale trade, except of motor vehicles and motorcycles",consumer_goods,133902.8673299865,66571.78376160767,67202.49086342749,WIOT2014_Nov16_ROW.xlsb
2014,CHE,G47,"Retail trade, except of motor vehicles and motorcycles",consumer_goods,43392.69347044904,27336.577092808882,15913.593508013977,WIOT2014_Nov16_ROW.xlsb
2014,CHE,H49,Land transport and transport via pipelines,shipping,43977.95882668616,16063.463464532368,27571.816590531715,WIOT2014_Nov16_ROW.xlsb
2014,CHE,H50,Water transport,shipping,1100.507561005628,419.5343528917769,672.6135697830832,WIOT2014_Nov16_ROW.xlsb
2014,CHE,H51,Air transport,aviation,14016.182671822728,2363.1512925084767,11509.978543643663,WIOT2014_Nov16_ROW.xlsb
2014,CHE,H52,Warehousing and support activities for transportation,ports,18112.03836010894,5491.940723822616,12525.784570113843,WIOT2014_Nov16_ROW.xlsb
2014,CHE,H53,Postal and courier activities,telecommunications,6232.756074949016,3563.142314771271,2641.143509457862,WIOT2014_Nov16_ROW.xlsb
2014,CHE,I,Accommodation and food service activities,tourism,25194.996936447966,12034.970767875808,13056.794442651695,WIOT2014_Nov16_ROW.xlsb
2014,CHE,J58,Publishing activities,telecommunications,9971.056731292814,3850.8713967257527,6111.497702158082,WIOT2014_Nov16_ROW.xlsb
2014,CHE,J59_J60,"Motion picture, video and television programme production, sound recording and m",telecommunications,0.0,0.0,0.0,WIOT2014_Nov16_ROW.xlsb
2014,CHE,J61,Telecommunications,telecommunications,18548.00677114938,8457.487309489092,10056.154196140867,WIOT2014_Nov16_ROW.xlsb
2014,CHE,J62_J63,"Computer programming, consultancy and related activities; information service ac",telecommunications,30136.177471812698,15203.036795772878,14917.790078851996,WIOT2014_Nov16_ROW.xlsb
2014,CHE,K64,"Financial service activities, except insurance and pension funding",banking,66698.9138777453,37850.55941919216,27062.133143723146,WIOT2014_Nov16_ROW.xlsb
2014,CHE,K65,"Insurance, reinsurance and pension funding, except compulsory social security",insurance,45618.21343781693,29173.58206598151,15629.730043817304,WIOT2014_Nov16_ROW.xlsb
2014,CHE,K66,Activities auxiliary to financial services and insurance activities,capital_markets,0.0,0.0,0.0,WIOT2014_Nov16_ROW.xlsb
2014,CHE,L68,Real estate activities,,69413.85474216571,51523.094696711145,16964.395020348475,WIOT2014_Nov16_ROW.xlsb
2014,CHE,M69_M70,Legal and accounting activities; activities of head offices; management consulta,,66586.20782156626,38118.507191424214,28249.55761656957,WIOT2014_Nov16_ROW.xlsb
2014,CHE,M71,Architectural and engineering activities; technical testing and analysis,,0.0,0.0,0.0,WIOT2014_Nov16_ROW.xlsb
2014,CHE,M72,Scientific research and development,,20289.31241447955,6774.47430484171,12862.778558804468,WIOT2014_Nov16_ROW.xlsb
2014,CHE,M73,Advertising and market research,,0.0,0.0,0.0,WIOT2014_Nov16_ROW.xlsb
2014,CHE,M74_M75,"Other professional, scientific and technical activities; veterinary activities",,9501.104322113943,3826.3216965723836,5644.029334625636,WIOT2014_Nov16_ROW.xlsb
2014,CHE,N,Administrative and support service activities,,32947.952539168204,18475.2880379576,14443.782489718707,WIOT2014_Nov16_ROW.xlsb
2014,CHE,O84,Public administration and defence; compulsory social security,government,67749.3202283401,43032.15356943943,23429.737101705883,WIOT2014_Nov16_ROW.xlsb
2014,CHE,P85,Education,government,44808.22127017664,34164.0453716729,10152.868788338774,WIOT2014_Nov16_ROW.xlsb
2014,CHE,Q,Human health and social work activities,,76089.30366681621,51593.27349689757,23074.08511174166,WIOT2014_Nov16_ROW.xlsb
2014,CHE,R_S,Other service activities,,26438.68755467496,14850.281782517784,11235.718815694116,WIOT2014_Nov16_ROW.xlsb
2014,CHE,T,Activities of households as employers; undifferentiated goods- and services-prod,,2253.1920473882988,2253.1920473882988,0.0,WIOT2014_Nov16_ROW.xlsb
2014,CHE,U,Activities of extraterritorial organizations and bodies,,0.0,0.0,0.0,WIOT2014_Nov16_ROW.xlsb
2014,CHN,A01,"Crop and animal production, hunting and related service activities",agriculture,1396916.7720268546,839922.6523798208,555188.4704328756,WIOT2014_Nov16_ROW.xlsb
2014,CHN,A02,Forestry and logging,agriculture,108801.91247421122,43034.33062669096,65270.40522552985,WIOT2014_Nov16_ROW.xlsb
2014,CHN,A03,Fishing and aquaculture,agriculture,165148.24834204317,96440.18600933028,68608.02540806329,WIOT2014_Nov16_ROW.xlsb
2014,CHN,B,Mining and quarrying,oil,1227629.377954012,564305.8022078116,658055.5170422593,WIOT2014_Nov16_ROW.xlsb
2014,CHN,C10-C12,"Manufacture of food products, beverages and tobacco products",consumer_goods,1807705.8483580495,411647.6648330057,1393044.7948293968,WIOT2014_Nov16_ROW.xlsb
2014,CHN,C13-C15,"Manufacture of textiles, wearing apparel and leather products",consumer_goods,1274721.5154450322,254102.72853143624,1017912.4426367654,WIOT2014_Nov16_ROW.xlsb
2014,CHN,C16,"Manufacture of wood and of products of wood and cork, except furniture; manufact",consumer_goods,400678.1070895296,91724.55585600449,307429.40122619877,WIOT2014_Nov16_ROW.xlsb
2014,CHN,C17,Manufacture of paper and paper products,consumer_goods,227625.48103484223,46926.38234549328,179465.04171344204,WIOT2014_Nov16_ROW.xlsb
2014,CHN,C18,Printing and reproduction of recorded media,consumer_goods,119290.8856991136,34039.621327349545,84903.85099438406,WIOT2014_Nov16_ROW.xlsb
2014,CHN,C19,Manufacture of coke and refined petroleum products ,oil,859433.5831761201,110725.78121988529,734840.648164076,WIOT2014_Nov16_ROW.xlsb
2014,CHN,C20,Manufacture of chemicals and chemical products ,consumer_goods,1361316.9336571307,219923.3026402994,1133953.1571523366,WIOT2014_Nov16_ROW.xlsb
2014,CHN,C21,Manufacture of basic pharmaceutical products and pharmaceutical preparations,consumer_goods,303940.365188116,81332.39005006061,222096.55404806137,WIOT2014_Nov16_ROW.xlsb
2014,CHN,C22,Manufacture of rubber and plastic products,consumer_goods,531906.7552575403,99698.96666356549,429717.970789629,WIOT2014_Nov16_ROW.xlsb
2014,CHN,C23,Manufacture of other non-metallic mineral products,consumer_goods,892412.8132543083,224991.46259981993,663350.0721751654,WIOT2014_Nov16_ROW.xlsb
2014,CHN,C24,Manufacture of basic metals,consumer_goods,1811693.726392953,276809.5096221925,1520297.303932454,WIOT2014_Nov16_ROW.xlsb
2014,CHN,C25,"Manufacture of fabricated metal products, except machinery and equipment",consumer_goods,640454.4942784844,122953.48422709545,515580.28770810575,WIOT2014_Nov16_ROW.xlsb
2014,CHN,C26,"Manufacture of computer, electronic and optical products",electronics,1583060.7291391124,261833.9899935038,1302763.4843798513,WIOT2014_Nov16_ROW.xlsb
2014,CHN,C27,Manufacture of electrical equipment,electronics,1056005.7228952213,165979.31579263622,885631.5237742555,WIOT2014_Nov16_ROW.xlsb
2014,CHN,C28,Manufacture of machinery and equipment n.e.c.,consumer_goods,1186406.3798799864,261478.18594593104,920520.7095351985,WIOT2014_Nov16_ROW.xlsb
2014,CHN,C29,"Manufacture of motor vehicles, trailers and semi-trailers",automotive,1244647.0227448463,226896.19321722697,1014656.4003658514,WIOT2014_Nov16_ROW.xlsb
2014,CHN,C30,Manufacture of other transport equipment,aerospace,389067.2265442268,81515.77588378146,306077.19694304734,WIOT2014_Nov16_ROW.xlsb
2014,CHN,C31_C32,Manufacture of furniture; other manufacturing,consumer_goods,179039.44056462005,70699.05759390189,107789.72359412315,WIOT2014_Nov16_ROW.xlsb
2014,CHN,C33,Repair and installation of machinery and equipment,consumer_goods,0.0,0.0,0.0,WIOT2014_Nov16_ROW.xlsb
2014,CHN,D35,"Electricity, gas, steam and air conditioning supply",utilities,1021701.6755293993,207866.59085905875,807529.3683142524,WIOT2014_Nov16_ROW.xlsb
2014,CHN,E36,"Water collection, treatment and supply",utilities,34892.37197455522,12409.319329833552,22451.992582085317,WIOT2014_Nov16_ROW.xlsb
2014,CHN,E37-E39,"Sewerage; waste collection, treatment and disposal activities; materials recover",utilities,41245.98036475206,14405.278415023246,26771.169095811558,WIOT2014_Nov16_ROW.xlsb
2014,CHN,F,Construction,,3033937.9047590625,702035.9022249354,2325838.332508118,WIOT2014_Nov16_ROW.xlsb
2014,CHN,G45,Wholesale and retail trade and repair of motor vehicles and motorcycles,consumer_goods,0.0,0.0,0.0,WIOT2014_Nov16_ROW.xlsb
2014,CHN,G46,"Wholesale trade, except of motor vehicles and motorcycles",consumer_goods,1383666.0967202452,831779.1078134254,551494.9917244323,WIOT2014_Nov16_ROW.xlsb
2014,CHN,G47,"Retail trade, except of motor vehicles and motorcycles",consumer_goods,286246.5701988933,172074.69153074667,114090.78399668237,WIOT2014_Nov16_ROW.xlsb
2014,CHN,H49,Land transport and transport via pipelines,shipping,592802.8838032475,306858.4233810074,285527.56678237347,WIOT2014_Nov16_ROW.xlsb
2014,CHN,H50,Water transport,shipping,143077.85947823562,59480.538827673234,83469.18338440043,WIOT2014_Nov16_ROW.xlsb
2014,CHN,H51,Air transport,aviation,84734.59893442474,23509.02264758071,61105.91983805808,WIOT2014_Nov16_ROW.xlsb
2014,CHN,H52,Warehousing and support activities for transportation,ports,169815.08184171247,64396.81266913859,105214.43729586161,WIOT2014_Nov16_ROW.xlsb
2014,CHN,H53,Postal and courier activities,telecommunications,31096.031639183904,17022.69691622097,14048.541152015881,WIOT2014_Nov16_ROW.xlsb
2014,CHN,I,Accommodation and food service activities,tourism,532327.4826359863,200015.61993168868,331946.50916721986,WIOT2014_Nov16_ROW.xlsb
2014,CHN,J58,Publishing activities,telecommunications,0.0,0.0,0.0,WIOT2014_Nov16_ROW.xlsb
2014,CHN,J59_J60,"Motion picture, video and television programme production, sound recording and m",telecommunications,0.0,0.0,0.0,WIOT2014_Nov16_ROW.xlsb
2014,CHN,J61,Telecommunications,telecommunications,331004.83570837614,209001.94865036797,121575.15184311772,WIOT2014_Nov16_ROW.xlsb
2014,CHN,J62_J63,"Computer programming, consultancy and related activities; information service ac",telecommunications,162287.04782743714,62390.02661792869,99314.77303415095,WIOT2014_Nov16_ROW.xlsb
2014,CHN,K64,"Financial service activities, except insurance and pension funding",banking,775808.747171272,576700.6632259723,198885.01700808422,WIOT2014_Nov16_ROW.xlsb
2014,CHN,K65,"Insurance, reinsurance and pension funding, except compulsory social security",insurance,129069.79588425561,47172.09635852779,81836.311463548,WIOT2014_Nov16_ROW.xlsb
2014,CHN,K66,Activities auxiliary to financial services and insurance activities,capital_markets,0.0,0.0,0.0,WIOT2014_Nov16_ROW.xlsb
2014,CHN,L68,Real estate activities,,700059.2790827177,583716.7774729201,116268.82750138344,WIOT2014_Nov16_ROW.xlsb
2014,CHN,M69_M70,Legal and accounting activities; activities of head offices; management consulta,,607514.0903628381,206391.98820040454,399706.4106912342,WIOT2014_Nov16_ROW.xlsb
2014,CHN,M71,Architectural and engineering activities; technical testing and analysis,,0.0,0.0,0.0,WIOT2014_Nov16_ROW.xlsb
2014,CHN,M72,Scientific research and development,,85202.11323380002,36865.227038137404,48137.64149148734,WIOT2014_Nov16_ROW.xlsb
2014,CHN,M73,Advertising and market research,,0.0,0.0,0.0,WIOT2014_Nov16_ROW.xlsb
2014,CHN,M74_M75,"Other professional, scientific and technical activities; veterinary activities",,299441.0645306511,134055.32729487345,164485.29738829253,WIOT2014_Nov16_ROW.xlsb
2014,CHN,N,Administrative and support service activities,,95494.5806267045,43742.864358767954,51604.6648968167,WIOT2014_Nov16_ROW.xlsb
2014,CHN,O84,Public administration and defence; compulsory social security,government,763395.1761335749,419169.6516311169,343694.2600732034,WIOT2014_Nov16_ROW.xlsb
2014,CHN,P85,Education,government,606395.5575835684,339283.8836893917,266415.0949514486,WIOT2014_Nov16_ROW.xlsb
2014,CHN,Q,Human health and social work activities,,545818.5169564206,187319.6006957022,358047.8237355191,WIOT2014_Nov16_ROW.xlsb
2014,CHN,R_S,Other service activities,,520163.7468585243,239337.6475236478,279769.580870696,WIOT2014_Nov16_ROW.xlsb
2014,CHN,T,Activities of households as employers; undifferentiated goods- and services-prod,,0.0,0.0,0.0,WIOT2014_Nov16_ROW.xlsb
2014,CHN,U,Activities of extraterritorial organizations and bodies,,0.0,0.0,0.0,WIOT2014_Nov16_ROW.xlsb
2014,CYP,A01,"Crop and animal production, hunting and related service activities",agriculture,989.7965937827306,456.60274203321313,493.2475817116003,WIOT2014_Nov16_ROW.xlsb
2014,CYP,A02,Forestry and logging,agriculture,19.885891862652326,16.216855368926456,3.439434526084115,WIOT2014_Nov16_ROW.xlsb
2014,CYP,A03,Fishing and aquaculture,agriculture,23.91041759676053,17.755904768575206,5.771936160679386,WIOT2014_Nov16_ROW.xlsb
2014,CYP,B,Mining and quarrying,oil,94.39846326653236,22.002181692928282,68.76876133009605,WIOT2014_Nov16_ROW.xlsb
2014,CYP,C10-C12,"Manufacture of food products, beverages and tobacco products",consumer_goods,1620.3012784216671,420.54832838121115,1188.8277291468357,WIOT2014_Nov16_ROW.xlsb
2014,CYP,C13-C15,"Manufacture of textiles, wearing apparel and leather products",consumer_goods,36.05839169495455,11.246611599331159,21.9778246489411,WIOT2014_Nov16_ROW.xlsb
2014,CYP,C16,"Manufacture of wood and of products of wood and cork, except furniture; manufact",consumer_goods,117.4805664900132,41.49448994716657,73.28741017698745,WIOT2014_Nov16_ROW.xlsb
2014,CYP,C17,Manufacture of paper and paper products,consumer_goods,62.03594270099707,21.975256088271802,36.739564007190594,WIOT2014_Nov16_ROW.xlsb
2014,CYP,C18,Printing and reproduction of recorded media,consumer_goods,88.01349370703959,33.86695276919479,49.788517052849755,WIOT2014_Nov16_ROW.xlsb
2014,CYP,C19,Manufacture of coke and refined petroleum products ,oil,3.3602802296373415,0.646491781678533,2.61758812974801,WIOT2014_Nov16_ROW.xlsb
2014,CYP,C20,Manufacture of chemicals and chemical products ,consumer_goods,77.1572037343651,29.4720638630889,43.88492614833161,WIOT2014_Nov16_ROW.xlsb
2014,CYP,C21,Manufacture of basic pharmaceutical products and pharmaceutical preparations,consumer_goods,253.70115733761932,97.85216361198485,140.67681639479386,WIOT2014_Nov16_ROW.xlsb
2014,CYP,C22,Manufacture of rubber and plastic products,consumer_goods,93.57088024067059,31.929114065606225,55.18000843665315,WIOT2014_Nov16_ROW.xlsb
2014,CYP,C23,Manufacture of other non-metallic mineral products,consumer_goods,330.4706364301031,102.90009086555733,212.21769897012345,WIOT2014_Nov16_ROW.xlsb
2014,CYP,C24,Manufacture of basic metals,consumer_goods,87.88425215974584,30.7654667312795,54.67966121011937,WIOT2014_Nov16_ROW.xlsb
2014,CYP,C25,"Manufacture of fabricated metal products, except machinery and equipment",consumer_goods,272.44118169521215,107.28777043371893,157.15964470957135,WIOT2014_Nov16_ROW.xlsb
2014,CYP,C26,"Manufacture of computer, electronic and optical products",electronics,1.1631739256436953,0.7754898616495796,0.356416066043381,WIOT2014_Nov16_ROW.xlsb
2014,CYP,C27,Manufacture of electrical equipment,electronics,39.030947282710656,13.573027080430409,23.902164356327834,WIOT2014_Nov16_ROW.xlsb
2014,CYP,C28,Manufacture of machinery and equipment n.e.c.,consumer_goods,57.25400545112855,26.239280331599307,29.176136030604326,WIOT2014_Nov16_ROW.xlsb
2014,CYP,C29,"Manufacture of motor vehicles, trailers and semi-trailers",automotive,8.142217479505865,3.231552668913736,4.559316556332794,WIOT2014_Nov16_ROW.xlsb
2014,CYP,C30,Manufacture of other transport equipment,aerospace,2.3263478512873905,0.7756115953109282,1.494506546669037,WIOT2014_Nov16_ROW.xlsb
2014,CYP,C31_C32,Manufacture of furniture; other manufacturing,consumer_goods,93.57088024067059,38.64897117483756,51.734199632024506,WIOT2014_Nov16_ROW.xlsb
2014,CYP,C33,Repair and installation of machinery and equipment,consumer_goods,74.18464814660899,41.23150270710918,31.071509241623172,WIOT2014_Nov16_ROW.xlsb
2014,CYP,D35,"Electricity, gas, steam and air conditioning supply",utilities,1071.5533368025897,396.68684994979776,563.6811879631049,WIOT2014_Nov16_ROW.xlsb
2014,CYP,E36,"Water collection, treatment and supply",utilities,182.37687991292273,92.14900189261813,85.36758548177586,WIOT2014_Nov16_ROW.xlsb
2014,CYP,E37-E39,"Sewerage; waste collection, treatment and disposal activities; materials recover",utilities,207.34372788014164,121.75206493597916,81.61021002851345,WIOT2014_Nov16_ROW.xlsb
2014,CYP,F,Construction,,1970.5169813119473,579.1250173247331,1304.7313087636144,WIOT2014_Nov16_ROW.xlsb
2014,CYP,G45,Wholesale and retail trade and repair of motor vehicles and motorcycles,consumer_goods,420.93635669170527,190.14992968785558,213.54167824540997,WIOT2014_Nov16_ROW.xlsb
2014,CYP,G46,"Wholesale trade, except of motor vehicles and motorcycles",consumer_goods,1613.9624211219652,1000.9894581271427,597.8405807810692,WIOT2014_Nov16_ROW.xlsb
2014,CYP,G47,"Retail trade, except of motor vehicles and motorcycles",consumer_goods,2664.92081934317,1922.0070671567905,725.8162070564853,WIOT2014_Nov16_ROW.xlsb
2014,CYP,H49,Land transport and transport via pipelines,shipping,315.7351840308756,174.3406474637709,134.01079304024415,WIOT2014_Nov16_ROW.xlsb
2014,CYP,H50,Water transport,shipping,2611.7277357950156,690.1312220767101,1914.4327423617033,WIOT2014_Nov16_ROW.xlsb
2014,CYP,H51,Air transport,aviation,247.13717282149852,8.188305159212621,229.56953477061816,WIOT2014_Nov16_ROW.xlsb
2014,CYP,H52,Warehousing and support activities for transportation,ports,2157.8748670066807,514.7229015559972,1614.9193135344226,WIOT2014_Nov16_ROW.xlsb
2014,CYP,H53,Postal and courier activities,telecommunications,89.40124685444727,69.3901020144101,18.540903331537905,WIOT2014_Nov16_ROW.xlsb
2014,CYP,I,Accommodation and food service activities,tourism,2568.277939827464,1381.6960421744707,1085.3697169909792,WIOT2014_Nov16_ROW.xlsb
2014,CYP,J58,Publishing activities,telecommunications,704.2964090972429,171.56509434541525,494.13019144675997,WIOT2014_Nov16_ROW.xlsb
2014,CYP,J59_J60,"Motion picture, video and television programme production, sound recording and m",telecommunications,138.39115923437691,95.83309154680475,40.604310777404095,WIOT2014_Nov16_ROW.xlsb
2014,CYP,J61,Telecommunications,telecommunications,813.095282235097,504.3604243359049,299.3929117938253,WIOT2014_Nov16_ROW.xlsb
2014,CYP,J62_J63,"Computer programming, consultancy and related activities; information service ac",telecommunications,354.2259608064624,210.18327017160286,142.58694065601182,WIOT2014_Nov16_ROW.xlsb
2014,CYP,K64,"Financial service activities, except insurance and pension funding",banking,2118.236773770122,1646.1267675752658,439.5508087660504,WIOT2014_Nov16_ROW.xlsb
2014,CYP,K65,"Insurance, reinsurance and pension funding, except compulsory social security",insurance,381.6776284672039,119.51771914488359,250.5274686038566,WIOT2014_Nov16_ROW.xlsb
2014,CYP,K66,Activities auxiliary to financial services and insurance activities,capital_markets,2184.277372486149,207.33986419254984,1871.0099511303954,WIOT2014_Nov16_ROW.xlsb
2014,CYP,L68,Real estate activities,,2984.020134040557,2382.9236969733474,581.4327491591334,WIOT2014_Nov16_ROW.xlsb
2014,CYP,M69_M70,Legal and accounting activities; activities of head offices; management consulta,,1586.6394546379256,1355.0717934903846,222.13543554332045,WIOT2014_Nov16_ROW.xlsb
2014,CYP,M71,Architectural and engineering activities; technical testing and analysis,,136.8070404701342,110.36134235647303,25.153495050324928,WIOT2014_Nov16_ROW.xlsb
2014,CYP,M72,Scientific research and development,,10.069212988478967,7.921339030009021,2.0637989963365753,WIOT2014_Nov16_ROW.xlsb
2014,CYP,M73,Advertising and market research,,216.95797585842675,62.57953509339945,152.21164183211508,WIOT2014_Nov16_ROW.xlsb
2014,CYP,M74_M75,"Other professional, scientific and technical activities; veterinary activities",,88.47481812543519,53.303382055489834,33.235628314898065,WIOT2014_Nov16_ROW.xlsb
2014,CYP,N,Administrative and support service activities,,422.90694551611654,253.62762916420402,162.67023916635785,WIOT2014_Nov16_ROW.xlsb
2014,CYP,O84,Public administration and defence; compulsory social security,government,2664.1649623790536,2096.3130443527957,546.9743082682984,WIOT2014_Nov16_ROW.xlsb
2014,CYP,P85,Education,government,1566.421568821761,1361.2938888420267,194.13221990561394,WIOT2014_Nov16_ROW.xlsb
2014,CYP,Q,Human health and social work activities,,1261.7870594219885,835.5198891629348,414.66554507544083,WIOT2014_Nov16_ROW.xlsb
2014,CYP,R_S,Other service activities,,1031.7333462670317,652.5364764629657,363.5186175849715,WIOT2014_Nov16_ROW.xlsb
2014,CYP,T,Activities of households as employers; undifferentiated goods- and services-prod,,216.17635800087044,216.17635800087044,0.0,WIOT2014_Nov16_ROW.xlsb
2014,CYP,U,Activities of extraterritorial organizations and bodies,,0.0,0.0,0.0,WIOT2014_Nov16_ROW.xlsb
2014,CZE,A01,"Crop and animal production, hunting and related service activities",agriculture,9606.077459,3550.021742500003,5806.648608085263,WIOT2014_Nov16_ROW.xlsb
2014,CZE,A02,Forestry and logging,agriculture,2868.9272305,1453.4553025000007,1352.0425441082336,WIOT2014_Nov16_ROW.xlsb
2014,CZE,A03,Fishing and aquaculture,agriculture,83.302801,28.716782500000022,50.99247578039206,WIOT2014_Nov16_ROW.xlsb
2014,CZE,B,Mining and quarrying,oil,3696.115357,1525.3679175000004,2107.4695367250997,WIOT2014_Nov16_ROW.xlsb
2014,CZE,C10-C12,"Manufacture of food products, beverages and tobacco products",consumer_goods,16876.925470500002,4120.592839499997,12570.220013164242,WIOT2014_Nov16_ROW.xlsb
2014,CZE,C13-C15,"Manufacture of textiles, wearing apparel and leather products",consumer_goods,3482.983741,1163.8743024999997,2212.629347713924,WIOT2014_Nov16_ROW.xlsb
2014,CZE,C16,"Manufacture of wood and of products of wood and cork, except furniture; manufact",consumer_goods,4162.437294,1101.7591779999993,2967.3433916004205,WIOT2014_Nov16_ROW.xlsb
2014,CZE,C17,Manufacture of paper and paper products,consumer_goods,3322.941975,800.6432014999997,2438.6477077188392,WIOT2014_Nov16_ROW.xlsb
2014,CZE,C18,Printing and reproduction of recorded media,consumer_goods,1824.5050905,605.3690804999999,1187.6922138972257,WIOT2014_Nov16_ROW.xlsb
2014,CZE,C19,Manufacture of coke and refined petroleum products ,oil,6563.546419,306.61801550000143,5721.578153395938,WIOT2014_Nov16_ROW.xlsb
2014,CZE,C20,Manufacture of chemicals and chemical products ,consumer_goods,8302.8181685,1736.4242030000044,5985.220149740647,WIOT2014_Nov16_ROW.xlsb
2014,CZE,C21,Manufacture of basic pharmaceutical products and pharmaceutical preparations,consumer_goods,1949.748873,788.5773265000007,1129.7108164692238,WIOT2014_Nov16_ROW.xlsb
2014,CZE,C22,Manufacture of rubber and plastic products,consumer_goods,12596.1460745,3763.877311,8370.98122992798,WIOT2014_Nov16_ROW.xlsb
2014,CZE,C23,Manufacture of other non-metallic mineral products,consumer_goods,6305.529748,2282.3809149999993,3867.30640058679,WIOT2014_Nov16_ROW.xlsb
2014,CZE,C24,Manufacture of basic metals,consumer_goods,9497.774165,1914.6613085000015,7135.9589318403905,WIOT2014_Nov16_ROW.xlsb
2014,CZE,C25,"Manufacture of fabricated metal products, except machinery and equipment",consumer_goods,15883.469586500001,5290.017444500003,10186.5219813734,WIOT2014_Nov16_ROW.xlsb
2014,CZE,C26,"Manufacture of computer, electronic and optical products",electronics,14587.739402000001,2925.829897000003,11020.872519910614,WIOT2014_Nov16_ROW.xlsb
2014,CZE,C27,Manufacture of electrical equipment,electronics,12656.62024,3937.577647500003,8314.97975288185,WIOT2014_Nov16_ROW.xlsb
2014,CZE,C28,Manufacture of machinery and equipment n.e.c.,consumer_goods,15496.3963165,4804.921005999998,10292.178093039334,WIOT2014_Nov16_ROW.xlsb
2014,CZE,C29,"Manufacture of motor vehicles, trailers and semi-trailers",automotive,47420.626236000004,9112.824489000011,36800.214216318964,WIOT2014_Nov16_ROW.xlsb
2014,CZE,C30,Manufacture of other transport equipment,aerospace,2942.14296,1014.6435605,1825.9575583514027,WIOT2014_Nov16_ROW.xlsb
2014,CZE,C31_C32,Manufacture of furniture; other manufacturing,consumer_goods,4775.576798,1716.1535330000008,2943.561484599372,WIOT2014_Nov16_ROW.xlsb
2014,CZE,C33,Repair and installation of machinery and equipment,consumer_goods,4952.124681,2074.365229999999,2804.486172285425,WIOT2014_Nov16_ROW.xlsb
2014,CZE,D35,"Electricity, gas, steam and air conditioning supply",utilities,19544.2560615,7167.853702500004,11815.300283589146,WIOT2014_Nov16_ROW.xlsb
2014,CZE,E36,"Water collection, treatment and supply",utilities,1936.1868295000002,856.0979630000005,1057.3913955344133,WIOT2014_Nov16_ROW.xlsb
2014,CZE,E37-E39,"Sewerage; waste collection, treatment and disposal activities; materials recover",utilities,3863.589702,1233.5185330000015,2549.588132837406,WIOT2014_Nov16_ROW.xlsb
2014,CZE,F,Construction,,35030.517043,10390.166279999992,24163.551344589836,WIOT2014_Nov16_ROW.xlsb
2014,CZE,G45,Wholesale and retail trade and repair of motor vehicles and motorcycles,consumer_goods,5214.4850670000005,2321.377823,2777.969866801752,WIOT2014_Nov16_ROW.xlsb
2014,CZE,G46,"Wholesale trade, except of motor vehicles and motorcycles",consumer_goods,23476.910832,9854.103585500001,13105.833884335158,WIOT2014_Nov16_ROW.xlsb
2014,CZE,G47,"Retail trade, except of motor vehicles and motorcycles",consumer_goods,13900.3223715,6999.4140875,6723.964872765089,WIOT2014_Nov16_ROW.xlsb
2014,CZE,H49,Land transport and transport via pipelines,shipping,14517.178165000001,5633.412246999998,8378.955039416798,WIOT2014_Nov16_ROW.xlsb
2014,CZE,H50,Water transport,shipping,40.4930765,12.548509999999995,26.79439045225616,WIOT2014_Nov16_ROW.xlsb
2014,CZE,H51,Air transport,aviation,1296.8885085,152.4643965,1044.5279110235515,WIOT2014_Nov16_ROW.xlsb
2014,CZE,H52,Warehousing and support activities for transportation,ports,10933.4684995,4091.3451585000003,6635.292442106537,WIOT2014_Nov16_ROW.xlsb
2014,CZE,H53,Postal and courier activities,telecommunications,1492.983109,729.1166945,695.3836313076087,WIOT2014_Nov16_ROW.xlsb
2014,CZE,I,Accommodation and food service activities,tourism,7661.6858345,3634.9172390000003,3872.829426645256,WIOT2014_Nov16_ROW.xlsb
2014,CZE,J58,Publishing activities,telecommunications,1926.775447,946.0611270000004,969.5620027172171,WIOT2014_Nov16_ROW.xlsb
2014,CZE,J59_J60,"Motion picture, video and television programme production, sound recording and m",telecommunications,2272.921269,1028.9295564999998,1183.0230134504097,WIOT2014_Nov16_ROW.xlsb
2014,CZE,J61,Telecommunications,telecommunications,5148.9914975,2645.3706985,2442.327634249131,WIOT2014_Nov16_ROW.xlsb
2014,CZE,J62_J63,"Computer programming, consultancy and related activities; information service ac",telecommunications,7887.1729065,4532.714865999999,3294.0305384173666,WIOT2014_Nov16_ROW.xlsb
2014,CZE,K64,"Financial service activities, except insurance and pension funding",banking,9952.850706500001,6471.942296,3373.162616315377,WIOT2014_Nov16_ROW.xlsb
2014,CZE,K65,"Insurance, reinsurance and pension funding, except compulsory social security",insurance,3735.112265,1247.3218939999997,2471.8956178928106,WIOT2014_Nov16_ROW.xlsb
2014,CZE,K66,Activities auxiliary to financial services and insurance activities,capital_markets,1931.1191620000002,663.14049,1255.7648513229271,WIOT2014_Nov16_ROW.xlsb
2014,CZE,L68,Real estate activities,,29880.946383500002,15406.72273350001,14171.440726199244,WIOT2014_Nov16_ROW.xlsb
2014,CZE,M69_M70,Legal and accounting activities; activities of head offices; management consulta,,6539.5594595,3317.8743074999993,3130.6746084033784,WIOT2014_Nov16_ROW.xlsb
2014,CZE,M71,Architectural and engineering activities; technical testing and analysis,,6992.1745625,2568.7282605000014,4346.106978175171,WIOT2014_Nov16_ROW.xlsb
2014,CZE,M72,Scientific research and development,,1849.6021105,1151.760164,655.5408636468381,WIOT2014_Nov16_ROW.xlsb
2014,CZE,M73,Advertising and market research,,3772.6130045,951.0805310000001,2799.0925119166427,WIOT2014_Nov16_ROW.xlsb
2014,CZE,M74_M75,"Other professional, scientific and technical activities; veterinary activities",,3832.8458525,1215.1301394999994,2562.2013363230276,WIOT2014_Nov16_ROW.xlsb
2014,CZE,N,Administrative and support service activities,,9186.715907500002,3311.6000525000004,5775.463585998976,WIOT2014_Nov16_ROW.xlsb
2014,CZE,O84,Public administration and defence; compulsory social security,government,17213.8047005,11621.9955905,5034.2902544876215,WIOT2014_Nov16_ROW.xlsb
2014,CZE,P85,Education,government,10290.5986795,7976.122537,2136.191587671131,WIOT2014_Nov16_ROW.xlsb
2014,CZE,Q,Human health and social work activities,,13195.530481,7897.308241499997,4835.567077496052,WIOT2014_Nov16_ROW.xlsb
2014,CZE,R_S,Other service activities,,8254.0720335,3879.6131840000007,4065.0674269307437,WIOT2014_Nov16_ROW.xlsb
2014,CZE,T,Activities of households as employers; undifferentiated goods- and services-prod,,144.9352905,144.9352905,0.0,WIOT2014_Nov16_ROW.xlsb
2014,CZE,U,Activities of extraterritorial organizations and bodies,,0.0,0.0,0.0,WIOT2014_Nov16_ROW.xlsb
2014,DEU,A01,"Crop and animal production, hunting and related service activities",agriculture,63160.29072940164,20680.566920533896,40066.66569620342,WIOT2014_Nov16_ROW.xlsb
2014,DEU,A02,Forestry and logging,agriculture,6426.52386424256,2850.7731272954084,3448.0667253443153,WIOT2014_Nov16_ROW.xlsb
2014,DEU,A03,Fishing and aquaculture,agriculture,488.9034063557974,252.79545217065865,220.50747275114696,WIOT2014_Nov16_ROW.xlsb
2014,DEU,B,Mining and quarrying,oil,14620.1425,6150.955,7818.036537754536,WIOT2014_Nov16_ROW.xlsb
2014,DEU,C10-C12,"Manufacture of food products, beverages and tobacco products",consumer_goods,245855.47723862063,56225.13659201369,185219.19812402563,WIOT2014_Nov16_ROW.xlsb
2014,DEU,C13-C15,"Manufacture of textiles, wearing apparel and leather products",consumer_goods,29858.62656250671,10065.631159551966,19058.05314940759,WIOT2014_Nov16_ROW.xlsb
2014,DEU,C16,"Manufacture of wood and of products of wood and cork, except furniture; manufact",consumer_goods,32019.945893849937,8685.721127827921,22929.956137868186,WIOT2014_Nov16_ROW.xlsb
2014,DEU,C17,Manufacture of paper and paper products,consumer_goods,50961.20818390916,14294.87637654255,35631.41975813583,WIOT2014_Nov16_ROW.xlsb
2014,DEU,C18,Printing and reproduction of recorded media,consumer_goods,27265.04336489483,11031.01731947069,15868.428033792734,WIOT2014_Nov16_ROW.xlsb
2014,DEU,C19,Manufacture of coke and refined petroleum products ,oil,105296.77617387794,6497.420688297502,91682.55454449209,WIOT2014_Nov16_ROW.xlsb
2014,DEU,C20,Manufacture of chemicals and chemical products ,consumer_goods,183574.35905680136,56171.42751892264,122601.9592571255,WIOT2014_Nov16_ROW.xlsb
2014,DEU,C21,Manufacture of basic pharmaceutical products and pharmaceutical preparations,consumer_goods,60984.32658301339,31187.068441539734,29127.459331239173,WIOT2014_Nov16_ROW.xlsb
2014,DEU,C22,Manufacture of rubber and plastic products,consumer_goods,100454.07004708702,36241.22993498012,62134.827290840214,WIOT2014_Nov16_ROW.xlsb
2014,DEU,C23,Manufacture of other non-metallic mineral products,consumer_goods,59765.882809968636,22001.43978724889,36967.93981294592,WIOT2014_Nov16_ROW.xlsb
2014,DEU,C24,Manufacture of basic metals,consumer_goods,133828.89299677275,28600.76999884736,101764.69698023633,WIOT2014_Nov16_ROW.xlsb
2014,DEU,C25,"Manufacture of fabricated metal products, except machinery and equipment",consumer_goods,167642.73393563755,71243.01972170515,94687.95435162316,WIOT2014_Nov16_ROW.xlsb
2014,DEU,C26,"Manufacture of computer, electronic and optical products",electronics,97179.67126010201,45404.8240977464,49587.49247615413,WIOT2014_Nov16_ROW.xlsb
2014,DEU,C27,Manufacture of electrical equipment,electronics,137343.73855936967,57675.28156547223,77100.49798491475,WIOT2014_Nov16_ROW.xlsb
2014,DEU,C28,Manufacture of machinery and equipment n.e.c.,consumer_goods,316097.0046826935,123547.39397807169,187307.70104535198,WIOT2014_Nov16_ROW.xlsb
2014,DEU,C29,"Manufacture of motor vehicles, trailers and semi-trailers",automotive,445470.878207735,140314.26487252314,297977.1644863079,WIOT2014_Nov16_ROW.xlsb
2014,DEU,C30,Manufacture of other transport equipment,aerospace,53423.761397058355,17876.858404999894,35371.7061298306,WIOT2014_Nov16_ROW.xlsb
2014,DEU,C31_C32,Manufacture of furniture; other manufacturing,consumer_goods,66983.33855207294,30793.201905538644,35185.631248322716,WIOT2014_Nov16_ROW.xlsb
2014,DEU,C33,Repair and installation of machinery and equipment,consumer_goods,51736.58149402855,20694.519008699866,30151.976864574506,WIOT2014_Nov16_ROW.xlsb
2014,DEU,D35,"Electricity, gas, steam and air conditioning supply",utilities,171089.544,65855.07350000001,102149.70464093564,WIOT2014_Nov16_ROW.xlsb
2014,DEU,E36,"Water collection, treatment and supply",utilities,12097.839729043213,7231.360408481396,4579.028557594934,WIOT2014_Nov16_ROW.xlsb
2014,DEU,E37-E39,"Sewerage; waste collection, treatment and disposal activities; materials recover",utilities,63910.95927095679,28674.009091518587,33412.54278815744,WIOT2014_Nov16_ROW.xlsb
2014,DEU,F,Construction,,366636.773,160400.4329999999,201602.87712579232,WIOT2014_Nov16_ROW.xlsb
2014,DEU,G45,Wholesale and retail trade and repair of motor vehicles and motorcycles,consumer_goods,79187.19711874181,53670.54732556689,25060.031872631425,WIOT2014_Nov16_ROW.xlsb
2014,DEU,G46,"Wholesale trade, except of motor vehicles and motorcycles",consumer_goods,273059.57937824377,158296.32956265414,111728.26635314844,WIOT2014_Nov16_ROW.xlsb
2014,DEU,G47,"Retail trade, except of motor vehicles and motorcycles",consumer_goods,213587.94350301442,112527.21911177899,99292.61025598997,WIOT2014_Nov16_ROW.xlsb
2014,DEU,H49,Land transport and transport via pipelines,shipping,129957.90746424338,64454.669768787,62505.76859110377,WIOT2014_Nov16_ROW.xlsb
2014,DEU,H50,Water transport,shipping,34737.12549041121,10507.458247313165,24097.812513079778,WIOT2014_Nov16_ROW.xlsb
2014,DEU,H51,Air transport,aviation,34282.727212564205,8570.18405739117,25349.515571572192,WIOT2014_Nov16_ROW.xlsb
2014,DEU,H52,Warehousing and support activities for transportation,ports,162198.5471781499,62122.563251017724,96342.30547247788,WIOT2014_Nov16_ROW.xlsb
2014,DEU,H53,Postal and courier activities,telecommunications,39298.68915463129,18457.386675490958,19877.022793721622,WIOT2014_Nov16_ROW.xlsb
2014,DEU,I,Accommodation and food service activities,tourism,111437.237,52309.6875,56880.77984489737,WIOT2014_Nov16_ROW.xlsb
2014,DEU,J58,Publishing activities,telecommunications,43291.5007267448,20133.132280119135,23009.182238083624,WIOT2014_Nov16_ROW.xlsb
2014,DEU,J59_J60,"Motion picture, video and television programme production, sound recording and m",telecommunications,42464.82613400045,23765.8885735269,18559.259822593278,WIOT2014_Nov16_ROW.xlsb
2014,DEU,J61,Telecommunications,telecommunications,83785.0259088164,34574.57886533157,48709.015467895006,WIOT2014_Nov16_ROW.xlsb
2014,DEU,J62_J63,"Computer programming, consultancy and related activities; information service ac",telecommunications,148601.18473043834,90880.92328102236,57433.10611041831,WIOT2014_Nov16_ROW.xlsb
2014,DEU,K64,"Financial service activities, except insurance and pension funding",banking,193742.40427755145,88404.59435944432,96762.75301986598,WIOT2014_Nov16_ROW.xlsb
2014,DEU,K65,"Insurance, reinsurance and pension funding, except compulsory social security",insurance,99242.12617468977,34652.974178409466,61186.459272615044,WIOT2014_Nov16_ROW.xlsb
2014,DEU,K66,Activities auxiliary to financial services and insurance activities,capital_markets,43876.57204775878,19895.673962146164,22888.75827394774,WIOT2014_Nov16_ROW.xlsb
2014,DEU,L68,Real estate activities,,507150.8895,387685.527,114206.59949457474,WIOT2014_Nov16_ROW.xlsb
2014,DEU,M69_M70,Legal and accounting activities; activities of head offices; management consulta,,176061.80827802492,103099.64514024634,72343.02982440205,WIOT2014_Nov16_ROW.xlsb
2014,DEU,M71,Architectural and engineering activities; technical testing and analysis,,85069.50126997604,50768.732867185965,34072.32234493445,WIOT2014_Nov16_ROW.xlsb
2014,DEU,M72,Scientific research and development,,41462.411069779046,26773.825018853706,13985.979031040504,WIOT2014_Nov16_ROW.xlsb
2014,DEU,M73,Advertising and market research,,31712.987916839054,17943.385655656763,13701.804294095173,WIOT2014_Nov16_ROW.xlsb
2014,DEU,M74_M75,"Other professional, scientific and technical activities; veterinary activities",,30694.68096538092,16681.894318057195,13863.638311438512,WIOT2014_Nov16_ROW.xlsb
2014,DEU,N,Administrative and support service activities,,278417.7305,170264.54549999998,107167.93658864274,WIOT2014_Nov16_ROW.xlsb
2014,DEU,O84,Public administration and defence; compulsory social security,government,326446.991,214571.349,97159.60050423218,WIOT2014_Nov16_ROW.xlsb
2014,DEU,P85,Education,government,205736.824,157949.3505,42375.87570560963,WIOT2014_Nov16_ROW.xlsb
2014,DEU,Q,Human health and social work activities,,381918.5085,263021.744,105852.50841698912,WIOT2014_Nov16_ROW.xlsb
2014,DEU,R_S,Other service activities,,195188.53399999999,132188.407,58364.24781316984,WIOT2014_Nov16_ROW.xlsb
2014,DEU,T,Activities of households as employers; undifferentiated goods- and services-prod,,9955.779,9955.779,0.0,WIOT2014_Nov16_ROW.xlsb
2014,DEU,U,Activities of extraterritorial organizations and bodies,,0.0,0.0,0.0,WIOT2014_Nov16_ROW.xlsb
2014,DNK,A01,"Crop and animal production, hunting and related service activities",agriculture,13352.774526,4090.275370999997,8886.653319209134,WIOT2014_Nov16_ROW.xlsb
2014,DNK,A02,Forestry and logging,agriculture,1021.6319749999999,342.62592,657.0380648031983,WIOT2014_Nov16_ROW.xlsb
2014,DNK,A03,Fishing and aquaculture,agriculture,779.1170659999999,301.04683700000004,454.10271255932525,WIOT2014_Nov16_ROW.xlsb
2014,DNK,B,Mining and quarrying,oil,8832.789147,7709.261651,1097.4776189419424,WIOT2014_Nov16_ROW.xlsb
2014,DNK,C10-C12,"Manufacture of food products, beverages and tobacco products",consumer_goods,26373.273289999997,5123.149759000005,20454.442921717437,WIOT2014_Nov16_ROW.xlsb
2014,DNK,C13-C15,"Manufacture of textiles, wearing apparel and leather products",consumer_goods,1921.381917,471.64599299999946,1374.2523118634122,WIOT2014_Nov16_ROW.xlsb
2014,DNK,C16,"Manufacture of wood and of products of wood and cork, except furniture; manufact",consumer_goods,2050.580441,722.191197,1287.1545851750184,WIOT2014_Nov16_ROW.xlsb
2014,DNK,C17,Manufacture of paper and paper products,consumer_goods,1711.1666389999998,510.9052130000001,1158.590971585086,WIOT2014_Nov16_ROW.xlsb
2014,DNK,C18,Printing and reproduction of recorded media,consumer_goods,1512.5506759999998,558.7300809999997,923.5496621369177,WIOT2014_Nov16_ROW.xlsb
2014,DNK,C19,Manufacture of coke and refined petroleum products ,oil,6588.054018,9.526718019496462,6383.641324682937,WIOT2014_Nov16_ROW.xlsb
2014,DNK,C20,Manufacture of chemicals and chemical products ,consumer_goods,7020.619242,2913.7479280000007,3867.2002612600886,WIOT2014_Nov16_ROW.xlsb
2014,DNK,C21,Manufacture of basic pharmaceutical products and pharmaceutical preparations,consumer_goods,14379.58158,8913.448999,5294.506839534259,WIOT2014_Nov16_ROW.xlsb
2014,DNK,C22,Manufacture of rubber and plastic products,consumer_goods,3998.373106,1292.3421420000009,2572.1332953143,WIOT2014_Nov16_ROW.xlsb
2014,DNK,C23,Manufacture of other non-metallic mineral products,consumer_goods,3598.6428659999997,1376.3925629999999,2123.5396320194704,WIOT2014_Nov16_ROW.xlsb
2014,DNK,C24,Manufacture of basic metals,consumer_goods,1715.627914,511.61901700000016,1133.745079961871,WIOT2014_Nov16_ROW.xlsb
2014,DNK,C25,"Manufacture of fabricated metal products, except machinery and equipment",consumer_goods,7557.221399,2780.9803839999977,4569.8326407024015,WIOT2014_Nov16_ROW.xlsb
2014,DNK,C26,"Manufacture of computer, electronic and optical products",electronics,5865.68437,2923.2058309999998,2821.4778932455188,WIOT2014_Nov16_ROW.xlsb
2014,DNK,C27,Manufacture of electrical equipment,electronics,2911.428065,1066.958529,1763.3190351019603,WIOT2014_Nov16_ROW.xlsb
2014,DNK,C28,Manufacture of machinery and equipment n.e.c.,consumer_goods,21425.719315,7135.006332999997,13789.40328880176,WIOT2014_Nov16_ROW.xlsb
2014,DNK,C29,"Manufacture of motor vehicles, trailers and semi-trailers",automotive,1116.7463579999999,336.55858600000033,740.3216776708853,WIOT2014_Nov16_ROW.xlsb
2014,DNK,C30,Manufacture of other transport equipment,aerospace,475.928817,192.72708000000003,270.16014997723494,WIOT2014_Nov16_ROW.xlsb
2014,DNK,C31_C32,Manufacture of furniture; other manufacturing,consumer_goods,5365.664667999999,2342.704728000001,2915.968632003885,WIOT2014_Nov16_ROW.xlsb
2014,DNK,C33,Repair and installation of machinery and equipment,consumer_goods,3602.747239,1385.6720149999999,2118.911727775383,WIOT2014_Nov16_ROW.xlsb
2014,DNK,D35,"Electricity, gas, steam and air conditioning supply",utilities,9319.068121999999,3999.0869099999986,5198.554792495293,WIOT2014_Nov16_ROW.xlsb
2014,DNK,E36,"Water collection, treatment and supply",utilities,913.8475709999999,486.635877,415.48183169438,WIOT2014_Nov16_ROW.xlsb
2014,DNK,E37-E39,"Sewerage; waste collection, treatment and disposal activities; materials recover",utilities,6258.811922999999,2036.839714000001,4052.918212934217,WIOT2014_Nov16_ROW.xlsb
2014,DNK,F,Construction,,37607.655995,13682.37352300001,23183.01125664892,WIOT2014_Nov16_ROW.xlsb
2014,DNK,G45,Wholesale and retail trade and repair of motor vehicles and motorcycles,consumer_goods,7570.069871,3818.8514,3537.0806637775377,WIOT2014_Nov16_ROW.xlsb
2014,DNK,G46,"Wholesale trade, except of motor vehicles and motorcycles",consumer_goods,44272.622394,22738.761772999987,21095.016676152434,WIOT2014_Nov16_ROW.xlsb
2014,DNK,G47,"Retail trade, except of motor vehicles and motorcycles",consumer_goods,16449.434729,9469.323864,6788.922800991215,WIOT2014_Nov16_ROW.xlsb
2014,DNK,H49,Land transport and transport via pipelines,shipping,13971.642593999999,5886.384686000005,7422.886871822652,WIOT2014_Nov16_ROW.xlsb
2014,DNK,H50,Water transport,shipping,34917.150268,5395.465985000005,29071.173413482255,WIOT2014_Nov16_ROW.xlsb
2014,DNK,H51,Air transport,aviation,4126.679375,833.5446210000006,3203.4144046151214,WIOT2014_Nov16_ROW.xlsb
2014,DNK,H52,Warehousing and support activities for transportation,ports,8665.045207,4323.689279000001,4060.426312381924,WIOT2014_Nov16_ROW.xlsb
2014,DNK,H53,Postal and courier activities,telecommunications,2838.798508,1381.2107400000004,1324.9558725596182,WIOT2014_Nov16_ROW.xlsb
2014,DNK,I,Accommodation and food service activities,tourism,10935.655730999999,4488.578003000002,6004.061411525784,WIOT2014_Nov16_ROW.xlsb
2014,DNK,J58,Publishing activities,telecommunications,4455.564568,2380.3578889999994,2101.040842457907,WIOT2014_Nov16_ROW.xlsb
2014,DNK,J59_J60,"Motion picture, video and television programme production, sound recording and m",telecommunications,4211.265149,1927.8061530000004,2266.1896537029966,WIOT2014_Nov16_ROW.xlsb
2014,DNK,J61,Telecommunications,telecommunications,8051.173766999999,3270.293026000001,4753.488310069282,WIOT2014_Nov16_ROW.xlsb
2014,DNK,J62_J63,"Computer programming, consultancy and related activities; information service ac",telecommunications,12404.485912,5945.630418000001,6385.518156729197,WIOT2014_Nov16_ROW.xlsb
2014,DNK,K64,"Financial service activities, except insurance and pension funding",banking,22158.082219,14285.894804999994,7107.95633646898,WIOT2014_Nov16_ROW.xlsb
2014,DNK,K65,"Insurance, reinsurance and pension funding, except compulsory social security",insurance,5233.075575,3077.5659459999997,2103.9261280160044,WIOT2014_Nov16_ROW.xlsb
2014,DNK,K66,Activities auxiliary to financial services and insurance activities,capital_markets,3526.1917599999997,1935.1226439999998,1429.355384675204,WIOT2014_Nov16_ROW.xlsb
2014,DNK,L68,Real estate activities,,46200.250095999996,30770.12747899999,13648.772255402926,WIOT2014_Nov16_ROW.xlsb
2014,DNK,M69_M70,Legal and accounting activities; activities of head offices; management consulta,,10156.003311999999,6738.845112999999,3322.4190305442153,WIOT2014_Nov16_ROW.xlsb
2014,DNK,M71,Architectural and engineering activities; technical testing and analysis,,10473.646091999999,4860.469886999998,5495.710206749392,WIOT2014_Nov16_ROW.xlsb
2014,DNK,M72,Scientific research and development,,3990.1643599999998,1445.0961980000006,2397.3439804728955,WIOT2014_Nov16_ROW.xlsb
2014,DNK,M73,Advertising and market research,,3200.697136,956.6758109999996,2228.30575699593,WIOT2014_Nov16_ROW.xlsb
2014,DNK,M74_M75,"Other professional, scientific and technical activities; veterinary activities",,3182.138232,1394.7730159999996,1704.1515487544077,WIOT2014_Nov16_ROW.xlsb
2014,DNK,N,Administrative and support service activities,,20071.811578,9389.199364999999,10379.38149333512,WIOT2014_Nov16_ROW.xlsb
2014,DNK,O84,Public administration and defence; compulsory social security,government,25922.862965999997,16666.431145,7815.556108717713,WIOT2014_Nov16_ROW.xlsb
2014,DNK,P85,Education,government,26758.548999,19740.784972999998,5911.001717193445,WIOT2014_Nov16_ROW.xlsb
2014,DNK,Q,Human health and social work activities,,47180.481438999996,33017.00401999999,11666.119900212088,WIOT2014_Nov16_ROW.xlsb
2014,DNK,R_S,Other service activities,,15528.449118,9670.973494,5210.464676810565,WIOT2014_Nov16_ROW.xlsb
2014,DNK,T,Activities of households as employers; undifferentiated goods- and services-prod,,853.174231,853.174231,0.0,WIOT2014_Nov16_ROW.xlsb
2014,DNK,U,Activities of extraterritorial organizations and bodies,,0.0,0.0,0.0,WIOT2014_Nov16_ROW.xlsb
2014,ESP,A01,"Crop and animal production, hunting and related service activities",agriculture,55296.20221173059,29128.4023413592,25744.373994443205,WIOT2014_Nov16_ROW.xlsb
2014,ESP,A02,Forestry and logging,agriculture,1280.1464656119645,1007.8907841302712,263.63477568916863,WIOT2014_Nov16_ROW.xlsb
2014,ESP,A03,Fishing and aquaculture,agriculture,3627.285822657442,1618.8423745105426,1966.8116442290107,WIOT2014_Nov16_ROW.xlsb
2014,ESP,B,Mining and quarrying,oil,8061.338,3471.370499999999,4387.6687202975445,WIOT2014_Nov16_ROW.xlsb
2014,ESP,C10-C12,"Manufacture of food products, beverages and tobacco products",consumer_goods,177754.57339545645,37034.05736695727,140160.10503037364,WIOT2014_Nov16_ROW.xlsb
2014,ESP,C13-C15,"Manufacture of textiles, wearing apparel and leather products",consumer_goods,26560.49271409483,8012.670668432292,17953.167227127706,WIOT2014_Nov16_ROW.xlsb
2014,ESP,C16,"Manufacture of wood and of products of wood and cork, except furniture; manufact",consumer_goods,7647.089838752872,2344.0819548852974,5211.297561562227,WIOT2014_Nov16_ROW.xlsb
2014,ESP,C17,Manufacture of paper and paper products,consumer_goods,16252.561693850752,4196.597329976624,11781.816237279962,WIOT2014_Nov16_ROW.xlsb
2014,ESP,C18,Printing and reproduction of recorded media,consumer_goods,10660.668845704395,4355.036144951537,6226.681491543035,WIOT2014_Nov16_ROW.xlsb
2014,ESP,C19,Manufacture of coke and refined petroleum products ,oil,60447.28350869372,2058.3504167681463,52871.219039206626,WIOT2014_Nov16_ROW.xlsb
2014,ESP,C20,Manufacture of chemicals and chemical products ,consumer_goods,64911.74640150089,13360.319218312177,50174.5476954733,WIOT2014_Nov16_ROW.xlsb
2014,ESP,C21,Manufacture of basic pharmaceutical products and pharmaceutical preparations,consumer_goods,18982.61935430021,6999.7455949174455,11652.113336643688,WIOT2014_Nov16_ROW.xlsb
2014,ESP,C22,Manufacture of rubber and plastic products,consumer_goods,23309.980375324685,7316.623224867278,15536.851504583203,WIOT2014_Nov16_ROW.xlsb
2014,ESP,C23,Manufacture of other non-metallic mineral products,consumer_goods,20533.334700191783,6536.616751144597,13672.00451870808,WIOT2014_Nov16_ROW.xlsb
2014,ESP,C24,Manufacture of basic metals,consumer_goods,53178.2221319436,7847.460963928551,44056.915637803155,WIOT2014_Nov16_ROW.xlsb
2014,ESP,C25,"Manufacture of fabricated metal products, except machinery and equipment",consumer_goods,36435.82074084985,12811.877166475893,23175.359743643898,WIOT2014_Nov16_ROW.xlsb
2014,ESP,C26,"Manufacture of computer, electronic and optical products",electronics,9141.89956702432,4157.326170709331,4840.927619701087,WIOT2014_Nov16_ROW.xlsb
2014,ESP,C27,Manufacture of electrical equipment,electronics,20605.21335141766,5694.318093756594,14557.147311811688,WIOT2014_Nov16_ROW.xlsb
2014,ESP,C28,Manufacture of machinery and equipment n.e.c.,consumer_goods,31336.42976221412,11039.258287824914,19847.91588139603,WIOT2014_Nov16_ROW.xlsb
2014,ESP,C29,"Manufacture of motor vehicles, trailers and semi-trailers",automotive,65245.849021087815,11491.55370835158,51916.50951155454,WIOT2014_Nov16_ROW.xlsb
2014,ESP,C30,Manufacture of other transport equipment,aerospace,20814.193874426226,7909.75314759389,12520.621900308835,WIOT2014_Nov16_ROW.xlsb
2014,ESP,C31_C32,Manufacture of furniture; other manufacturing,consumer_goods,15894.499523855187,6525.783327898459,9197.743766817319,WIOT2014_Nov16_ROW.xlsb
2014,ESP,C33,Repair and installation of machinery and equipment,consumer_goods,13640.970699310608,7124.3299622481445,6408.016000764175,WIOT2014_Nov16_ROW.xlsb
2014,ESP,D35,"Electricity, gas, steam and air conditioning supply",utilities,120541.4475,29594.994500000055,89021.49394182624,WIOT2014_Nov16_ROW.xlsb
2014,ESP,E36,"Water collection, treatment and supply",utilities,12406.82785753419,6224.067516154455,5949.47063201375,WIOT2014_Nov16_ROW.xlsb
2014,ESP,E37-E39,"Sewerage; waste collection, treatment and disposal activities; materials recover",utilities,21370.28464246581,7981.582983845546,12772.764413647401,WIOT2014_Nov16_ROW.xlsb
2014,ESP,F,Construction,,163380.2585,68243.71650000001,93026.25148314801,WIOT2014_Nov16_ROW.xlsb
2014,ESP,G45,Wholesale and retail trade and repair of motor vehicles and motorcycles,consumer_goods,36087.12776553005,19528.652445374424,15999.186367250737,WIOT2014_Nov16_ROW.xlsb
2014,ESP,G46,"Wholesale trade, except of motor vehicles and motorcycles",consumer_goods,126422.82613853252,67738.0917162382,57804.51320082573,WIOT2014_Nov16_ROW.xlsb
2014,ESP,G47,"Retail trade, except of motor vehicles and motorcycles",consumer_goods,100854.54309593744,66524.4013383874,33865.50514073479,WIOT2014_Nov16_ROW.xlsb
2014,ESP,H49,Land transport and transport via pipelines,shipping,64973.72846416446,30791.891657798635,30795.972568011995,WIOT2014_Nov16_ROW.xlsb
2014,ESP,H50,Water transport,shipping,4228.970513351899,1285.288123723004,2912.0562859768843,WIOT2014_Nov16_ROW.xlsb
2014,ESP,H51,Air transport,aviation,13397.193176888815,3738.7634773501186,9525.907562303304,WIOT2014_Nov16_ROW.xlsb
2014,ESP,H52,Warehousing and support activities for transportation,ports,54288.14790850611,23894.225755623273,30071.024339382944,WIOT2014_Nov16_ROW.xlsb
2014,ESP,H53,Postal and courier activities,telecommunications,6059.8884370887135,3264.7164855049737,2718.9771481457774,WIOT2014_Nov16_ROW.xlsb
2014,ESP,I,Accommodation and food service activities,tourism,148042.726,87056.605,59039.53779760833,WIOT2014_Nov16_ROW.xlsb
2014,ESP,J58,Publishing activities,telecommunications,9887.923647470405,3703.2547686191233,6128.230909533735,WIOT2014_Nov16_ROW.xlsb
2014,ESP,J59_J60,"Motion picture, video and television programme production, sound recording and m",telecommunications,15309.238012897646,5974.231038176609,9276.155494299352,WIOT2014_Nov16_ROW.xlsb
2014,ESP,J61,Telecommunications,telecommunications,45123.20195748282,23148.32345708218,21644.53133776675,WIOT2014_Nov16_ROW.xlsb
2014,ESP,J62_J63,"Computer programming, consultancy and related activities; information service ac",telecommunications,36914.82788214912,20829.648736122086,16040.26647449094,WIOT2014_Nov16_ROW.xlsb
2014,ESP,K64,"Financial service activities, except insurance and pension funding",banking,54235.50554668481,35509.43842138065,16578.953104136228,WIOT2014_Nov16_ROW.xlsb
2014,ESP,K65,"Insurance, reinsurance and pension funding, except compulsory social security",insurance,24730.47053195323,11105.132484994805,12744.48247793924,WIOT2014_Nov16_ROW.xlsb
2014,ESP,K66,Activities auxiliary to financial services and insurance activities,capital_markets,10618.764421361955,5627.363093624547,4527.279037585779,WIOT2014_Nov16_ROW.xlsb
2014,ESP,L68,Real estate activities,,171763.0935,151576.536,19265.062874342246,WIOT2014_Nov16_ROW.xlsb
2014,ESP,M69_M70,Legal and accounting activities; activities of head offices; management consulta,,37621.99287251239,24237.13559471562,13098.958352446212,WIOT2014_Nov16_ROW.xlsb
2014,ESP,M71,Architectural and engineering activities; technical testing and analysis,,29344.049457066147,14980.233606553524,14221.959353664924,WIOT2014_Nov16_ROW.xlsb
2014,ESP,M72,Scientific research and development,,8445.038480319323,5574.918964449172,2685.9616589657307,WIOT2014_Nov16_ROW.xlsb
2014,ESP,M73,Advertising and market research,,11943.25451588801,5234.919066326911,6676.059049186804,WIOT2014_Nov16_ROW.xlsb
2014,ESP,M74_M75,"Other professional, scientific and technical activities; veterinary activities",,7511.192674214122,4509.046267954777,2969.120367393478,WIOT2014_Nov16_ROW.xlsb
2014,ESP,N,Administrative and support service activities,,67195.53,38450.775499999996,28483.59895277292,WIOT2014_Nov16_ROW.xlsb
2014,ESP,O84,Public administration and defence; compulsory social security,government,111742.792,82740.3085,25755.893472401527,WIOT2014_Nov16_ROW.xlsb
2014,ESP,P85,Education,government,86600.9295,74961.94099999999,10142.057186546763,WIOT2014_Nov16_ROW.xlsb
2014,ESP,Q,Human health and social work activities,,123642.16649999999,79254.32449999999,40374.754300899265,WIOT2014_Nov16_ROW.xlsb
2014,ESP,R_S,Other service activities,,69493.83499999999,42392.435,25416.519710435252,WIOT2014_Nov16_ROW.xlsb
2014,ESP,T,Activities of households as employers; undifferentiated goods- and services-prod,,12109.2775,12109.2775,0.0,WIOT2014_Nov16_ROW.xlsb
2014,ESP,U,Activities of extraterritorial organizations and bodies,,0.0,0.0,0.0,WIOT2014_Nov16_ROW.xlsb
2014,EST,A01,"Crop and animal production, hunting and related service activities",agriculture,1223.1885722555346,456.5112222555346,703.4112861445199,WIOT2014_Nov16_ROW.xlsb
2014,EST,A02,Forestry and logging,agriculture,680.7658669605585,295.63371696055844,379.1011410562585,WIOT2014_Nov16_ROW.xlsb
2014,EST,A03,Fishing and aquaculture,agriculture,108.96527019219609,53.699670192196095,51.07216448778356,WIOT2014_Nov16_ROW.xlsb
2014,EST,B,Mining and quarrying,oil,638.1679243241484,351.7433243241485,267.8682456871263,WIOT2014_Nov16_ROW.xlsb
2014,EST,C10-C12,"Manufacture of food products, beverages and tobacco products",consumer_goods,2286.935315332782,493.8588653327824,1697.4006023072413,WIOT2014_Nov16_ROW.xlsb
2014,EST,C13-C15,"Manufacture of textiles, wearing apparel and leather products",consumer_goods,606.6534589254251,209.69765892542506,375.8388617705635,WIOT2014_Nov16_ROW.xlsb
2014,EST,C16,"Manufacture of wood and of products of wood and cork, except furniture; manufact",consumer_goods,2310.0370209004905,572.2261709004906,1700.8943009392915,WIOT2014_Nov16_ROW.xlsb
2014,EST,C17,Manufacture of paper and paper products,consumer_goods,275.75157223882957,73.0224722388296,193.25669258918487,WIOT2014_Nov16_ROW.xlsb
2014,EST,C18,Printing and reproduction of recorded media,consumer_goods,299.7880288988728,99.05167889887284,191.58109153389645,WIOT2014_Nov16_ROW.xlsb
2014,EST,C19,Manufacture of coke and refined petroleum products ,oil,381.6455174133535,174.39951741335352,199.10683672745543,WIOT2014_Nov16_ROW.xlsb
2014,EST,C20,Manufacture of chemicals and chemical products ,consumer_goods,666.0769212238654,120.59482122386538,516.4048801746326,WIOT2014_Nov16_ROW.xlsb
2014,EST,C21,Manufacture of basic pharmaceutical products and pharmaceutical preparations,consumer_goods,55.15031444776591,14.631064447765917,38.63267768231055,WIOT2014_Nov16_ROW.xlsb
2014,EST,C22,Manufacture of rubber and plastic products,consumer_goods,463.7700776685013,130.44942766850127,316.8720957729639,WIOT2014_Nov16_ROW.xlsb
2014,EST,C23,Manufacture of other non-metallic mineral products,consumer_goods,553.3726466623292,177.4071466623292,361.49743969784413,WIOT2014_Nov16_ROW.xlsb
2014,EST,C24,Manufacture of basic metals,consumer_goods,92.67389401150012,21.20059401150012,68.31410193713674,WIOT2014_Nov16_ROW.xlsb
2014,EST,C25,"Manufacture of fabricated metal products, except machinery and equipment",consumer_goods,1402.3937102431905,396.1878102431904,954.9457133950184,WIOT2014_Nov16_ROW.xlsb
2014,EST,C26,"Manufacture of computer, electronic and optical products",electronics,2410.3224595210045,257.75390952100435,2043.0023534684906,WIOT2014_Nov16_ROW.xlsb
2014,EST,C27,Manufacture of electrical equipment,electronics,785.3244534317466,238.24815343174666,519.3543720266457,WIOT2014_Nov16_ROW.xlsb
2014,EST,C28,Manufacture of machinery and equipment n.e.c.,consumer_goods,457.49389176282335,143.83504176282332,298.4775346497265,WIOT2014_Nov16_ROW.xlsb
2014,EST,C29,"Manufacture of motor vehicles, trailers and semi-trailers",automotive,414.0947339044119,125.01313390441189,274.545775044265,WIOT2014_Nov16_ROW.xlsb
2014,EST,C30,Manufacture of other transport equipment,aerospace,89.73610486416149,26.499504864161494,60.84148500029699,WIOT2014_Nov16_ROW.xlsb
2014,EST,C31_C32,Manufacture of furniture; other manufacturing,consumer_goods,819.5096362371415,252.63868623714146,545.5361986553013,WIOT2014_Nov16_ROW.xlsb
2014,EST,C33,Repair and installation of machinery and equipment,consumer_goods,494.6168637155568,186.93626371555683,296.8965223365359,WIOT2014_Nov16_ROW.xlsb
2014,EST,D35,"Electricity, gas, steam and air conditioning supply",utilities,1949.8907786108425,828.7696286108423,1053.1151508588418,WIOT2014_Nov16_ROW.xlsb
2014,EST,E36,"Water collection, treatment and supply",utilities,152.89857153194183,104.67402153194183,45.55765522048153,WIOT2014_Nov16_ROW.xlsb
2014,EST,E37-E39,"Sewerage; waste collection, treatment and disposal activities; materials recover",utilities,393.79728161370866,81.7326316137087,305.578769112763,WIOT2014_Nov16_ROW.xlsb
2014,EST,F,Construction,,4119.448063920413,1530.6001139204134,2490.8478926655866,WIOT2014_Nov16_ROW.xlsb
2014,EST,G45,Wholesale and retail trade and repair of motor vehicles and motorcycles,consumer_goods,783.3214153767431,391.54676537674305,374.92353553243703,WIOT2014_Nov16_ROW.xlsb
2014,EST,G46,"Wholesale trade, except of motor vehicles and motorcycles",consumer_goods,2658.2985707304506,1358.0956207304507,1270.871359429784,WIOT2014_Nov16_ROW.xlsb
2014,EST,G47,"Retail trade, except of motor vehicles and motorcycles",consumer_goods,2034.018376920994,1101.411376920994,903.7347030833513,WIOT2014_Nov16_ROW.xlsb
2014,EST,H49,Land transport and transport via pipelines,shipping,2479.0934327427944,792.0312827427947,1513.0573717520874,WIOT2014_Nov16_ROW.xlsb
2014,EST,H50,Water transport,shipping,656.9964820411823,67.93958204118232,565.6304069831134,WIOT2014_Nov16_ROW.xlsb
2014,EST,H51,Air transport,aviation,175.46613361831578,18.304583618315785,154.00922375410246,WIOT2014_Nov16_ROW.xlsb
2014,EST,H52,Warehousing and support activities for transportation,ports,3065.4494393775162,1097.2766893775167,1949.2613777621873,WIOT2014_Nov16_ROW.xlsb
2014,EST,H53,Postal and courier activities,telecommunications,145.55409866359528,75.01074866359528,69.06370423794148,WIOT2014_Nov16_ROW.xlsb
2014,EST,I,Accommodation and food service activities,tourism,1118.3629140436792,422.62746404367937,639.8512457826113,WIOT2014_Nov16_ROW.xlsb
2014,EST,J58,Publishing activities,telecommunications,180.80756843165872,82.76426843165873,95.22881264007042,WIOT2014_Nov16_ROW.xlsb
2014,EST,J59_J60,"Motion picture, video and television programme production, sound recording and m",telecommunications,233.02009373208602,100.96719373208602,127.68008529247521,WIOT2014_Nov16_ROW.xlsb
2014,EST,J61,Telecommunications,telecommunications,735.5155737973236,323.6805737973237,395.99422196550574,WIOT2014_Nov16_ROW.xlsb
2014,EST,J62_J63,"Computer programming, consultancy and related activities; information service ac",telecommunications,1112.0867281380013,722.9690781380014,377.7852129071024,WIOT2014_Nov16_ROW.xlsb
2014,EST,K64,"Financial service activities, except insurance and pension funding",banking,994.4416263741231,695.9276763741229,291.17863070028505,WIOT2014_Nov16_ROW.xlsb
2014,EST,K65,"Insurance, reinsurance and pension funding, except compulsory social security",insurance,243.30235574777117,104.60695574777118,134.97675783169402,WIOT2014_Nov16_ROW.xlsb
2014,EST,K66,Activities auxiliary to financial services and insurance activities,capital_markets,214.99275123705357,86.39395123705357,125.33965380106338,WIOT2014_Nov16_ROW.xlsb
2014,EST,L68,Real estate activities,,3217.546795687457,2343.659495687457,839.4047055597176,WIOT2014_Nov16_ROW.xlsb
2014,EST,M69_M70,Legal and accounting activities; activities of head offices; management consulta,,834.0650461035011,504.99559610350104,320.37205632347843,WIOT2014_Nov16_ROW.xlsb
2014,EST,M71,Architectural and engineering activities; technical testing and analysis,,421.43920677275844,219.90575677275842,194.1354829270272,WIOT2014_Nov16_ROW.xlsb
2014,EST,M72,Scientific research and development,,361.34806512265027,264.23471512265024,94.3268111491155,WIOT2014_Nov16_ROW.xlsb
2014,EST,M73,Advertising and market research,,475.2541625171886,159.86826251718864,303.62637159024695,WIOT2014_Nov16_ROW.xlsb
2014,EST,M74_M75,"Other professional, scientific and technical activities; veterinary activities",,183.21121409766303,80.51816409766303,98.86385206769465,WIOT2014_Nov16_ROW.xlsb
2014,EST,N,Administrative and support service activities,,1683.6202531656963,917.2086031656966,747.4337924322092,WIOT2014_Nov16_ROW.xlsb
2014,EST,O84,Public administration and defence; compulsory social security,government,2354.7715374622376,1589.6883874622376,726.9923799140622,WIOT2014_Nov16_ROW.xlsb
2014,EST,P85,Education,government,1469.9628606319786,1062.1133606319786,379.18819853873094,WIOT2014_Nov16_ROW.xlsb
2014,EST,Q,Human health and social work activities,,1303.4436303260125,797.1522803260124,474.9410541515281,WIOT2014_Nov16_ROW.xlsb
2014,EST,R_S,Other service activities,,1215.3099559058537,595.8304059058538,588.6760315842116,WIOT2014_Nov16_ROW.xlsb
2014,EST,T,Activities of households as employers; undifferentiated goods- and services-prod,,0.0,0.0,0.0,WIOT2014_Nov16_ROW.xlsb
2014,EST,U,Activities of extraterritorial organizations and bodies,,0.0,0.0,0.0,WIOT2014_Nov16_ROW.xlsb
2014,FIN,A01,"Crop and animal production, hunting and related service activities",agriculture,6459.1669999999995,2044.5615000000005,4269.114150155623,WIOT2014_Nov16_ROW.xlsb
2014,FIN,A02,Forestry and logging,agriculture,6250.5925,4461.103,1728.0506318574257,WIOT2014_Nov16_ROW.xlsb
2014,FIN,A03,Fishing and aquaculture,agriculture,241.78699999999998,151.44899999999998,83.80326290487127,WIOT2014_Nov16_ROW.xlsb
2014,FIN,B,Mining and quarrying,oil,2447.0969999999998,817.0275000000003,1571.0590522182576,WIOT2014_Nov16_ROW.xlsb
2014,FIN,C10-C12,"Manufacture of food products, beverages and tobacco products",consumer_goods,14885.842499999999,3423.544499999995,11693.355520760739,WIOT2014_Nov16_ROW.xlsb
2014,FIN,C13-C15,"Manufacture of textiles, wearing apparel and leather products",consumer_goods,1572.944,498.1875000000001,1033.493141731013,WIOT2014_Nov16_ROW.xlsb
2014,FIN,C16,"Manufacture of wood and of products of wood and cork, except furniture; manufact",consumer_goods,7650.831499999999,1567.6299999999987,6018.396472732992,WIOT2014_Nov16_ROW.xlsb
2014,FIN,C17,Manufacture of paper and paper products,consumer_goods,17340.910499999998,3768.954500000002,13360.77361135722,WIOT2014_Nov16_ROW.xlsb
2014,FIN,C18,Printing and reproduction of recorded media,consumer_goods,1711.108,662.9214999999999,1031.7325235636572,WIOT2014_Nov16_ROW.xlsb
2014,FIN,C19,Manufacture of coke and refined petroleum products ,oil,12786.8125,474.27449999999516,11221.749453079321,WIOT2014_Nov16_ROW.xlsb
2014,FIN,C20,Manufacture of chemicals and chemical products ,consumer_goods,9870.755,2419.1985000000022,7081.804328018529,WIOT2014_Nov16_ROW.xlsb
2014,FIN,C21,Manufacture of basic pharmaceutical products and pharmaceutical preparations,consumer_goods,2445.7684999999997,1719.0790000000006,712.6487801532795,WIOT2014_Nov16_ROW.xlsb
2014,FIN,C22,Manufacture of rubber and plastic products,consumer_goods,3909.7754999999997,1295.2874999999997,2534.793396894085,WIOT2014_Nov16_ROW.xlsb
2014,FIN,C23,Manufacture of other non-metallic mineral products,consumer_goods,3992.1425,1421.4950000000003,2506.8546077023925,WIOT2014_Nov16_ROW.xlsb
2014,FIN,C24,Manufacture of basic metals,consumer_goods,12018.9395,1676.5670000000023,10042.611831509574,WIOT2014_Nov16_ROW.xlsb
2014,FIN,C25,"Manufacture of fabricated metal products, except machinery and equipment",consumer_goods,8781.385,3268.1099999999997,5396.5046400343035,WIOT2014_Nov16_ROW.xlsb
2014,FIN,C26,"Manufacture of computer, electronic and optical products",electronics,14471.350499999999,5614.240999999998,8712.054050838862,WIOT2014_Nov16_ROW.xlsb
2014,FIN,C27,Manufacture of electrical equipment,electronics,5794.9169999999995,2166.783499999999,3515.94795199834,WIOT2014_Nov16_ROW.xlsb
2014,FIN,C28,Manufacture of machinery and equipment n.e.c.,consumer_goods,19099.8445,5648.781999999997,13068.589839403881,WIOT2014_Nov16_ROW.xlsb
2014,FIN,C29,"Manufacture of motor vehicles, trailers and semi-trailers",automotive,1964.8515,544.6849999999994,1370.3427898150699,WIOT2014_Nov16_ROW.xlsb
2014,FIN,C30,Manufacture of other transport equipment,aerospace,2141.542,635.0229999999997,1458.1044143282118,WIOT2014_Nov16_ROW.xlsb
2014,FIN,C31_C32,Manufacture of furniture; other manufacturing,consumer_goods,2126.9285,778.5010000000001,1319.7352378776516,WIOT2014_Nov16_ROW.xlsb
2014,FIN,C33,Repair and installation of machinery and equipment,consumer_goods,3649.3894999999998,1728.3785000000003,1864.4691119914605,WIOT2014_Nov16_ROW.xlsb
2014,FIN,D35,"Electricity, gas, steam and air conditioning supply",utilities,11414.472,5275.4735,5661.863050204063,WIOT2014_Nov16_ROW.xlsb
2014,FIN,E36,"Water collection, treatment and supply",utilities,920.6505,524.7575,362.9427588092581,WIOT2014_Nov16_ROW.xlsb
2014,FIN,E37-E39,"Sewerage; waste collection, treatment and disposal activities; materials recover",utilities,3682.602,1762.9195000000002,1878.0695186574549,WIOT2014_Nov16_ROW.xlsb
2014,FIN,F,Construction,,38102.7085,14594.900999999989,22740.80123585455,WIOT2014_Nov16_ROW.xlsb
2014,FIN,G45,Wholesale and retail trade and repair of motor vehicles and motorcycles,consumer_goods,6775.349999999999,3577.6505000000006,3148.0796642012274,WIOT2014_Nov16_ROW.xlsb
2014,FIN,G46,"Wholesale trade, except of motor vehicles and motorcycles",consumer_goods,19785.3505,10394.184000000001,9275.483473929971,WIOT2014_Nov16_ROW.xlsb
2014,FIN,G47,"Retail trade, except of motor vehicles and motorcycles",consumer_goods,15564.706,8576.796,6889.82503737359,WIOT2014_Nov16_ROW.xlsb
2014,FIN,H49,Land transport and transport via pipelines,shipping,12758.913999999999,6085.8584999999985,5982.153325891582,WIOT2014_Nov16_ROW.xlsb
2014,FIN,H50,Water transport,shipping,3379.7039999999997,955.1914999999991,2284.4700068240363,WIOT2014_Nov16_ROW.xlsb
2014,FIN,H51,Air transport,aviation,3706.515,759.9020000000012,2863.166028248866,WIOT2014_Nov16_ROW.xlsb
2014,FIN,H52,Warehousing and support activities for transportation,ports,8959.404,2949.2700000000023,5875.350255280739,WIOT2014_Nov16_ROW.xlsb
2014,FIN,H53,Postal and courier activities,telecommunications,2076.4455,1093.3555000000003,979.9074645046891,WIOT2014_Nov16_ROW.xlsb
2014,FIN,I,Accommodation and food service activities,tourism,9618.34,3749.027000000001,5560.68982429459,WIOT2014_Nov16_ROW.xlsb
2014,FIN,J58,Publishing activities,telecommunications,4216.659,1862.5570000000005,2330.310635274543,WIOT2014_Nov16_ROW.xlsb
2014,FIN,J59_J60,"Motion picture, video and television programme production, sound recording and m",telecommunications,2359.4159999999997,1130.5535000000002,1217.464309645109,WIOT2014_Nov16_ROW.xlsb
2014,FIN,J61,Telecommunications,telecommunications,5481.391,2850.961,2607.1504406725116,WIOT2014_Nov16_ROW.xlsb
2014,FIN,J62_J63,"Computer programming, consultancy and related activities; information service ac",telecommunications,13274.372,7168.585999999998,6046.041071946542,WIOT2014_Nov16_ROW.xlsb
2014,FIN,K64,"Financial service activities, except insurance and pension funding",banking,7904.575,3877.891499999998,3475.4346100948255,WIOT2014_Nov16_ROW.xlsb
2014,FIN,K65,"Insurance, reinsurance and pension funding, except compulsory social security",insurance,3715.8145,2126.9284999999995,1361.3952845625372,WIOT2014_Nov16_ROW.xlsb
2014,FIN,K66,Activities auxiliary to financial services and insurance activities,capital_markets,2878.8595,964.491,1574.4372860974818,WIOT2014_Nov16_ROW.xlsb
2014,FIN,L68,Real estate activities,,42882.6515,28815.164999999997,12423.678951647818,WIOT2014_Nov16_ROW.xlsb
2014,FIN,M69_M70,Legal and accounting activities; activities of head offices; management consulta,,7313.3925,4001.442,3286.2626083090954,WIOT2014_Nov16_ROW.xlsb
2014,FIN,M71,Architectural and engineering activities; technical testing and analysis,,7366.532499999999,4079.8235000000004,3225.0749395717826,WIOT2014_Nov16_ROW.xlsb
2014,FIN,M72,Scientific research and development,,2873.5454999999997,2095.0445,709.6693653276004,WIOT2014_Nov16_ROW.xlsb
2014,FIN,M73,Advertising and market research,,1647.34,793.1145,838.8709513897667,WIOT2014_Nov16_ROW.xlsb
2014,FIN,M74_M75,"Other professional, scientific and technical activities; veterinary activities",,1917.0255,860.8679999999998,1031.5747308443677,WIOT2014_Nov16_ROW.xlsb
2014,FIN,N,Administrative and support service activities,,13667.608,7807.594499999998,5643.791751066177,WIOT2014_Nov16_ROW.xlsb
2014,FIN,O84,Public administration and defence; compulsory social security,government,26822.414999999997,14849.973,10445.285388492059,WIOT2014_Nov16_ROW.xlsb
2014,FIN,P85,Education,government,18649.483,13536.086500000001,4577.2407625764945,WIOT2014_Nov16_ROW.xlsb
2014,FIN,Q,Human health and social work activities,,37811.767,23478.580499999996,12937.940417440504,WIOT2014_Nov16_ROW.xlsb
2014,FIN,R_S,Other service activities,,14242.8485,7074.262500000001,6467.051528887801,WIOT2014_Nov16_ROW.xlsb
2014,FIN,T,Activities of households as employers; undifferentiated goods- and services-prod,,272.3425,272.3425,0.0,WIOT2014_Nov16_ROW.xlsb
2014,FIN,U,Activities of extraterritorial organizations and bodies,,0.0,0.0,0.0,WIOT2014_Nov16_ROW.xlsb
2014,FRA,A01,"Crop and animal production, hunting and related service activities",agriculture,105251.1202936788,38431.06065093622,64198.57700282705,WIOT2014_Nov16_ROW.xlsb
2014,FRA,A02,Forestry and logging,agriculture,6705.701808384,3121.2120972784405,3559.9140678319764,WIOT2014_Nov16_ROW.xlsb
2014,FRA,A03,Fishing and aquaculture,agriculture,3047.437397937196,959.7272517853022,1965.4291701905104,WIOT2014_Nov16_ROW.xlsb
2014,FRA,B,Mining and quarrying,oil,7223.054499999999,3094.0765000000015,3963.655846969683,WIOT2014_Nov16_ROW.xlsb
2014,FRA,C10-C12,"Manufacture of food products, beverages and tobacco products",consumer_goods,206128.7315,56463.906999999956,147215.22479401817,WIOT2014_Nov16_ROW.xlsb
2014,FRA,C13-C15,"Manufacture of textiles, wearing apparel and leather products",consumer_goods,21631.9655,6871.002000000005,14115.64565742277,WIOT2014_Nov16_ROW.xlsb
2014,FRA,C16,"Manufacture of wood and of products of wood and cork, except furniture; manufact",consumer_goods,13723.107807720806,3916.6392208558677,9654.188308742561,WIOT2014_Nov16_ROW.xlsb
2014,FRA,C17,Manufacture of paper and paper products,consumer_goods,21700.323536369644,5704.785776202499,15525.652443073346,WIOT2014_Nov16_ROW.xlsb
2014,FRA,C18,Printing and reproduction of recorded media,consumer_goods,12673.544439338151,5317.907971291066,7164.859693809847,WIOT2014_Nov16_ROW.xlsb
2014,FRA,C19,Manufacture of coke and refined petroleum products ,oil,64264.859,1319.2005,57925.128188449,WIOT2014_Nov16_ROW.xlsb
2014,FRA,C20,Manufacture of chemicals and chemical products ,consumer_goods,89513.0015,21099.23700000002,63022.31476228997,WIOT2014_Nov16_ROW.xlsb
2014,FRA,C21,Manufacture of basic pharmaceutical products and pharmaceutical preparations,consumer_goods,32969.3845,16582.337000000003,15820.420750099212,WIOT2014_Nov16_ROW.xlsb
2014,FRA,C22,Manufacture of rubber and plastic products,consumer_goods,40401.51307097409,15013.783679947488,24616.686921442746,WIOT2014_Nov16_ROW.xlsb
2014,FRA,C23,Manufacture of other non-metallic mineral products,consumer_goods,31782.00729119032,10129.28520831665,21018.266740894556,WIOT2014_Nov16_ROW.xlsb
2014,FRA,C24,Manufacture of basic metals,consumer_goods,43106.876155380276,6179.409062640228,35728.26165240988,WIOT2014_Nov16_ROW.xlsb
2014,FRA,C25,"Manufacture of fabricated metal products, except machinery and equipment",consumer_goods,65066.252227966506,25782.5473218119,38326.48278462724,WIOT2014_Nov16_ROW.xlsb
2014,FRA,C26,"Manufacture of computer, electronic and optical products",electronics,30010.815,13710.119999999995,15729.164801630435,WIOT2014_Nov16_ROW.xlsb
2014,FRA,C27,Manufacture of electrical equipment,electronics,26940.6515,8455.902499999997,17867.80204730961,WIOT2014_Nov16_ROW.xlsb
2014,FRA,C28,Manufacture of machinery and equipment n.e.c.,consumer_goods,49684.5715,16723.15799999999,31910.623183834316,WIOT2014_Nov16_ROW.xlsb
2014,FRA,C29,"Manufacture of motor vehicles, trailers and semi-trailers",automotive,70330.09293809936,13066.099885462134,55212.14433385383,WIOT2014_Nov16_ROW.xlsb
2014,FRA,C30,Manufacture of other transport equipment,aerospace,78038.9088740702,17565.05002917441,58298.63034754332,WIOT2014_Nov16_ROW.xlsb
2014,FRA,C31_C32,Manufacture of furniture; other manufacturing,consumer_goods,21669.611122282113,9093.622630907723,12079.27206639645,WIOT2014_Nov16_ROW.xlsb
2014,FRA,C33,Repair and installation of machinery and equipment,consumer_goods,68252.33135896016,31048.605690382887,36241.16848582523,WIOT2014_Nov16_ROW.xlsb
2014,FRA,D35,"Electricity, gas, steam and air conditioning supply",utilities,142726.069,43847.1425,95772.86022016652,WIOT2014_Nov16_ROW.xlsb
2014,FRA,E36,"Water collection, treatment and supply",utilities,12826.750686546718,4216.294434443174,8237.18748679743,WIOT2014_Nov16_ROW.xlsb
2014,FRA,E37-E39,"Sewerage; waste collection, treatment and disposal activities; materials recover",utilities,37329.438313453276,14120.991065556826,22240.072190998428,WIOT2014_Nov16_ROW.xlsb
2014,FRA,F,Construction,,365608.51399999997,143908.43399999992,216639.14853533858,WIOT2014_Nov16_ROW.xlsb
2014,FRA,G45,Wholesale and retail trade and repair of motor vehicles and motorcycles,consumer_goods,60541.04215876419,33549.267642266546,26128.310670035728,WIOT2014_Nov16_ROW.xlsb
2014,FRA,G46,"Wholesale trade, except of motor vehicles and motorcycles",consumer_goods,274145.6813608713,119966.32579203401,150418.949252251,WIOT2014_Nov16_ROW.xlsb
2014,FRA,G47,"Retail trade, except of motor vehicles and motorcycles",consumer_goods,181366.4444803645,106776.08306569947,73094.64242925079,WIOT2014_Nov16_ROW.xlsb
2014,FRA,H49,Land transport and transport via pipelines,shipping,108624.31895018998,52787.53301668595,52276.93450173919,WIOT2014_Nov16_ROW.xlsb
2014,FRA,H50,Water transport,shipping,19061.447082274124,2174.1758881699902,16039.099060150465,WIOT2014_Nov16_ROW.xlsb
2014,FRA,H51,Air transport,aviation,25983.937037650416,10174.49535748825,13763.842384860136,WIOT2014_Nov16_ROW.xlsb
2014,FRA,H52,Warehousing and support activities for transportation,ports,77357.42905185766,42660.27301368929,34357.83730900439,WIOT2014_Nov16_ROW.xlsb
2014,FRA,H53,Postal and courier activities,telecommunications,16388.722378027807,11100.308305523395,4681.567956558405,WIOT2014_Nov16_ROW.xlsb
2014,FRA,I,Accommodation and food service activities,tourism,127484.18849999999,69306.51650000001,56413.37422522517,WIOT2014_Nov16_ROW.xlsb
2014,FRA,J58,Publishing activities,telecommunications,32833.70654247226,16457.764659493936,16034.105775851458,WIOT2014_Nov16_ROW.xlsb
2014,FRA,J59_J60,"Motion picture, video and television programme production, sound recording and m",telecommunications,34861.339457527734,15149.907340506063,19257.23625268457,WIOT2014_Nov16_ROW.xlsb
2014,FRA,J61,Telecommunications,telecommunications,77980.29299999999,31712.62349999997,45024.97230239044,WIOT2014_Nov16_ROW.xlsb
2014,FRA,J62_J63,"Computer programming, consultancy and related activities; information service ac",telecommunications,96866.249,60036.2435,36083.10781293395,WIOT2014_Nov16_ROW.xlsb
2014,FRA,K64,"Financial service activities, except insurance and pension funding",banking,154243.0059489118,74819.1899150943,71235.83994215922,WIOT2014_Nov16_ROW.xlsb
2014,FRA,K65,"Insurance, reinsurance and pension funding, except compulsory social security",insurance,77328.09596748407,18117.752963836454,53758.282774723426,WIOT2014_Nov16_ROW.xlsb
2014,FRA,K66,Activities auxiliary to financial services and insurance activities,capital_markets,49841.06758360411,21062.970621069184,26144.57924578942,WIOT2014_Nov16_ROW.xlsb
2014,FRA,L68,Real estate activities,,403060.2575,326234.43100000004,72573.50806611564,WIOT2014_Nov16_ROW.xlsb
2014,FRA,M69_M70,Legal and accounting activities; activities of head offices; management consulta,,202264.4443651827,88345.43873639758,111234.51156293413,WIOT2014_Nov16_ROW.xlsb
2014,FRA,M71,Architectural and engineering activities; technical testing and analysis,,81558.09159250415,35557.55786009985,44530.51562712562,WIOT2014_Nov16_ROW.xlsb
2014,FRA,M72,Scientific research and development,,79821.594,42872.02350000001,35206.47924667973,WIOT2014_Nov16_ROW.xlsb
2014,FRA,M73,Advertising and market research,,24853.13060504,11949.933597432784,12605.740536386393,WIOT2014_Nov16_ROW.xlsb
2014,FRA,M74_M75,"Other professional, scientific and technical activities; veterinary activities",,16844.031437273152,8236.179806069811,8380.52966126797,WIOT2014_Nov16_ROW.xlsb
2014,FRA,N,Administrative and support service activities,,237268.77149999997,137198.1805,97910.10840114912,WIOT2014_Nov16_ROW.xlsb
2014,FRA,O84,Public administration and defence; compulsory social security,government,286483.054,210774.49599999998,65991.24328196363,WIOT2014_Nov16_ROW.xlsb
2014,FRA,P85,Education,government,168573.365,137430.668,28280.363620745997,WIOT2014_Nov16_ROW.xlsb
2014,FRA,Q,Human health and social work activities,,310113.08349999995,240325.65000000002,61120.59688752303,WIOT2014_Nov16_ROW.xlsb
2014,FRA,R_S,Other service activities,,121161.857,72606.49051197286,44407.458292046824,WIOT2014_Nov16_ROW.xlsb
2014,FRA,T,Activities of households as employers; undifferentiated goods- and services-prod,,4619.1945,4619.1945,0.0,WIOT2014_Nov16_ROW.xlsb
2014,FRA,U,Activities of extraterritorial organizations and bodies,,0.0,0.0,0.0,WIOT2014_Nov16_ROW.xlsb
2014,GBR,A01,"Crop and animal production, hunting and related service activities",agriculture,43072.62958586928,16983.252780000003,24768.09069335525,WIOT2014_Nov16_ROW.xlsb
2014,GBR,A02,Forestry and logging,agriculture,1907.510635102041,316.30464,1602.2803338941155,WIOT2014_Nov16_ROW.xlsb
2014,GBR,A03,Fishing and aquaculture,agriculture,2729.308120804388,892.9016399999997,1618.0612436170352,WIOT2014_Nov16_ROW.xlsb
2014,GBR,B,Mining and quarrying,oil,70721.39857516816,42330.45690000001,27353.646598819592,WIOT2014_Nov16_ROW.xlsb
2014,GBR,C10-C12,"Manufacture of food products, beverages and tobacco products",consumer_goods,150146.5056559739,46047.036420000004,102378.89132609051,WIOT2014_Nov16_ROW.xlsb
2014,GBR,C13-C15,"Manufacture of textiles, wearing apparel and leather products",consumer_goods,19881.63345323741,10049.261999999999,9600.572407715848,WIOT2014_Nov16_ROW.xlsb
2014,GBR,C16,"Manufacture of wood and of products of wood and cork, except furniture; manufact",consumer_goods,11957.05748669725,3871.436999999997,7857.902523576009,WIOT2014_Nov16_ROW.xlsb
2014,GBR,C17,Manufacture of paper and paper products,consumer_goods,20252.6998159525,7172.866679999999,12724.959842302993,WIOT2014_Nov16_ROW.xlsb
2014,GBR,C18,Printing and reproduction of recorded media,consumer_goods,18101.212325644097,7981.749899999999,9936.662287515188,WIOT2014_Nov16_ROW.xlsb
2014,GBR,C19,Manufacture of coke and refined petroleum products ,oil,45277.05701495441,4008.1728600000065,37570.93025506137,WIOT2014_Nov16_ROW.xlsb
2014,GBR,C20,Manufacture of chemicals and chemical products ,consumer_goods,58339.577879642304,15088.719779999989,41313.78198445812,WIOT2014_Nov16_ROW.xlsb
2014,GBR,C21,Manufacture of basic pharmaceutical products and pharmaceutical preparations,consumer_goods,36835.93050637223,21704.758500000004,14754.389999499486,WIOT2014_Nov16_ROW.xlsb
2014,GBR,C22,Manufacture of rubber and plastic products,consumer_goods,38673.081105439334,16215.55506,21733.557561502465,WIOT2014_Nov16_ROW.xlsb
2014,GBR,C23,Manufacture of other non-metallic mineral products,consumer_goods,27808.033405531613,7994.929260000019,19168.58255202202,WIOT2014_Nov16_ROW.xlsb
2014,GBR,C24,Manufacture of basic metals,consumer_goods,32056.0350012188,6443.059620000001,24249.32702917201,WIOT2014_Nov16_ROW.xlsb
2014,GBR,C25,"Manufacture of fabricated metal products, except machinery and equipment",consumer_goods,57685.457599683614,27450.959460000002,29433.227306302968,WIOT2014_Nov16_ROW.xlsb
2014,GBR,C26,"Manufacture of computer, electronic and optical products",electronics,39677.62583750141,18734.460239999993,20137.98825298682,WIOT2014_Nov16_ROW.xlsb
2014,GBR,C27,Manufacture of electrical equipment,electronics,22135.389334624146,8467.738800000003,13128.374662153237,WIOT2014_Nov16_ROW.xlsb
2014,GBR,C28,Manufacture of machinery and equipment n.e.c.,consumer_goods,55870.814573470176,21055.67501999999,33733.38093685214,WIOT2014_Nov16_ROW.xlsb
2014,GBR,C29,"Manufacture of motor vehicles, trailers and semi-trailers",automotive,83197.71032998923,19121.60394,62271.863864845785,WIOT2014_Nov16_ROW.xlsb
2014,GBR,C30,Manufacture of other transport equipment,aerospace,50259.08215896569,15887.718479999983,33033.75024222278,WIOT2014_Nov16_ROW.xlsb
2014,GBR,C31_C32,Manufacture of furniture; other manufacturing,consumer_goods,30278.859327491868,15742.745520000008,14064.372017235724,WIOT2014_Nov16_ROW.xlsb
2014,GBR,C33,Repair and installation of machinery and equipment,consumer_goods,23396.531915222888,9971.833259999998,13179.935521873667,WIOT2014_Nov16_ROW.xlsb
2014,GBR,D35,"Electricity, gas, steam and air conditioning supply",utilities,170024.34957960556,39907.10207999995,126126.45904038029,WIOT2014_Nov16_ROW.xlsb
2014,GBR,E36,"Water collection, treatment and supply",utilities,12227.939949986294,8676.961140000001,3394.2545105038043,WIOT2014_Nov16_ROW.xlsb
2014,GBR,E37-E39,"Sewerage; waste collection, treatment and disposal activities; materials recover",utilities,44535.778906511245,19044.175200000005,23352.423570119903,WIOT2014_Nov16_ROW.xlsb
2014,GBR,F,Construction,,414915.04227436543,165727.15715999997,235435.17591198755,WIOT2014_Nov16_ROW.xlsb
2014,GBR,G45,Wholesale and retail trade and repair of motor vehicles and motorcycles,consumer_goods,91187.09534137412,51839.36514,38437.42137165707,WIOT2014_Nov16_ROW.xlsb
2014,GBR,G46,"Wholesale trade, except of motor vehicles and motorcycles",consumer_goods,184012.723829425,85637.83385999996,96025.08925036213,WIOT2014_Nov16_ROW.xlsb
2014,GBR,G47,"Retail trade, except of motor vehicles and motorcycles",consumer_goods,250818.12279385747,148635.17466,99181.32881379932,WIOT2014_Nov16_ROW.xlsb
2014,GBR,H49,Land transport and transport via pipelines,shipping,103835.26751254206,49643.354280000014,51045.30394857446,WIOT2014_Nov16_ROW.xlsb
2014,GBR,H50,Water transport,shipping,29372.686586733987,11064.072719999998,17887.793364413363,WIOT2014_Nov16_ROW.xlsb
2014,GBR,H51,Air transport,aviation,33381.70039408104,12991.554119999992,18349.0869810892,WIOT2014_Nov16_ROW.xlsb
2014,GBR,H52,Warehousing and support activities for transportation,ports,72758.24257496126,30478.91742000001,41963.3536245322,WIOT2014_Nov16_ROW.xlsb
2014,GBR,H53,Postal and courier activities,telecommunications,37727.79899817315,17012.906340000005,18552.763263723777,WIOT2014_Nov16_ROW.xlsb
2014,GBR,I,Accommodation and food service activities,tourism,154343.12261511933,77534.17488000004,68309.07239445279,WIOT2014_Nov16_ROW.xlsb
2014,GBR,J58,Publishing activities,telecommunications,32986.088468644615,17633.98368,15222.316877090352,WIOT2014_Nov16_ROW.xlsb
2014,GBR,J59_J60,"Motion picture, video and television programme production, sound recording and m",telecommunications,46309.12422051037,23243.448780000006,22758.544022497088,WIOT2014_Nov16_ROW.xlsb
2014,GBR,J61,Telecommunications,telecommunications,86719.73174246051,46010.79318,39641.337128608844,WIOT2014_Nov16_ROW.xlsb
2014,GBR,J62_J63,"Computer programming, consultancy and related activities; information service ac",telecommunications,122301.0666655208,77634.66750000001,44129.887534222056,WIOT2014_Nov16_ROW.xlsb
2014,GBR,K64,"Financial service activities, except insurance and pension funding",banking,226089.99896317942,116670.28439999999,100512.3241871381,WIOT2014_Nov16_ROW.xlsb
2014,GBR,K65,"Insurance, reinsurance and pension funding, except compulsory social security",insurance,169432.1248985394,67211.44115999999,95557.90361010993,WIOT2014_Nov16_ROW.xlsb
2014,GBR,K66,Activities auxiliary to financial services and insurance activities,capital_markets,58107.007280275786,33973.09524,22336.07190141926,WIOT2014_Nov16_ROW.xlsb
2014,GBR,L68,Real estate activities,,413847.6082360723,299313.15012,110015.59113249985,WIOT2014_Nov16_ROW.xlsb
2014,GBR,M69_M70,Legal and accounting activities; activities of head offices; management consulta,,149012.78247232162,96130.25184000001,52492.852971452325,WIOT2014_Nov16_ROW.xlsb
2014,GBR,M71,Architectural and engineering activities; technical testing and analysis,,88468.24823356241,47191.99332,40887.62239206906,WIOT2014_Nov16_ROW.xlsb
2014,GBR,M72,Scientific research and development,,26542.60706145133,15129.90528,11294.607019565196,WIOT2014_Nov16_ROW.xlsb
2014,GBR,M73,Advertising and market research,,31240.907156953104,17284.730639999998,13803.026330145534,WIOT2014_Nov16_ROW.xlsb
2014,GBR,M74_M75,"Other professional, scientific and technical activities; veterinary activities",,37955.231289655174,22437.860399999994,15362.214732743632,WIOT2014_Nov16_ROW.xlsb
2014,GBR,N,Administrative and support service activities,,231863.9021554369,126759.08448000002,102835.20716339673,WIOT2014_Nov16_ROW.xlsb
2014,GBR,O84,Public administration and defence; compulsory social security,government,253405.2014582867,137202.07986000003,98339.42211527751,WIOT2014_Nov16_ROW.xlsb
2014,GBR,P85,Education,government,219639.56261821522,164883.67812000003,48170.77360164549,WIOT2014_Nov16_ROW.xlsb
2014,GBR,Q,Human health and social work activities,,371623.6877205906,180364.48386000004,171945.53657267403,WIOT2014_Nov16_ROW.xlsb
2014,GBR,R_S,Other service activities,,167468.21176185593,104245.44276000002,58031.09674473789,WIOT2014_Nov16_ROW.xlsb
2014,GBR,T,Activities of households as employers; undifferentiated goods- and services-prod,,11049.24594,11049.24594,0.0,WIOT2014_Nov16_ROW.xlsb
2014,GBR,U,Activities of extraterritorial organizations and bodies,,0.0,0.0,0.0,WIOT2014_Nov16_ROW.xlsb
2014,GRC,A01,"Crop and animal production, hunting and related service activities",agriculture,14746.229971485642,7063.2487714856425,7237.005548211717,WIOT2014_Nov16_ROW.xlsb
2014,GRC,A02,Forestry and logging,agriculture,109.06994483364456,81.70284483364456,25.768488248727245,WIOT2014_Nov16_ROW.xlsb
2014,GRC,A03,Fishing and aquaculture,agriculture,1319.8658975910582,851.5696475910582,433.4696452137294,WIOT2014_Nov16_ROW.xlsb
2014,GRC,B,Mining and quarrying,oil,1607.353547554526,790.1931975545257,782.8254727684832,WIOT2014_Nov16_ROW.xlsb
2014,GRC,C10-C12,"Manufacture of food products, beverages and tobacco products",consumer_goods,20937.975305056498,6254.596205056498,14377.295771217703,WIOT2014_Nov16_ROW.xlsb
2014,GRC,C13-C15,"Manufacture of textiles, wearing apparel and leather products",consumer_goods,2134.10425555136,764.2879055513597,1337.789093224013,WIOT2014_Nov16_ROW.xlsb
2014,GRC,C16,"Manufacture of wood and of products of wood and cork, except furniture; manufact",consumer_goods,508.15169182544514,50.08489182544514,449.3900236331777,WIOT2014_Nov16_ROW.xlsb
2014,GRC,C17,Manufacture of paper and paper products,consumer_goods,1527.2449279020436,422.3314779020438,1073.1786716035379,WIOT2014_Nov16_ROW.xlsb
2014,GRC,C18,Printing and reproduction of recorded media,consumer_goods,878.6706639826128,451.1593639826129,415.09168349382827,WIOT2014_Nov16_ROW.xlsb
2014,GRC,C19,Manufacture of coke and refined petroleum products ,oil,23078.72206638335,2030.3666163833527,19267.98718957407,WIOT2014_Nov16_ROW.xlsb
2014,GRC,C20,Manufacture of chemicals and chemical products ,consumer_goods,2540.7584591272257,820.7495091272257,1663.5786613733094,WIOT2014_Nov16_ROW.xlsb
2014,GRC,C21,Manufacture of basic pharmaceutical products and pharmaceutical preparations,consumer_goods,1715.094991233071,594.9037912330709,1076.135695562983,WIOT2014_Nov16_ROW.xlsb
2014,GRC,C22,Manufacture of rubber and plastic products,consumer_goods,2261.773216556393,253.6126165563932,1952.249249898075,WIOT2014_Nov16_ROW.xlsb
2014,GRC,C23,Manufacture of other non-metallic mineral products,consumer_goods,2318.7659161101487,1000.0968161101487,1272.543138304512,WIOT2014_Nov16_ROW.xlsb
2014,GRC,C24,Manufacture of basic metals,consumer_goods,5844.342281512414,1956.619881512414,3780.544663540367,WIOT2014_Nov16_ROW.xlsb
2014,GRC,C25,"Manufacture of fabricated metal products, except machinery and equipment",consumer_goods,3727.242840746324,1302.066090746324,2348.843345493931,WIOT2014_Nov16_ROW.xlsb
2014,GRC,C26,"Manufacture of computer, electronic and optical products",electronics,759.2384101391946,328.6715601391946,415.2412373216963,WIOT2014_Nov16_ROW.xlsb
2014,GRC,C27,Manufacture of electrical equipment,electronics,1360.9165832836236,331.1962332836235,1002.939589271024,WIOT2014_Nov16_ROW.xlsb
2014,GRC,C28,Manufacture of machinery and equipment n.e.c.,consumer_goods,1286.2548183670483,637.5482683670483,631.3512688059229,WIOT2014_Nov16_ROW.xlsb
2014,GRC,C29,"Manufacture of motor vehicles, trailers and semi-trailers",automotive,248.42971600355094,96.71501600355094,148.57970741861308,WIOT2014_Nov16_ROW.xlsb
2014,GRC,C30,Manufacture of other transport equipment,aerospace,298.91275989732065,189.97575989732067,103.87221662799726,WIOT2014_Nov16_ROW.xlsb
2014,GRC,C31_C32,Manufacture of furniture; other manufacturing,consumer_goods,1437.1725495863177,578.5629995863177,838.1608917116794,WIOT2014_Nov16_ROW.xlsb
2014,GRC,C33,Repair and installation of machinery and equipment,consumer_goods,1990.3604305696258,1438.7672305696258,531.9881864800377,WIOT2014_Nov16_ROW.xlsb
2014,GRC,D35,"Electricity, gas, steam and air conditioning supply",utilities,7974.1953333674555,3739.203033367456,4048.7450244492566,WIOT2014_Nov16_ROW.xlsb
2014,GRC,E36,"Water collection, treatment and supply",utilities,1378.8513488774627,621.7391988774626,720.2847819330264,WIOT2014_Nov16_ROW.xlsb
2014,GRC,E37-E39,"Sewerage; waste collection, treatment and disposal activities; materials recover",utilities,2970.6614329173276,2105.4093829173275,836.9941839076836,WIOT2014_Nov16_ROW.xlsb
2014,GRC,F,Construction,,14889.442396005337,6078.431846005337,8329.172265846017,WIOT2014_Nov16_ROW.xlsb
2014,GRC,G45,Wholesale and retail trade and repair of motor vehicles and motorcycles,consumer_goods,5331.407985528611,3314.3464355286114,1961.1480704619898,WIOT2014_Nov16_ROW.xlsb
2014,GRC,G46,"Wholesale trade, except of motor vehicles and motorcycles",consumer_goods,22588.903690498275,11999.031640498277,10220.845146900787,WIOT2014_Nov16_ROW.xlsb
2014,GRC,G47,"Retail trade, except of motor vehicles and motorcycles",consumer_goods,13615.67548849622,7292.01548849622,6111.062087466027,WIOT2014_Nov16_ROW.xlsb
2014,GRC,H49,Land transport and transport via pipelines,shipping,7738.386378337346,3527.307078337347,3923.3970414320515,WIOT2014_Nov16_ROW.xlsb
2014,GRC,H50,Water transport,shipping,17054.633578586017,7529.554278586019,8959.523287767186,WIOT2014_Nov16_ROW.xlsb
2014,GRC,H51,Air transport,aviation,3475.491871855025,1072.633921855025,2284.8890062849905,WIOT2014_Nov16_ROW.xlsb
2014,GRC,H52,Warehousing and support activities for transportation,ports,4542.012599168665,2416.6782991686646,2059.2986864152886,WIOT2014_Nov16_ROW.xlsb
2014,GRC,H53,Postal and courier activities,telecommunications,1113.6825183196618,615.229318319662,477.2868003045812,WIOT2014_Nov16_ROW.xlsb
2014,GRC,I,Accommodation and food service activities,tourism,26193.791574859963,14100.854624859965,11161.232600687908,WIOT2014_Nov16_ROW.xlsb
2014,GRC,J58,Publishing activities,telecommunications,1903.210754795118,870.8334047951181,996.2843207203315,WIOT2014_Nov16_ROW.xlsb
2014,GRC,J59_J60,"Motion picture, video and television programme production, sound recording and m",telecommunications,1110.4941155474237,516.7874655474236,564.4265705649038,WIOT2014_Nov16_ROW.xlsb
2014,GRC,J61,Telecommunications,telecommunications,7697.335692644782,4314.7089926447825,3269.82333219505,WIOT2014_Nov16_ROW.xlsb
2014,GRC,J62_J63,"Computer programming, consultancy and related activities; information service ac",telecommunications,1672.8486545009164,967.6808545009164,682.7765092947689,WIOT2014_Nov16_ROW.xlsb
2014,GRC,K64,"Financial service activities, except insurance and pension funding",banking,10020.485662566758,7397.760962566757,2495.0211783023506,WIOT2014_Nov16_ROW.xlsb
2014,GRC,K65,"Insurance, reinsurance and pension funding, except compulsory social security",insurance,2534.2488034672397,1152.4759534672396,1349.0150744658627,WIOT2014_Nov16_ROW.xlsb
2014,GRC,K66,Activities auxiliary to financial services and insurance activities,capital_markets,1434.2498470450994,931.1468970450994,479.24099065469017,WIOT2014_Nov16_ROW.xlsb
2014,GRC,L68,Real estate activities,,39380.89259072118,37144.62854072118,2045.993958046634,WIOT2014_Nov16_ROW.xlsb
2014,GRC,M69_M70,Legal and accounting activities; activities of head offices; management consulta,,6783.32689793653,4751.6518479365295,1928.500939752132,WIOT2014_Nov16_ROW.xlsb
2014,GRC,M71,Architectural and engineering activities; technical testing and analysis,,1743.7906161832136,461.6552661832139,1239.7817464154648,WIOT2014_Nov16_ROW.xlsb
2014,GRC,M72,Scientific research and development,,1185.5544308105289,749.1421808105288,416.0220491590899,WIOT2014_Nov16_ROW.xlsb
2014,GRC,M73,Advertising and market research,,1410.071126022294,497.6573260222941,882.6106930815729,WIOT2014_Nov16_ROW.xlsb
2014,GRC,M74_M75,"Other professional, scientific and technical activities; veterinary activities",,1304.853834538437,547.608834538437,732.6218697646732,WIOT2014_Nov16_ROW.xlsb
2014,GRC,N,Administrative and support service activities,,7188.918300588317,3771.086350588317,3251.7130087402656,WIOT2014_Nov16_ROW.xlsb
2014,GRC,O84,Public administration and defence; compulsory social security,government,26401.8348557485,20637.8719057485,5554.389998282314,WIOT2014_Nov16_ROW.xlsb
2014,GRC,P85,Education,government,13875.530314433625,13069.529364433623,765.5146193824869,WIOT2014_Nov16_ROW.xlsb
2014,GRC,Q,Human health and social work activities,,13480.832621253652,9120.695621253652,4116.894350615423,WIOT2014_Nov16_ROW.xlsb
2014,GRC,R_S,Other service activities,,13899.576185340922,8027.074785340921,5591.908194814226,WIOT2014_Nov16_ROW.xlsb
2014,GRC,T,Activities of households as employers; undifferentiated goods- and services-prod,,712.2094692486827,712.2094692486827,0.0,WIOT2014_Nov16_ROW.xlsb
2014,GRC,U,Activities of extraterritorial organizations and bodies,,0.0,0.0,0.0,WIOT2014_Nov16_ROW.xlsb
2014,HRV,A01,"Crop and animal production, hunting and related service activities",agriculture,3515.84633137267,1639.0300231349652,1839.8109734987684,WIOT2014_Nov16_ROW.xlsb
2014,HRV,A02,Forestry and logging,agriculture,425.6923971701775,280.70451848165294,137.51865339021805,WIOT2014_Nov16_ROW.xlsb
2014,HRV,A03,Fishing and aquaculture,agriculture,304.6393584371738,165.4768855888132,133.5511773082602,WIOT2014_Nov16_ROW.xlsb
2014,HRV,B,Mining and quarrying,oil,4392.620591916624,1327.204454514251,2810.0698543297035,WIOT2014_Nov16_ROW.xlsb
2014,HRV,C10-C12,"Manufacture of food products, beverages and tobacco products",consumer_goods,6445.375403435784,2065.968954640373,4365.036819790706,WIOT2014_Nov16_ROW.xlsb
2014,HRV,C13-C15,"Manufacture of textiles, wearing apparel and leather products",consumer_goods,1146.773708904699,458.54658682404533,661.6583313905433,WIOT2014_Nov16_ROW.xlsb
2014,HRV,C16,"Manufacture of wood and of products of wood and cork, except furniture; manufact",consumer_goods,829.3944408439182,242.58742376123675,549.8697148644761,WIOT2014_Nov16_ROW.xlsb
2014,HRV,C17,Manufacture of paper and paper products,consumer_goods,483.55489842664616,132.0910771171844,329.6845912537862,WIOT2014_Nov16_ROW.xlsb
2014,HRV,C18,Printing and reproduction of recorded media,consumer_goods,628.9585749967785,222.19921771767767,389.70501073548775,WIOT2014_Nov16_ROW.xlsb
2014,HRV,C19,Manufacture of coke and refined petroleum products ,oil,43.702032661151335,10.794445401173368,30.667137118129578,WIOT2014_Nov16_ROW.xlsb
2014,HRV,C20,Manufacture of chemicals and chemical products ,consumer_goods,1050.7371433036467,240.72497492888567,760.760517085402,WIOT2014_Nov16_ROW.xlsb
2014,HRV,C21,Manufacture of basic pharmaceutical products and pharmaceutical preparations,consumer_goods,924.4868267269827,480.50413303905174,429.2266425190818,WIOT2014_Nov16_ROW.xlsb
2014,HRV,C22,Manufacture of rubber and plastic products,consumer_goods,855.9663557644341,269.83367448626035,552.4893239472106,WIOT2014_Nov16_ROW.xlsb
2014,HRV,C23,Manufacture of other non-metallic mineral products,consumer_goods,1193.0385150861048,427.2627754870549,731.3195676352616,WIOT2014_Nov16_ROW.xlsb
2014,HRV,C24,Manufacture of basic metals,consumer_goods,493.9408753245127,98.51035956114286,374.66834127386835,WIOT2014_Nov16_ROW.xlsb
2014,HRV,C25,"Manufacture of fabricated metal products, except machinery and equipment",consumer_goods,1882.424592034107,764.2409609992844,1074.7207834546116,WIOT2014_Nov16_ROW.xlsb
2014,HRV,C26,"Manufacture of computer, electronic and optical products",electronics,509.9919305303066,230.54717314227713,261.5590722996541,WIOT2014_Nov16_ROW.xlsb
2014,HRV,C27,Manufacture of electrical equipment,electronics,981.6771410736765,274.83835078860784,679.979611930511,WIOT2014_Nov16_ROW.xlsb
2014,HRV,C28,Manufacture of machinery and equipment n.e.c.,consumer_goods,887.1242864580339,323.1098195677158,542.3864059182499,WIOT2014_Nov16_ROW.xlsb
2014,HRV,C29,"Manufacture of motor vehicles, trailers and semi-trailers",automotive,177.77555261543085,48.033343828131464,102.78227698392953,WIOT2014_Nov16_ROW.xlsb
2014,HRV,C30,Manufacture of other transport equipment,aerospace,528.875524890064,198.4509806812454,314.90222684488924,WIOT2014_Nov16_ROW.xlsb
2014,HRV,C31_C32,Manufacture of furniture; other manufacturing,consumer_goods,682.7768189220873,253.6295129333278,404.8088631255308,WIOT2014_Nov16_ROW.xlsb
2014,HRV,C33,Repair and installation of machinery and equipment,consumer_goods,594.5634566986489,243.50423687189175,341.5444020859698,WIOT2014_Nov16_ROW.xlsb
2014,HRV,D35,"Electricity, gas, steam and air conditioning supply",utilities,4540.982344577829,1243.4070142875396,2665.2708721654,WIOT2014_Nov16_ROW.xlsb
2014,HRV,E36,"Water collection, treatment and supply",utilities,444.09617963254004,297.8531949752425,138.19001500348796,WIOT2014_Nov16_ROW.xlsb
2014,HRV,E37-E39,"Sewerage; waste collection, treatment and disposal activities; materials recover",utilities,729.4452839175908,352.0320699203554,334.3725721751289,WIOT2014_Nov16_ROW.xlsb
2014,HRV,F,Construction,,6877.471891533634,2442.9085535315057,4187.250241362913,WIOT2014_Nov16_ROW.xlsb
2014,HRV,G45,Wholesale and retail trade and repair of motor vehicles and motorcycles,consumer_goods,971.4077223156509,532.929828763284,418.64285225329616,WIOT2014_Nov16_ROW.xlsb
2014,HRV,G46,"Wholesale trade, except of motor vehicles and motorcycles",consumer_goods,5108.196011739209,2710.3862944525386,2320.9508842637333,WIOT2014_Nov16_ROW.xlsb
2014,HRV,G47,"Retail trade, except of motor vehicles and motorcycles",consumer_goods,4453.459233647661,2312.7570084894246,2056.6742429975266,WIOT2014_Nov16_ROW.xlsb
2014,HRV,H49,Land transport and transport via pipelines,shipping,2285.798116491314,974.2177264139166,1270.9628869756818,WIOT2014_Nov16_ROW.xlsb
2014,HRV,H50,Water transport,shipping,501.25170021540833,214.64660433890674,232.68582077760067,WIOT2014_Nov16_ROW.xlsb
2014,HRV,H51,Air transport,aviation,258.01688767396837,51.276788255359094,196.71217746979806,WIOT2014_Nov16_ROW.xlsb
2014,HRV,H52,Warehousing and support activities for transportation,ports,1369.8044872270489,691.7582172883436,641.303688030843,WIOT2014_Nov16_ROW.xlsb
2014,HRV,H53,Postal and courier activities,telecommunications,376.5209883940523,258.78744658391037,113.49558474408674,WIOT2014_Nov16_ROW.xlsb
2014,HRV,I,Accommodation and food service activities,tourism,4381.434201432192,2487.3425733749227,1668.759632405157,WIOT2014_Nov16_ROW.xlsb
2014,HRV,J58,Publishing activities,telecommunications,456.4172589584221,183.1475813563164,256.73319621367955,WIOT2014_Nov16_ROW.xlsb
2014,HRV,J59_J60,"Motion picture, video and television programme production, sound recording and m",telecommunications,529.0885063756278,229.6811264682036,292.3355691284796,WIOT2014_Nov16_ROW.xlsb
2014,HRV,J61,Telecommunications,telecommunications,2078.4499576050484,1152.7832304621909,851.8361317639072,WIOT2014_Nov16_ROW.xlsb
2014,HRV,J62_J63,"Computer programming, consultancy and related activities; information service ac",telecommunications,991.3874310422771,594.7477985590677,372.6701054785269,WIOT2014_Nov16_ROW.xlsb
2014,HRV,K64,"Financial service activities, except insurance and pension funding",banking,3359.4031193116934,2488.970418784987,818.8989417123139,WIOT2014_Nov16_ROW.xlsb
2014,HRV,K65,"Insurance, reinsurance and pension funding, except compulsory social security",insurance,949.7455479297406,427.03485747474554,490.75963243750937,WIOT2014_Nov16_ROW.xlsb
2014,HRV,K66,Activities auxiliary to financial services and insurance activities,capital_markets,520.5157564303398,303.6040866603102,208.62208690399882,WIOT2014_Nov16_ROW.xlsb
2014,HRV,L68,Real estate activities,,5610.743925213437,5014.228743427555,561.7382443787768,WIOT2014_Nov16_ROW.xlsb
2014,HRV,M69_M70,Legal and accounting activities; activities of head offices; management consulta,,2076.0988730628715,1360.8940147355572,658.8411365566309,WIOT2014_Nov16_ROW.xlsb
2014,HRV,M71,Architectural and engineering activities; technical testing and analysis,,1727.1423704736928,923.349185544738,757.9636879708686,WIOT2014_Nov16_ROW.xlsb
2014,HRV,M72,Scientific research and development,,355.72076774769187,246.44414930495003,98.07619192299333,WIOT2014_Nov16_ROW.xlsb
2014,HRV,M73,Advertising and market research,,732.1322289214241,221.95364742964242,482.690196529964,WIOT2014_Nov16_ROW.xlsb
2014,HRV,M74_M75,"Other professional, scientific and technical activities; veterinary activities",,255.58311687166378,149.75454706910548,95.9772811220894,WIOT2014_Nov16_ROW.xlsb
2014,HRV,N,Administrative and support service activities,,2055.938710237499,1027.8897464412182,968.6133551968511,WIOT2014_Nov16_ROW.xlsb
2014,HRV,O84,Public administration and defence; compulsory social security,government,5338.571613108705,2820.3333979662334,2380.7498402014394,WIOT2014_Nov16_ROW.xlsb
2014,HRV,P85,Education,government,2771.6682942726,2234.2553918114227,503.5028252823464,WIOT2014_Nov16_ROW.xlsb
2014,HRV,Q,Human health and social work activities,,3585.4845346757725,2306.966132088866,1163.7606299487375,WIOT2014_Nov16_ROW.xlsb
2014,HRV,R_S,Other service activities,,2659.399449033337,1450.7218260955337,1151.4097056503456,WIOT2014_Nov16_ROW.xlsb
2014,HRV,T,Activities of households as employers; undifferentiated goods- and services-prod,,87.27399790284228,55.131142435705094,32.139636340997846,WIOT2014_Nov16_ROW.xlsb
2014,HRV,U,Activities of extraterritorial organizations and bodies,,0.0,0.0,0.0,WIOT2014_Nov16_ROW.xlsb
2014,HUN,A01,"Crop and animal production, hunting and related service activities",agriculture,12107.88899112,4923.040134240003,6864.911798759033,WIOT2014_Nov16_ROW.xlsb
2014,HUN,A02,Forestry and logging,agriculture,596.87271144,260.77134576000003,321.3212517327435,WIOT2014_Nov16_ROW.xlsb
2014,HUN,A03,Fishing and aquaculture,agriculture,54.15112416,23.7115764,28.667523496932027,WIOT2014_Nov16_ROW.xlsb
2014,HUN,B,Mining and quarrying,oil,590.35148952,267.8654359199999,308.55861973172665,WIOT2014_Nov16_ROW.xlsb
2014,HUN,C10-C12,"Manufacture of food products, beverages and tobacco products",consumer_goods,13424.59433616,2769.305374080002,10479.565258685558,WIOT2014_Nov16_ROW.xlsb
2014,HUN,C13-C15,"Manufacture of textiles, wearing apparel and leather products",consumer_goods,1731.2681232,578.36863656,1092.1520196966665,WIOT2014_Nov16_ROW.xlsb
2014,HUN,C16,"Manufacture of wood and of products of wood and cork, except furniture; manufact",consumer_goods,1075.43305584,304.7099090400001,737.6142871605722,WIOT2014_Nov16_ROW.xlsb
2014,HUN,C17,Manufacture of paper and paper products,consumer_goods,1841.62925136,461.52935927999926,1321.5675080353258,WIOT2014_Nov16_ROW.xlsb
2014,HUN,C18,Printing and reproduction of recorded media,consumer_goods,961.26859944,319.28143728000015,620.0816299170048,WIOT2014_Nov16_ROW.xlsb
2014,HUN,C19,Manufacture of coke and refined petroleum products ,oil,8109.22129584,1194.361363920001,6430.898469007014,WIOT2014_Nov16_ROW.xlsb
2014,HUN,C20,Manufacture of chemicals and chemical products ,consumer_goods,6800.48872608,1237.938115680002,5264.182368087423,WIOT2014_Nov16_ROW.xlsb
2014,HUN,C21,Manufacture of basic pharmaceutical products and pharmaceutical preparations,consumer_goods,3882.91385256,1822.0871220000004,1977.7504602753752,WIOT2014_Nov16_ROW.xlsb
2014,HUN,C22,Manufacture of rubber and plastic products,consumer_goods,5867.61802368,1709.4689791199994,3967.6068035433327,WIOT2014_Nov16_ROW.xlsb
2014,HUN,C23,Manufacture of other non-metallic mineral products,consumer_goods,2568.20277816,843.14575272,1638.6995056675937,WIOT2014_Nov16_ROW.xlsb
2014,HUN,C24,Manufacture of basic metals,consumer_goods,3368.1422052,632.8083484799995,2599.9282684849854,WIOT2014_Nov16_ROW.xlsb
2014,HUN,C25,"Manufacture of fabricated metal products, except machinery and equipment",consumer_goods,5223.6107472,1851.5316880799974,3217.3073314214284,WIOT2014_Nov16_ROW.xlsb
2014,HUN,C26,"Manufacture of computer, electronic and optical products",electronics,12628.7080596,2119.349743920006,9820.166169805865,WIOT2014_Nov16_ROW.xlsb
2014,HUN,C27,Manufacture of electrical equipment,electronics,4769.31331104,1242.4995252000006,3351.1187259997746,WIOT2014_Nov16_ROW.xlsb
2014,HUN,C28,Manufacture of machinery and equipment n.e.c.,consumer_goods,9747.58569672,3509.3994528000007,5941.852085388016,WIOT2014_Nov16_ROW.xlsb
2014,HUN,C29,"Manufacture of motor vehicles, trailers and semi-trailers",automotive,29072.34386424,5144.498935440008,22656.37455582969,WIOT2014_Nov16_ROW.xlsb
2014,HUN,C30,Manufacture of other transport equipment,aerospace,756.12577488,234.9879676800001,495.2535677931211,WIOT2014_Nov16_ROW.xlsb
2014,HUN,C31_C32,Manufacture of furniture; other manufacturing,consumer_goods,2330.1738708,832.8556608000002,1424.2713271804257,WIOT2014_Nov16_ROW.xlsb
2014,HUN,C33,Repair and installation of machinery and equipment,consumer_goods,1289.53071552,616.9317143999999,636.1923025091838,WIOT2014_Nov16_ROW.xlsb
2014,HUN,D35,"Electricity, gas, steam and air conditioning supply",utilities,6084.9806016,2375.86118976,3487.5034010795,WIOT2014_Nov16_ROW.xlsb
2014,HUN,E36,"Water collection, treatment and supply",utilities,1021.2216297599999,468.39085632000007,523.8124048882084,WIOT2014_Nov16_ROW.xlsb
2014,HUN,E37-E39,"Sewerage; waste collection, treatment and disposal activities; materials recover",utilities,1808.88100152,745.7107718399998,984.3750621741336,WIOT2014_Nov16_ROW.xlsb
2014,HUN,F,Construction,,13350.79340064,5078.240047199999,7842.042563394421,WIOT2014_Nov16_ROW.xlsb
2014,HUN,G45,Wholesale and retail trade and repair of motor vehicles and motorcycles,consumer_goods,2809.3587708,1253.8405934400005,1474.3410989077488,WIOT2014_Nov16_ROW.xlsb
2014,HUN,G46,"Wholesale trade, except of motor vehicles and motorcycles",consumer_goods,12894.10542408,5939.4849904799985,6639.384591466131,WIOT2014_Nov16_ROW.xlsb
2014,HUN,G47,"Retail trade, except of motor vehicles and motorcycles",consumer_goods,9465.553616879999,4682.405322479998,4481.006506276215,WIOT2014_Nov16_ROW.xlsb
2014,HUN,H49,Land transport and transport via pipelines,shipping,9110.913718079999,3729.505768079999,5133.267995314896,WIOT2014_Nov16_ROW.xlsb
2014,HUN,H50,Water transport,shipping,97.66326672,16.466731440000014,76.0510006269348,WIOT2014_Nov16_ROW.xlsb
2014,HUN,H51,Air transport,aviation,1514.68085568,377.5977011999995,1115.2868439352608,WIOT2014_Nov16_ROW.xlsb
2014,HUN,H52,Warehousing and support activities for transportation,ports,5323.44057576,2627.3934199199985,2548.698371752666,WIOT2014_Nov16_ROW.xlsb
2014,HUN,H53,Postal and courier activities,telecommunications,964.45167936,653.1774756,261.7040437447879,WIOT2014_Nov16_ROW.xlsb
2014,HUN,I,Accommodation and food service activities,tourism,5161.8271228799995,1946.4985975200009,2957.7129076718547,WIOT2014_Nov16_ROW.xlsb
2014,HUN,J58,Publishing activities,telecommunications,1072.45241808,530.3596936800001,525.824984601023,WIOT2014_Nov16_ROW.xlsb
2014,HUN,J59_J60,"Motion picture, video and television programme production, sound recording and m",telecommunications,1828.6600312799999,848.7969040800002,935.2680632253348,WIOT2014_Nov16_ROW.xlsb
2014,HUN,J61,Telecommunications,telecommunications,3277.7754707999998,1901.74165104,1318.1849773309643,WIOT2014_Nov16_ROW.xlsb
2014,HUN,J62_J63,"Computer programming, consultancy and related activities; information service ac",telecommunications,4262.7211884,2757.31390656,1452.468642196663,WIOT2014_Nov16_ROW.xlsb
2014,HUN,K64,"Financial service activities, except insurance and pension funding",banking,6181.04586744,3266.15873664,2577.759572797332,WIOT2014_Nov16_ROW.xlsb
2014,HUN,K65,"Insurance, reinsurance and pension funding, except compulsory social security",insurance,1408.0929048,353.73106272,1002.4479167450941,WIOT2014_Nov16_ROW.xlsb
2014,HUN,K66,Activities auxiliary to financial services and insurance activities,capital_markets,1003.80298944,676.89766656,298.3108552822446,WIOT2014_Nov16_ROW.xlsb
2014,HUN,L68,Real estate activities,,13106.60939016,9233.477370479997,3579.001963454631,WIOT2014_Nov16_ROW.xlsb
2014,HUN,M69_M70,Legal and accounting activities; activities of head offices; management consulta,,4578.93153504,2905.0062304800003,1609.5595752227755,WIOT2014_Nov16_ROW.xlsb
2014,HUN,M71,Architectural and engineering activities; technical testing and analysis,,2338.86165456,1383.1968264000002,901.7288978216432,WIOT2014_Nov16_ROW.xlsb
2014,HUN,M72,Scientific research and development,,1824.7877865599999,1089.5049395999997,670.8240253217199,WIOT2014_Nov16_ROW.xlsb
2014,HUN,M73,Advertising and market research,,928.29206376,483.61278384,426.0871537802918,WIOT2014_Nov16_ROW.xlsb
2014,HUN,M74_M75,"Other professional, scientific and technical activities; veterinary activities",,1292.1409272,817.1685470400002,447.5646852236049,WIOT2014_Nov16_ROW.xlsb
2014,HUN,N,Administrative and support service activities,,6849.92768592,3864.7672819200006,2843.5102365120965,WIOT2014_Nov16_ROW.xlsb
2014,HUN,O84,Public administration and defence; compulsory social security,government,14361.6344856,9773.27862192,3828.435185533697,WIOT2014_Nov16_ROW.xlsb
2014,HUN,P85,Education,government,7072.01535,5430.8296807199995,1408.2132425702787,WIOT2014_Nov16_ROW.xlsb
2014,HUN,Q,Human health and social work activities,,8170.8240144,5083.3183303199985,2600.3559455524473,WIOT2014_Nov16_ROW.xlsb
2014,HUN,R_S,Other service activities,,6449.17835472,3438.76436808,2656.2354517955114,WIOT2014_Nov16_ROW.xlsb
2014,HUN,T,Activities of households as employers; undifferentiated goods- and services-prod,,16.48396056,16.48396056,0.0,WIOT2014_Nov16_ROW.xlsb
2014,HUN,U,Activities of extraterritorial organizations and bodies,,0.0,0.0,0.0,WIOT2014_Nov16_ROW.xlsb
2014,IDN,A01,"Crop and animal production, hunting and related service activities",agriculture,112492.71337654229,91889.3530489,20410.490745949744,WIOT2014_Nov16_ROW.xlsb
2014,IDN,A02,Forestry and logging,agriculture,7330.999733234505,6293.058266,1030.417845021851,WIOT2014_Nov16_ROW.xlsb
2014,IDN,A03,Fishing and aquaculture,agriculture,24366.377772010288,20703.721455999996,3628.0288126356227,WIOT2014_Nov16_ROW.xlsb
2014,IDN,B,Mining and quarrying,oil,119982.65255232836,87955.13320329999,31556.7719376748,WIOT2014_Nov16_ROW.xlsb
2014,IDN,C10-C12,"Manufacture of food products, beverages and tobacco products",consumer_goods,170838.28294544385,55467.1545439,114618.79357380522,WIOT2014_Nov16_ROW.xlsb
2014,IDN,C13-C15,"Manufacture of textiles, wearing apparel and leather products",consumer_goods,34627.01297247319,14137.5631166,19915.13311370163,WIOT2014_Nov16_ROW.xlsb
2014,IDN,C16,"Manufacture of wood and of products of wood and cork, except furniture; manufact",consumer_goods,15184.87648486977,6415.675830299999,8699.650650643473,WIOT2014_Nov16_ROW.xlsb
2014,IDN,C17,Manufacture of paper and paper products,consumer_goods,20002.663944472642,6823.674803969321,12993.142173420003,WIOT2014_Nov16_ROW.xlsb
2014,IDN,C18,Printing and reproduction of recorded media,consumer_goods,1038.3589697255616,292.048728530676,735.8173246573286,WIOT2014_Nov16_ROW.xlsb
2014,IDN,C19,Manufacture of coke and refined petroleum products ,oil,59961.82466149048,27751.76454600001,31665.997912454684,WIOT2014_Nov16_ROW.xlsb
2014,IDN,C20,Manufacture of chemicals and chemical products ,consumer_goods,32288.821505974825,11011.042386952873,20763.40048784707,WIOT2014_Nov16_ROW.xlsb
2014,IDN,C21,Manufacture of basic pharmaceutical products and pharmaceutical preparations,consumer_goods,12294.533915246495,4172.754949447125,8002.543801551584,WIOT2014_Nov16_ROW.xlsb
2014,IDN,C22,Manufacture of rubber and plastic products,consumer_goods,25626.628587125873,6769.132197299995,18480.354656379783,WIOT2014_Nov16_ROW.xlsb
2014,IDN,C23,Manufacture of other non-metallic mineral products,consumer_goods,18459.575787604714,6481.467123999997,11779.355487000885,WIOT2014_Nov16_ROW.xlsb
2014,IDN,C24,Manufacture of basic metals,consumer_goods,21745.76781885905,6925.653235600005,14524.669839292881,WIOT2014_Nov16_ROW.xlsb
2014,IDN,C25,"Manufacture of fabricated metal products, except machinery and equipment",consumer_goods,19224.344337609164,6820.896473268196,12104.013753737237,WIOT2014_Nov16_ROW.xlsb
2014,IDN,C26,"Manufacture of computer, electronic and optical products",electronics,21787.842039606698,5586.096608790066,15732.597022945845,WIOT2014_Nov16_ROW.xlsb
2014,IDN,C27,Manufacture of electrical equipment,electronics,13990.961950935618,4298.530480141735,9424.971325455681,WIOT2014_Nov16_ROW.xlsb
2014,IDN,C28,Manufacture of machinery and equipment n.e.c.,consumer_goods,11444.955600829971,2789.7667555999988,8322.047497228974,WIOT2014_Nov16_ROW.xlsb
2014,IDN,C29,"Manufacture of motor vehicles, trailers and semi-trailers",automotive,33550.65718732911,16496.497285899557,16782.57272595462,WIOT2014_Nov16_ROW.xlsb
2014,IDN,C30,Manufacture of other transport equipment,aerospace,2511.6269849920814,995.114585900448,1489.297336626495,WIOT2014_Nov16_ROW.xlsb
2014,IDN,C31_C32,Manufacture of furniture; other manufacturing,consumer_goods,10131.81107566898,3946.1956995999985,6087.458949175729,WIOT2014_Nov16_ROW.xlsb
2014,IDN,C33,Repair and installation of machinery and equipment,consumer_goods,0.0,0.0,0.0,WIOT2014_Nov16_ROW.xlsb
2014,IDN,D35,"Electricity, gas, steam and air conditioning supply",utilities,41270.37062578503,9666.529832299979,31353.098528375496,WIOT2014_Nov16_ROW.xlsb
2014,IDN,E36,"Water collection, treatment and supply",utilities,805.3133159112084,665.1743527,138.40891002368102,WIOT2014_Nov16_ROW.xlsb
2014,IDN,E37-E39,"Sewerage; waste collection, treatment and disposal activities; materials recover",utilities,0.0,0.0,0.0,WIOT2014_Nov16_ROW.xlsb
2014,IDN,F,Construction,,255324.6200218919,87874.89498150005,164705.88693710472,WIOT2014_Nov16_ROW.xlsb
2014,IDN,G45,Wholesale and retail trade and repair of motor vehicles and motorcycles,consumer_goods,36385.30250289466,24697.1796104,11546.784102795044,WIOT2014_Nov16_ROW.xlsb
2014,IDN,G46,"Wholesale trade, except of motor vehicles and motorcycles",consumer_goods,88576.86658225721,59901.12359784344,28434.156771524435,WIOT2014_Nov16_ROW.xlsb
2014,IDN,G47,"Retail trade, except of motor vehicles and motorcycles",consumer_goods,51998.84499490296,35164.81629085655,16693.1602511159,WIOT2014_Nov16_ROW.xlsb
2014,IDN,H49,Land transport and transport via pipelines,shipping,39778.667422627055,19406.74490149999,20008.312962073847,WIOT2014_Nov16_ROW.xlsb
2014,IDN,H50,Water transport,shipping,12790.448317233515,4150.4093114,8529.483615850615,WIOT2014_Nov16_ROW.xlsb
2014,IDN,H51,Air transport,aviation,27767.808863567658,9175.182470300002,18320.89306652819,WIOT2014_Nov16_ROW.xlsb
2014,IDN,H52,Warehousing and support activities for transportation,ports,11435.342789235458,6650.419436100003,4775.421418631787,WIOT2014_Nov16_ROW.xlsb
2014,IDN,H53,Postal and courier activities,telecommunications,1575.533579293795,831.316912913355,742.9844048169396,WIOT2014_Nov16_ROW.xlsb
2014,IDN,I,Accommodation and food service activities,tourism,59848.05775935709,27077.414327699968,32566.263227698662,WIOT2014_Nov16_ROW.xlsb
2014,IDN,J58,Publishing activities,telecommunications,5567.6029215517365,2312.4658679505637,3222.189646724087,WIOT2014_Nov16_ROW.xlsb
2014,IDN,J59_J60,"Motion picture, video and television programme production, sound recording and m",telecommunications,5319.82312579418,3505.7885500357656,1796.0334890652064,WIOT2014_Nov16_ROW.xlsb
2014,IDN,J61,Telecommunications,telecommunications,33331.09946543166,22239.88268245065,11054.986515904235,WIOT2014_Nov16_ROW.xlsb
2014,IDN,J62_J63,"Computer programming, consultancy and related activities; information service ac",telecommunications,4428.13723277104,2265.898841649661,2145.45406325239,WIOT2014_Nov16_ROW.xlsb
2014,IDN,K64,"Financial service activities, except insurance and pension funding",banking,37824.206657487586,27080.8046751,10713.71937618449,WIOT2014_Nov16_ROW.xlsb
2014,IDN,K65,"Insurance, reinsurance and pension funding, except compulsory social security",insurance,9768.311320928655,7365.6984004999995,2397.4063619039225,WIOT2014_Nov16_ROW.xlsb
2014,IDN,K66,Activities auxiliary to financial services and insurance activities,capital_markets,0.0,0.0,0.0,WIOT2014_Nov16_ROW.xlsb
2014,IDN,L68,Real estate activities,,30046.4204109864,24843.4368358,5190.698527552937,WIOT2014_Nov16_ROW.xlsb
2014,IDN,M69_M70,Legal and accounting activities; activities of head offices; management consulta,,11796.580293336654,6531.949628482941,5221.18616595172,WIOT2014_Nov16_ROW.xlsb
2014,IDN,M71,Architectural and engineering activities; technical testing and analysis,,0.0,0.0,0.0,WIOT2014_Nov16_ROW.xlsb
2014,IDN,M72,Scientific research and development,,0.0,0.0,0.0,WIOT2014_Nov16_ROW.xlsb
2014,IDN,M73,Advertising and market research,,0.0,0.0,0.0,WIOT2014_Nov16_ROW.xlsb
2014,IDN,M74_M75,"Other professional, scientific and technical activities; veterinary activities",,0.0,0.0,0.0,WIOT2014_Nov16_ROW.xlsb
2014,IDN,N,Administrative and support service activities,,11919.856582263656,7467.199603717061,4414.0628564302115,WIOT2014_Nov16_ROW.xlsb
2014,IDN,O84,Public administration and defence; compulsory social security,government,55001.985953035866,34125.246575200006,20776.533204433046,WIOT2014_Nov16_ROW.xlsb
2014,IDN,P85,Education,government,44541.25991368406,28848.5840984,15531.680858908903,WIOT2014_Nov16_ROW.xlsb
2014,IDN,Q,Human health and social work activities,,20753.370031903036,9205.147406400005,11459.507997422023,WIOT2014_Nov16_ROW.xlsb
2014,IDN,R_S,Other service activities,,27603.946440709173,13793.215145600001,13754.3169512548,WIOT2014_Nov16_ROW.xlsb
2014,IDN,T,Activities of households as employers; undifferentiated goods- and services-prod,,0.0,0.0,0.0,WIOT2014_Nov16_ROW.xlsb
2014,IDN,U,Activities of extraterritorial organizations and bodies,,0.0,0.0,0.0,WIOT2014_Nov16_ROW.xlsb
2014,IND,A01,"Crop and animal production, hunting and related service activities",agriculture,369345.8523759322,275720.74055657524,102102.47317271556,WIOT2014_Nov16_ROW.xlsb
2014,IND,A02,Forestry and logging,agriculture,28393.85949763225,27432.918276180575,891.5473821539865,WIOT2014_Nov16_ROW.xlsb
2014,IND,A03,Fishing and aquaculture,agriculture,17620.475341504134,17229.093155229242,378.50783620543103,WIOT2014_Nov16_ROW.xlsb
2014,IND,B,Mining and quarrying,oil,50831.88105848048,38308.63568297153,11441.11033715595,WIOT2014_Nov16_ROW.xlsb
2014,IND,C10-C12,"Manufacture of food products, beverages and tobacco products",consumer_goods,198659.72037716254,28167.5934303529,172122.19773125288,WIOT2014_Nov16_ROW.xlsb
2014,IND,C13-C15,"Manufacture of textiles, wearing apparel and leather products",consumer_goods,154448.10937519502,38010.921765383595,115848.85740938665,WIOT2014_Nov16_ROW.xlsb
2014,IND,C16,"Manufacture of wood and of products of wood and cork, except furniture; manufact",consumer_goods,27563.054669931804,11131.782565727866,16020.319063996112,WIOT2014_Nov16_ROW.xlsb
2014,IND,C17,Manufacture of paper and paper products,consumer_goods,17158.136717491932,3236.907879663556,13056.31182239685,WIOT2014_Nov16_ROW.xlsb
2014,IND,C18,Printing and reproduction of recorded media,consumer_goods,14449.953168312315,3102.7118082239836,10545.252969979718,WIOT2014_Nov16_ROW.xlsb
2014,IND,C19,Manufacture of coke and refined petroleum products ,oil,153327.63800396657,16957.14276009706,119960.97520327503,WIOT2014_Nov16_ROW.xlsb
2014,IND,C20,Manufacture of chemicals and chemical products ,consumer_goods,132228.71573855315,28771.961422227847,98547.38268136258,WIOT2014_Nov16_ROW.xlsb
2014,IND,C21,Manufacture of basic pharmaceutical products and pharmaceutical preparations,consumer_goods,19902.510328861998,4239.371437238686,14307.937397092413,WIOT2014_Nov16_ROW.xlsb
2014,IND,C22,Manufacture of rubber and plastic products,consumer_goods,51252.58572389911,8161.124892847965,39987.357768093374,WIOT2014_Nov16_ROW.xlsb
2014,IND,C23,Manufacture of other non-metallic mineral products,consumer_goods,55000.84582047336,16040.430934593076,35529.73112177183,WIOT2014_Nov16_ROW.xlsb
2014,IND,C24,Manufacture of basic metals,consumer_goods,167537.44464469582,23640.623158828985,128920.94234225524,WIOT2014_Nov16_ROW.xlsb
2014,IND,C25,"Manufacture of fabricated metal products, except machinery and equipment",consumer_goods,66252.4666237269,14638.37767468613,47121.930094954405,WIOT2014_Nov16_ROW.xlsb
2014,IND,C26,"Manufacture of computer, electronic and optical products",electronics,27826.32358207988,5100.8638603171685,20686.856371213715,WIOT2014_Nov16_ROW.xlsb
2014,IND,C27,Manufacture of electrical equipment,electronics,46034.01929104386,10504.763444429018,32822.21059977941,WIOT2014_Nov16_ROW.xlsb
2014,IND,C28,Manufacture of machinery and equipment n.e.c.,consumer_goods,68699.99222400991,16822.118124792956,47333.94194850975,WIOT2014_Nov16_ROW.xlsb
2014,IND,C29,"Manufacture of motor vehicles, trailers and semi-trailers",automotive,104028.64522467903,17227.112193706405,80205.44586588311,WIOT2014_Nov16_ROW.xlsb
2014,IND,C30,Manufacture of other transport equipment,aerospace,21615.785453775155,6037.590499138833,14842.96977613881,WIOT2014_Nov16_ROW.xlsb
2014,IND,C31_C32,Manufacture of furniture; other manufacturing,consumer_goods,123102.62659698719,27008.030586839934,90976.10185349005,WIOT2014_Nov16_ROW.xlsb
2014,IND,C33,Repair and installation of machinery and equipment,consumer_goods,0.0,0.0,0.0,WIOT2014_Nov16_ROW.xlsb
2014,IND,D35,"Electricity, gas, steam and air conditioning supply",utilities,71867.44196217995,28020.362877191325,41664.06054537539,WIOT2014_Nov16_ROW.xlsb
2014,IND,E36,"Water collection, treatment and supply",utilities,6834.601864499233,3845.6874493098503,2962.448484769931,WIOT2014_Nov16_ROW.xlsb
2014,IND,E37-E39,"Sewerage; waste collection, treatment and disposal activities; materials recover",utilities,0.0,0.0,0.0,WIOT2014_Nov16_ROW.xlsb
2014,IND,F,Construction,,392812.65487940086,135597.28922356502,240935.20917115928,WIOT2014_Nov16_ROW.xlsb
2014,IND,G45,Wholesale and retail trade and repair of motor vehicles and motorcycles,consumer_goods,19705.463846376522,16662.57364104742,2900.3462338697373,WIOT2014_Nov16_ROW.xlsb
2014,IND,G46,"Wholesale trade, except of motor vehicles and motorcycles",consumer_goods,153098.91966743622,129457.59831949073,22533.845344526755,WIOT2014_Nov16_ROW.xlsb
2014,IND,G47,"Retail trade, except of motor vehicles and motorcycles",consumer_goods,249999.80163778568,211395.18143354115,36796.18954123047,WIOT2014_Nov16_ROW.xlsb
2014,IND,H49,Land transport and transport via pipelines,shipping,270914.5931361138,109942.53258407307,140871.81368578205,WIOT2014_Nov16_ROW.xlsb
2014,IND,H50,Water transport,shipping,3919.921964749726,2561.5310780315713,1306.6515613998617,WIOT2014_Nov16_ROW.xlsb
2014,IND,H51,Air transport,aviation,5016.202102883979,3172.6439780628416,1678.1412364772323,WIOT2014_Nov16_ROW.xlsb
2014,IND,H52,Warehousing and support activities for transportation,ports,14745.588984055548,8958.367498005964,5581.259107797267,WIOT2014_Nov16_ROW.xlsb
2014,IND,H53,Postal and courier activities,telecommunications,0.0,0.0,0.0,WIOT2014_Nov16_ROW.xlsb
2014,IND,I,Accommodation and food service activities,tourism,87535.16030775377,28872.323487989797,58256.972909833115,WIOT2014_Nov16_ROW.xlsb
2014,IND,J58,Publishing activities,telecommunications,0.0,0.0,0.0,WIOT2014_Nov16_ROW.xlsb
2014,IND,J59_J60,"Motion picture, video and television programme production, sound recording and m",telecommunications,0.0,0.0,0.0,WIOT2014_Nov16_ROW.xlsb
2014,IND,J61,Telecommunications,telecommunications,27711.304639508082,23154.145757812716,4185.452624007394,WIOT2014_Nov16_ROW.xlsb
2014,IND,J62_J63,"Computer programming, consultancy and related activities; information service ac",telecommunications,91646.21458794746,75221.43774105608,16028.61615619358,WIOT2014_Nov16_ROW.xlsb
2014,IND,K64,"Financial service activities, except insurance and pension funding",banking,109664.84947437895,93277.72276962828,15702.196555031267,WIOT2014_Nov16_ROW.xlsb
2014,IND,K65,"Insurance, reinsurance and pension funding, except compulsory social security",insurance,27395.976174623574,21237.194869079067,5851.597886029273,WIOT2014_Nov16_ROW.xlsb
2014,IND,K66,Activities auxiliary to financial services and insurance activities,capital_markets,0.0,0.0,0.0,WIOT2014_Nov16_ROW.xlsb
2014,IND,L68,Real estate activities,,140571.54429499464,128502.60125221821,11715.835793643015,WIOT2014_Nov16_ROW.xlsb
2014,IND,M69_M70,Legal and accounting activities; activities of head offices; management consulta,,8584.347495570957,7805.665594423594,783.3503546772472,WIOT2014_Nov16_ROW.xlsb
2014,IND,M71,Architectural and engineering activities; technical testing and analysis,,40311.99453664436,22693.318877957125,16602.064847618236,WIOT2014_Nov16_ROW.xlsb
2014,IND,M72,Scientific research and development,,0.0,0.0,0.0,WIOT2014_Nov16_ROW.xlsb
2014,IND,M73,Advertising and market research,,0.0,0.0,0.0,WIOT2014_Nov16_ROW.xlsb
2014,IND,M74_M75,"Other professional, scientific and technical activities; veterinary activities",,0.0,0.0,0.0,WIOT2014_Nov16_ROW.xlsb
2014,IND,N,Administrative and support service activities,,2227.1892791642867,1996.1457102771083,227.92340511134086,WIOT2014_Nov16_ROW.xlsb
2014,IND,O84,Public administration and defence; compulsory social security,government,141013.50466425164,141013.50466425164,0.0,WIOT2014_Nov16_ROW.xlsb
2014,IND,P85,Education,government,92531.94006848747,83235.58225321073,9037.533976274348,WIOT2014_Nov16_ROW.xlsb
2014,IND,Q,Human health and social work activities,,47796.296518519695,29931.479269343818,16713.863126203687,WIOT2014_Nov16_ROW.xlsb
2014,IND,R_S,Other service activities,,62340.96721392903,50268.485899524945,11049.526555377268,WIOT2014_Nov16_ROW.xlsb
2014,IND,T,Activities of households as employers; undifferentiated goods- and services-prod,,0.0,0.0,0.0,WIOT2014_Nov16_ROW.xlsb
2014,IND,U,Activities of extraterritorial organizations and bodies,,0.0,0.0,0.0,WIOT2014_Nov16_ROW.xlsb
2014,IRL,A01,"Crop and animal production, hunting and related service activities",agriculture,10708.290481513595,2626.468461477964,7858.131059501038,WIOT2014_Nov16_ROW.xlsb
2014,IRL,A02,Forestry and logging,agriculture,948.5252241259711,646.9380955175207,293.239711323685,WIOT2014_Nov16_ROW.xlsb
2014,IRL,A03,Fishing and aquaculture,agriculture,684.2850443604328,288.1690930045187,385.1521414195948,WIOT2014_Nov16_ROW.xlsb
2014,IRL,B,Mining and quarrying,oil,2095.5759,639.4070499999999,1402.9580715891875,WIOT2014_Nov16_ROW.xlsb
2014,IRL,C10-C12,"Manufacture of food products, beverages and tobacco products",consumer_goods,38567.55065,11465.22069999999,26374.97356226646,WIOT2014_Nov16_ROW.xlsb
2014,IRL,C13-C15,"Manufacture of textiles, wearing apparel and leather products",consumer_goods,439.4678,202.86194999999998,227.4432254955845,WIOT2014_Nov16_ROW.xlsb
2014,IRL,C16,"Manufacture of wood and of products of wood and cork, except furniture; manufact",consumer_goods,984.01995,238.3329000000001,728.2426975280855,WIOT2014_Nov16_ROW.xlsb
2014,IRL,C17,Manufacture of paper and paper products,consumer_goods,327.20955,114.51669999999994,204.8106252181535,WIOT2014_Nov16_ROW.xlsb
2014,IRL,C18,Printing and reproduction of recorded media,consumer_goods,1473.8379,595.4337,870.8141278849255,WIOT2014_Nov16_ROW.xlsb
2014,IRL,C19,Manufacture of coke and refined petroleum products ,oil,217.53136917837043,130.82722404195778,84.30432260011486,WIOT2014_Nov16_ROW.xlsb
2014,IRL,C20,Manufacture of chemicals and chemical products ,consumer_goods,5904.462330821624,3551.9076259580347,2305.4152715379096,WIOT2014_Nov16_ROW.xlsb
2014,IRL,C21,Manufacture of basic pharmaceutical products and pharmaceutical preparations,consumer_goods,34063.537099999994,14067.087950000003,19892.868852407184,WIOT2014_Nov16_ROW.xlsb
2014,IRL,C22,Manufacture of rubber and plastic products,consumer_goods,1949.7065999999998,646.3152500000001,1260.2685339380698,WIOT2014_Nov16_ROW.xlsb
2014,IRL,C23,Manufacture of other non-metallic mineral products,consumer_goods,1856.7115999999999,515.7237000000002,1285.9302903150005,WIOT2014_Nov16_ROW.xlsb
2014,IRL,C24,Manufacture of basic metals,consumer_goods,945.8919999999999,220.79670000000004,678.6266216996471,WIOT2014_Nov16_ROW.xlsb
2014,IRL,C25,"Manufacture of fabricated metal products, except machinery and equipment",consumer_goods,2239.71815,950.0103500000002,1246.6279029666957,WIOT2014_Nov16_ROW.xlsb
2014,IRL,C26,"Manufacture of computer, electronic and optical products",electronics,11907.47835,3779.3168000000023,7786.564132432475,WIOT2014_Nov16_ROW.xlsb
2014,IRL,C27,Manufacture of electrical equipment,electronics,1266.19335,367.86165000000074,854.3800516399409,WIOT2014_Nov16_ROW.xlsb
2014,IRL,C28,Manufacture of machinery and equipment n.e.c.,consumer_goods,3519.1965,1288.6449999999982,2158.563504858192,WIOT2014_Nov16_ROW.xlsb
2014,IRL,C29,"Manufacture of motor vehicles, trailers and semi-trailers",automotive,802.8125499999999,256.2676499999997,519.5352882473094,WIOT2014_Nov16_ROW.xlsb
2014,IRL,C30,Manufacture of other transport equipment,aerospace,11.29225,2.6570000000000022,8.124250623560542,WIOT2014_Nov16_ROW.xlsb
2014,IRL,C31_C32,Manufacture of furniture; other manufacturing,consumer_goods,14215.481399999999,6008.141250000001,7980.1750590014935,WIOT2014_Nov16_ROW.xlsb
2014,IRL,C33,Repair and installation of machinery and equipment,consumer_goods,1022.6792999999999,498.05464999999964,507.91719129481936,WIOT2014_Nov16_ROW.xlsb
2014,IRL,D35,"Electricity, gas, steam and air conditioning supply",utilities,8724.126649999998,4833.880099999999,3719.280218036597,WIOT2014_Nov16_ROW.xlsb
2014,IRL,E36,"Water collection, treatment and supply",utilities,528.7429999999999,269.9511999999999,254.66252622765535,WIOT2014_Nov16_ROW.xlsb
2014,IRL,E37-E39,"Sewerage; waste collection, treatment and disposal activities; materials recover",utilities,2087.73775,1026.9304999999997,1037.87961258795,WIOT2014_Nov16_ROW.xlsb
2014,IRL,F,Construction,,25554.89315,6657.910600000003,18098.269662739607,WIOT2014_Nov16_ROW.xlsb
2014,IRL,G45,Wholesale and retail trade and repair of motor vehicles and motorcycles,consumer_goods,2519.2345499999997,1814.3324499999997,680.2057509989548,WIOT2014_Nov16_ROW.xlsb
2014,IRL,G46,"Wholesale trade, except of motor vehicles and motorcycles",consumer_goods,22019.356099999997,9168.775600000003,12728.813005036558,WIOT2014_Nov16_ROW.xlsb
2014,IRL,G47,"Retail trade, except of motor vehicles and motorcycles",consumer_goods,17475.3547,10202.481449999997,7117.1901593361945,WIOT2014_Nov16_ROW.xlsb
2014,IRL,H49,Land transport and transport via pipelines,shipping,5862.1391,2692.8695,2853.1863061117006,WIOT2014_Nov16_ROW.xlsb
2014,IRL,H50,Water transport,shipping,690.8199999999999,227.3063500000001,433.10919028713414,WIOT2014_Nov16_ROW.xlsb
2014,IRL,H51,Air transport,aviation,10351.273449999999,3474.2931999999983,6018.137013133623,WIOT2014_Nov16_ROW.xlsb
2014,IRL,H52,Warehousing and support activities for transportation,ports,3042.39785,2035.7934,997.5810815474331,WIOT2014_Nov16_ROW.xlsb
2014,IRL,H53,Postal and courier activities,telecommunications,1242.1475,884.9138500000001,346.5291053124912,WIOT2014_Nov16_ROW.xlsb
2014,IRL,I,Accommodation and food service activities,tourism,8749.501,5501.98275,3055.8826986651966,WIOT2014_Nov16_ROW.xlsb
2014,IRL,J58,Publishing activities,telecommunications,20372.68035,11520.88485,8606.792958633561,WIOT2014_Nov16_ROW.xlsb
2014,IRL,J59_J60,"Motion picture, video and television programme production, sound recording and m",telecommunications,616.1582999999999,348.46555000000006,260.28347453959424,WIOT2014_Nov16_ROW.xlsb
2014,IRL,J61,Telecommunications,telecommunications,4549.4482499999995,3306.1050999999998,1193.1281655276357,WIOT2014_Nov16_ROW.xlsb
2014,IRL,J62_J63,"Computer programming, consultancy and related activities; information service ac",telecommunications,58450.67875,11570.703599999997,46772.99343211099,WIOT2014_Nov16_ROW.xlsb
2014,IRL,K64,"Financial service activities, except insurance and pension funding",banking,23673.6043,13113.357799999998,9908.629225309243,WIOT2014_Nov16_ROW.xlsb
2014,IRL,K65,"Insurance, reinsurance and pension funding, except compulsory social security",insurance,33274.6738,4892.998349999988,26923.724743699277,WIOT2014_Nov16_ROW.xlsb
2014,IRL,K66,Activities auxiliary to financial services and insurance activities,capital_markets,4941.62145,2259.645649999999,2586.6968909652314,WIOT2014_Nov16_ROW.xlsb
2014,IRL,L68,Real estate activities,,25496.306299999997,17289.364700000002,8003.163284626424,WIOT2014_Nov16_ROW.xlsb
2014,IRL,M69_M70,Legal and accounting activities; activities of head offices; management consulta,,8999.5247,6198.5153,2771.954197845698,WIOT2014_Nov16_ROW.xlsb
2014,IRL,M71,Architectural and engineering activities; technical testing and analysis,,3459.1483000000003,2828.3765,627.4703726905296,WIOT2014_Nov16_ROW.xlsb
2014,IRL,M72,Scientific research and development,,777.30535,615.3611999999999,161.22858914195385,WIOT2014_Nov16_ROW.xlsb
2014,IRL,M73,Advertising and market research,,583.4771999999999,479.58849999999995,103.36469848563033,WIOT2014_Nov16_ROW.xlsb
2014,IRL,M74_M75,"Other professional, scientific and technical activities; veterinary activities",,3384.6194499999997,2156.02265,1167.2127450426292,WIOT2014_Nov16_ROW.xlsb
2014,IRL,N,Administrative and support service activities,,14510.009849999999,10958.13225,3458.930983325053,WIOT2014_Nov16_ROW.xlsb
2014,IRL,O84,Public administration and defence; compulsory social security,government,16073.12295,8352.2795,6985.143367888416,WIOT2014_Nov16_ROW.xlsb
2014,IRL,P85,Education,government,16282.096,12613.70895,3492.2651104515353,WIOT2014_Nov16_ROW.xlsb
2014,IRL,Q,Human health and social work activities,,20860.771249999998,16097.700200000001,4761.379890262219,WIOT2014_Nov16_ROW.xlsb
2014,IRL,R_S,Other service activities,,8012.9806,5009.1092499999995,2913.274133003065,WIOT2014_Nov16_ROW.xlsb
2014,IRL,T,Activities of households as employers; undifferentiated goods- and services-prod,,159.6857,159.6857,0.0,WIOT2014_Nov16_ROW.xlsb
2014,IRL,U,Activities of extraterritorial organizations and bodies,,0.0,0.0,0.0,WIOT2014_Nov16_ROW.xlsb
2014,ITA,A01,"Crop and animal production, hunting and related service activities",agriculture,71272.89667651038,39176.02715385645,31065.89844662342,WIOT2014_Nov16_ROW.xlsb
2014,ITA,A02,Forestry and logging,agriculture,1980.0064158415973,1577.3663010329035,387.4008353596179,WIOT2014_Nov16_ROW.xlsb
2014,ITA,A03,Fishing and aquaculture,agriculture,2170.8245076480207,1161.586673847606,961.134322620983,WIOT2014_Nov16_ROW.xlsb
2014,ITA,B,Mining and quarrying,oil,13515.229049999998,8108.101199999999,5221.350004804123,WIOT2014_Nov16_ROW.xlsb
2014,ITA,C10-C12,"Manufacture of food products, beverages and tobacco products",consumer_goods,168846.90315,32837.73015000005,133969.76763427653,WIOT2014_Nov16_ROW.xlsb
2014,ITA,C13-C15,"Manufacture of textiles, wearing apparel and leather products",consumer_goods,106328.75594999999,30453.60405,74290.91340359864,WIOT2014_Nov16_ROW.xlsb
2014,ITA,C16,"Manufacture of wood and of products of wood and cork, except furniture; manufact",consumer_goods,19083.296097173647,6234.201856877926,12541.600430137887,WIOT2014_Nov16_ROW.xlsb
2014,ITA,C17,Manufacture of paper and paper products,consumer_goods,28105.902792005363,6400.147559464898,21449.672656390976,WIOT2014_Nov16_ROW.xlsb
2014,ITA,C18,Printing and reproduction of recorded media,consumer_goods,15135.331138965546,5823.307915273722,9155.875397133948,WIOT2014_Nov16_ROW.xlsb
2014,ITA,C19,Manufacture of coke and refined petroleum products ,oil,70106.14065,1183.2949500000443,65401.32789677609,WIOT2014_Nov16_ROW.xlsb
2014,ITA,C20,Manufacture of chemicals and chemical products ,consumer_goods,66903.39284999999,12922.053800000003,51129.64368071691,WIOT2014_Nov16_ROW.xlsb
2014,ITA,C21,Manufacture of basic pharmaceutical products and pharmaceutical preparations,consumer_goods,32395.4725,11332.636400000007,20502.574359965503,WIOT2014_Nov16_ROW.xlsb
2014,ITA,C22,Manufacture of rubber and plastic products,consumer_goods,52770.89180454798,14671.05364768785,37065.78754605443,WIOT2014_Nov16_ROW.xlsb
2014,ITA,C23,Manufacture of other non-metallic mineral products,consumer_goods,40601.39706632579,12667.726978582536,27098.002728324467,WIOT2014_Nov16_ROW.xlsb
2014,ITA,C24,Manufacture of basic metals,consumer_goods,73085.57887522224,9437.37113633418,62265.377969507135,WIOT2014_Nov16_ROW.xlsb
2014,ITA,C25,"Manufacture of fabricated metal products, except machinery and equipment",consumer_goods,105231.10485217687,36664.040837823646,67165.70681889971,WIOT2014_Nov16_ROW.xlsb
2014,ITA,C26,"Manufacture of computer, electronic and optical products",electronics,28774.380049999996,10474.82395,17779.77989816964,WIOT2014_Nov16_ROW.xlsb
2014,ITA,C27,Manufacture of electrical equipment,electronics,46823.248199999995,13604.50425,32431.05874313164,WIOT2014_Nov16_ROW.xlsb
2014,ITA,C28,Manufacture of machinery and equipment n.e.c.,consumer_goods,145719.84375,44252.202149999874,99326.93629963684,WIOT2014_Nov16_ROW.xlsb
2014,ITA,C29,"Manufacture of motor vehicles, trailers and semi-trailers",automotive,62973.46494450521,13787.490356947066,48073.506689400274,WIOT2014_Nov16_ROW.xlsb
2014,ITA,C30,Manufacture of other transport equipment,aerospace,29218.591032909524,7537.541827560898,20997.74108596358,WIOT2014_Nov16_ROW.xlsb
2014,ITA,C31_C32,Manufacture of furniture; other manufacturing,consumer_goods,49136.93620742839,15529.583766748843,32908.270861221725,WIOT2014_Nov16_ROW.xlsb
2014,ITA,C33,Repair and installation of machinery and equipment,consumer_goods,25112.35576457282,11192.654066698447,13407.751583062476,WIOT2014_Nov16_ROW.xlsb
2014,ITA,D35,"Electricity, gas, steam and air conditioning supply",utilities,111934.09599999999,32830.55624999999,81364.50328603655,WIOT2014_Nov16_ROW.xlsb
2014,ITA,E36,"Water collection, treatment and supply",utilities,11766.861745597505,5099.402420209646,5863.632102325633,WIOT2014_Nov16_ROW.xlsb
2014,ITA,E37-E39,"Sewerage; waste collection, treatment and disposal activities; materials recover",utilities,51537.75745440249,14189.487629790361,36390.23886197077,WIOT2014_Nov16_ROW.xlsb
2014,ITA,F,Construction,,271204.37405,94823.2817000001,173153.150259025,WIOT2014_Nov16_ROW.xlsb
2014,ITA,G45,Wholesale and retail trade and repair of motor vehicles and motorcycles,consumer_goods,45509.16864656009,20472.974975288198,24403.47229147831,WIOT2014_Nov16_ROW.xlsb
2014,ITA,G46,"Wholesale trade, except of motor vehicles and motorcycles",consumer_goods,215322.96693151369,98692.7054435416,113955.96987213375,WIOT2014_Nov16_ROW.xlsb
2014,ITA,G47,"Retail trade, except of motor vehicles and motorcycles",consumer_goods,157702.35735857484,93732.82151814406,62262.510372914134,WIOT2014_Nov16_ROW.xlsb
2014,ITA,H49,Land transport and transport via pipelines,shipping,120589.52277582735,59508.83250864043,53877.64794912655,WIOT2014_Nov16_ROW.xlsb
2014,ITA,H50,Water transport,shipping,16582.834290418235,3584.7316754826875,12698.109164421707,WIOT2014_Nov16_ROW.xlsb
2014,ITA,H51,Air transport,aviation,15177.86098718595,790.7931527265519,14175.522610940183,WIOT2014_Nov16_ROW.xlsb
2014,ITA,H52,Warehousing and support activities for transportation,ports,84956.76472312464,36530.23167852009,47622.87920295887,WIOT2014_Nov16_ROW.xlsb
2014,ITA,H53,Postal and courier activities,telecommunications,9192.073873443796,5384.226623122731,3519.588631549658,WIOT2014_Nov16_ROW.xlsb
2014,ITA,I,Accommodation and food service activities,tourism,135055.5757,69466.06935,63595.15023614866,WIOT2014_Nov16_ROW.xlsb
2014,ITA,J58,Publishing activities,telecommunications,12277.708650034741,4036.439519841711,8171.846599614748,WIOT2014_Nov16_ROW.xlsb
2014,ITA,J59_J60,"Motion picture, video and television programme production, sound recording and m",telecommunications,19561.255199965257,7587.536930158289,11871.81072186176,WIOT2014_Nov16_ROW.xlsb
2014,ITA,J61,Telecommunications,telecommunications,51591.36755,24783.56605,26642.517209807753,WIOT2014_Nov16_ROW.xlsb
2014,ITA,J62_J63,"Computer programming, consultancy and related activities; information service ac",telecommunications,64776.5972,34095.42109999999,30083.498758343212,WIOT2014_Nov16_ROW.xlsb
2014,ITA,K64,"Financial service activities, except insurance and pension funding",banking,120057.81534566259,76896.42363449818,39643.93764473399,WIOT2014_Nov16_ROW.xlsb
2014,ITA,K65,"Insurance, reinsurance and pension funding, except compulsory social security",insurance,30983.401687281534,12272.34011449069,17267.40275339935,WIOT2014_Nov16_ROW.xlsb
2014,ITA,K66,Activities auxiliary to financial services and insurance activities,capital_markets,39530.2480670559,23801.687790203934,14173.723880521193,WIOT2014_Nov16_ROW.xlsb
2014,ITA,L68,Real estate activities,,306003.63445,272150.53174999997,33153.65903861678,WIOT2014_Nov16_ROW.xlsb
2014,ITA,M69_M70,Legal and accounting activities; activities of head offices; management consulta,,94332.82676010147,61778.66409583985,31540.708067555737,WIOT2014_Nov16_ROW.xlsb
2014,ITA,M71,Architectural and engineering activities; technical testing and analysis,,39992.07864597682,25746.657551748365,13804.975800846378,WIOT2014_Nov16_ROW.xlsb
2014,ITA,M72,Scientific research and development,,17943.783799999997,11554.363049999998,5717.644910236018,WIOT2014_Nov16_ROW.xlsb
2014,ITA,M73,Advertising and market research,,20128.372838044084,4576.173073101803,15379.859375279459,WIOT2014_Nov16_ROW.xlsb
2014,ITA,M74_M75,"Other professional, scientific and technical activities; veterinary activities",,29013.23600587763,17890.332472896105,10849.719334462783,WIOT2014_Nov16_ROW.xlsb
2014,ITA,N,Administrative and support service activities,,123848.6154,56325.741821112504,65960.8420698039,WIOT2014_Nov16_ROW.xlsb
2014,ITA,O84,Public administration and defence; compulsory social security,government,171897.13914999997,132537.13825,34404.7796705646,WIOT2014_Nov16_ROW.xlsb
2014,ITA,P85,Education,government,97595.19695,82588.3281,13510.787968191291,WIOT2014_Nov16_ROW.xlsb
2014,ITA,Q,Human health and social work activities,,197915.54594999997,118481.7411,71434.39759794014,WIOT2014_Nov16_ROW.xlsb
2014,ITA,R_S,Other service activities,,110531.33285,50473.43381109493,56344.37611454964,WIOT2014_Nov16_ROW.xlsb
2014,ITA,T,Activities of households as employers; undifferentiated goods- and services-prod,,25597.8037,25597.8037,0.0,WIOT2014_Nov16_ROW.xlsb
2014,ITA,U,Activities of extraterritorial organizations and bodies,,0.0,0.0,0.0,WIOT2014_Nov16_ROW.xlsb
2014,JPN,A01,"Crop and animal production, hunting and related service activities",agriculture,93611.97093386625,47541.71189769588,45706.65448908104,WIOT2014_Nov16_ROW.xlsb
2014,JPN,A02,Forestry and logging,agriculture,8955.473047025564,4666.8267350013775,4254.305488989876,WIOT2014_Nov16_ROW.xlsb
2014,JPN,A03,Fishing and aquaculture,agriculture,15862.847711978264,8074.615268942372,7713.802566510104,WIOT2014_Nov16_ROW.xlsb
2014,JPN,B,Mining and quarrying,oil,35411.28285654365,8260.9124425295,25435.184261102062,WIOT2014_Nov16_ROW.xlsb
2014,JPN,C10-C12,"Manufacture of food products, beverages and tobacco products",consumer_goods,338261.20531847567,136607.14945227816,200387.1838191193,WIOT2014_Nov16_ROW.xlsb
2014,JPN,C13-C15,"Manufacture of textiles, wearing apparel and leather products",consumer_goods,39397.89594802911,14470.831389208783,24720.759659804615,WIOT2014_Nov16_ROW.xlsb
2014,JPN,C16,"Manufacture of wood and of products of wood and cork, except furniture; manufact",consumer_goods,18679.20631021465,6925.353968776412,11618.873661964592,WIOT2014_Nov16_ROW.xlsb
2014,JPN,C17,Manufacture of paper and paper products,consumer_goods,68758.17331001717,21881.838030899904,46531.308896602335,WIOT2014_Nov16_ROW.xlsb
2014,JPN,C18,Printing and reproduction of recorded media,consumer_goods,47969.007108516395,27280.208966752725,20612.888685838192,WIOT2014_Nov16_ROW.xlsb
2014,JPN,C19,Manufacture of coke and refined petroleum products ,oil,166599.88952684499,54277.88455730613,102915.36271579593,WIOT2014_Nov16_ROW.xlsb
2014,JPN,C20,Manufacture of chemicals and chemical products ,consumer_goods,214964.39057709376,28581.13591112374,183873.97397720237,WIOT2014_Nov16_ROW.xlsb
2014,JPN,C21,Manufacture of basic pharmaceutical products and pharmaceutical preparations,consumer_goods,74150.17255943449,35204.367057123796,38750.297820819214,WIOT2014_Nov16_ROW.xlsb
2014,JPN,C22,Manufacture of rubber and plastic products,consumer_goods,122945.3242742672,36584.15196001335,85700.91764130913,WIOT2014_Nov16_ROW.xlsb
2014,JPN,C23,Manufacture of other non-metallic mineral products,consumer_goods,60841.42432974996,24775.719258030404,35078.265891006784,WIOT2014_Nov16_ROW.xlsb
2014,JPN,C24,Manufacture of basic metals,consumer_goods,347272.38960583974,57423.428983485726,282148.36429913825,WIOT2014_Nov16_ROW.xlsb
2014,JPN,C25,"Manufacture of fabricated metal products, except machinery and equipment",consumer_goods,176859.022333344,59013.114084137895,116981.12156928422,WIOT2014_Nov16_ROW.xlsb
2014,JPN,C26,"Manufacture of computer, electronic and optical products",electronics,251752.29325556775,94040.70414728737,155320.49926537732,WIOT2014_Nov16_ROW.xlsb
2014,JPN,C27,Manufacture of electrical equipment,electronics,134840.82789732557,36999.13190792549,96622.46114200035,WIOT2014_Nov16_ROW.xlsb
2014,JPN,C28,Manufacture of machinery and equipment n.e.c.,consumer_goods,181072.3022545039,72974.22064161605,106971.97865198657,WIOT2014_Nov16_ROW.xlsb
2014,JPN,C29,"Manufacture of motor vehicles, trailers and semi-trailers",automotive,354672.02579553536,91168.26465189263,261562.40731509443,WIOT2014_Nov16_ROW.xlsb
2014,JPN,C30,Manufacture of other transport equipment,aerospace,68919.02683127487,25341.563749633642,43010.31644761384,WIOT2014_Nov16_ROW.xlsb
2014,JPN,C31_C32,Manufacture of furniture; other manufacturing,consumer_goods,49374.65233618545,16723.220468885163,32378.355217888275,WIOT2014_Nov16_ROW.xlsb
2014,JPN,C33,Repair and installation of machinery and equipment,consumer_goods,0.0,0.0,0.0,WIOT2014_Nov16_ROW.xlsb
2014,JPN,D35,"Electricity, gas, steam and air conditioning supply",utilities,188183.497874973,45440.670308343106,135675.11619552533,WIOT2014_Nov16_ROW.xlsb
2014,JPN,E36,"Water collection, treatment and supply",utilities,29064.58284011997,19156.24773696145,9896.321365642945,WIOT2014_Nov16_ROW.xlsb
2014,JPN,E37-E39,"Sewerage; waste collection, treatment and disposal activities; materials recover",utilities,19847.025519159415,14309.723596434913,5518.980930859789,WIOT2014_Nov16_ROW.xlsb
2014,JPN,F,Construction,,635704.7279584772,282022.9559727656,349015.25564946816,WIOT2014_Nov16_ROW.xlsb
2014,JPN,G45,Wholesale and retail trade and repair of motor vehicles and motorcycles,consumer_goods,113332.37326880223,48074.82625934878,64573.55265953248,WIOT2014_Nov16_ROW.xlsb
2014,JPN,G46,"Wholesale trade, except of motor vehicles and motorcycles",consumer_goods,465909.3564236482,321509.40328366257,144108.85363026406,WIOT2014_Nov16_ROW.xlsb
2014,JPN,G47,"Retail trade, except of motor vehicles and motorcycles",consumer_goods,319738.96249749715,223263.78093462077,96288.67532660952,WIOT2014_Nov16_ROW.xlsb
2014,JPN,H49,Land transport and transport via pipelines,shipping,201859.52838411985,127736.73746342162,73708.38061204884,WIOT2014_Nov16_ROW.xlsb
2014,JPN,H50,Water transport,shipping,53915.34461995256,17120.571603619977,36679.34731610074,WIOT2014_Nov16_ROW.xlsb
2014,JPN,H51,Air transport,aviation,27902.558357004025,14754.397680635482,13055.083992799198,WIOT2014_Nov16_ROW.xlsb
2014,JPN,H52,Warehousing and support activities for transportation,ports,60451.87049528803,33122.0269373225,27276.367480058285,WIOT2014_Nov16_ROW.xlsb
2014,JPN,H53,Postal and courier activities,telecommunications,16879.14043030031,11780.035717296238,5090.4023313215075,WIOT2014_Nov16_ROW.xlsb
2014,JPN,I,Accommodation and food service activities,tourism,303709.8022036377,134192.44922334683,168970.83064184693,WIOT2014_Nov16_ROW.xlsb
2014,JPN,J58,Publishing activities,telecommunications,33961.858979327226,12080.038466642314,21842.681424905775,WIOT2014_Nov16_ROW.xlsb
2014,JPN,J59_J60,"Motion picture, video and television programme production, sound recording and m",telecommunications,49633.93014857611,20113.484951000362,29486.940208439362,WIOT2014_Nov16_ROW.xlsb
2014,JPN,J61,Telecommunications,telecommunications,153433.00325994982,93213.73479694128,60163.195490414735,WIOT2014_Nov16_ROW.xlsb
2014,JPN,J62_J63,"Computer programming, consultancy and related activities; information service ac",telecommunications,146882.78783297163,87536.2924857412,59280.23010375982,WIOT2014_Nov16_ROW.xlsb
2014,JPN,K64,"Financial service activities, except insurance and pension funding",banking,248360.74805804197,149452.37164106712,98852.45204315077,WIOT2014_Nov16_ROW.xlsb
2014,JPN,K65,"Insurance, reinsurance and pension funding, except compulsory social security",insurance,105405.79669720521,57716.79379664158,47652.13524067346,WIOT2014_Nov16_ROW.xlsb
2014,JPN,K66,Activities auxiliary to financial services and insurance activities,capital_markets,0.0,0.0,0.0,WIOT2014_Nov16_ROW.xlsb
2014,JPN,L68,Real estate activities,,660145.2339350085,560535.4422773267,99580.78992017696,WIOT2014_Nov16_ROW.xlsb
2014,JPN,M69_M70,Legal and accounting activities; activities of head offices; management consulta,,0.0,0.0,0.0,WIOT2014_Nov16_ROW.xlsb
2014,JPN,M71,Architectural and engineering activities; technical testing and analysis,,0.0,0.0,0.0,WIOT2014_Nov16_ROW.xlsb
2014,JPN,M72,Scientific research and development,,23602.850235347287,12433.854424719391,11139.740343775695,WIOT2014_Nov16_ROW.xlsb
2014,JPN,M73,Advertising and market research,,69872.46928431679,12394.487554679532,57453.773778495866,WIOT2014_Nov16_ROW.xlsb
2014,JPN,M74_M75,"Other professional, scientific and technical activities; veterinary activities",,292931.6833908236,210926.0376010623,81898.49942245419,WIOT2014_Nov16_ROW.xlsb
2014,JPN,N,Administrative and support service activities,,59174.43482827742,39806.4659268818,19349.310206613587,WIOT2014_Nov16_ROW.xlsb
2014,JPN,O84,Public administration and defence; compulsory social security,government,555210.1413460927,376722.1188481743,177679.75113810456,WIOT2014_Nov16_ROW.xlsb
2014,JPN,P85,Education,government,187351.62814877418,151261.3754965491,36026.585227848154,WIOT2014_Nov16_ROW.xlsb
2014,JPN,Q,Human health and social work activities,,509791.5551193066,294158.7094563027,214165.63157486197,WIOT2014_Nov16_ROW.xlsb
2014,JPN,R_S,Other service activities,,226332.83966461447,154491.97402821283,71625.73939407559,WIOT2014_Nov16_ROW.xlsb
2014,JPN,T,Activities of households as employers; undifferentiated goods- and services-prod,,38975.160818588716,3743.7346960020236,35180.52671185309,WIOT2014_Nov16_ROW.xlsb
2014,JPN,U,Activities of extraterritorial organizations and bodies,,0.0,0.0,0.0,WIOT2014_Nov16_ROW.xlsb
2014,KOR,A01,"Crop and animal production, hunting and related service activities",agriculture,47354.297272346324,25488.4703535,21340.99652632171,WIOT2014_Nov16_ROW.xlsb
2014,KOR,A02,Forestry and logging,agriculture,3391.5431241437195,1825.499508,1516.7418442347735,WIOT2014_Nov16_ROW.xlsb
2014,KOR,A03,Fishing and aquaculture,agriculture,5244.814502268067,2823.023604,2318.567334933955,WIOT2014_Nov16_ROW.xlsb
2014,KOR,B,Mining and quarrying,oil,4302.323575741178,2393.3545455,1812.3487253244675,WIOT2014_Nov16_ROW.xlsb
2014,KOR,C10-C12,"Manufacture of food products, beverages and tobacco products",consumer_goods,103672.82833702373,16736.469927000002,84890.03652875402,WIOT2014_Nov16_ROW.xlsb
2014,KOR,C13-C15,"Manufacture of textiles, wearing apparel and leather products",consumer_goods,80988.29924210571,20515.390763999974,59255.98667086058,WIOT2014_Nov16_ROW.xlsb
2014,KOR,C16,"Manufacture of wood and of products of wood and cork, except furniture; manufact",consumer_goods,5952.568049108023,1643.4866417167957,4213.950440551876,WIOT2014_Nov16_ROW.xlsb
2014,KOR,C17,Manufacture of paper and paper products,consumer_goods,20548.529297131547,5673.3888849573805,14645.404491028074,WIOT2014_Nov16_ROW.xlsb
2014,KOR,C18,Printing and reproduction of recorded media,consumer_goods,10291.686710368998,2841.5046228258216,7354.477728734117,WIOT2014_Nov16_ROW.xlsb
2014,KOR,C19,Manufacture of coke and refined petroleum products ,oil,132849.05309870772,8764.26039300003,113446.07105428303,WIOT2014_Nov16_ROW.xlsb
2014,KOR,C20,Manufacture of chemicals and chemical products ,consumer_goods,200888.10347561096,43036.13356967385,154009.1154857494,WIOT2014_Nov16_ROW.xlsb
2014,KOR,C21,Manufacture of basic pharmaceutical products and pharmaceutical preparations,consumer_goods,38437.21677574567,8234.38106382605,29552.534262706595,WIOT2014_Nov16_ROW.xlsb
2014,KOR,C22,Manufacture of rubber and plastic products,consumer_goods,22422.063723470535,6435.976500275512,15652.967451685425,WIOT2014_Nov16_ROW.xlsb
2014,KOR,C23,Manufacture of other non-metallic mineral products,consumer_goods,16179.696446142327,4644.182060724488,11140.536491259178,WIOT2014_Nov16_ROW.xlsb
2014,KOR,C24,Manufacture of basic metals,consumer_goods,149666.64437631195,31040.90463899999,114901.47619038129,WIOT2014_Nov16_ROW.xlsb
2014,KOR,C25,"Manufacture of fabricated metal products, except machinery and equipment",consumer_goods,94002.04448718626,29178.815308499972,63537.636404059864,WIOT2014_Nov16_ROW.xlsb
2014,KOR,C26,"Manufacture of computer, electronic and optical products",electronics,312094.99644777743,86950.68629148486,219312.5881583169,WIOT2014_Nov16_ROW.xlsb
2014,KOR,C27,Manufacture of electrical equipment,electronics,81461.77302355495,22695.51627401523,57621.726008046244,WIOT2014_Nov16_ROW.xlsb
2014,KOR,C28,Manufacture of machinery and equipment n.e.c.,consumer_goods,114490.21987586496,33123.103135500016,79713.29638811763,WIOT2014_Nov16_ROW.xlsb
2014,KOR,C29,"Manufacture of motor vehicles, trailers and semi-trailers",automotive,148282.28699039898,36454.032703047196,110283.85747373462,WIOT2014_Nov16_ROW.xlsb
2014,KOR,C30,Manufacture of other transport equipment,aerospace,106735.61135410635,26240.10963045278,79032.44780724333,WIOT2014_Nov16_ROW.xlsb
2014,KOR,C31_C32,Manufacture of furniture; other manufacturing,consumer_goods,21108.228426623587,5652.985018499995,15169.313652701783,WIOT2014_Nov16_ROW.xlsb
2014,KOR,C33,Repair and installation of machinery and equipment,consumer_goods,0.0,0.0,0.0,WIOT2014_Nov16_ROW.xlsb
2014,KOR,D35,"Electricity, gas, steam and air conditioning supply",utilities,104005.53566893938,26265.220014000002,71365.09511134183,WIOT2014_Nov16_ROW.xlsb
2014,KOR,E36,"Water collection, treatment and supply",utilities,19274.99956112796,4867.645755455406,13265.118414090317,WIOT2014_Nov16_ROW.xlsb
2014,KOR,E37-E39,"Sewerage; waste collection, treatment and disposal activities; materials recover",utilities,20158.5447644661,5090.773390044584,14029.58255837843,WIOT2014_Nov16_ROW.xlsb
2014,KOR,F,Construction,,189724.11230180605,63632.83759800008,121774.47065537127,WIOT2014_Nov16_ROW.xlsb
2014,KOR,G45,Wholesale and retail trade and repair of motor vehicles and motorcycles,consumer_goods,11937.556473437588,6803.0726841617225,5047.896590438631,WIOT2014_Nov16_ROW.xlsb
2014,KOR,G46,"Wholesale trade, except of motor vehicles and motorcycles",consumer_goods,79110.50252728433,46895.3090512819,31671.766181177347,WIOT2014_Nov16_ROW.xlsb
2014,KOR,G47,"Retail trade, except of motor vehicles and motorcycles",consumer_goods,102405.36291926095,57425.85958205636,44220.78235961617,WIOT2014_Nov16_ROW.xlsb
2014,KOR,H49,Land transport and transport via pipelines,shipping,65024.34800945242,23009.33596235752,36157.79718274084,WIOT2014_Nov16_ROW.xlsb
2014,KOR,H50,Water transport,shipping,12937.01162567222,4577.85515666755,7999.226116717224,WIOT2014_Nov16_ROW.xlsb
2014,KOR,H51,Air transport,aviation,13906.975973460474,4921.084058347963,8793.862643281025,WIOT2014_Nov16_ROW.xlsb
2014,KOR,H52,Warehousing and support activities for transportation,ports,37774.18125408789,13366.667314402732,23899.60771772093,WIOT2014_Nov16_ROW.xlsb
2014,KOR,H53,Postal and courier activities,telecommunications,5157.378509606953,1824.9756967242286,3156.373725550502,WIOT2014_Nov16_ROW.xlsb
2014,KOR,I,Accommodation and food service activities,tourism,69508.46737451652,33446.519150999986,34210.07335722662,WIOT2014_Nov16_ROW.xlsb
2014,KOR,J58,Publishing activities,telecommunications,24435.069703294863,10639.228046217548,13008.363918921665,WIOT2014_Nov16_ROW.xlsb
2014,KOR,J59_J60,"Motion picture, video and television programme production, sound recording and m",telecommunications,52781.72372840361,22981.59171378246,29085.506538541835,WIOT2014_Nov16_ROW.xlsb
2014,KOR,J61,Telecommunications,telecommunications,15002.625773831369,6532.265258008661,8396.035447200104,WIOT2014_Nov16_ROW.xlsb
2014,KOR,J62_J63,"Computer programming, consultancy and related activities; information service ac",telecommunications,21455.7669412766,9342.015396991344,11925.66311673388,WIOT2014_Nov16_ROW.xlsb
2014,KOR,K64,"Financial service activities, except insurance and pension funding",banking,95310.82796861278,49525.65790181052,43222.861171534554,WIOT2014_Nov16_ROW.xlsb
2014,KOR,K65,"Insurance, reinsurance and pension funding, except compulsory social security",insurance,25556.58194315184,13279.776930202948,11247.732560118255,WIOT2014_Nov16_ROW.xlsb
2014,KOR,K66,Activities auxiliary to financial services and insurance activities,capital_markets,17326.75843687818,9003.374843986547,7564.432883731611,WIOT2014_Nov16_ROW.xlsb
2014,KOR,L68,Real estate activities,,126619.57928099616,99661.43199948921,26328.15453605118,WIOT2014_Nov16_ROW.xlsb
2014,KOR,M69_M70,Legal and accounting activities; activities of head offices; management consulta,,18373.793288747605,10891.320541856747,7285.9422139633,WIOT2014_Nov16_ROW.xlsb
2014,KOR,M71,Architectural and engineering activities; technical testing and analysis,,30644.448503880056,18164.921431252795,11613.39095016308,WIOT2014_Nov16_ROW.xlsb
2014,KOR,M72,Scientific research and development,,42942.028690885185,25454.48247077339,16289.718823667945,WIOT2014_Nov16_ROW.xlsb
2014,KOR,M73,Advertising and market research,,2312.522850838049,1370.77995996995,940.2312471751652,WIOT2014_Nov16_ROW.xlsb
2014,KOR,M74_M75,"Other professional, scientific and technical activities; veterinary activities",,19138.87599735311,11344.833917647127,7659.222172937641,WIOT2014_Nov16_ROW.xlsb
2014,KOR,N,Administrative and support service activities,,50389.38180738456,30605.844142010777,18541.94155573695,WIOT2014_Nov16_ROW.xlsb
2014,KOR,O84,Public administration and defence; compulsory social security,government,132526.1898558598,93403.45764600001,36842.17935168563,WIOT2014_Nov16_ROW.xlsb
2014,KOR,P85,Education,government,99773.72567566128,70607.99822850002,27290.549692539607,WIOT2014_Nov16_ROW.xlsb
2014,KOR,Q,Human health and social work activities,,106532.95423209202,54341.39864549999,48853.03238987193,WIOT2014_Nov16_ROW.xlsb
2014,KOR,R_S,Other service activities,,71441.73537470422,35424.1752975,34848.71685279722,WIOT2014_Nov16_ROW.xlsb
2014,KOR,T,Activities of households as employers; undifferentiated goods- and services-prod,,0.0,0.0,0.0,WIOT2014_Nov16_ROW.xlsb
2014,KOR,U,Activities of extraterritorial organizations and bodies,,0.0,0.0,0.0,WIOT2014_Nov16_ROW.xlsb
2014,LTU,A01,"Crop and animal production, hunting and related service activities",agriculture,3466.497319116964,1264.8703930153092,2067.802601930419,WIOT2014_Nov16_ROW.xlsb
2014,LTU,A02,Forestry and logging,agriculture,468.195364733844,209.83811774031722,243.6738995809657,WIOT2014_Nov16_ROW.xlsb
2014,LTU,A03,Fishing and aquaculture,agriculture,63.96505753425912,29.94220927964391,32.993581053672116,WIOT2014_Nov16_ROW.xlsb
2014,LTU,B,Mining and quarrying,oil,300.56184567370013,163.92253048796465,128.02921748441483,WIOT2014_Nov16_ROW.xlsb
2014,LTU,C10-C12,"Manufacture of food products, beverages and tobacco products",consumer_goods,5759.519880644212,2003.2886779873802,3657.391906021358,WIOT2014_Nov16_ROW.xlsb
2014,LTU,C13-C15,"Manufacture of textiles, wearing apparel and leather products",consumer_goods,1159.542088338652,670.2356261065368,459.8999505062366,WIOT2014_Nov16_ROW.xlsb
2014,LTU,C16,"Manufacture of wood and of products of wood and cork, except furniture; manufact",consumer_goods,1387.3166173193526,580.611082103664,754.7432182917752,WIOT2014_Nov16_ROW.xlsb
2014,LTU,C17,Manufacture of paper and paper products,consumer_goods,527.686784387381,222.05844028547503,286.4448499244456,WIOT2014_Nov16_ROW.xlsb
2014,LTU,C18,Printing and reproduction of recorded media,consumer_goods,324.1406758571512,188.22981795603496,127.01165256462325,WIOT2014_Nov16_ROW.xlsb
2014,LTU,C19,Manufacture of coke and refined petroleum products ,oil,8337.998728246048,406.0330203473714,7225.167423644305,WIOT2014_Nov16_ROW.xlsb
2014,LTU,C20,Manufacture of chemicals and chemical products ,consumer_goods,2781.0667700125596,677.5280237061593,1969.2261840958447,WIOT2014_Nov16_ROW.xlsb
2014,LTU,C21,Manufacture of basic pharmaceutical products and pharmaceutical preparations,consumer_goods,186.1618746476882,142.22694475216122,42.80319253309391,WIOT2014_Nov16_ROW.xlsb
2014,LTU,C22,Manufacture of rubber and plastic products,consumer_goods,1153.108552964798,514.8886834855384,598.2577910941934,WIOT2014_Nov16_ROW.xlsb
2014,LTU,C23,Manufacture of other non-metallic mineral products,consumer_goods,757.7883368011778,339.5168546805221,397.4742048430118,WIOT2014_Nov16_ROW.xlsb
2014,LTU,C24,Manufacture of basic metals,consumer_goods,147.56066240456462,55.310996518006355,86.14135612117886,WIOT2014_Nov16_ROW.xlsb
2014,LTU,C25,"Manufacture of fabricated metal products, except machinery and equipment",consumer_goods,895.356486816565,399.06970861973986,468.073992863134,WIOT2014_Nov16_ROW.xlsb
2014,LTU,C26,"Manufacture of computer, electronic and optical products",electronics,302.23927883977615,170.70822703416417,120.92953551304164,WIOT2014_Nov16_ROW.xlsb
2014,LTU,C27,Manufacture of electrical equipment,electronics,426.1190557193039,157.99280131015317,249.07608769549884,WIOT2014_Nov16_ROW.xlsb
2014,LTU,C28,Manufacture of machinery and equipment n.e.c.,consumer_goods,554.7897631963825,274.6190420245951,260.81698053427,WIOT2014_Nov16_ROW.xlsb
2014,LTU,C29,"Manufacture of motor vehicles, trailers and semi-trailers",automotive,289.782859286144,116.09617381130366,165.19425570516074,WIOT2014_Nov16_ROW.xlsb
2014,LTU,C30,Manufacture of other transport equipment,aerospace,233.6605294291204,138.399746851903,90.30086238190029,WIOT2014_Nov16_ROW.xlsb
2014,LTU,C31_C32,Manufacture of furniture; other manufacturing,consumer_goods,2267.7527774178316,1065.222266320946,1145.6551931785448,WIOT2014_Nov16_ROW.xlsb
2014,LTU,C33,Repair and installation of machinery and equipment,consumer_goods,653.0722823118532,304.87769771926537,333.94818673099047,WIOT2014_Nov16_ROW.xlsb
2014,LTU,D35,"Electricity, gas, steam and air conditioning supply",utilities,2661.4764289917084,1057.1534818297473,1492.3045976027224,WIOT2014_Nov16_ROW.xlsb
2014,LTU,E36,"Water collection, treatment and supply",utilities,215.4583632802059,137.94800856995332,71.85469336515081,WIOT2014_Nov16_ROW.xlsb
2014,LTU,E37-E39,"Sewerage; waste collection, treatment and disposal activities; materials recover",utilities,589.4251763960286,285.0395711657167,288.18757213033143,WIOT2014_Nov16_ROW.xlsb
2014,LTU,F,Construction,,5970.312606067509,3283.575507875856,2512.842485723937,WIOT2014_Nov16_ROW.xlsb
2014,LTU,G45,Wholesale and retail trade and repair of motor vehicles and motorcycles,consumer_goods,1226.3089307295302,894.1593357677203,316.65964278198066,WIOT2014_Nov16_ROW.xlsb
2014,LTU,G46,"Wholesale trade, except of motor vehicles and motorcycles",consumer_goods,5550.907517817311,3785.125482349809,1736.5321655844248,WIOT2014_Nov16_ROW.xlsb
2014,LTU,G47,"Retail trade, except of motor vehicles and motorcycles",consumer_goods,4306.861861887186,3354.9563173857077,925.3746863284771,WIOT2014_Nov16_ROW.xlsb
2014,LTU,H49,Land transport and transport via pipelines,shipping,5983.601116315554,3346.751268895226,2529.78743535216,WIOT2014_Nov16_ROW.xlsb
2014,LTU,H50,Water transport,shipping,238.41458525451347,133.10556632208534,97.6132718378355,WIOT2014_Nov16_ROW.xlsb
2014,LTU,H51,Air transport,aviation,192.90407330569917,34.80306577006951,150.35199241510963,WIOT2014_Nov16_ROW.xlsb
2014,LTU,H52,Warehousing and support activities for transportation,ports,3327.492144027958,1827.7322386312767,1433.796627791563,WIOT2014_Nov16_ROW.xlsb
2014,LTU,H53,Postal and courier activities,telecommunications,164.85529856987407,112.47574737763502,49.35078885410403,WIOT2014_Nov16_ROW.xlsb
2014,LTU,I,Accommodation and food service activities,tourism,911.0352029391039,606.6563936487698,288.1553259862468,WIOT2014_Nov16_ROW.xlsb
2014,LTU,J58,Publishing activities,telecommunications,234.38278361075697,131.53427971402047,98.80471238529945,WIOT2014_Nov16_ROW.xlsb
2014,LTU,J59_J60,"Motion picture, video and television programme production, sound recording and m",telecommunications,192.4160593363909,92.72157622582098,90.6402444423072,WIOT2014_Nov16_ROW.xlsb
2014,LTU,J61,Telecommunications,telecommunications,954.5372580051893,667.109972448443,263.1305760067857,WIOT2014_Nov16_ROW.xlsb
2014,LTU,J62_J63,"Computer programming, consultancy and related activities; information service ac",telecommunications,828.2256467088129,516.2518515553788,288.54701294103694,WIOT2014_Nov16_ROW.xlsb
2014,LTU,K64,"Financial service activities, except insurance and pension funding",banking,1091.4306104814523,666.630282089529,410.0674752186732,WIOT2014_Nov16_ROW.xlsb
2014,LTU,K65,"Insurance, reinsurance and pension funding, except compulsory social security",insurance,329.24000316182577,155.52135918158172,158.50355427355638,WIOT2014_Nov16_ROW.xlsb
2014,LTU,K66,Activities auxiliary to financial services and insurance activities,capital_markets,105.23017024133738,49.51865176370809,53.02561624792453,WIOT2014_Nov16_ROW.xlsb
2014,LTU,L68,Real estate activities,,3886.870891828582,2852.780363065508,969.7128827991872,WIOT2014_Nov16_ROW.xlsb
2014,LTU,M69_M70,Legal and accounting activities; activities of head offices; management consulta,,1180.9836644562783,776.548750695599,388.141506243465,WIOT2014_Nov16_ROW.xlsb
2014,LTU,M71,Architectural and engineering activities; technical testing and analysis,,513.5732282639029,338.7645560819228,168.75828970085325,WIOT2014_Nov16_ROW.xlsb
2014,LTU,M72,Scientific research and development,,93.62803139632328,68.08332021649204,23.722183717567965,WIOT2014_Nov16_ROW.xlsb
2014,LTU,M73,Advertising and market research,,544.09209985474,320.95559571091684,216.88334627283987,WIOT2014_Nov16_ROW.xlsb
2014,LTU,M74_M75,"Other professional, scientific and technical activities; veterinary activities",,175.37994081612175,116.41998582267347,57.23551836275933,WIOT2014_Nov16_ROW.xlsb
2014,LTU,N,Administrative and support service activities,,1627.1668052254824,1013.955657389642,586.6589546877955,WIOT2014_Nov16_ROW.xlsb
2014,LTU,O84,Public administration and defence; compulsory social security,government,3698.9172502112697,2602.1841718040496,1029.761434209036,WIOT2014_Nov16_ROW.xlsb
2014,LTU,P85,Education,government,2485.3116166384557,1994.9699893268657,449.76860108346887,WIOT2014_Nov16_ROW.xlsb
2014,LTU,Q,Human health and social work activities,,2231.7450913518983,1519.1244809402451,688.4295809392416,WIOT2014_Nov16_ROW.xlsb
2014,LTU,R_S,Other service activities,,1673.193787901804,842.0573155595788,788.0412641366629,WIOT2014_Nov16_ROW.xlsb
2014,LTU,T,Activities of households as employers; undifferentiated goods- and services-prod,,38.52513300912311,38.52513300912311,0.0,WIOT2014_Nov16_ROW.xlsb
2014,LTU,U,Activities of extraterritorial organizations and bodies,,0.0,0.0,0.0,WIOT2014_Nov16_ROW.xlsb
2014,LUX,A01,"Crop and animal production, hunting and related service activities",agriculture,587.3314727058274,153.97477270582746,382.65943355142,WIOT2014_Nov16_ROW.xlsb
2014,LUX,A02,Forestry and logging,agriculture,30.05505958165528,16.77005958165528,12.486132229967806,WIOT2014_Nov16_ROW.xlsb
2014,LUX,A03,Fishing and aquaculture,agriculture,0.0,0.0,0.0,WIOT2014_Nov16_ROW.xlsb
2014,LUX,B,Mining and quarrying,oil,90.5623821755604,39.4151321755604,49.911187486767005,WIOT2014_Nov16_ROW.xlsb
2014,LUX,C10-C12,"Manufacture of food products, beverages and tobacco products",consumer_goods,1092.0446318479856,375.58458184798565,666.0587792374636,WIOT2014_Nov16_ROW.xlsb
2014,LUX,C13-C15,"Manufacture of textiles, wearing apparel and leather products",consumer_goods,756.6725352826429,160.4417352826429,562.4653934357206,WIOT2014_Nov16_ROW.xlsb
2014,LUX,C16,"Manufacture of wood and of products of wood and cork, except furniture; manufact",consumer_goods,253.5481898628628,65.69828986286282,178.16627610501493,WIOT2014_Nov16_ROW.xlsb
2014,LUX,C17,Manufacture of paper and paper products,consumer_goods,119.48607431712588,45.94711771857878,69.46022162548728,WIOT2014_Nov16_ROW.xlsb
2014,LUX,C18,Printing and reproduction of recorded media,consumer_goods,97.65180107456862,52.558862422456116,42.38063653185154,WIOT2014_Nov16_ROW.xlsb
2014,LUX,C19,Manufacture of coke and refined petroleum products ,oil,0.0,0.0,0.0,WIOT2014_Nov16_ROW.xlsb
2014,LUX,C20,Manufacture of chemicals and chemical products ,consumer_goods,504.71315914215825,126.22350914215825,328.7275626475574,WIOT2014_Nov16_ROW.xlsb
2014,LUX,C21,Manufacture of basic pharmaceutical products and pharmaceutical preparations,consumer_goods,791.7506649077358,257.54822817621704,511.8633579238442,WIOT2014_Nov16_ROW.xlsb
2014,LUX,C22,Manufacture of rubber and plastic products,consumer_goods,1007.1230191832176,284.2683537322108,673.5264048662505,WIOT2014_Nov16_ROW.xlsb
2014,LUX,C23,Manufacture of other non-metallic mineral products,consumer_goods,1393.3123016298678,346.7415809572557,951.1063456531067,WIOT2014_Nov16_ROW.xlsb
2014,LUX,C24,Manufacture of basic metals,consumer_goods,2483.7986440276586,192.40372782003865,2194.363529859847,WIOT2014_Nov16_ROW.xlsb
2014,LUX,C25,"Manufacture of fabricated metal products, except machinery and equipment",consumer_goods,1431.8327747735448,328.24368928625023,1040.9829274850608,WIOT2014_Nov16_ROW.xlsb
2014,LUX,C26,"Manufacture of computer, electronic and optical products",electronics,203.1281908959061,77.7393781952148,114.30857713902358,WIOT2014_Nov16_ROW.xlsb
2014,LUX,C27,Manufacture of electrical equipment,electronics,228.6267066478824,78.52711066545079,139.0199100567985,WIOT2014_Nov16_ROW.xlsb
2014,LUX,C28,Manufacture of machinery and equipment n.e.c.,consumer_goods,591.0521096479717,213.1968050626134,349.77620366294593,WIOT2014_Nov16_ROW.xlsb
2014,LUX,C29,"Manufacture of motor vehicles, trailers and semi-trailers",automotive,159.53195607224922,48.20722295734986,102.50263035650904,WIOT2014_Nov16_ROW.xlsb
2014,LUX,C30,Manufacture of other transport equipment,aerospace,25.697243728348713,15.198526843248091,9.41754588997244,WIOT2014_Nov16_ROW.xlsb
2014,LUX,C31_C32,Manufacture of furniture; other manufacturing,consumer_goods,151.0048276662487,53.8286909950087,89.5877887308918,WIOT2014_Nov16_ROW.xlsb
2014,LUX,C33,Repair and installation of machinery and equipment,consumer_goods,168.081928244717,67.57726491595706,93.54973199325308,WIOT2014_Nov16_ROW.xlsb
2014,LUX,D35,"Electricity, gas, steam and air conditioning supply",utilities,1506.857414532241,263.3814145322411,1200.126063677056,WIOT2014_Nov16_ROW.xlsb
2014,LUX,E36,"Water collection, treatment and supply",utilities,126.3106909290711,90.97259092907109,34.18432265874422,WIOT2014_Nov16_ROW.xlsb
2014,LUX,E37-E39,"Sewerage; waste collection, treatment and disposal activities; materials recover",utilities,510.1416060269506,288.8135060269506,218.32316091176952,WIOT2014_Nov16_ROW.xlsb
2014,LUX,F,Construction,,8052.769950730642,3333.5394007306427,4602.220279750038,WIOT2014_Nov16_ROW.xlsb
2014,LUX,G45,Wholesale and retail trade and repair of motor vehicles and motorcycles,consumer_goods,745.5508392259951,456.60208922599514,282.4584570373873,WIOT2014_Nov16_ROW.xlsb
2014,LUX,G46,"Wholesale trade, except of motor vehicles and motorcycles",consumer_goods,9126.410823627748,4364.801123627748,4714.9016109191125,WIOT2014_Nov16_ROW.xlsb
2014,LUX,G47,"Retail trade, except of motor vehicles and motorcycles",consumer_goods,9580.943949371458,1867.2743993714582,7606.569335793042,WIOT2014_Nov16_ROW.xlsb
2014,LUX,H49,Land transport and transport via pipelines,shipping,2558.519697603113,1398.2077976031128,1066.6570232756694,WIOT2014_Nov16_ROW.xlsb
2014,LUX,H50,Water transport,shipping,142.80909966709908,-54.05146490919588,184.83296616036824,WIOT2014_Nov16_ROW.xlsb
2014,LUX,H51,Air transport,aviation,396.7881179790996,29.724469171011826,273.6736855750598,WIOT2014_Nov16_ROW.xlsb
2014,LUX,H52,Warehousing and support activities for transportation,ports,3046.8820122156662,866.2223176833675,2009.9710488518838,WIOT2014_Nov16_ROW.xlsb
2014,LUX,H53,Postal and courier activities,telecommunications,3046.8820122156662,866.2223176833675,2060.1479299507328,WIOT2014_Nov16_ROW.xlsb
2014,LUX,I,Accommodation and food service activities,tourism,2147.2817457942083,1123.5396457942084,814.6022163274165,WIOT2014_Nov16_ROW.xlsb
2014,LUX,J58,Publishing activities,telecommunications,524.3085283848234,268.17372838482333,249.76567817242466,WIOT2014_Nov16_ROW.xlsb
2014,LUX,J59_J60,"Motion picture, video and television programme production, sound recording and m",telecommunications,269.96593166077145,142.29708166077145,125.36921126642157,WIOT2014_Nov16_ROW.xlsb
2014,LUX,J61,Telecommunications,telecommunications,5375.6188285232865,2118.136828523286,3216.569340956923,WIOT2014_Nov16_ROW.xlsb
2014,LUX,J62_J63,"Computer programming, consultancy and related activities; information service ac",telecommunications,10195.550057644778,1089.7453576447788,9014.418957497062,WIOT2014_Nov16_ROW.xlsb
2014,LUX,K64,"Financial service activities, except insurance and pension funding",banking,68043.72808486283,8611.287834862836,58912.26092902392,WIOT2014_Nov16_ROW.xlsb
2014,LUX,K65,"Insurance, reinsurance and pension funding, except compulsory social security",insurance,4463.242548447574,1251.1952484475746,3192.2542983599196,WIOT2014_Nov16_ROW.xlsb
2014,LUX,K66,Activities auxiliary to financial services and insurance activities,capital_markets,31939.922260970012,5024.246560970015,26779.030224449787,WIOT2014_Nov16_ROW.xlsb
2014,LUX,L68,Real estate activities,,6396.696447438378,4615.842197438377,1731.5016780728395,WIOT2014_Nov16_ROW.xlsb
2014,LUX,M69_M70,Legal and accounting activities; activities of head offices; management consulta,,5482.4665513532245,3354.342401353224,2073.9104480022916,WIOT2014_Nov16_ROW.xlsb
2014,LUX,M71,Architectural and engineering activities; technical testing and analysis,,1133.2213874862887,702.3888374862887,425.81343818918265,WIOT2014_Nov16_ROW.xlsb
2014,LUX,M72,Scientific research and development,,577.5465320906728,354.13736838100124,216.5067791123126,WIOT2014_Nov16_ROW.xlsb
2014,LUX,M73,Advertising and market research,,793.4800531844056,136.53680318440567,645.7286680907621,WIOT2014_Nov16_ROW.xlsb
2014,LUX,M74_M75,"Other professional, scientific and technical activities; veterinary activities",,409.1067895062232,182.29069070642686,223.3601853042245,WIOT2014_Nov16_ROW.xlsb
2014,LUX,N,Administrative and support service activities,,9400.067622799203,2124.40285635156,7136.652139521251,WIOT2014_Nov16_ROW.xlsb
2014,LUX,O84,Public administration and defence; compulsory social security,government,4615.10666007823,3425.9663100782295,1161.177748094786,WIOT2014_Nov16_ROW.xlsb
2014,LUX,P85,Education,government,2824.116391527344,2459.0445915273444,347.533336857123,WIOT2014_Nov16_ROW.xlsb
2014,LUX,Q,Human health and social work activities,,4524.411876759137,3308.5686767591374,1149.9087410644847,WIOT2014_Nov16_ROW.xlsb
2014,LUX,R_S,Other service activities,,1646.0110163838697,982.9566663838698,647.6732630414181,WIOT2014_Nov16_ROW.xlsb
2014,LUX,T,Activities of households as employers; undifferentiated goods- and services-prod,,198.46931415375005,198.46931415375005,0.0,WIOT2014_Nov16_ROW.xlsb
2014,LUX,U,Activities of extraterritorial organizations and bodies,,0.0,0.0,0.0,WIOT2014_Nov16_ROW.xlsb
2014,LVA,A01,"Crop and animal production, hunting and related service activities",agriculture,1804.74928425425,451.0940653861612,1266.4775159027593,WIOT2014_Nov16_ROW.xlsb
2014,LVA,A02,Forestry and logging,agriculture,1248.1873829962171,423.5544048029216,800.8344162879363,WIOT2014_Nov16_ROW.xlsb
2014,LVA,A03,Fishing and aquaculture,agriculture,79.30218016507416,31.83088290342854,44.72486739674166,WIOT2014_Nov16_ROW.xlsb
2014,LVA,B,Mining and quarrying,oil,354.4381757094708,136.56364024482642,212.6635788745638,WIOT2014_Nov16_ROW.xlsb
2014,LVA,C10-C12,"Manufacture of food products, beverages and tobacco products",consumer_goods,2602.3711098213926,687.3246757653002,1753.217467308019,WIOT2014_Nov16_ROW.xlsb
2014,LVA,C13-C15,"Manufacture of textiles, wearing apparel and leather products",consumer_goods,476.38961504833554,176.9522597336997,290.03126809475975,WIOT2014_Nov16_ROW.xlsb
2014,LVA,C16,"Manufacture of wood and of products of wood and cork, except furniture; manufact",consumer_goods,2686.9859690643875,701.3900783974066,1946.8258982831353,WIOT2014_Nov16_ROW.xlsb
2014,LVA,C17,Manufacture of paper and paper products,consumer_goods,186.0731152318527,54.92008405108437,123.3685477713015,WIOT2014_Nov16_ROW.xlsb
2014,LVA,C18,Printing and reproduction of recorded media,consumer_goods,303.844267281664,81.45434484470897,213.45398446469463,WIOT2014_Nov16_ROW.xlsb
2014,LVA,C19,Manufacture of coke and refined petroleum products ,oil,7.559634759954101,1.9899408169892174,5.512910868767291,WIOT2014_Nov16_ROW.xlsb
2014,LVA,C20,Manufacture of chemicals and chemical products ,consumer_goods,308.61877344584553,90.47242734638758,206.56356378937423,WIOT2014_Nov16_ROW.xlsb
2014,LVA,C21,Manufacture of basic pharmaceutical products and pharmaceutical preparations,consumer_goods,229.70679656562282,140.1938581965444,87.47735854080362,WIOT2014_Nov16_ROW.xlsb
2014,LVA,C22,Manufacture of rubber and plastic products,consumer_goods,300.7938883434369,85.29977745491456,205.772369380747,WIOT2014_Nov16_ROW.xlsb
2014,LVA,C23,Manufacture of other non-metallic mineral products,consumer_goods,725.0618110994574,263.17504911501237,449.7720084397614,WIOT2014_Nov16_ROW.xlsb
2014,LVA,C24,Manufacture of basic metals,consumer_goods,482.3577477535625,43.94326738589811,425.7099831808256,WIOT2014_Nov16_ROW.xlsb
2014,LVA,C25,"Manufacture of fabricated metal products, except machinery and equipment",consumer_goods,821.3476854104517,289.5745256178521,507.1592074280677,WIOT2014_Nov16_ROW.xlsb
2014,LVA,C26,"Manufacture of computer, electronic and optical products",electronics,257.69070769457574,109.82859468491276,140.3784314806713,WIOT2014_Nov16_ROW.xlsb
2014,LVA,C27,Manufacture of electrical equipment,electronics,269.49434793380226,100.94480027884119,159.12655569667837,WIOT2014_Nov16_ROW.xlsb
2014,LVA,C28,Manufacture of machinery and equipment n.e.c.,consumer_goods,256.23183081107584,99.08689456313805,150.09000807276857,WIOT2014_Nov16_ROW.xlsb
2014,LVA,C29,"Manufacture of motor vehicles, trailers and semi-trailers",automotive,174.79997567753517,65.39527322643924,104.2334110767669,WIOT2014_Nov16_ROW.xlsb
2014,LVA,C30,Manufacture of other transport equipment,aerospace,129.04429160412874,34.889941615912875,89.21819003598058,WIOT2014_Nov16_ROW.xlsb
2014,LVA,C31_C32,Manufacture of furniture; other manufacturing,consumer_goods,433.94956025561083,159.57582768431695,265.08444477818546,WIOT2014_Nov16_ROW.xlsb
2014,LVA,C33,Repair and installation of machinery and equipment,consumer_goods,444.1616984401102,190.60801227466123,243.687607948154,WIOT2014_Nov16_ROW.xlsb
2014,LVA,D35,"Electricity, gas, steam and air conditioning supply",utilities,3729.1145197269097,848.3002101349416,2810.254051565466,WIOT2014_Nov16_ROW.xlsb
2014,LVA,E36,"Water collection, treatment and supply",utilities,94.30957306889427,59.72425739168854,33.50047244400182,WIOT2014_Nov16_ROW.xlsb
2014,LVA,E37-E39,"Sewerage; waste collection, treatment and disposal activities; materials recover",utilities,374.12918547110803,168.56028667063796,200.37827630954854,WIOT2014_Nov16_ROW.xlsb
2014,LVA,F,Construction,,7356.727512929782,1893.684821383181,5300.678125354829,WIOT2014_Nov16_ROW.xlsb
2014,LVA,G45,Wholesale and retail trade and repair of motor vehicles and motorcycles,consumer_goods,708.9306507219584,367.04074607156986,333.70903920560164,WIOT2014_Nov16_ROW.xlsb
2014,LVA,G46,"Wholesale trade, except of motor vehicles and motorcycles",consumer_goods,4154.070594400614,1920.9411735814817,2200.513299682008,WIOT2014_Nov16_ROW.xlsb
2014,LVA,G47,"Retail trade, except of motor vehicles and motorcycles",consumer_goods,2513.8634778517026,1597.9997998905505,900.2722226331691,WIOT2014_Nov16_ROW.xlsb
2014,LVA,H49,Land transport and transport via pipelines,shipping,3460.595689362783,1164.836159127124,2250.5674353757067,WIOT2014_Nov16_ROW.xlsb
2014,LVA,H50,Water transport,shipping,178.5545356666321,115.11104820573526,62.32547050962037,WIOT2014_Nov16_ROW.xlsb
2014,LVA,H51,Air transport,aviation,562.1010667227462,86.27491076601974,466.27079977490763,WIOT2014_Nov16_ROW.xlsb
2014,LVA,H52,Warehousing and support activities for transportation,ports,4174.135948446675,1334.2265065271692,2815.0548753400517,WIOT2014_Nov16_ROW.xlsb
2014,LVA,H53,Postal and courier activities,telecommunications,191.56990045326592,114.02786022328083,75.78576273534553,WIOT2014_Nov16_ROW.xlsb
2014,LVA,I,Accommodation and food service activities,tourism,1033.9080402382206,468.8814254155324,523.702635216257,WIOT2014_Nov16_ROW.xlsb
2014,LVA,J58,Publishing activities,telecommunications,162.61868315820348,70.67678376712561,90.17490767693167,WIOT2014_Nov16_ROW.xlsb
2014,LVA,J59_J60,"Motion picture, video and television programme production, sound recording and m",telecommunications,185.84992360937537,81.80674547847337,100.07346901034458,WIOT2014_Nov16_ROW.xlsb
2014,LVA,J61,Telecommunications,telecommunications,1056.117230570642,464.40642874061916,556.6353480135606,WIOT2014_Nov16_ROW.xlsb
2014,LVA,J62_J63,"Computer programming, consultancy and related activities; information service ac",telecommunications,1067.8024054083573,664.9828280459346,393.3480237388548,WIOT2014_Nov16_ROW.xlsb
2014,LVA,K64,"Financial service activities, except insurance and pension funding",banking,1743.9066922718373,1014.7871814080014,723.0582402925163,WIOT2014_Nov16_ROW.xlsb
2014,LVA,K65,"Insurance, reinsurance and pension funding, except compulsory social security",insurance,300.76203164570546,100.97845706298217,196.55200557512555,WIOT2014_Nov16_ROW.xlsb
2014,LVA,K66,Activities auxiliary to financial services and insurance activities,capital_markets,212.1783324103672,121.18928749089429,88.84178332034674,WIOT2014_Nov16_ROW.xlsb
2014,LVA,L68,Real estate activities,,4950.506432615124,3440.9436311444197,1481.5328601500228,WIOT2014_Nov16_ROW.xlsb
2014,LVA,M69_M70,Legal and accounting activities; activities of head offices; management consulta,,825.5021658643723,510.07135122328066,306.7935825999731,WIOT2014_Nov16_ROW.xlsb
2014,LVA,M71,Architectural and engineering activities; technical testing and analysis,,430.96677766540193,236.82366471701351,188.87795554114092,WIOT2014_Nov16_ROW.xlsb
2014,LVA,M72,Scientific research and development,,195.95671606944308,171.53359525077587,23.392357161350038,WIOT2014_Nov16_ROW.xlsb
2014,LVA,M73,Advertising and market research,,724.2118633327024,216.8456754782431,499.41720786495836,WIOT2014_Nov16_ROW.xlsb
2014,LVA,M74_M75,"Other professional, scientific and technical activities; veterinary activities",,202.99459812545828,94.95333484287967,104.0736694571371,WIOT2014_Nov16_ROW.xlsb
2014,LVA,N,Administrative and support service activities,,1846.8230501108146,863.550965625942,959.6929969466433,WIOT2014_Nov16_ROW.xlsb
2014,LVA,O84,Public administration and defence; compulsory social security,government,2995.743517388135,2036.3605738684525,935.4248295491358,WIOT2014_Nov16_ROW.xlsb
2014,LVA,P85,Education,government,1792.9312364711195,1367.6620361898058,408.2978331200028,WIOT2014_Nov16_ROW.xlsb
2014,LVA,Q,Human health and social work activities,,1335.0731592446773,849.704045931097,445.9631312811849,WIOT2014_Nov16_ROW.xlsb
2014,LVA,R_S,Other service activities,,1537.5947547357134,843.7138074880068,672.6350453091181,WIOT2014_Nov16_ROW.xlsb
2014,LVA,T,Activities of households as employers; undifferentiated goods- and services-prod,,42.952762986120625,42.952762986120625,0.0,WIOT2014_Nov16_ROW.xlsb
2014,LVA,U,Activities of extraterritorial organizations and bodies,,0.0,0.0,0.0,WIOT2014_Nov16_ROW.xlsb
2014,MEX,A01,"Crop and animal production, hunting and related service activities",agriculture,61335.2716477578,38226.50998065458,23084.546821691736,WIOT2014_Nov16_ROW.xlsb
2014,MEX,A02,Forestry and logging,agriculture,1578.2762103218,1208.4811763552,369.8711882702592,WIOT2014_Nov16_ROW.xlsb
2014,MEX,A03,Fishing and aquaculture,agriculture,2047.4240634408,1073.2861198762998,1134.290685930313,WIOT2014_Nov16_ROW.xlsb
2014,MEX,B,Mining and quarrying,oil,110284.62383594812,87945.98927033923,22738.296735982727,WIOT2014_Nov16_ROW.xlsb
2014,MEX,C10-C12,"Manufacture of food products, beverages and tobacco products",consumer_goods,160760.79999484782,61882.91072166831,97380.93828629446,WIOT2014_Nov16_ROW.xlsb
2014,MEX,C13-C15,"Manufacture of textiles, wearing apparel and leather products",consumer_goods,23559.1781499294,9914.389823740596,13396.950861040956,WIOT2014_Nov16_ROW.xlsb
2014,MEX,C16,"Manufacture of wood and of products of wood and cork, except furniture; manufact",consumer_goods,4967.6140784831005,2143.3433551981007,2848.603607352464,WIOT2014_Nov16_ROW.xlsb
2014,MEX,C17,Manufacture of paper and paper products,consumer_goods,13902.2483696305,4347.104008019302,9474.78470808712,WIOT2014_Nov16_ROW.xlsb
2014,MEX,C18,Printing and reproduction of recorded media,consumer_goods,4117.4415849259,1566.2710993401995,2514.2611367652053,WIOT2014_Nov16_ROW.xlsb
2014,MEX,C19,Manufacture of coke and refined petroleum products ,oil,71586.4075902085,8836.999703880716,61253.64733504003,WIOT2014_Nov16_ROW.xlsb
2014,MEX,C20,Manufacture of chemicals and chemical products ,consumer_goods,56051.3700124554,15131.56027474962,40452.139080229776,WIOT2014_Nov16_ROW.xlsb
2014,MEX,C21,Manufacture of basic pharmaceutical products and pharmaceutical preparations,consumer_goods,11447.9649000222,6222.0831993232,5114.209733223183,WIOT2014_Nov16_ROW.xlsb
2014,MEX,C22,Manufacture of rubber and plastic products,consumer_goods,23500.086814435,6265.563478447901,16793.813782141468,WIOT2014_Nov16_ROW.xlsb
2014,MEX,C23,Manufacture of other non-metallic mineral products,consumer_goods,20334.603292337404,10397.8697531214,10385.35313711347,WIOT2014_Nov16_ROW.xlsb
2014,MEX,C24,Manufacture of basic metals,consumer_goods,38291.384170459205,12447.949204237806,25574.45620997834,WIOT2014_Nov16_ROW.xlsb
2014,MEX,C25,"Manufacture of fabricated metal products, except machinery and equipment",consumer_goods,22910.5891693261,6629.6267058769,15906.625546870795,WIOT2014_Nov16_ROW.xlsb
2014,MEX,C26,"Manufacture of computer, electronic and optical products",electronics,61781.3045725183,8946.0889445103,50449.835952941954,WIOT2014_Nov16_ROW.xlsb
2014,MEX,C27,Manufacture of electrical equipment,electronics,25854.9577585728,6395.000677460997,18708.830555805183,WIOT2014_Nov16_ROW.xlsb
2014,MEX,C28,Manufacture of machinery and equipment n.e.c.,consumer_goods,22959.9653156027,8536.542979903401,13948.224175241385,WIOT2014_Nov16_ROW.xlsb
2014,MEX,C29,"Manufacture of motor vehicles, trailers and semi-trailers",automotive,136134.5943476046,36570.76892599567,96021.88058751401,WIOT2014_Nov16_ROW.xlsb
2014,MEX,C30,Manufacture of other transport equipment,aerospace,7388.138255645401,2773.885291769899,4440.137857721174,WIOT2014_Nov16_ROW.xlsb
2014,MEX,C31_C32,Manufacture of furniture; other manufacturing,consumer_goods,25055.141031600902,7941.250584395699,16756.102166244014,WIOT2014_Nov16_ROW.xlsb
2014,MEX,C33,Repair and installation of machinery and equipment,consumer_goods,2577.6887493676004,1413.6984173345004,1167.522304831932,WIOT2014_Nov16_ROW.xlsb
2014,MEX,D35,"Electricity, gas, steam and air conditioning supply",utilities,32661.8187169153,19600.597534501496,14984.527001714121,WIOT2014_Nov16_ROW.xlsb
2014,MEX,E36,"Water collection, treatment and supply",utilities,7166.6141876967,5079.4156273135,2102.4978210675245,WIOT2014_Nov16_ROW.xlsb
2014,MEX,E37-E39,"Sewerage; waste collection, treatment and disposal activities; materials recover",utilities,587.5338869895,358.8187087738,237.68065286166478,WIOT2014_Nov16_ROW.xlsb
2014,MEX,F,Construction,,166181.4969364209,92543.98615385109,73315.5387436261,WIOT2014_Nov16_ROW.xlsb
2014,MEX,G45,Wholesale and retail trade and repair of motor vehicles and motorcycles,consumer_goods,18715.88068358383,12684.553109792594,6039.286491839248,WIOT2014_Nov16_ROW.xlsb
2014,MEX,G46,"Wholesale trade, except of motor vehicles and motorcycles",consumer_goods,131600.7129675444,101612.40820920766,30028.096044311616,WIOT2014_Nov16_ROW.xlsb
2014,MEX,G47,"Retail trade, except of motor vehicles and motorcycles",consumer_goods,115775.74514053355,91210.7713771986,24597.599161340044,WIOT2014_Nov16_ROW.xlsb
2014,MEX,H49,Land transport and transport via pipelines,shipping,107891.58180691113,68002.50347082502,48115.00921706474,WIOT2014_Nov16_ROW.xlsb
2014,MEX,H50,Water transport,shipping,1702.2099625234002,1065.8220771968004,641.5991439589601,WIOT2014_Nov16_ROW.xlsb
2014,MEX,H51,Air transport,aviation,8634.4270085722,2613.194809253601,7882.432093341089,WIOT2014_Nov16_ROW.xlsb
2014,MEX,H52,Warehousing and support activities for transportation,ports,11694.280040154797,6866.8530837356975,4788.975737803903,WIOT2014_Nov16_ROW.xlsb
2014,MEX,H53,Postal and courier activities,telecommunications,2698.7163172409,1446.9473073462004,1347.806584649395,WIOT2014_Nov16_ROW.xlsb
2014,MEX,I,Accommodation and food service activities,tourism,40410.1408704389,27516.4071287589,13024.288766089763,WIOT2014_Nov16_ROW.xlsb
2014,MEX,J58,Publishing activities,telecommunications,2328.2233292153,1276.7822678853,1056.9850494222778,WIOT2014_Nov16_ROW.xlsb
2014,MEX,J59_J60,"Motion picture, video and television programme production, sound recording and m",telecommunications,5555.910820977,2351.9766558981,3212.1510164337524,WIOT2014_Nov16_ROW.xlsb
2014,MEX,J61,Telecommunications,telecommunications,36101.591633822,23068.781849694893,12983.989333018731,WIOT2014_Nov16_ROW.xlsb
2014,MEX,J62_J63,"Computer programming, consultancy and related activities; information service ac",telecommunications,972.4238527223,676.4066285437999,296.8033014995104,WIOT2014_Nov16_ROW.xlsb
2014,MEX,K64,"Financial service activities, except insurance and pension funding",banking,50657.5570264511,36495.1267431322,14183.582139572925,WIOT2014_Nov16_ROW.xlsb
2014,MEX,K65,"Insurance, reinsurance and pension funding, except compulsory social security",insurance,11633.195055736101,2944.581664757701,8689.163468371691,WIOT2014_Nov16_ROW.xlsb
2014,MEX,K66,Activities auxiliary to financial services and insurance activities,capital_markets,4215.5367315215,3434.4079315314993,785.9431680297248,WIOT2014_Nov16_ROW.xlsb
2014,MEX,L68,Real estate activities,,0.0,0.0,0.0,WIOT2014_Nov16_ROW.xlsb
2014,MEX,M69_M70,Legal and accounting activities; activities of head offices; management consulta,,24141.539572420603,19330.041177470102,4909.843373361109,WIOT2014_Nov16_ROW.xlsb
2014,MEX,M71,Architectural and engineering activities; technical testing and analysis,,5228.418052196901,3341.445495416601,1884.5719714730867,WIOT2014_Nov16_ROW.xlsb
2014,MEX,M72,Scientific research and development,,8144.6572105734,5936.6936997665,2234.3766747504824,WIOT2014_Nov16_ROW.xlsb
2014,MEX,M73,Advertising and market research,,0.0,0.0,0.0,WIOT2014_Nov16_ROW.xlsb
2014,MEX,M74_M75,"Other professional, scientific and technical activities; veterinary activities",,1959.6373293673,1566.0687152506,398.515207427348,WIOT2014_Nov16_ROW.xlsb
2014,MEX,N,Administrative and support service activities,,212022.17981583322,188991.6273268133,23858.27918442239,WIOT2014_Nov16_ROW.xlsb
2014,MEX,O84,Public administration and defence; compulsory social security,government,78335.3394910295,53744.98519140851,24415.26264060025,WIOT2014_Nov16_ROW.xlsb
2014,MEX,P85,Education,government,59975.282639909994,53035.371083287995,7042.701929171354,WIOT2014_Nov16_ROW.xlsb
2014,MEX,Q,Human health and social work activities,,41578.5135558705,28220.919621870802,13462.503070779025,WIOT2014_Nov16_ROW.xlsb
2014,MEX,R_S,Other service activities,,27371.1662772075,19838.3810709403,7647.70908807806,WIOT2014_Nov16_ROW.xlsb
2014,MEX,T,Activities of households as employers; undifferentiated goods- and services-prod,,6071.2438828349,6071.2438828349,0.0,WIOT2014_Nov16_ROW.xlsb
2014,MEX,U,Activities of extraterritorial organizations and bodies,,48.6898624311,7.757981476300008,42.33443212162178,WIOT2014_Nov16_ROW.xlsb
2014,MLT,A01,"Crop and animal production, hunting and related service activities",agriculture,187.1117812337887,97.83658123378869,77.98157350569906,WIOT2014_Nov16_ROW.xlsb
2014,MLT,A02,Forestry and logging,agriculture,0.0,0.0,0.0,WIOT2014_Nov16_ROW.xlsb
2014,MLT,A03,Fishing and aquaculture,agriculture,157.66511418005905,35.04456418005906,120.76432570154239,WIOT2014_Nov16_ROW.xlsb
2014,MLT,B,Mining and quarrying,oil,54.377349527080995,-2.300444500601831,55.51592277959632,WIOT2014_Nov16_ROW.xlsb
2014,MLT,C10-C12,"Manufacture of food products, beverages and tobacco products",consumer_goods,551.4317561272418,170.68365612724176,375.721301960659,WIOT2014_Nov16_ROW.xlsb
2014,MLT,C13-C15,"Manufacture of textiles, wearing apparel and leather products",consumer_goods,49.385890036299905,16.306240036299908,32.17332205146168,WIOT2014_Nov16_ROW.xlsb
2014,MLT,C16,"Manufacture of wood and of products of wood and cork, except furniture; manufact",consumer_goods,8.97925273387271,3.001002733872711,5.778035327778435,WIOT2014_Nov16_ROW.xlsb
2014,MLT,C17,Manufacture of paper and paper products,consumer_goods,31.03124106558952,9.243841065589514,21.18418452721429,WIOT2014_Nov16_ROW.xlsb
2014,MLT,C18,Printing and reproduction of recorded media,consumer_goods,192.39369460665498,67.64754460665499,121.85197431881217,WIOT2014_Nov16_ROW.xlsb
2014,MLT,C19,Manufacture of coke and refined petroleum products ,oil,229.44762092382496,12.46492722470285,209.9253844719434,WIOT2014_Nov16_ROW.xlsb
2014,MLT,C20,Manufacture of chemicals and chemical products ,consumer_goods,25.4852320240799,7.0190820240799,17.764807414789434,WIOT2014_Nov16_ROW.xlsb
2014,MLT,C21,Manufacture of basic pharmaceutical products and pharmaceutical preparations,consumer_goods,88.7202847300291,22.41045584465061,64.91961674136456,WIOT2014_Nov16_ROW.xlsb
2014,MLT,C22,Manufacture of rubber and plastic products,consumer_goods,166.96539230593882,59.99674021264686,103.21425330243022,WIOT2014_Nov16_ROW.xlsb
2014,MLT,C23,Manufacture of other non-metallic mineral products,consumer_goods,124.33213020763763,45.850007235484576,76.11793466986636,WIOT2014_Nov16_ROW.xlsb
2014,MLT,C24,Manufacture of basic metals,consumer_goods,1.7166218461815477,1.3180718461815477,0.39065285814792416,WIOT2014_Nov16_ROW.xlsb
2014,MLT,C25,"Manufacture of fabricated metal products, except machinery and equipment",consumer_goods,123.20062942210645,34.85537942210646,86.20165091005936,WIOT2014_Nov16_ROW.xlsb
2014,MLT,C26,"Manufacture of computer, electronic and optical products",electronics,85.23933588256129,27.628839940403527,55.26848397885938,WIOT2014_Nov16_ROW.xlsb
2014,MLT,C27,Manufacture of electrical equipment,electronics,135.4978803945924,30.918933065096695,100.80135665176974,WIOT2014_Nov16_ROW.xlsb
2014,MLT,C28,Manufacture of machinery and equipment n.e.c.,consumer_goods,408.71998010879577,89.28005619657016,308.40014841830504,WIOT2014_Nov16_ROW.xlsb
2014,MLT,C29,"Manufacture of motor vehicles, trailers and semi-trailers",automotive,135.36822799069535,38.71415977688481,93.17484028228078,WIOT2014_Nov16_ROW.xlsb
2014,MLT,C30,Manufacture of other transport equipment,aerospace,66.79700635576233,24.22427456957283,41.37605698793139,WIOT2014_Nov16_ROW.xlsb
2014,MLT,C31_C32,Manufacture of furniture; other manufacturing,consumer_goods,333.98742965797265,186.7552120452052,145.9452963805032,WIOT2014_Nov16_ROW.xlsb
2014,MLT,C33,Repair and installation of machinery and equipment,consumer_goods,189.31813775875608,58.495305371523514,123.96680691568028,WIOT2014_Nov16_ROW.xlsb
2014,MLT,D35,"Electricity, gas, steam and air conditioning supply",utilities,886.3314221804076,57.16541620808999,806.1378938026686,WIOT2014_Nov16_ROW.xlsb
2014,MLT,E36,"Water collection, treatment and supply",utilities,44.25254944155363,25.748556719479883,18.126712766532634,WIOT2014_Nov16_ROW.xlsb
2014,MLT,E37-E39,"Sewerage; waste collection, treatment and disposal activities; materials recover",utilities,155.13968038414916,55.00862310622296,98.3202720262382,WIOT2014_Nov16_ROW.xlsb
2014,MLT,F,Construction,,1159.776128847118,383.932128847118,728.6890852403403,WIOT2014_Nov16_ROW.xlsb
2014,MLT,G45,Wholesale and retail trade and repair of motor vehicles and motorcycles,consumer_goods,144.4603307478933,81.8879807478933,57.901467834349056,WIOT2014_Nov16_ROW.xlsb
2014,MLT,G46,"Wholesale trade, except of motor vehicles and motorcycles",consumer_goods,780.2706530066741,486.67215300667414,285.65999834087285,WIOT2014_Nov16_ROW.xlsb
2014,MLT,G47,"Retail trade, except of motor vehicles and motorcycles",consumer_goods,714.774927183132,457.7101771831321,252.0477874466293,WIOT2014_Nov16_ROW.xlsb
2014,MLT,H49,Land transport and transport via pipelines,shipping,244.02439782642307,54.58029782642307,184.54140033359502,WIOT2014_Nov16_ROW.xlsb
2014,MLT,H50,Water transport,shipping,310.2969299247439,152.2592860685916,157.52248713283646,WIOT2014_Nov16_ROW.xlsb
2014,MLT,H51,Air transport,aviation,224.48216714841303,48.52205967840133,171.9503340338547,WIOT2014_Nov16_ROW.xlsb
2014,MLT,H52,Warehousing and support activities for transportation,ports,898.1805412036108,306.53867589380417,569.513742679631,WIOT2014_Nov16_ROW.xlsb
2014,MLT,H53,Postal and courier activities,telecommunications,898.1805412036108,306.53867589380417,579.0122878810108,WIOT2014_Nov16_ROW.xlsb
2014,MLT,I,Accommodation and food service activities,tourism,1253.1339477125298,489.3792977125298,736.5398677891766,WIOT2014_Nov16_ROW.xlsb
2014,MLT,J58,Publishing activities,telecommunications,46.065319133571556,19.722934702479932,25.357836755113382,WIOT2014_Nov16_ROW.xlsb
2014,MLT,J59_J60,"Motion picture, video and television programme production, sound recording and m",telecommunications,71.85339691566861,34.00652194505081,37.25095917983244,WIOT2014_Nov16_ROW.xlsb
2014,MLT,J61,Telecommunications,telecommunications,554.4433923872889,213.10135875708477,331.14731922863115,WIOT2014_Nov16_ROW.xlsb
2014,MLT,J62_J63,"Computer programming, consultancy and related activities; information service ac",telecommunications,668.4516012655814,277.79013489578546,379.6722129879817,WIOT2014_Nov16_ROW.xlsb
2014,MLT,K64,"Financial service activities, except insurance and pension funding",banking,7176.667747547764,449.2765975477644,6721.35043617925,WIOT2014_Nov16_ROW.xlsb
2014,MLT,K65,"Insurance, reinsurance and pension funding, except compulsory social security",insurance,249.96655037089766,94.79775037089766,154.11291079593875,WIOT2014_Nov16_ROW.xlsb
2014,MLT,K66,Activities auxiliary to financial services and insurance activities,capital_markets,209.4278652341488,90.92566523414882,117.5892673991482,WIOT2014_Nov16_ROW.xlsb
2014,MLT,L68,Real estate activities,,694.5716085319184,506.4560085319184,184.2794883280915,WIOT2014_Nov16_ROW.xlsb
2014,MLT,M69_M70,Legal and accounting activities; activities of head offices; management consulta,,667.8979459989438,373.1037959989437,287.4376686904617,WIOT2014_Nov16_ROW.xlsb
2014,MLT,M71,Architectural and engineering activities; technical testing and analysis,,169.68146710332988,73.09951710332989,93.42901738957362,WIOT2014_Nov16_ROW.xlsb
2014,MLT,M72,Scientific research and development,,6.602391716082916,3.281141716082896,3.2107966851843845,WIOT2014_Nov16_ROW.xlsb
2014,MLT,M73,Advertising and market research,,498.0844310612921,106.30978106129213,386.0830208032045,WIOT2014_Nov16_ROW.xlsb
2014,MLT,M74_M75,"Other professional, scientific and technical activities; veterinary activities",,87.15157065229396,28.697570652293944,56.607035129397914,WIOT2014_Nov16_ROW.xlsb
2014,MLT,N,Administrative and support service activities,,929.3526579558255,476.0684579558256,444.69521709587195,WIOT2014_Nov16_ROW.xlsb
2014,MLT,O84,Public administration and defence; compulsory social security,government,904.2635694347106,578.5153694347107,311.5961513507637,WIOT2014_Nov16_ROW.xlsb
2014,MLT,P85,Education,government,693.3831780230237,574.2167280230236,114.53981327912724,WIOT2014_Nov16_ROW.xlsb
2014,MLT,Q,Human health and social work activities,,940.5767238731664,624.1280238731664,304.74631889422074,WIOT2014_Nov16_ROW.xlsb
2014,MLT,R_S,Other service activities,,3257.7521205496123,962.9012205496124,2274.5117266764023,WIOT2014_Nov16_ROW.xlsb
2014,MLT,T,Activities of households as employers; undifferentiated goods- and services-prod,,28.258236544834705,27.992536544834707,0.2572639032368855,WIOT2014_Nov16_ROW.xlsb
2014,MLT,U,Activities of extraterritorial organizations and bodies,,0.0,0.0,0.0,WIOT2014_Nov16_ROW.xlsb
2014,NLD,A01,"Crop and animal production, hunting and related service activities",agriculture,38372.394,14039.58799999999,23511.869256302387,WIOT2014_Nov16_ROW.xlsb
2014,NLD,A02,Forestry and logging,agriculture,341.42449999999997,151.44899999999998,181.6638382562512,WIOT2014_Nov16_ROW.xlsb
2014,NLD,A03,Fishing and aquaculture,agriculture,633.6945,346.7385,274.9399011694439,WIOT2014_Nov16_ROW.xlsb
2014,NLD,B,Mining and quarrying,oil,27849.3455,22421.0945,5389.0049201125785,WIOT2014_Nov16_ROW.xlsb
2014,NLD,C10-C12,"Manufacture of food products, beverages and tobacco products",consumer_goods,84945.6185,18399.72499999997,64450.0946351753,WIOT2014_Nov16_ROW.xlsb
2014,NLD,C13-C15,"Manufacture of textiles, wearing apparel and leather products",consumer_goods,4503.615,1474.6350000000018,2890.7484689781636,WIOT2014_Nov16_ROW.xlsb
2014,NLD,C16,"Manufacture of wood and of products of wood and cork, except furniture; manufact",consumer_goods,3127.2889999999998,1105.312,1948.8728589355346,WIOT2014_Nov16_ROW.xlsb
2014,NLD,C17,Manufacture of paper and paper products,consumer_goods,7949.744,2067.1460000000025,5685.839216501052,WIOT2014_Nov16_ROW.xlsb
2014,NLD,C18,Printing and reproduction of recorded media,consumer_goods,5422.937,2048.547,3290.368571890435,WIOT2014_Nov16_ROW.xlsb
2014,NLD,C19,Manufacture of coke and refined petroleum products ,oil,44252.335,1438.7655,41377.30073841472,WIOT2014_Nov16_ROW.xlsb
2014,NLD,C20,Manufacture of chemicals and chemical products ,consumer_goods,60987.449499999995,11682.829000000009,46869.370636820604,WIOT2014_Nov16_ROW.xlsb
2014,NLD,C21,Manufacture of basic pharmaceutical products and pharmaceutical preparations,consumer_goods,8032.111,4063.8815,3860.753423651914,WIOT2014_Nov16_ROW.xlsb
2014,NLD,C22,Manufacture of rubber and plastic products,consumer_goods,10596.116,3549.752000000006,6701.9192389552645,WIOT2014_Nov16_ROW.xlsb
2014,NLD,C23,Manufacture of other non-metallic mineral products,consumer_goods,6675.7125,2185.382499999999,4345.556687791064,WIOT2014_Nov16_ROW.xlsb
2014,NLD,C24,Manufacture of basic metals,consumer_goods,10382.227499999999,2853.618,7285.459989312869,WIOT2014_Nov16_ROW.xlsb
2014,NLD,C25,"Manufacture of fabricated metal products, except machinery and equipment",consumer_goods,24077.734,8970.032000000003,14505.34406061602,WIOT2014_Nov16_ROW.xlsb
2014,NLD,C26,"Manufacture of computer, electronic and optical products",electronics,36760.9235,4421.247999999995,31083.40020477775,WIOT2014_Nov16_ROW.xlsb
2014,NLD,C27,Manufacture of electrical equipment,electronics,7524.624,3278.7379999999985,4055.655429437252,WIOT2014_Nov16_ROW.xlsb
2014,NLD,C28,Manufacture of machinery and equipment n.e.c.,consumer_goods,33091.6065,11515.438000000004,20575.166393807904,WIOT2014_Nov16_ROW.xlsb
2014,NLD,C29,"Manufacture of motor vehicles, trailers and semi-trailers",automotive,8985.974,2513.522,6148.393688480399,WIOT2014_Nov16_ROW.xlsb
2014,NLD,C30,Manufacture of other transport equipment,aerospace,9274.2585,2218.595,6766.349562374946,WIOT2014_Nov16_ROW.xlsb
2014,NLD,C31_C32,Manufacture of furniture; other manufacturing,consumer_goods,12470.6295,7401.0734999999995,4832.8864331689465,WIOT2014_Nov16_ROW.xlsb
2014,NLD,C33,Repair and installation of machinery and equipment,consumer_goods,11870.1475,4621.8515,7065.933267860533,WIOT2014_Nov16_ROW.xlsb
2014,NLD,D35,"Electricity, gas, steam and air conditioning supply",utilities,23080.0305,9650.223999999995,13331.270405615353,WIOT2014_Nov16_ROW.xlsb
2014,NLD,E36,"Water collection, treatment and supply",utilities,2152.17,1384.2970000000003,764.4269028541911,WIOT2014_Nov16_ROW.xlsb
2014,NLD,E37-E39,"Sewerage; waste collection, treatment and disposal activities; materials recover",utilities,9450.949,3103.376000000001,6214.5424177490195,WIOT2014_Nov16_ROW.xlsb
2014,NLD,F,Construction,,107929.99699999999,35688.824,70501.50447740487,WIOT2014_Nov16_ROW.xlsb
2014,NLD,G45,Wholesale and retail trade and repair of motor vehicles and motorcycles,consumer_goods,20939.817,9970.3925,10533.481507513461,WIOT2014_Nov16_ROW.xlsb
2014,NLD,G46,"Wholesale trade, except of motor vehicles and motorcycles",consumer_goods,115385.53899999999,66119.44500000002,48550.24678019901,WIOT2014_Nov16_ROW.xlsb
2014,NLD,G47,"Retail trade, except of motor vehicles and motorcycles",consumer_goods,47756.918,30649.823500000002,16774.665321301407,WIOT2014_Nov16_ROW.xlsb
2014,NLD,H49,Land transport and transport via pipelines,shipping,37904.761999999995,16509.2695,20033.175228597825,WIOT2014_Nov16_ROW.xlsb
2014,NLD,H50,Water transport,shipping,10618.700499999999,3021.009000000001,7395.558726066849,WIOT2014_Nov16_ROW.xlsb
2014,NLD,H51,Air transport,aviation,13524.13,3258.8105,10010.450670160097,WIOT2014_Nov16_ROW.xlsb
2014,NLD,H52,Warehousing and support activities for transportation,ports,26449.106499999998,13456.376500000002,12695.14986590946,WIOT2014_Nov16_ROW.xlsb
2014,NLD,H53,Postal and courier activities,telecommunications,7003.852,3292.023000000001,3397.6268407483653,WIOT2014_Nov16_ROW.xlsb
2014,NLD,I,Accommodation and food service activities,tourism,28558.764499999997,13943.936000000002,13848.172949251344,WIOT2014_Nov16_ROW.xlsb
2014,NLD,J58,Publishing activities,telecommunications,7284.1655,3601.563499999999,3661.03475785392,WIOT2014_Nov16_ROW.xlsb
2014,NLD,J59_J60,"Motion picture, video and television programme production, sound recording and m",telecommunications,5833.443499999999,2682.2415,3029.2477506235846,WIOT2014_Nov16_ROW.xlsb
2014,NLD,J61,Telecommunications,telecommunications,21182.9325,10690.439499999999,10166.220012945072,WIOT2014_Nov16_ROW.xlsb
2014,NLD,J62_J63,"Computer programming, consultancy and related activities; information service ac",telecommunications,35275.6605,20225.084,14956.485857833892,WIOT2014_Nov16_ROW.xlsb
2014,NLD,K64,"Financial service activities, except insurance and pension funding",banking,68725.962,46223.829,20663.243103092806,WIOT2014_Nov16_ROW.xlsb
2014,NLD,K65,"Insurance, reinsurance and pension funding, except compulsory social security",insurance,23842.5895,10535.004999999996,12685.13996544246,WIOT2014_Nov16_ROW.xlsb
2014,NLD,K66,Activities auxiliary to financial services and insurance activities,capital_markets,8190.202499999999,5274.1449999999995,2632.0599564050567,WIOT2014_Nov16_ROW.xlsb
2014,NLD,L68,Real estate activities,,98853.685,45281.922499999986,51288.14065000112,WIOT2014_Nov16_ROW.xlsb
2014,NLD,M69_M70,Legal and accounting activities; activities of head offices; management consulta,,78462.5385,38967.562,39383.03116905817,WIOT2014_Nov16_ROW.xlsb
2014,NLD,M71,Architectural and engineering activities; technical testing and analysis,,19866.389,11468.940500000004,8296.219281744812,WIOT2014_Nov16_ROW.xlsb
2014,NLD,M72,Scientific research and development,,6127.0419999999995,3345.1629999999986,2745.592437587449,WIOT2014_Nov16_ROW.xlsb
2014,NLD,M73,Advertising and market research,,10649.256,4382.721499999999,6243.994839891814,WIOT2014_Nov16_ROW.xlsb
2014,NLD,M74_M75,"Other professional, scientific and technical activities; veterinary activities",,8677.761999999999,4047.9395,4557.866012768471,WIOT2014_Nov16_ROW.xlsb
2014,NLD,N,Administrative and support service activities,,71452.044,45822.622,25088.726885694206,WIOT2014_Nov16_ROW.xlsb
2014,NLD,O84,Public administration and defence; compulsory social security,government,98675.666,59245.786,34584.37510147981,WIOT2014_Nov16_ROW.xlsb
2014,NLD,P85,Education,government,51860.6545,41118.4035,9239.453273210462,WIOT2014_Nov16_ROW.xlsb
2014,NLD,Q,Human health and social work activities,,108964.8985,75824.1375,29299.481534013838,WIOT2014_Nov16_ROW.xlsb
2014,NLD,R_S,Other service activities,,38369.737,21101.893999999997,16021.49928620291,WIOT2014_Nov16_ROW.xlsb
2014,NLD,T,Activities of households as employers; undifferentiated goods- and services-prod,,0.0,0.0,0.0,WIOT2014_Nov16_ROW.xlsb
2014,NLD,U,Activities of extraterritorial organizations and bodies,,0.0,0.0,0.0,WIOT2014_Nov16_ROW.xlsb
2014,NOR,A01,"Crop and animal production, hunting and related service activities",agriculture,5589.350887875348,2274.4426155596343,2845.4509321089376,WIOT2014_Nov16_ROW.xlsb
2014,NOR,A02,Forestry and logging,agriculture,1202.9118201246524,738.2725304403671,425.81258829114074,WIOT2014_Nov16_ROW.xlsb
2014,NOR,A03,Fishing and aquaculture,agriculture,10521.017176000001,4513.5794220000025,5221.41858402964,WIOT2014_Nov16_ROW.xlsb
2014,NOR,B,Mining and quarrying,oil,125139.21637200001,99490.29616200001,24083.68797364717,WIOT2014_Nov16_ROW.xlsb
2014,NOR,C10-C12,"Manufacture of food products, beverages and tobacco products",consumer_goods,29507.125416000003,6757.073762000001,20518.01740625576,WIOT2014_Nov16_ROW.xlsb
2014,NOR,C13-C15,"Manufacture of textiles, wearing apparel and leather products",consumer_goods,1086.0805460000001,399.97571200000004,596.5931865596345,WIOT2014_Nov16_ROW.xlsb
2014,NOR,C16,"Manufacture of wood and of products of wood and cork, except furniture; manufact",consumer_goods,4168.736019338659,1259.6148587129057,2734.595583794811,WIOT2014_Nov16_ROW.xlsb
2014,NOR,C17,Manufacture of paper and paper products,consumer_goods,1736.671596425486,407.7665893526957,1213.1644826606012,WIOT2014_Nov16_ROW.xlsb
2014,NOR,C18,Printing and reproduction of recorded media,consumer_goods,1686.8405706741987,720.94101399974,906.206818600541,WIOT2014_Nov16_ROW.xlsb
2014,NOR,C19,Manufacture of coke and refined petroleum products ,oil,13448.584814580823,1563.7889319280096,11435.072159567313,WIOT2014_Nov16_ROW.xlsb
2014,NOR,C20,Manufacture of chemicals and chemical products ,consumer_goods,7284.175230975207,846.9971198808348,6193.593676686585,WIOT2014_Nov16_ROW.xlsb
2014,NOR,C21,Manufacture of basic pharmaceutical products and pharmaceutical preparations,consumer_goods,1662.8545324439694,193.355178191159,1413.8931315392183,WIOT2014_Nov16_ROW.xlsb
2014,NOR,C22,Manufacture of rubber and plastic products,consumer_goods,1950.9967348644136,674.7689701671833,1176.0051701839282,WIOT2014_Nov16_ROW.xlsb
2014,NOR,C23,Manufacture of other non-metallic mineral products,consumer_goods,4882.578395152947,1502.4071790908479,3219.48248525732,WIOT2014_Nov16_ROW.xlsb
2014,NOR,C24,Manufacture of basic metals,consumer_goods,9223.912534827381,1390.5221140733838,7165.75251517907,WIOT2014_Nov16_ROW.xlsb
2014,NOR,C25,"Manufacture of fabricated metal products, except machinery and equipment",consumer_goods,8148.838328739919,3335.454612143679,4551.314771064532,WIOT2014_Nov16_ROW.xlsb
2014,NOR,C26,"Manufacture of computer, electronic and optical products",electronics,4072.2049500000003,1763.5871760000005,2105.63511103235,WIOT2014_Nov16_ROW.xlsb
2014,NOR,C27,Manufacture of electrical equipment,electronics,3773.3377480000004,1339.886790000001,2261.6151836166455,WIOT2014_Nov16_ROW.xlsb
2014,NOR,C28,Manufacture of machinery and equipment n.e.c.,consumer_goods,15735.190998000002,4983.773799999998,10280.550502350667,WIOT2014_Nov16_ROW.xlsb
2014,NOR,C29,"Manufacture of motor vehicles, trailers and semi-trailers",automotive,1293.5375611977756,422.63848362086054,779.7555134649361,WIOT2014_Nov16_ROW.xlsb
2014,NOR,C30,Manufacture of other transport equipment,aerospace,12913.305123063692,3557.1495941411977,8916.895038938903,WIOT2014_Nov16_ROW.xlsb
2014,NOR,C31_C32,Manufacture of furniture; other manufacturing,consumer_goods,2344.127318646196,1020.7999054066842,1198.9005808060394,WIOT2014_Nov16_ROW.xlsb
2014,NOR,C33,Repair and installation of machinery and equipment,consumer_goods,7707.083699069338,3010.8668732908304,4420.387727061772,WIOT2014_Nov16_ROW.xlsb
2014,NOR,D35,"Electricity, gas, steam and air conditioning supply",utilities,11809.633194000002,9170.303018,2382.2935101681373,WIOT2014_Nov16_ROW.xlsb
2014,NOR,E36,"Water collection, treatment and supply",utilities,1110.6298919455066,607.1564632676218,457.11130136461566,WIOT2014_Nov16_ROW.xlsb
2014,NOR,E37-E39,"Sewerage; waste collection, treatment and disposal activities; materials recover",utilities,5815.701108054494,2049.8477987323777,3527.5326404463226,WIOT2014_Nov16_ROW.xlsb
2014,NOR,F,Construction,,76126.58750400001,26016.57304400001,46368.66020355578,WIOT2014_Nov16_ROW.xlsb
2014,NOR,G45,Wholesale and retail trade and repair of motor vehicles and motorcycles,consumer_goods,11145.771798979142,5343.641671511359,4882.731527260631,WIOT2014_Nov16_ROW.xlsb
2014,NOR,G46,"Wholesale trade, except of motor vehicles and motorcycles",consumer_goods,30320.87844043556,15184.48314151131,14163.360523242362,WIOT2014_Nov16_ROW.xlsb
2014,NOR,G47,"Retail trade, except of motor vehicles and motorcycles",consumer_goods,22350.493656585302,11632.183440977333,9943.651602651556,WIOT2014_Nov16_ROW.xlsb
2014,NOR,H49,Land transport and transport via pipelines,shipping,16008.263588000002,8546.137097999997,6828.964245910043,WIOT2014_Nov16_ROW.xlsb
2014,NOR,H50,Water transport,shipping,23986.441544,8882.581636,14241.214455699004,WIOT2014_Nov16_ROW.xlsb
2014,NOR,H51,Air transport,aviation,5112.468722527677,1185.5023242530756,3621.23746336795,WIOT2014_Nov16_ROW.xlsb
2014,NOR,H52,Warehousing and support activities for transportation,ports,14412.249123526804,4424.179856925887,9397.473887936427,WIOT2014_Nov16_ROW.xlsb
2014,NOR,H53,Postal and courier activities,telecommunications,2595.2765259455205,1522.3688108210367,1008.1618097061404,WIOT2014_Nov16_ROW.xlsb
2014,NOR,I,Accommodation and food service activities,tourism,12628.373286000002,5840.091228,6054.752767853203,WIOT2014_Nov16_ROW.xlsb
2014,NOR,J58,Publishing activities,telecommunications,7504.805560284438,3709.6412247848834,3615.7841812596052,WIOT2014_Nov16_ROW.xlsb
2014,NOR,J59_J60,"Motion picture, video and television programme production, sound recording and m",telecommunications,3382.1724990510206,1460.1955311653255,1788.5853537050548,WIOT2014_Nov16_ROW.xlsb
2014,NOR,J61,Telecommunications,telecommunications,11105.058144,4264.390732000003,6330.705976927126,WIOT2014_Nov16_ROW.xlsb
2014,NOR,J62_J63,"Computer programming, consultancy and related activities; information service ac",telecommunications,13628.889934664543,7763.772772049791,5568.768978301159,WIOT2014_Nov16_ROW.xlsb
2014,NOR,K64,"Financial service activities, except insurance and pension funding",banking,25188.61201600625,17624.755787084992,7371.065534659265,WIOT2014_Nov16_ROW.xlsb
2014,NOR,K65,"Insurance, reinsurance and pension funding, except compulsory social security",insurance,5477.129342458616,4177.985889556866,1256.6253693996914,WIOT2014_Nov16_ROW.xlsb
2014,NOR,K66,Activities auxiliary to financial services and insurance activities,capital_markets,3923.4002995351384,1246.3364053581454,2602.639306515711,WIOT2014_Nov16_ROW.xlsb
2014,NOR,L68,Real estate activities,,47456.831622000005,29974.294500000004,16543.936049439115,WIOT2014_Nov16_ROW.xlsb
2014,NOR,M69_M70,Legal and accounting activities; activities of head offices; management consulta,,9363.961945781495,6459.594643156858,2739.551398732265,WIOT2014_Nov16_ROW.xlsb
2014,NOR,M71,Architectural and engineering activities; technical testing and analysis,,20647.567814580176,10377.160564054391,9517.23385389247,WIOT2014_Nov16_ROW.xlsb
2014,NOR,M72,Scientific research and development,,2581.371912,1781.7389400000002,756.4873527656292,WIOT2014_Nov16_ROW.xlsb
2014,NOR,M73,Advertising and market research,,3568.1300021638053,809.8645991497854,2561.055461413507,WIOT2014_Nov16_ROW.xlsb
2014,NOR,M74_M75,"Other professional, scientific and technical activities; veterinary activities",,2561.139265474526,1287.421531638973,1181.2739473603133,WIOT2014_Nov16_ROW.xlsb
2014,NOR,N,Administrative and support service activities,,25152.294316000003,12449.403262,11981.142386878353,WIOT2014_Nov16_ROW.xlsb
2014,NOR,O84,Public administration and defence; compulsory social security,government,43342.272556,27051.223592000002,15105.340086915041,WIOT2014_Nov16_ROW.xlsb
2014,NOR,P85,Education,government,27128.766654000003,21782.435252000003,4952.09681000513,WIOT2014_Nov16_ROW.xlsb
2014,NOR,Q,Human health and social work activities,,57956.353288000006,45771.10596,10776.395891371416,WIOT2014_Nov16_ROW.xlsb
2014,NOR,R_S,Other service activities,,16523.200472,8482.287472000002,7479.152163529839,WIOT2014_Nov16_ROW.xlsb
2014,NOR,T,Activities of households as employers; undifferentiated goods- and services-prod,,85.504362,85.504362,0.0,WIOT2014_Nov16_ROW.xlsb
2014,NOR,U,Activities of extraterritorial organizations and bodies,,0.0,0.0,0.0,WIOT2014_Nov16_ROW.xlsb
2014,POL,A01,"Crop and animal production, hunting and related service activities",agriculture,33346.23289431473,12912.601981828902,19341.552557295625,WIOT2014_Nov16_ROW.xlsb
2014,POL,A02,Forestry and logging,agriculture,3351.7685917998488,1598.0002207311675,1550.6924061143748,WIOT2014_Nov16_ROW.xlsb
2014,POL,A03,Fishing and aquaculture,agriculture,167.15903024624063,65.5671051915464,88.66111973038662,WIOT2014_Nov16_ROW.xlsb
2014,POL,B,Mining and quarrying,oil,16636.631346266506,9615.437636325838,6785.506160355822,WIOT2014_Nov16_ROW.xlsb
2014,POL,C10-C12,"Manufacture of food products, beverages and tobacco products",consumer_goods,74440.31568338923,16639.73427913735,57608.616331234094,WIOT2014_Nov16_ROW.xlsb
2014,POL,C13-C15,"Manufacture of textiles, wearing apparel and leather products",consumer_goods,8461.252140941655,3217.2721028534233,5083.473478855324,WIOT2014_Nov16_ROW.xlsb
2014,POL,C16,"Manufacture of wood and of products of wood and cork, except furniture; manufact",consumer_goods,11058.679323540518,3435.8065883108784,7482.847573912361,WIOT2014_Nov16_ROW.xlsb
2014,POL,C17,Manufacture of paper and paper products,consumer_goods,10549.421081429036,2979.4769508810614,7396.332890117151,WIOT2014_Nov16_ROW.xlsb
2014,POL,C18,Printing and reproduction of recorded media,consumer_goods,4598.384773508693,1789.38999872034,2753.6289937452143,WIOT2014_Nov16_ROW.xlsb
2014,POL,C19,Manufacture of coke and refined petroleum products ,oil,35362.62614496955,4235.1242486790525,28651.480933378145,WIOT2014_Nov16_ROW.xlsb
2014,POL,C20,Manufacture of chemicals and chemical products ,consumer_goods,21264.85894880088,4939.620166204609,15645.120183043156,WIOT2014_Nov16_ROW.xlsb
2014,POL,C21,Manufacture of basic pharmaceutical products and pharmaceutical preparations,consumer_goods,4437.271436939724,1791.6123833182123,2585.166493336753,WIOT2014_Nov16_ROW.xlsb
2014,POL,C22,Manufacture of rubber and plastic products,consumer_goods,23779.97823119604,6815.312766808999,16497.227568501443,WIOT2014_Nov16_ROW.xlsb
2014,POL,C23,Manufacture of other non-metallic mineral products,consumer_goods,16310.974095688922,5306.313624853568,10654.529588225438,WIOT2014_Nov16_ROW.xlsb
2014,POL,C24,Manufacture of basic metals,consumer_goods,16081.562714270061,2741.6817989087053,12900.763663477337,WIOT2014_Nov16_ROW.xlsb
2014,POL,C25,"Manufacture of fabricated metal products, except machinery and equipment",consumer_goods,29583.210565133544,10481.876955865637,18628.227489431636,WIOT2014_Nov16_ROW.xlsb
2014,POL,C26,"Manufacture of computer, electronic and optical products",electronics,12541.272266358883,2337.57819952889,9737.465749209516,WIOT2014_Nov16_ROW.xlsb
2014,POL,C27,Manufacture of electrical equipment,electronics,15771.244418182874,4007.7002248300737,11394.956773816119,WIOT2014_Nov16_ROW.xlsb
2014,POL,C28,Manufacture of machinery and equipment n.e.c.,consumer_goods,14287.250489829128,4902.210025473752,9114.623031474433,WIOT2014_Nov16_ROW.xlsb
2014,POL,C29,"Manufacture of motor vehicles, trailers and semi-trailers",automotive,37198.61768908811,7653.8925550728845,28764.605345423635,WIOT2014_Nov16_ROW.xlsb
2014,POL,C30,Manufacture of other transport equipment,aerospace,6722.629091532171,2085.7079451033396,4507.356448314379,WIOT2014_Nov16_ROW.xlsb
2014,POL,C31_C32,Manufacture of furniture; other manufacturing,consumer_goods,14425.94805783198,5116.670139168453,9104.062460753137,WIOT2014_Nov16_ROW.xlsb
2014,POL,C33,Repair and installation of machinery and equipment,consumer_goods,10289.18801823177,4746.272706189699,5385.148178228413,WIOT2014_Nov16_ROW.xlsb
2014,POL,D35,"Electricity, gas, steam and air conditioning supply",utilities,35748.48797581201,16044.256830705097,18898.95783348814,WIOT2014_Nov16_ROW.xlsb
2014,POL,E36,"Water collection, treatment and supply",utilities,2322.0598617720057,1493.5150797641577,805.3234594388279,WIOT2014_Nov16_ROW.xlsb
2014,POL,E37-E39,"Sewerage; waste collection, treatment and disposal activities; materials recover",utilities,8682.935536707042,4014.5710583014156,4461.530425146486,WIOT2014_Nov16_ROW.xlsb
2014,POL,F,Construction,,99199.63450979917,34763.58319163199,63311.90625049043,WIOT2014_Nov16_ROW.xlsb
2014,POL,G45,Wholesale and retail trade and repair of motor vehicles and motorcycles,consumer_goods,27448.59982186953,20350.453673698838,6918.277968285244,WIOT2014_Nov16_ROW.xlsb
2014,POL,G46,"Wholesale trade, except of motor vehicles and motorcycles",consumer_goods,65245.990240738385,36231.79590201649,28134.539967699726,WIOT2014_Nov16_ROW.xlsb
2014,POL,G47,"Retail trade, except of motor vehicles and motorcycles",consumer_goods,53459.02952190144,34530.12889398563,18440.363025811293,WIOT2014_Nov16_ROW.xlsb
2014,POL,H49,Land transport and transport via pipelines,shipping,44400.787800120626,16696.843477710696,24288.17370660123,WIOT2014_Nov16_ROW.xlsb
2014,POL,H50,Water transport,shipping,1045.0347661012809,428.24199088878896,590.2391773665745,WIOT2014_Nov16_ROW.xlsb
2014,POL,H51,Air transport,aviation,1882.5553271871465,320.09925667568257,1497.9413206357003,WIOT2014_Nov16_ROW.xlsb
2014,POL,H52,Warehousing and support activities for transportation,ports,20381.55992850928,9259.543491884253,10493.419916050441,WIOT2014_Nov16_ROW.xlsb
2014,POL,H53,Postal and courier activities,telecommunications,3409.920095051995,1965.8269567582654,1303.5664499395434,WIOT2014_Nov16_ROW.xlsb
2014,POL,I,Accommodation and food service activities,tourism,13562.698262740998,6164.390284991319,6713.237277675589,WIOT2014_Nov16_ROW.xlsb
2014,POL,J58,Publishing activities,telecommunications,4603.500870219507,2514.8343643091916,2066.371393459621,WIOT2014_Nov16_ROW.xlsb
2014,POL,J59_J60,"Motion picture, video and television programme production, sound recording and m",telecommunications,5233.990415385521,2397.089751311766,2810.7356983448944,WIOT2014_Nov16_ROW.xlsb
2014,POL,J61,Telecommunications,telecommunications,15579.118503899952,6870.364138164853,8550.571041167846,WIOT2014_Nov16_ROW.xlsb
2014,POL,J62_J63,"Computer programming, consultancy and related activities; information service ac",telecommunications,12103.478658278895,6824.763623304578,5220.757011739474,WIOT2014_Nov16_ROW.xlsb
2014,POL,K64,"Financial service activities, except insurance and pension funding",banking,25763.950764439927,15621.324071352778,9352.798897230883,WIOT2014_Nov16_ROW.xlsb
2014,POL,K65,"Insurance, reinsurance and pension funding, except compulsory social security",insurance,8343.77666655467,2303.8618078991362,5033.197454904582,WIOT2014_Nov16_ROW.xlsb
2014,POL,K66,Activities auxiliary to financial services and insurance activities,capital_markets,4867.2633237334585,2144.6833399733628,2549.1088928033723,WIOT2014_Nov16_ROW.xlsb
2014,POL,L68,Real estate activities,,43276.77295485176,24867.858789289054,16246.652440147838,WIOT2014_Nov16_ROW.xlsb
2014,POL,M69_M70,Legal and accounting activities; activities of head offices; management consulta,,16361.444893017771,9587.881276807613,6733.581780524302,WIOT2014_Nov16_ROW.xlsb
2014,POL,M71,Architectural and engineering activities; technical testing and analysis,,10667.275520890733,5767.785089899596,4833.28857020476,WIOT2014_Nov16_ROW.xlsb
2014,POL,M72,Scientific research and development,,4181.246339895846,2765.7967349314417,1340.5651183562309,WIOT2014_Nov16_ROW.xlsb
2014,POL,M73,Advertising and market research,,11816.304103628789,5767.785089899599,6021.256896216443,WIOT2014_Nov16_ROW.xlsb
2014,POL,M74_M75,"Other professional, scientific and technical activities; veterinary activities",,3734.519885362443,2361.5594154426226,1358.5573445498317,WIOT2014_Nov16_ROW.xlsb
2014,POL,N,Administrative and support service activities,,19767.87241400193,10195.187773475558,9338.632272800181,WIOT2014_Nov16_ROW.xlsb
2014,POL,O84,Public administration and defence; compulsory social security,government,35875.54623833504,27601.190267621394,6826.873663608896,WIOT2014_Nov16_ROW.xlsb
2014,POL,P85,Education,government,30572.717947919857,23547.83212792769,6228.839218706737,WIOT2014_Nov16_ROW.xlsb
2014,POL,Q,Human health and social work activities,,34231.76405101156,20218.84705133825,12688.958267322141,WIOT2014_Nov16_ROW.xlsb
2014,POL,R_S,Other service activities,,20176.578479937714,10887.880703365812,8695.70050116001,WIOT2014_Nov16_ROW.xlsb
2014,POL,T,Activities of households as employers; undifferentiated goods- and services-prod,,830.9779307698477,830.9779307698477,0.0,WIOT2014_Nov16_ROW.xlsb
2014,POL,U,Activities of extraterritorial organizations and bodies,,0.0,0.0,0.0,WIOT2014_Nov16_ROW.xlsb
2014,PRT,A01,"Crop and animal production, hunting and related service activities",agriculture,8365.741103966217,3212.50781465227,4656.469514663126,WIOT2014_Nov16_ROW.xlsb
2014,PRT,A02,Forestry and logging,agriculture,1555.5277267014205,1098.4180729253055,429.94996800286816,WIOT2014_Nov16_ROW.xlsb
2014,PRT,A03,Fishing and aquaculture,agriculture,731.6550419885051,375.4931930839315,316.67591277069994,WIOT2014_Nov16_ROW.xlsb
2014,PRT,B,Mining and quarrying,oil,1550.0766933908112,759.9858240551466,725.7230109796508,WIOT2014_Nov16_ROW.xlsb
2014,PRT,C10-C12,"Manufacture of food products, beverages and tobacco products",consumer_goods,21616.686131726165,4768.991591738053,15737.923201682144,WIOT2014_Nov16_ROW.xlsb
2014,PRT,C13-C15,"Manufacture of textiles, wearing apparel and leather products",consumer_goods,12907.417248847767,4842.739952632417,7581.231640899635,WIOT2014_Nov16_ROW.xlsb
2014,PRT,C16,"Manufacture of wood and of products of wood and cork, except furniture; manufact",consumer_goods,3775.642757080382,1198.1259607653328,2488.282318087925,WIOT2014_Nov16_ROW.xlsb
2014,PRT,C17,Manufacture of paper and paper products,consumer_goods,5024.269818666767,1115.7992867525413,3750.3840758534725,WIOT2014_Nov16_ROW.xlsb
2014,PRT,C18,Printing and reproduction of recorded media,consumer_goods,1282.3296640323392,549.8566565910932,694.1537869049386,WIOT2014_Nov16_ROW.xlsb
2014,PRT,C19,Manufacture of coke and refined petroleum products ,oil,12770.97606797786,287.271451544616,11274.177741486346,WIOT2014_Nov16_ROW.xlsb
2014,PRT,C20,Manufacture of chemicals and chemical products ,consumer_goods,6256.725066982714,963.0787716457395,4920.758884020673,WIOT2014_Nov16_ROW.xlsb
2014,PRT,C21,Manufacture of basic pharmaceutical products and pharmaceutical preparations,consumer_goods,1523.4119895933152,661.9748107120429,823.3752954714869,WIOT2014_Nov16_ROW.xlsb
2014,PRT,C22,Manufacture of rubber and plastic products,consumer_goods,4642.94117970166,1445.472275789772,3014.160726727504,WIOT2014_Nov16_ROW.xlsb
2014,PRT,C23,Manufacture of other non-metallic mineral products,consumer_goods,4781.692619610204,1673.9142880380605,2908.7633535605078,WIOT2014_Nov16_ROW.xlsb
2014,PRT,C24,Manufacture of basic metals,consumer_goods,3430.055184418847,459.1229230681015,2851.2086658083863,WIOT2014_Nov16_ROW.xlsb
2014,PRT,C25,"Manufacture of fabricated metal products, except machinery and equipment",consumer_goods,7083.526007632646,2528.7397756459586,4328.336471137614,WIOT2014_Nov16_ROW.xlsb
2014,PRT,C26,"Manufacture of computer, electronic and optical products",electronics,2151.122960149205,552.4564555965486,1478.99109711315,WIOT2014_Nov16_ROW.xlsb
2014,PRT,C27,Manufacture of electrical equipment,electronics,3317.1242867068004,787.4424623062819,2391.7472012047383,WIOT2014_Nov16_ROW.xlsb
2014,PRT,C28,Manufacture of machinery and equipment n.e.c.,consumer_goods,3106.483021419589,1002.5596260197061,1996.3608872948912,WIOT2014_Nov16_ROW.xlsb
2014,PRT,C29,"Manufacture of motor vehicles, trailers and semi-trailers",automotive,8660.07395511454,1576.8289519865148,6329.6858421787165,WIOT2014_Nov16_ROW.xlsb
2014,PRT,C30,Manufacture of other transport equipment,aerospace,615.8878801817042,180.34502510764236,411.36561292975057,WIOT2014_Nov16_ROW.xlsb
2014,PRT,C31_C32,Manufacture of furniture; other manufacturing,consumer_goods,3122.2471419185026,1253.5576567005855,1770.950427971141,WIOT2014_Nov16_ROW.xlsb
2014,PRT,C33,Repair and installation of machinery and equipment,consumer_goods,2180.3409421083984,897.3580732303275,1213.9279905158546,WIOT2014_Nov16_ROW.xlsb
2014,PRT,D35,"Electricity, gas, steam and air conditioning supply",utilities,19060.849305161937,4517.043270568928,13893.15323018892,WIOT2014_Nov16_ROW.xlsb
2014,PRT,E36,"Water collection, treatment and supply",utilities,1921.326995730799,1040.6923795126172,841.641472502982,WIOT2014_Nov16_ROW.xlsb
2014,PRT,E37-E39,"Sewerage; waste collection, treatment and disposal activities; materials recover",utilities,3415.396100406526,1310.3539968904415,2029.3111544628878,WIOT2014_Nov16_ROW.xlsb
2014,PRT,F,Construction,,24488.50492750266,9042.33926970334,14517.75951037389,WIOT2014_Nov16_ROW.xlsb
2014,PRT,G45,Wholesale and retail trade and repair of motor vehicles and motorcycles,consumer_goods,5465.134975549563,2630.146644298273,2639.944397439374,WIOT2014_Nov16_ROW.xlsb
2014,PRT,G46,"Wholesale trade, except of motor vehicles and motorcycles",consumer_goods,24433.446725317153,15521.426682995272,8617.276466769761,WIOT2014_Nov16_ROW.xlsb
2014,PRT,G47,"Retail trade, except of motor vehicles and motorcycles",consumer_goods,17615.78014734886,11636.403618100223,5709.721788144533,WIOT2014_Nov16_ROW.xlsb
2014,PRT,H49,Land transport and transport via pipelines,shipping,9538.48532266121,3858.0504557076015,5054.185256530161,WIOT2014_Nov16_ROW.xlsb
2014,PRT,H50,Water transport,shipping,626.2827092541452,157.70082151319022,444.92289318754024,WIOT2014_Nov16_ROW.xlsb
2014,PRT,H51,Air transport,aviation,5092.4349637965,1363.4738832376831,3293.172968690658,WIOT2014_Nov16_ROW.xlsb
2014,PRT,H52,Warehousing and support activities for transportation,ports,7497.735440522081,3808.026581863884,3493.2531341598265,WIOT2014_Nov16_ROW.xlsb
2014,PRT,H53,Postal and courier activities,telecommunications,1248.0832390666535,621.2700761899847,606.4516594087082,WIOT2014_Nov16_ROW.xlsb
2014,PRT,I,Accommodation and food service activities,tourism,18030.042186651644,10269.6470214763,6997.197757535945,WIOT2014_Nov16_ROW.xlsb
2014,PRT,J58,Publishing activities,telecommunications,1235.2293297868207,470.7466359685341,714.4542839610788,WIOT2014_Nov16_ROW.xlsb
2014,PRT,J59_J60,"Motion picture, video and television programme production, sound recording and m",telecommunications,1725.2322781304645,685.4785206549036,979.963683048406,WIOT2014_Nov16_ROW.xlsb
2014,PRT,J61,Telecommunications,telecommunications,7860.751523428315,3358.624264227624,4190.00090164867,WIOT2014_Nov16_ROW.xlsb
2014,PRT,J62_J63,"Computer programming, consultancy and related activities; information service ac",telecommunications,4393.749530430835,2278.6937655372176,1993.8438179410662,WIOT2014_Nov16_ROW.xlsb
2014,PRT,K64,"Financial service activities, except insurance and pension funding",banking,13074.652397091437,7093.257412189375,5626.553174216837,WIOT2014_Nov16_ROW.xlsb
2014,PRT,K65,"Insurance, reinsurance and pension funding, except compulsory social security",insurance,4748.372861441976,2433.4018208034618,2193.5882543713233,WIOT2014_Nov16_ROW.xlsb
2014,PRT,K66,Activities auxiliary to financial services and insurance activities,capital_markets,1759.0821311038642,1011.5513666164562,687.7724495446294,WIOT2014_Nov16_ROW.xlsb
2014,PRT,L68,Real estate activities,,27384.676863754383,25722.272119285062,1574.5687813625857,WIOT2014_Nov16_ROW.xlsb
2014,PRT,M69_M70,Legal and accounting activities; activities of head offices; management consulta,,8017.659115604939,4007.810981291271,3708.587422469748,WIOT2014_Nov16_ROW.xlsb
2014,PRT,M71,Architectural and engineering activities; technical testing and analysis,,2977.5906253570583,1407.580432499068,1470.3906521505999,WIOT2014_Nov16_ROW.xlsb
2014,PRT,M72,Scientific research and development,,990.6498083531638,705.8438229692326,274.6837660559823,WIOT2014_Nov16_ROW.xlsb
2014,PRT,M73,Advertising and market research,,2084.492305076449,632.944891646268,1391.0096783336605,WIOT2014_Nov16_ROW.xlsb
2014,PRT,M74_M75,"Other professional, scientific and technical activities; veterinary activities",,1032.0644739523725,496.2990115924554,500.3286460415861,WIOT2014_Nov16_ROW.xlsb
2014,PRT,N,Administrative and support service activities,,10826.701683290798,6672.524332229428,3929.0237391368723,WIOT2014_Nov16_ROW.xlsb
2014,PRT,O84,Public administration and defence; compulsory social security,government,22350.644445185942,16031.184215407231,5973.8366712248835,WIOT2014_Nov16_ROW.xlsb
2014,PRT,P85,Education,government,14588.050639126119,12437.534402377923,2040.7088538301841,WIOT2014_Nov16_ROW.xlsb
2014,PRT,Q,Human health and social work activities,,20814.492360857366,12197.82400616368,7933.010954685587,WIOT2014_Nov16_ROW.xlsb
2014,PRT,R_S,Other service activities,,7981.913515310223,4338.232283893644,3352.3579412002946,WIOT2014_Nov16_ROW.xlsb
2014,PRT,T,Activities of households as employers; undifferentiated goods- and services-prod,,1549.430270619043,1549.430270619043,0.0,WIOT2014_Nov16_ROW.xlsb
2014,PRT,U,Activities of extraterritorial organizations and bodies,,0.0,0.0,0.0,WIOT2014_Nov16_ROW.xlsb
2014,ROU,A01,"Crop and animal production, hunting and related service activities",agriculture,18590.088784478903,8547.691584478905,9556.582562030779,WIOT2014_Nov16_ROW.xlsb
2014,ROU,A02,Forestry and logging,agriculture,1890.9858557900766,753.6570057900764,1095.2023465264724,WIOT2014_Nov16_ROW.xlsb
2014,ROU,A03,Fishing and aquaculture,agriculture,148.52621798323068,101.23161798323069,45.873463387277766,WIOT2014_Nov16_ROW.xlsb
2014,ROU,B,Mining and quarrying,oil,4869.879760832993,2211.816960832994,2553.126696585315,WIOT2014_Nov16_ROW.xlsb
2014,ROU,C10-C12,"Manufacture of food products, beverages and tobacco products",consumer_goods,25253.044005168485,8945.307955168486,15253.408465677896,WIOT2014_Nov16_ROW.xlsb
2014,ROU,C13-C15,"Manufacture of textiles, wearing apparel and leather products",consumer_goods,8523.385593352516,4214.794393352516,4049.690961103808,WIOT2014_Nov16_ROW.xlsb
2014,ROU,C16,"Manufacture of wood and of products of wood and cork, except furniture; manufact",consumer_goods,4622.114647649876,1457.3619476498764,3033.653595631025,WIOT2014_Nov16_ROW.xlsb
2014,ROU,C17,Manufacture of paper and paper products,consumer_goods,1116.3379335537454,268.48923355374546,806.4580395799629,WIOT2014_Nov16_ROW.xlsb
2014,ROU,C18,Printing and reproduction of recorded media,consumer_goods,1331.9533644900453,682.1840144900453,625.4495541997458,WIOT2014_Nov16_ROW.xlsb
2014,ROU,C19,Manufacture of coke and refined petroleum products ,oil,9926.147968741545,2621.257868741545,7063.1047615297575,WIOT2014_Nov16_ROW.xlsb
2014,ROU,C20,Manufacture of chemicals and chemical products ,consumer_goods,3798.4451024834802,1132.0127524834807,2509.7067428257615,WIOT2014_Nov16_ROW.xlsb
2014,ROU,C21,Manufacture of basic pharmaceutical products and pharmaceutical preparations,consumer_goods,874.4182171427767,379.8176671427766,471.0741907028991,WIOT2014_Nov16_ROW.xlsb
2014,ROU,C22,Manufacture of rubber and plastic products,consumer_goods,5237.475507845158,1459.8857578451582,3593.412564443215,WIOT2014_Nov16_ROW.xlsb
2014,ROU,C23,Manufacture of other non-metallic mineral products,consumer_goods,3852.249322772576,1544.379122772576,2202.5675223531384,WIOT2014_Nov16_ROW.xlsb
2014,ROU,C24,Manufacture of basic metals,consumer_goods,6633.063987195638,1755.4762371956392,4646.383330360271,WIOT2014_Nov16_ROW.xlsb
2014,ROU,C25,"Manufacture of fabricated metal products, except machinery and equipment",consumer_goods,5719.986441400698,2203.712641400698,3374.0990870451806,WIOT2014_Nov16_ROW.xlsb
2014,ROU,C26,"Manufacture of computer, electronic and optical products",electronics,3195.4392854656953,1281.4693354656954,1823.2171239146503,WIOT2014_Nov16_ROW.xlsb
2014,ROU,C27,Manufacture of electrical equipment,electronics,5579.2983690892115,2109.9206190892114,3315.3231061678566,WIOT2014_Nov16_ROW.xlsb
2014,ROU,C28,Manufacture of machinery and equipment n.e.c.,consumer_goods,4565.122029121428,1949.704079121427,2499.151765229164,WIOT2014_Nov16_ROW.xlsb
2014,ROU,C29,"Manufacture of motor vehicles, trailers and semi-trailers",automotive,15354.13027138809,2846.30277138809,11855.118360155971,WIOT2014_Nov16_ROW.xlsb
2014,ROU,C30,Manufacture of other transport equipment,aerospace,2380.6706853841624,998.3664353841624,1324.0281620053265,WIOT2014_Nov16_ROW.xlsb
2014,ROU,C31_C32,Manufacture of furniture; other manufacturing,consumer_goods,3479.4724286214623,1318.0029286214624,2058.957165019676,WIOT2014_Nov16_ROW.xlsb
2014,ROU,C33,Repair and installation of machinery and equipment,consumer_goods,3350.7408497075526,2015.3326497075527,1272.4695315958597,WIOT2014_Nov16_ROW.xlsb
2014,ROU,D35,"Electricity, gas, steam and air conditioning supply",utilities,19186.319255238064,6619.107805238065,12075.086914959902,WIOT2014_Nov16_ROW.xlsb
2014,ROU,E36,"Water collection, treatment and supply",utilities,1069.4419094499167,575.6384594499168,472.3463600010052,WIOT2014_Nov16_ROW.xlsb
2014,ROU,E37-E39,"Sewerage; waste collection, treatment and disposal activities; materials recover",utilities,3571.404577856163,1049.3801778561628,2438.369119175496,WIOT2014_Nov16_ROW.xlsb
2014,ROU,F,Construction,,38409.3050902287,14279.4938902287,23182.661589898118,WIOT2014_Nov16_ROW.xlsb
2014,ROU,G45,Wholesale and retail trade and repair of motor vehicles and motorcycles,consumer_goods,4620.38759860356,2384.5220986035597,2117.7451411704624,WIOT2014_Nov16_ROW.xlsb
2014,ROU,G46,"Wholesale trade, except of motor vehicles and motorcycles",consumer_goods,22187.93049773638,7065.083597736381,14424.840528917053,WIOT2014_Nov16_ROW.xlsb
2014,ROU,G47,"Retail trade, except of motor vehicles and motorcycles",consumer_goods,15096.401413706992,4948.255613706992,9644.953060985723,WIOT2014_Nov16_ROW.xlsb
2014,ROU,H49,Land transport and transport via pipelines,shipping,23660.837634391188,8909.439334391187,13833.892575919328,WIOT2014_Nov16_ROW.xlsb
2014,ROU,H50,Water transport,shipping,1991.4204003297207,891.5552503297207,1046.9933916925916,WIOT2014_Nov16_ROW.xlsb
2014,ROU,H51,Air transport,aviation,1164.828156777251,293.863556777251,826.383612041592,WIOT2014_Nov16_ROW.xlsb
2014,ROU,H52,Warehousing and support activities for transportation,ports,5842.872623542458,2212.879223542458,3494.2280276876145,WIOT2014_Nov16_ROW.xlsb
2014,ROU,H53,Postal and courier activities,telecommunications,991.4590025123886,544.0202025123887,433.43058558983563,WIOT2014_Nov16_ROW.xlsb
2014,ROU,I,Accommodation and food service activities,tourism,6761.928416036188,3089.954416036188,3331.2704820387194,WIOT2014_Nov16_ROW.xlsb
2014,ROU,J58,Publishing activities,telecommunications,1325.5765680113377,616.5561180113378,677.9712130141666,WIOT2014_Nov16_ROW.xlsb
2014,ROU,J59_J60,"Motion picture, video and television programme production, sound recording and m",telecommunications,1424.2840635046653,574.4426135046655,809.6773712070952,WIOT2014_Nov16_ROW.xlsb
2014,ROU,J61,Telecommunications,telecommunications,6013.319079421245,3223.601929421246,2671.719918217319,WIOT2014_Nov16_ROW.xlsb
2014,ROU,J62_J63,"Computer programming, consultancy and related activities; information service ac",telecommunications,10013.031820763936,5756.517820763936,4081.4860861507937,WIOT2014_Nov16_ROW.xlsb
2014,ROU,K64,"Financial service activities, except insurance and pension funding",banking,6826.227780529823,4785.120380529823,1976.6049418875316,WIOT2014_Nov16_ROW.xlsb
2014,ROU,K65,"Insurance, reinsurance and pension funding, except compulsory social security",insurance,1103.0529408897712,525.4211408897713,562.771282819452,WIOT2014_Nov16_ROW.xlsb
2014,ROU,K66,Activities auxiliary to financial services and insurance activities,capital_markets,1556.6025904378478,1476.8925904378477,77.35249668354088,WIOT2014_Nov16_ROW.xlsb
2014,ROU,L68,Real estate activities,,20392.198039346997,16395.007239346996,3760.5341824480233,WIOT2014_Nov16_ROW.xlsb
2014,ROU,M69_M70,Legal and accounting activities; activities of head offices; management consulta,,8229.654405552048,4119.541105552049,3979.756455523857,WIOT2014_Nov16_ROW.xlsb
2014,ROU,M71,Architectural and engineering activities; technical testing and analysis,,4718.165144610409,2247.952244610409,2368.684744683416,WIOT2014_Nov16_ROW.xlsb
2014,ROU,M72,Scientific research and development,,1286.2529897259744,912.5459397259743,356.5339254244735,WIOT2014_Nov16_ROW.xlsb
2014,ROU,M73,Advertising and market research,,2704.160256751932,1024.8034067519322,1625.6596630830659,WIOT2014_Nov16_ROW.xlsb
2014,ROU,M74_M75,"Other professional, scientific and technical activities; veterinary activities",,2703.230307265454,1212.3876072654539,1441.5180774153146,WIOT2014_Nov16_ROW.xlsb
2014,ROU,N,Administrative and support service activities,,8418.434151307123,4292.511701307121,3996.716168013777,WIOT2014_Nov16_ROW.xlsb
2014,ROU,O84,Public administration and defence; compulsory social security,government,9414.80860110518,7538.036651105181,1786.8711675938853,WIOT2014_Nov16_ROW.xlsb
2014,ROU,P85,Education,government,9568.51596622736,7833.89351622736,1635.3448086991575,WIOT2014_Nov16_ROW.xlsb
2014,ROU,Q,Human health and social work activities,,9150.968646798656,5169.9855467986545,3777.0743346140935,WIOT2014_Nov16_ROW.xlsb
2014,ROU,R_S,Other service activities,,8584.09800982688,4983.065897773656,3476.660340954485,WIOT2014_Nov16_ROW.xlsb
2014,ROU,T,Activities of households as employers; undifferentiated goods- and services-prod,,0.0,0.0,0.0,WIOT2014_Nov16_ROW.xlsb
2014,ROU,U,Activities of extraterritorial organizations and bodies,,0.0,0.0,0.0,WIOT2014_Nov16_ROW.xlsb
2014,RUS,A01,"Crop and animal production, hunting and related service activities",agriculture,111861.49509619751,50566.0260129008,57847.322058269856,WIOT2014_Nov16_ROW.xlsb
2014,RUS,A02,Forestry and logging,agriculture,0.0,0.0,0.0,WIOT2014_Nov16_ROW.xlsb
2014,RUS,A03,Fishing and aquaculture,agriculture,0.0,0.0,0.0,WIOT2014_Nov16_ROW.xlsb
2014,RUS,B,Mining and quarrying,oil,260623.85449082442,170602.24710253466,85602.55428903224,WIOT2014_Nov16_ROW.xlsb
2014,RUS,C10-C12,"Manufacture of food products, beverages and tobacco products",consumer_goods,135442.6542295692,31479.98977794805,95534.34693532235,WIOT2014_Nov16_ROW.xlsb
2014,RUS,C13-C15,"Manufacture of textiles, wearing apparel and leather products",consumer_goods,11982.861726454268,4254.582014277247,7075.45389456132,WIOT2014_Nov16_ROW.xlsb
2014,RUS,C16,"Manufacture of wood and of products of wood and cork, except furniture; manufact",consumer_goods,13134.20556348184,4921.2822560217155,7712.088523155675,WIOT2014_Nov16_ROW.xlsb
2014,RUS,C17,Manufacture of paper and paper products,consumer_goods,27452.6696099905,9522.026571153103,16806.770495372657,WIOT2014_Nov16_ROW.xlsb
2014,RUS,C18,Printing and reproduction of recorded media,consumer_goods,0.0,0.0,0.0,WIOT2014_Nov16_ROW.xlsb
2014,RUS,C19,Manufacture of coke and refined petroleum products ,oil,195340.9813206141,57412.77717191286,121986.08832341703,WIOT2014_Nov16_ROW.xlsb
2014,RUS,C20,Manufacture of chemicals and chemical products ,consumer_goods,62430.523225949895,18816.61303282798,40028.19151484222,WIOT2014_Nov16_ROW.xlsb
2014,RUS,C21,Manufacture of basic pharmaceutical products and pharmaceutical preparations,consumer_goods,0.0,0.0,0.0,WIOT2014_Nov16_ROW.xlsb
2014,RUS,C22,Manufacture of rubber and plastic products,consumer_goods,23788.220200006974,5081.984061866571,17290.961642225036,WIOT2014_Nov16_ROW.xlsb
2014,RUS,C23,Manufacture of other non-metallic mineral products,consumer_goods,34244.838976238614,11890.293821461439,21194.77403642871,WIOT2014_Nov16_ROW.xlsb
2014,RUS,C24,Manufacture of basic metals,consumer_goods,143681.90763316507,40930.457594458894,97759.91381310846,WIOT2014_Nov16_ROW.xlsb
2014,RUS,C25,"Manufacture of fabricated metal products, except machinery and equipment",consumer_goods,0.0,0.0,0.0,WIOT2014_Nov16_ROW.xlsb
2014,RUS,C26,"Manufacture of computer, electronic and optical products",electronics,39793.39764260652,12724.579712928844,25739.432021400076,WIOT2014_Nov16_ROW.xlsb
2014,RUS,C27,Manufacture of electrical equipment,electronics,0.0,0.0,0.0,WIOT2014_Nov16_ROW.xlsb
2014,RUS,C28,Manufacture of machinery and equipment n.e.c.,consumer_goods,55497.44021215886,16947.065750482463,36517.35399415264,WIOT2014_Nov16_ROW.xlsb
2014,RUS,C29,"Manufacture of motor vehicles, trailers and semi-trailers",automotive,76314.18518430034,13577.469435127481,59697.349796278126,WIOT2014_Nov16_ROW.xlsb
2014,RUS,C30,Manufacture of other transport equipment,aerospace,0.0,0.0,0.0,WIOT2014_Nov16_ROW.xlsb
2014,RUS,C31_C32,Manufacture of furniture; other manufacturing,consumer_goods,15761.343763756733,4177.07074906368,10849.91822947784,WIOT2014_Nov16_ROW.xlsb
2014,RUS,C33,Repair and installation of machinery and equipment,consumer_goods,0.0,0.0,0.0,WIOT2014_Nov16_ROW.xlsb
2014,RUS,D35,"Electricity, gas, steam and air conditioning supply",utilities,165266.08457621076,42930.48910062428,113448.16995488656,WIOT2014_Nov16_ROW.xlsb
2014,RUS,E36,"Water collection, treatment and supply",utilities,0.0,0.0,0.0,WIOT2014_Nov16_ROW.xlsb
2014,RUS,E37-E39,"Sewerage; waste collection, treatment and disposal activities; materials recover",utilities,0.0,0.0,0.0,WIOT2014_Nov16_ROW.xlsb
2014,RUS,F,Construction,,246229.37014230987,107105.88629967812,133017.77847923464,WIOT2014_Nov16_ROW.xlsb
2014,RUS,G45,Wholesale and retail trade and repair of motor vehicles and motorcycles,consumer_goods,44654.10408825139,29642.0642069548,14522.909797301938,WIOT2014_Nov16_ROW.xlsb
2014,RUS,G46,"Wholesale trade, except of motor vehicles and motorcycles",consumer_goods,328855.0138730605,188689.4701056693,135598.59729599053,WIOT2014_Nov16_ROW.xlsb
2014,RUS,G47,"Retail trade, except of motor vehicles and motorcycles",consumer_goods,160416.37613882203,106238.24575907117,52412.870343543924,WIOT2014_Nov16_ROW.xlsb
2014,RUS,H49,Land transport and transport via pipelines,shipping,141792.70765390806,70424.09307592234,67675.27591041646,WIOT2014_Nov16_ROW.xlsb
2014,RUS,H50,Water transport,shipping,3453.693654740058,1409.1237325483735,1938.7630532335625,WIOT2014_Nov16_ROW.xlsb
2014,RUS,H51,Air transport,aviation,20177.181801651106,4381.326730314116,14978.416735741483,WIOT2014_Nov16_ROW.xlsb
2014,RUS,H52,Warehousing and support activities for transportation,ports,59310.53172348861,29218.81261654331,28534.467191623204,WIOT2014_Nov16_ROW.xlsb
2014,RUS,H53,Postal and courier activities,telecommunications,0.0,0.0,0.0,WIOT2014_Nov16_ROW.xlsb
2014,RUS,I,Accommodation and food service activities,tourism,29395.038473797136,14397.399117823446,13710.298036059692,WIOT2014_Nov16_ROW.xlsb
2014,RUS,J58,Publishing activities,telecommunications,0.0,0.0,0.0,WIOT2014_Nov16_ROW.xlsb
2014,RUS,J59_J60,"Motion picture, video and television programme production, sound recording and m",telecommunications,0.0,0.0,0.0,WIOT2014_Nov16_ROW.xlsb
2014,RUS,J61,Telecommunications,telecommunications,54579.208528246236,30546.513924304272,23034.678192504387,WIOT2014_Nov16_ROW.xlsb
2014,RUS,J62_J63,"Computer programming, consultancy and related activities; information service ac",telecommunications,0.0,0.0,0.0,WIOT2014_Nov16_ROW.xlsb
2014,RUS,K64,"Financial service activities, except insurance and pension funding",banking,113906.35546364031,77547.73062514633,34700.40254114241,WIOT2014_Nov16_ROW.xlsb
2014,RUS,K65,"Insurance, reinsurance and pension funding, except compulsory social security",insurance,0.0,0.0,0.0,WIOT2014_Nov16_ROW.xlsb
2014,RUS,K66,Activities auxiliary to financial services and insurance activities,capital_markets,0.0,0.0,0.0,WIOT2014_Nov16_ROW.xlsb
2014,RUS,L68,Real estate activities,,129404.52484565273,87878.28623148083,38479.971495864316,WIOT2014_Nov16_ROW.xlsb
2014,RUS,M69_M70,Legal and accounting activities; activities of head offices; management consulta,,0.0,0.0,0.0,WIOT2014_Nov16_ROW.xlsb
2014,RUS,M71,Architectural and engineering activities; technical testing and analysis,,0.0,0.0,0.0,WIOT2014_Nov16_ROW.xlsb
2014,RUS,M72,Scientific research and development,,0.0,0.0,0.0,WIOT2014_Nov16_ROW.xlsb
2014,RUS,M73,Advertising and market research,,0.0,0.0,0.0,WIOT2014_Nov16_ROW.xlsb
2014,RUS,M74_M75,"Other professional, scientific and technical activities; veterinary activities",,0.0,0.0,0.0,WIOT2014_Nov16_ROW.xlsb
2014,RUS,N,Administrative and support service activities,,219059.02289289836,130184.32464675645,86844.60564166316,WIOT2014_Nov16_ROW.xlsb
2014,RUS,O84,Public administration and defence; compulsory social security,government,211472.48824905162,104964.14481797448,101650.77494682341,WIOT2014_Nov16_ROW.xlsb
2014,RUS,P85,Education,government,75824.24850982302,50611.728462662984,24202.382640069238,WIOT2014_Nov16_ROW.xlsb
2014,RUS,Q,Human health and social work activities,,116746.22452652924,68123.89853269196,45775.28146735974,WIOT2014_Nov16_ROW.xlsb
2014,RUS,R_S,Other service activities,,53186.61338750416,26698.153808887695,24557.161163776676,WIOT2014_Nov16_ROW.xlsb
2014,RUS,T,Activities of households as employers; undifferentiated goods- and services-prod,,0.0,0.0,0.0,WIOT2014_Nov16_ROW.xlsb
2014,RUS,U,Activities of extraterritorial organizations and bodies,,0.0,0.0,0.0,WIOT2014_Nov16_ROW.xlsb
2014,SVK,A01,"Crop and animal production, hunting and related service activities",agriculture,5659.54285,3015.56215,2539.8828012306108,WIOT2014_Nov16_ROW.xlsb
2014,SVK,A02,Forestry and logging,agriculture,1611.8690499999998,952.13595,643.4227491620704,WIOT2014_Nov16_ROW.xlsb
2014,SVK,A03,Fishing and aquaculture,agriculture,44.770450000000004,39.3236,5.129865787736156,WIOT2014_Nov16_ROW.xlsb
2014,SVK,B,Mining and quarrying,oil,702.64365,424.8543,254.8854821124152,WIOT2014_Nov16_ROW.xlsb
2014,SVK,C10-C12,"Manufacture of food products, beverages and tobacco products",consumer_goods,5079.5197499999995,1339.26085,3676.8339476964684,WIOT2014_Nov16_ROW.xlsb
2014,SVK,C13-C15,"Manufacture of textiles, wearing apparel and leather products",consumer_goods,2013.60745,793.9116,1167.4775199015419,WIOT2014_Nov16_ROW.xlsb
2014,SVK,C16,"Manufacture of wood and of products of wood and cork, except furniture; manufact",consumer_goods,2095.97445,949.21325,1118.227580198539,WIOT2014_Nov16_ROW.xlsb
2014,SVK,C17,Manufacture of paper and paper products,consumer_goods,1631.5308499999999,411.5693,1170.7137208190798,WIOT2014_Nov16_ROW.xlsb
2014,SVK,C18,Printing and reproduction of recorded media,consumer_goods,587.9941,227.1735,342.5144153080827,WIOT2014_Nov16_ROW.xlsb
2014,SVK,C19,Manufacture of coke and refined petroleum products ,oil,5124.1573499999995,254.8063,4400.704536756051,WIOT2014_Nov16_ROW.xlsb
2014,SVK,C20,Manufacture of chemicals and chemical products ,consumer_goods,2540.75625,498.9846,1860.7155237498196,WIOT2014_Nov16_ROW.xlsb
2014,SVK,C21,Manufacture of basic pharmaceutical products and pharmaceutical preparations,consumer_goods,283.10335,106.14715,170.18500299893634,WIOT2014_Nov16_ROW.xlsb
2014,SVK,C22,Manufacture of rubber and plastic products,consumer_goods,5317.85265,1640.29895,3507.5372737988505,WIOT2014_Nov16_ROW.xlsb
2014,SVK,C23,Manufacture of other non-metallic mineral products,consumer_goods,2041.2402499999998,710.61465,1259.3362119413996,WIOT2014_Nov16_ROW.xlsb
2014,SVK,C24,Manufacture of basic metals,consumer_goods,5428.516699999999,1065.32415,4086.7227603131078,WIOT2014_Nov16_ROW.xlsb
2014,SVK,C25,"Manufacture of fabricated metal products, except machinery and equipment",consumer_goods,7373.30785,2740.03125,4462.59519331331,WIOT2014_Nov16_ROW.xlsb
2014,SVK,C26,"Manufacture of computer, electronic and optical products",electronics,7799.3578,874.81725,6383.631328028124,WIOT2014_Nov16_ROW.xlsb
2014,SVK,C27,Manufacture of electrical equipment,electronics,4389.364,935.1311499999999,3282.0837288256803,WIOT2014_Nov16_ROW.xlsb
2014,SVK,C28,Manufacture of machinery and equipment n.e.c.,consumer_goods,5276.93485,1526.31365,3593.9393366567674,WIOT2014_Nov16_ROW.xlsb
2014,SVK,C29,"Manufacture of motor vehicles, trailers and semi-trailers",automotive,28042.90795,3496.2134499999997,23547.44563655768,WIOT2014_Nov16_ROW.xlsb
2014,SVK,C30,Manufacture of other transport equipment,aerospace,513.0667,143.87654999999998,351.00740314128757,WIOT2014_Nov16_ROW.xlsb
2014,SVK,C31_C32,Manufacture of furniture; other manufacturing,consumer_goods,1947.581,621.7379999999999,1278.1135800528045,WIOT2014_Nov16_ROW.xlsb
2014,SVK,C33,Repair and installation of machinery and equipment,consumer_goods,1983.9819,722.1726,1215.795308046851,WIOT2014_Nov16_ROW.xlsb
2014,SVK,D35,"Electricity, gas, steam and air conditioning supply",utilities,13028.73235,2841.7943499999997,9410.170138206286,WIOT2014_Nov16_ROW.xlsb
2014,SVK,E36,"Water collection, treatment and supply",utilities,702.90935,380.34955,307.86157374474226,WIOT2014_Nov16_ROW.xlsb
2014,SVK,E37-E39,"Sewerage; waste collection, treatment and disposal activities; materials recover",utilities,806.6652,307.81345,479.4341640302998,WIOT2014_Nov16_ROW.xlsb
2014,SVK,F,Construction,,16212.34975,7618.548949999999,8298.154504054379,WIOT2014_Nov16_ROW.xlsb
2014,SVK,G45,Wholesale and retail trade and repair of motor vehicles and motorcycles,consumer_goods,2451.8795999999998,1361.1810999999998,1051.5836024743762,WIOT2014_Nov16_ROW.xlsb
2014,SVK,G46,"Wholesale trade, except of motor vehicles and motorcycles",consumer_goods,10914.4246,4993.69865,5820.866449609368,WIOT2014_Nov16_ROW.xlsb
2014,SVK,G47,"Retail trade, except of motor vehicles and motorcycles",consumer_goods,10665.729399999998,6243.55145,4304.165663440492,WIOT2014_Nov16_ROW.xlsb
2014,SVK,H49,Land transport and transport via pipelines,shipping,7149.322749999999,3212.3129999999996,3714.1958912367872,WIOT2014_Nov16_ROW.xlsb
2014,SVK,H50,Water transport,shipping,55.398450000000004,20.591749999999998,33.1267181236217,WIOT2014_Nov16_ROW.xlsb
2014,SVK,H51,Air transport,aviation,196.21944999999997,53.804249999999996,133.7814336029327,WIOT2014_Nov16_ROW.xlsb
2014,SVK,H52,Warehousing and support activities for transportation,ports,5198.021949999999,2531.5896,2619.3265920288095,WIOT2014_Nov16_ROW.xlsb
2014,SVK,H53,Postal and courier activities,telecommunications,822.7400499999999,381.14664999999997,430.85238476803215,WIOT2014_Nov16_ROW.xlsb
2014,SVK,I,Accommodation and food service activities,tourism,2477.9182,1376.19315,1054.76150773864,WIOT2014_Nov16_ROW.xlsb
2014,SVK,J58,Publishing activities,telecommunications,621.3394499999999,355.37375,254.7586979829821,WIOT2014_Nov16_ROW.xlsb
2014,SVK,J59_J60,"Motion picture, video and television programme production, sound recording and m",telecommunications,557.83715,232.62034999999997,309.597171207218,WIOT2014_Nov16_ROW.xlsb
2014,SVK,J61,Telecommunications,telecommunications,2563.87215,1417.11095,1078.9764871343998,WIOT2014_Nov16_ROW.xlsb
2014,SVK,J62_J63,"Computer programming, consultancy and related activities; information service ac",telecommunications,3622.9523499999996,1981.8563,1583.9269909864513,WIOT2014_Nov16_ROW.xlsb
2014,SVK,K64,"Financial service activities, except insurance and pension funding",banking,4262.757949999999,2807.1205,1438.8518325726202,WIOT2014_Nov16_ROW.xlsb
2014,SVK,K65,"Insurance, reinsurance and pension funding, except compulsory social security",insurance,1466.53115,399.47995,1057.861425916744,WIOT2014_Nov16_ROW.xlsb
2014,SVK,K66,Activities auxiliary to financial services and insurance activities,capital_markets,1140.25155,606.72595,522.1937658422768,WIOT2014_Nov16_ROW.xlsb
2014,SVK,L68,Real estate activities,,9899.31775,6125.84635,3525.943669573364,WIOT2014_Nov16_ROW.xlsb
2014,SVK,M69_M70,Legal and accounting activities; activities of head offices; management consulta,,4060.9588,2316.77115,1698.3870946467382,WIOT2014_Nov16_ROW.xlsb
2014,SVK,M71,Architectural and engineering activities; technical testing and analysis,,2108.5951999999997,1050.97635,1028.1327214028097,WIOT2014_Nov16_ROW.xlsb
2014,SVK,M72,Scientific research and development,,346.33995,202.86194999999998,137.24917595953718,WIOT2014_Nov16_ROW.xlsb
2014,SVK,M73,Advertising and market research,,1379.7800999999997,517.8493,841.4703695565423,WIOT2014_Nov16_ROW.xlsb
2014,SVK,M74_M75,"Other professional, scientific and technical activities; veterinary activities",,1802.2431,431.7625,1321.0149681489545,WIOT2014_Nov16_ROW.xlsb
2014,SVK,N,Administrative and support service activities,,4447.286599999999,2205.97425,2156.9199660208533,WIOT2014_Nov16_ROW.xlsb
2014,SVK,O84,Public administration and defence; compulsory social security,government,8111.5553,5715.472699999999,2293.6777493348413,WIOT2014_Nov16_ROW.xlsb
2014,SVK,P85,Education,government,4579.6052,3396.5759499999995,1114.6777813981664,WIOT2014_Nov16_ROW.xlsb
2014,SVK,Q,Human health and social work activities,,5303.903399999999,3245.6583499999997,1998.600646355785,WIOT2014_Nov16_ROW.xlsb
2014,SVK,R_S,Other service activities,,4842.1168,3283.5206,1484.3008266350578,WIOT2014_Nov16_ROW.xlsb
2014,SVK,T,Activities of households as employers; undifferentiated goods- and services-prod,,0.0,0.0,0.0,WIOT2014_Nov16_ROW.xlsb
2014,SVK,U,Activities of extraterritorial organizations and bodies,,0.0,0.0,0.0,WIOT2014_Nov16_ROW.xlsb
2014,SVN,A01,"Crop and animal production, hunting and related service activities",agriculture,1749.769160011782,721.1116100117822,875.8699988158265,WIOT2014_Nov16_ROW.xlsb
2014,SVN,A02,Forestry and logging,agriculture,497.25806437811104,307.2825643781111,169.18277526327662,WIOT2014_Nov16_ROW.xlsb
2014,SVN,A03,Fishing and aquaculture,agriculture,17.270517865122745,6.243967865122746,9.682748669118125,WIOT2014_Nov16_ROW.xlsb
2014,SVN,B,Mining and quarrying,oil,369.19053190135463,170.97833190135464,191.74431895279727,WIOT2014_Nov16_ROW.xlsb
2014,SVN,C10-C12,"Manufacture of food products, beverages and tobacco products",consumer_goods,2447.4980817627406,655.351581762741,1730.591149089528,WIOT2014_Nov16_ROW.xlsb
2014,SVN,C13-C15,"Manufacture of textiles, wearing apparel and leather products",consumer_goods,967.9461012714179,335.8458012714179,598.2867998022238,WIOT2014_Nov16_ROW.xlsb
2014,SVN,C16,"Manufacture of wood and of products of wood and cork, except furniture; manufact",consumer_goods,991.1948753206216,327.8748253206216,637.9815159912878,WIOT2014_Nov16_ROW.xlsb
2014,SVN,C17,Manufacture of paper and paper products,consumer_goods,965.5547987977855,245.24209879778553,690.5199061109685,WIOT2014_Nov16_ROW.xlsb
2014,SVN,C18,Printing and reproduction of recorded media,consumer_goods,530.7362990089644,180.1451490089644,341.40549855672145,WIOT2014_Nov16_ROW.xlsb
2014,SVN,C19,Manufacture of coke and refined petroleum products ,oil,4.251204397568675,1.0628043975686754,2.6461330120368007,WIOT2014_Nov16_ROW.xlsb
2014,SVN,C20,Manufacture of chemicals and chemical products ,consumer_goods,1922.8728890752818,538.1773390752817,1310.047443931145,WIOT2014_Nov16_ROW.xlsb
2014,SVN,C21,Manufacture of basic pharmaceutical products and pharmaceutical preparations,consumer_goods,2604.792644472782,1219.5656944727818,1346.1663928910787,WIOT2014_Nov16_ROW.xlsb
2014,SVN,C22,Manufacture of rubber and plastic products,consumer_goods,1980.5298487173068,681.9210987173068,1236.726357949476,WIOT2014_Nov16_ROW.xlsb
2014,SVN,C23,Manufacture of other non-metallic mineral products,consumer_goods,1041.4122272669015,372.2467772669015,644.6334024669351,WIOT2014_Nov16_ROW.xlsb
2014,SVN,C24,Manufacture of basic metals,consumer_goods,2052.6674733385503,460.1945233385505,1533.3758930399167,WIOT2014_Nov16_ROW.xlsb
2014,SVN,C25,"Manufacture of fabricated metal products, except machinery and equipment",consumer_goods,4051.663491157796,1362.3809411577959,2599.715564567808,WIOT2014_Nov16_ROW.xlsb
2014,SVN,C26,"Manufacture of computer, electronic and optical products",electronics,809.8544377368328,323.49058773683277,452.69819728759575,WIOT2014_Nov16_ROW.xlsb
2014,SVN,C27,Manufacture of electrical equipment,electronics,2887.8962873233713,913.745287323371,1883.62991271364,WIOT2014_Nov16_ROW.xlsb
2014,SVN,C28,Manufacture of machinery and equipment n.e.c.,consumer_goods,1842.2328556589007,650.0369556589008,1142.9483188764304,WIOT2014_Nov16_ROW.xlsb
2014,SVN,C29,"Manufacture of motor vehicles, trailers and semi-trailers",automotive,3489.5745597167625,789.5311597167625,2531.9633293618217,WIOT2014_Nov16_ROW.xlsb
2014,SVN,C30,Manufacture of other transport equipment,aerospace,95.38639867044715,29.891348670447158,61.96331560987964,WIOT2014_Nov16_ROW.xlsb
2014,SVN,C31_C32,Manufacture of furniture; other manufacturing,consumer_goods,902.1852832465274,359.6258832465274,519.3938826121027,WIOT2014_Nov16_ROW.xlsb
2014,SVN,C33,Repair and installation of machinery and equipment,consumer_goods,895.5427763753263,424.85522637532637,444.899993590031,WIOT2014_Nov16_ROW.xlsb
2014,SVN,D35,"Electricity, gas, steam and air conditioning supply",utilities,2672.2805142841844,1216.7759142841846,1397.1152361176978,WIOT2014_Nov16_ROW.xlsb
2014,SVN,E36,"Water collection, treatment and supply",utilities,510.8087783953612,189.97602839536117,302.5873993613108,WIOT2014_Nov16_ROW.xlsb
2014,SVN,E37-E39,"Sewerage; waste collection, treatment and disposal activities; materials recover",utilities,938.9847713129811,255.33867131298126,659.8039103209557,WIOT2014_Nov16_ROW.xlsb
2014,SVN,F,Construction,,7353.6536568318415,2440.9935068318414,4687.663462374147,WIOT2014_Nov16_ROW.xlsb
2014,SVN,G45,Wholesale and retail trade and repair of motor vehicles and motorcycles,consumer_goods,1202.4265938248152,616.8237938248152,558.3554454013555,WIOT2014_Nov16_ROW.xlsb
2014,SVN,G46,"Wholesale trade, except of motor vehicles and motorcycles",consumer_goods,4573.498830959351,2293.527130959351,2221.4571450033773,WIOT2014_Nov16_ROW.xlsb
2014,SVN,G47,"Retail trade, except of motor vehicles and motorcycles",consumer_goods,3888.789222675946,2175.289922675946,1670.1976263860165,WIOT2014_Nov16_ROW.xlsb
2014,SVN,H49,Land transport and transport via pipelines,shipping,3932.231217613601,1361.318017613601,2332.0667331796762,WIOT2014_Nov16_ROW.xlsb
2014,SVN,H50,Water transport,shipping,167.9225737039627,44.903473703962696,122.42919311938552,WIOT2014_Nov16_ROW.xlsb
2014,SVN,H51,Air transport,aviation,276.72683625423605,44.77073625423602,214.05137483900958,WIOT2014_Nov16_ROW.xlsb
2014,SVN,H52,Warehousing and support activities for transportation,ports,1945.3245622999411,894.0825122999412,1035.4916351671768,WIOT2014_Nov16_ROW.xlsb
2014,SVN,H53,Postal and courier activities,telecommunications,390.71225416404616,249.22700416404612,136.30472466140148,WIOT2014_Nov16_ROW.xlsb
2014,SVN,I,Accommodation and food service activities,tourism,2085.4814572822834,962.6332572822834,1032.630494402491,WIOT2014_Nov16_ROW.xlsb
2014,SVN,J58,Publishing activities,telecommunications,356.03836829637663,144.40831829637662,206.0786331445725,WIOT2014_Nov16_ROW.xlsb
2014,SVN,J59_J60,"Motion picture, video and television programme production, sound recording and m",telecommunications,431.4972463532206,156.89629635322058,262.4592063020549,WIOT2014_Nov16_ROW.xlsb
2014,SVN,J61,Telecommunications,telecommunications,1676.9672847034185,697.9956347034185,922.2029804394124,WIOT2014_Nov16_ROW.xlsb
2014,SVN,J62_J63,"Computer programming, consultancy and related activities; information service ac",telecommunications,1348.8274452660862,796.1714452660863,533.5826353965558,WIOT2014_Nov16_ROW.xlsb
2014,SVN,K64,"Financial service activities, except insurance and pension funding",banking,2070.7350920282174,1124.5773920282172,919.588281569386,WIOT2014_Nov16_ROW.xlsb
2014,SVN,K65,"Insurance, reinsurance and pension funding, except compulsory social security",insurance,997.0402813672785,489.95183136727854,487.2777966894004,WIOT2014_Nov16_ROW.xlsb
2014,SVN,K66,Activities auxiliary to financial services and insurance activities,capital_markets,191.7027483028625,108.53864830286248,81.29139638566133,WIOT2014_Nov16_ROW.xlsb
2014,SVN,L68,Real estate activities,,3485.85475586889,2945.95235586889,518.450767825448,WIOT2014_Nov16_ROW.xlsb
2014,SVN,M69_M70,Legal and accounting activities; activities of head offices; management consulta,,1803.5734656685104,1061.4733656685105,718.9819401057556,WIOT2014_Nov16_ROW.xlsb
2014,SVN,M71,Architectural and engineering activities; technical testing and analysis,,1961.532279065672,731.6069790656719,1179.6632116049502,WIOT2014_Nov16_ROW.xlsb
2014,SVN,M72,Scientific research and development,,752.1974780948076,525.6882280948075,218.2669966285732,WIOT2014_Nov16_ROW.xlsb
2014,SVN,M73,Advertising and market research,,572.451242160107,162.21044216010696,399.89444007742946,WIOT2014_Nov16_ROW.xlsb
2014,SVN,M74_M75,"Other professional, scientific and technical activities; veterinary activities",,687.1009107570374,509.87901075703724,170.77981557505302,WIOT2014_Nov16_ROW.xlsb
2014,SVN,N,Administrative and support service activities,,2131.4476048309944,1248.1279548309947,859.9506996736859,WIOT2014_Nov16_ROW.xlsb
2014,SVN,O84,Public administration and defence; compulsory social security,government,3840.298922516178,2560.2891725161785,1222.821348381817,WIOT2014_Nov16_ROW.xlsb
2014,SVN,P85,Education,government,3118.391275754048,2380.940925754048,678.7047218917246,WIOT2014_Nov16_ROW.xlsb
2014,SVN,Q,Human health and social work activities,,3502.726723321741,2203.1880233217407,1247.032470454357,WIOT2014_Nov16_ROW.xlsb
2014,SVN,R_S,Other service activities,,2215.674591957824,1111.2925419578241,1063.0659780226567,WIOT2014_Nov16_ROW.xlsb
2014,SVN,T,Activities of households as employers; undifferentiated goods- and services-prod,,37.46373875357395,37.46373875357395,0.0,WIOT2014_Nov16_ROW.xlsb
2014,SVN,U,Activities of extraterritorial organizations and bodies,,0.0,0.0,0.0,WIOT2014_Nov16_ROW.xlsb
2014,SWE,A01,"Crop and animal production, hunting and related service activities",agriculture,7815.716430466449,1795.9602270170913,5637.721947178258,WIOT2014_Nov16_ROW.xlsb
2014,SWE,A02,Forestry and logging,agriculture,6165.399125438201,5073.909023679688,961.94085516224,WIOT2014_Nov16_ROW.xlsb
2014,SWE,A03,Fishing and aquaculture,agriculture,265.12153919671215,121.89843730322305,138.7849305175671,WIOT2014_Nov16_ROW.xlsb
2014,SWE,B,Mining and quarrying,oil,5871.305675068951,2656.9652919999994,3113.4126366009696,WIOT2014_Nov16_ROW.xlsb
2014,SWE,C10-C12,"Manufacture of food products, beverages and tobacco products",consumer_goods,23193.496543589146,6127.165493768034,16887.438035863594,WIOT2014_Nov16_ROW.xlsb
2014,SWE,C13-C15,"Manufacture of textiles, wearing apparel and leather products",consumer_goods,1581.5768156432584,593.4246905238191,952.2953284821546,WIOT2014_Nov16_ROW.xlsb
2014,SWE,C16,"Manufacture of wood and of products of wood and cork, except furniture; manufact",consumer_goods,11172.386645412496,2600.548500220615,8446.945508174656,WIOT2014_Nov16_ROW.xlsb
2014,SWE,C17,Manufacture of paper and paper products,consumer_goods,18048.85267850112,4616.858909371207,13159.49820120789,WIOT2014_Nov16_ROW.xlsb
2014,SWE,C18,Printing and reproduction of recorded media,consumer_goods,3033.800384138629,993.3381086820692,2019.151052504052,WIOT2014_Nov16_ROW.xlsb
2014,SWE,C19,Manufacture of coke and refined petroleum products ,oil,15975.94096303839,1253.2299706493077,13594.15921321271,WIOT2014_Nov16_ROW.xlsb
2014,SWE,C20,Manufacture of chemicals and chemical products ,consumer_goods,11394.658501338627,7396.713811716923,3854.277779346995,WIOT2014_Nov16_ROW.xlsb
2014,SWE,C21,Manufacture of basic pharmaceutical products and pharmaceutical preparations,consumer_goods,10778.532819042775,3963.109096744921,6570.510106486616,WIOT2014_Nov16_ROW.xlsb
2014,SWE,C22,Manufacture of rubber and plastic products,consumer_goods,6012.629342513376,2087.876982314893,3835.913372618379,WIOT2014_Nov16_ROW.xlsb
2014,SWE,C23,Manufacture of other non-metallic mineral products,consumer_goods,6290.005377634624,1949.781648589998,4193.963151420733,WIOT2014_Nov16_ROW.xlsb
2014,SWE,C24,Manufacture of basic metals,consumer_goods,18187.39252510281,3769.1728533195815,13917.010029400313,WIOT2014_Nov16_ROW.xlsb
2014,SWE,C25,"Manufacture of fabricated metal products, except machinery and equipment",consumer_goods,18282.81462265521,7367.3564200313,10689.097297046863,WIOT2014_Nov16_ROW.xlsb
2014,SWE,C26,"Manufacture of computer, electronic and optical products",electronics,20817.27887519202,11821.67178745379,8631.346617526291,WIOT2014_Nov16_ROW.xlsb
2014,SWE,C27,Manufacture of electrical equipment,electronics,9331.214309719866,2909.7812915123036,6236.750475002421,WIOT2014_Nov16_ROW.xlsb
2014,SWE,C28,Manufacture of machinery and equipment n.e.c.,consumer_goods,26308.939126099463,9888.04077338741,16003.823618725015,WIOT2014_Nov16_ROW.xlsb
2014,SWE,C29,"Manufacture of motor vehicles, trailers and semi-trailers",automotive,33017.67563367674,8321.429224596317,24083.230905189364,WIOT2014_Nov16_ROW.xlsb
2014,SWE,C30,Manufacture of other transport equipment,aerospace,5978.401851000018,2940.7490219291485,2976.9421046989655,WIOT2014_Nov16_ROW.xlsb
2014,SWE,C31_C32,Manufacture of furniture; other manufacturing,consumer_goods,6954.403957487009,2770.64876107488,4098.484505160663,WIOT2014_Nov16_ROW.xlsb
2014,SWE,C33,Repair and installation of machinery and equipment,consumer_goods,3822.5143985352056,1605.1359981134926,2170.6661995664144,WIOT2014_Nov16_ROW.xlsb
2014,SWE,D35,"Electricity, gas, steam and air conditioning supply",utilities,19589.192451570805,12202.624452000005,6927.746767601705,WIOT2014_Nov16_ROW.xlsb
2014,SWE,E36,"Water collection, treatment and supply",utilities,2916.2191786968724,1324.9620380252197,1518.307888884915,WIOT2014_Nov16_ROW.xlsb
2014,SWE,E37-E39,"Sewerage; waste collection, treatment and disposal activities; materials recover",utilities,6240.36367674917,2098.5508259747794,4005.6959869336897,WIOT2014_Nov16_ROW.xlsb
2014,SWE,F,Construction,,66041.04575219871,30572.133624000002,34388.784349520036,WIOT2014_Nov16_ROW.xlsb
2014,SWE,G45,Wholesale and retail trade and repair of motor vehicles and motorcycles,consumer_goods,12569.61274940052,7784.565032420017,4611.407816876952,WIOT2014_Nov16_ROW.xlsb
2014,SWE,G46,"Wholesale trade, except of motor vehicles and motorcycles",consumer_goods,46035.93519600855,28139.98395102153,17480.131670680334,WIOT2014_Nov16_ROW.xlsb
2014,SWE,G47,"Retail trade, except of motor vehicles and motorcycles",consumer_goods,30448.34322155141,19268.33824055844,10870.778077159868,WIOT2014_Nov16_ROW.xlsb
2014,SWE,H49,Land transport and transport via pipelines,shipping,28331.040923154138,12129.89017216909,14645.293997010529,WIOT2014_Nov16_ROW.xlsb
2014,SWE,H50,Water transport,shipping,4727.867698524519,927.1055380986544,3746.5304731036713,WIOT2014_Nov16_ROW.xlsb
2014,SWE,H51,Air transport,aviation,3939.198063317015,1207.9792382900127,2679.4957200282543,WIOT2014_Nov16_ROW.xlsb
2014,SWE,H52,Warehousing and support activities for transportation,ports,38051.049569512514,13340.240903442249,23822.82068740747,WIOT2014_Nov16_ROW.xlsb
2014,SWE,H53,Postal and courier activities,telecommunications,0.0,0.0,0.0,WIOT2014_Nov16_ROW.xlsb
2014,SWE,I,Accommodation and food service activities,tourism,19884.77511893429,8853.821832,10366.322213901845,WIOT2014_Nov16_ROW.xlsb
2014,SWE,J58,Publishing activities,telecommunications,9686.84391275914,4554.990194720584,5101.996546856798,WIOT2014_Nov16_ROW.xlsb
2014,SWE,J59_J60,"Motion picture, video and television programme production, sound recording and m",telecommunications,6815.060161805772,2514.262876273791,4175.768475525963,WIOT2014_Nov16_ROW.xlsb
2014,SWE,J61,Telecommunications,telecommunications,16883.422716377754,6216.797355693812,10587.125471020441,WIOT2014_Nov16_ROW.xlsb
2014,SWE,J62_J63,"Computer programming, consultancy and related activities; information service ac",telecommunications,25933.179409955836,15266.859753311815,10605.428867803525,WIOT2014_Nov16_ROW.xlsb
2014,SWE,K64,"Financial service activities, except insurance and pension funding",banking,23270.744736891247,16588.739879512104,5984.869738228625,WIOT2014_Nov16_ROW.xlsb
2014,SWE,K65,"Insurance, reinsurance and pension funding, except compulsory social security",insurance,8161.49833080368,5449.196094618062,2528.442183979916,WIOT2014_Nov16_ROW.xlsb
2014,SWE,K66,Activities auxiliary to financial services and insurance activities,capital_markets,2108.4242123870526,1285.9881458698403,727.7400075637865,WIOT2014_Nov16_ROW.xlsb
2014,SWE,L68,Real estate activities,,81661.16807782068,43053.569104,33669.5781267502,WIOT2014_Nov16_ROW.xlsb
2014,SWE,M69_M70,Legal and accounting activities; activities of head offices; management consulta,,21807.455892117403,12958.591134046681,8785.156443520125,WIOT2014_Nov16_ROW.xlsb
2014,SWE,M71,Architectural and engineering activities; technical testing and analysis,,18233.49194807214,10341.601932262543,7814.476166216071,WIOT2014_Nov16_ROW.xlsb
2014,SWE,M72,Scientific research and development,,15958.095404128791,9872.390255442593,5752.743618117763,WIOT2014_Nov16_ROW.xlsb
2014,SWE,M73,Advertising and market research,,8251.31586891612,2763.9329865172613,5457.237779661427,WIOT2014_Nov16_ROW.xlsb
2014,SWE,M74_M75,"Other professional, scientific and technical activities; veterinary activities",,6163.127247001818,2741.459483730922,3389.567466683444,WIOT2014_Nov16_ROW.xlsb
2014,SWE,N,Administrative and support service activities,,32339.482214979158,17452.079072,14722.3589903195,WIOT2014_Nov16_ROW.xlsb
2014,SWE,O84,Public administration and defence; compulsory social security,government,43686.37302659836,25164.047663999998,15737.449265716668,WIOT2014_Nov16_ROW.xlsb
2014,SWE,P85,Education,government,41434.55935271331,28507.440736000008,11627.86546061131,WIOT2014_Nov16_ROW.xlsb
2014,SWE,Q,Human health and social work activities,,78261.07438204264,56370.121832000004,19413.758613744285,WIOT2014_Nov16_ROW.xlsb
2014,SWE,R_S,Other service activities,,28197.88985261883,15380.660800000003,11656.277384602883,WIOT2014_Nov16_ROW.xlsb
2014,SWE,T,Activities of households as employers; undifferentiated goods- and services-prod,,261.558956,261.558956,0.0,WIOT2014_Nov16_ROW.xlsb
2014,SWE,U,Activities of extraterritorial organizations and bodies,,0.0,0.0,0.0,WIOT2014_Nov16_ROW.xlsb
2014,TUR,A01,"Crop and animal production, hunting and related service activities",agriculture,87422.1005850679,54409.148639621446,29005.165326557944,WIOT2014_Nov16_ROW.xlsb
2014,TUR,A02,Forestry and logging,agriculture,1817.9876320569922,1536.9040312173481,254.45073504788962,WIOT2014_Nov16_ROW.xlsb
2014,TUR,A03,Fishing and aquaculture,agriculture,1382.6215002894508,1023.8067889055982,318.3641293708316,WIOT2014_Nov16_ROW.xlsb
2014,TUR,B,Mining and quarrying,oil,20003.684212009393,11638.744341327429,7550.879192336334,WIOT2014_Nov16_ROW.xlsb
2014,TUR,C10-C12,"Manufacture of food products, beverages and tobacco products",consumer_goods,99318.55296135845,22378.60674329685,75342.89152388657,WIOT2014_Nov16_ROW.xlsb
2014,TUR,C13-C15,"Manufacture of textiles, wearing apparel and leather products",consumer_goods,129977.18865634967,34175.702271671,93113.41901062874,WIOT2014_Nov16_ROW.xlsb
2014,TUR,C16,"Manufacture of wood and of products of wood and cork, except furniture; manufact",consumer_goods,5564.939449711715,1382.167575957999,4050.4183064253834,WIOT2014_Nov16_ROW.xlsb
2014,TUR,C17,Manufacture of paper and paper products,consumer_goods,10946.117036299633,2909.7623782494525,7759.846596714435,WIOT2014_Nov16_ROW.xlsb
2014,TUR,C18,Printing and reproduction of recorded media,consumer_goods,8302.556140752518,3213.1572218473934,4978.418558084296,WIOT2014_Nov16_ROW.xlsb
2014,TUR,C19,Manufacture of coke and refined petroleum products ,oil,20067.895350859377,2518.3183987102307,16071.660071259797,WIOT2014_Nov16_ROW.xlsb
2014,TUR,C20,Manufacture of chemicals and chemical products ,consumer_goods,35354.451150411,9804.025260587641,24252.419659054587,WIOT2014_Nov16_ROW.xlsb
2014,TUR,C21,Manufacture of basic pharmaceutical products and pharmaceutical preparations,consumer_goods,0.0,0.0,0.0,WIOT2014_Nov16_ROW.xlsb
2014,TUR,C22,Manufacture of rubber and plastic products,consumer_goods,18223.564933196267,4740.719790636345,12810.371136047235,WIOT2014_Nov16_ROW.xlsb
2014,TUR,C23,Manufacture of other non-metallic mineral products,consumer_goods,22705.63079049548,8127.753820807937,14045.022258946461,WIOT2014_Nov16_ROW.xlsb
2014,TUR,C24,Manufacture of basic metals,consumer_goods,31910.679879770996,7331.896254598044,23282.33868193841,WIOT2014_Nov16_ROW.xlsb
2014,TUR,C25,"Manufacture of fabricated metal products, except machinery and equipment",consumer_goods,15062.66298719226,4372.41330807515,10077.440489663586,WIOT2014_Nov16_ROW.xlsb
2014,TUR,C26,"Manufacture of computer, electronic and optical products",electronics,11375.354862981161,2477.3149339220945,8493.284296937847,WIOT2014_Nov16_ROW.xlsb
2014,TUR,C27,Manufacture of electrical equipment,electronics,11774.10833403902,3376.45618524729,8067.7985737380495,WIOT2014_Nov16_ROW.xlsb
2014,TUR,C28,Manufacture of machinery and equipment n.e.c.,consumer_goods,24802.37649321926,9179.633346332923,14885.2265384217,WIOT2014_Nov16_ROW.xlsb
2014,TUR,C29,"Manufacture of motor vehicles, trailers and semi-trailers",automotive,22695.731200633156,5336.025716064124,16672.282696980837,WIOT2014_Nov16_ROW.xlsb
2014,TUR,C30,Manufacture of other transport equipment,aerospace,2687.6013015201593,1284.891008641332,1340.7887551407805,WIOT2014_Nov16_ROW.xlsb
2014,TUR,C31_C32,Manufacture of furniture; other manufacturing,consumer_goods,15925.57479323044,3849.5036814358714,11611.358037515369,WIOT2014_Nov16_ROW.xlsb
2014,TUR,C33,Repair and installation of machinery and equipment,consumer_goods,0.0,0.0,0.0,WIOT2014_Nov16_ROW.xlsb
2014,TUR,D35,"Electricity, gas, steam and air conditioning supply",utilities,41242.520969141,12691.322323723534,28226.40900953221,WIOT2014_Nov16_ROW.xlsb
2014,TUR,E36,"Water collection, treatment and supply",utilities,6080.097298331057,4913.564891560448,1123.4317902935923,WIOT2014_Nov16_ROW.xlsb
2014,TUR,E37-E39,"Sewerage; waste collection, treatment and disposal activities; materials recover",utilities,1159.2500561075688,585.726608585851,560.988931930522,WIOT2014_Nov16_ROW.xlsb
2014,TUR,F,Construction,,84386.63532384399,36444.90540604206,45001.09659010396,WIOT2014_Nov16_ROW.xlsb
2014,TUR,G45,Wholesale and retail trade and repair of motor vehicles and motorcycles,consumer_goods,30139.33208667262,16840.608361362833,12780.012554825033,WIOT2014_Nov16_ROW.xlsb
2014,TUR,G46,"Wholesale trade, except of motor vehicles and motorcycles",consumer_goods,62814.398332676166,38056.78806874193,23891.080806455117,WIOT2014_Nov16_ROW.xlsb
2014,TUR,G47,"Retail trade, except of motor vehicles and motorcycles",consumer_goods,67336.44527396896,40796.51951009459,25653.09719222024,WIOT2014_Nov16_ROW.xlsb
2014,TUR,H49,Land transport and transport via pipelines,shipping,129815.45834328134,69787.80416986402,51939.96235082318,WIOT2014_Nov16_ROW.xlsb
2014,TUR,H50,Water transport,shipping,12785.171100224416,7255.356750383162,4930.7460386660105,WIOT2014_Nov16_ROW.xlsb
2014,TUR,H51,Air transport,aviation,11871.292693701163,3298.7875239930336,7549.716222857689,WIOT2014_Nov16_ROW.xlsb
2014,TUR,H52,Warehousing and support activities for transportation,ports,33022.58990365472,15084.909211041775,17486.714269557717,WIOT2014_Nov16_ROW.xlsb
2014,TUR,H53,Postal and courier activities,telecommunications,0.0,0.0,0.0,WIOT2014_Nov16_ROW.xlsb
2014,TUR,I,Accommodation and food service activities,tourism,46282.371217767984,20521.891225430158,24740.873114948074,WIOT2014_Nov16_ROW.xlsb
2014,TUR,J58,Publishing activities,telecommunications,0.0,0.0,0.0,WIOT2014_Nov16_ROW.xlsb
2014,TUR,J59_J60,"Motion picture, video and television programme production, sound recording and m",telecommunications,0.0,0.0,0.0,WIOT2014_Nov16_ROW.xlsb
2014,TUR,J61,Telecommunications,telecommunications,24363.928723635112,13294.81967299346,10775.460122931665,WIOT2014_Nov16_ROW.xlsb
2014,TUR,J62_J63,"Computer programming, consultancy and related activities; information service ac",telecommunications,2741.238783461827,1789.3921607526213,931.9673565901916,WIOT2014_Nov16_ROW.xlsb
2014,TUR,K64,"Financial service activities, except insurance and pension funding",banking,35255.09242353108,22282.830352192763,12411.509095317148,WIOT2014_Nov16_ROW.xlsb
2014,TUR,K65,"Insurance, reinsurance and pension funding, except compulsory social security",insurance,1929.4624327351812,1218.5569852052163,692.4735710805921,WIOT2014_Nov16_ROW.xlsb
2014,TUR,K66,Activities auxiliary to financial services and insurance activities,capital_markets,1765.7246385605642,729.1789612043095,1004.8224827963027,WIOT2014_Nov16_ROW.xlsb
2014,TUR,L68,Real estate activities,,93378.44726422068,78391.83466839093,14295.080688857746,WIOT2014_Nov16_ROW.xlsb
2014,TUR,M69_M70,Legal and accounting activities; activities of head offices; management consulta,,0.0,0.0,0.0,WIOT2014_Nov16_ROW.xlsb
2014,TUR,M71,Architectural and engineering activities; technical testing and analysis,,0.0,0.0,0.0,WIOT2014_Nov16_ROW.xlsb
2014,TUR,M72,Scientific research and development,,32.2845823923711,18.94890013564837,13.089181885280425,WIOT2014_Nov16_ROW.xlsb
2014,TUR,M73,Advertising and market research,,0.0,0.0,0.0,WIOT2014_Nov16_ROW.xlsb
2014,TUR,M74_M75,"Other professional, scientific and technical activities; veterinary activities",,41473.4085404629,26947.220939464718,14016.77918677003,WIOT2014_Nov16_ROW.xlsb
2014,TUR,N,Administrative and support service activities,,29094.526118191196,16834.47764021521,11557.339828524055,WIOT2014_Nov16_ROW.xlsb
2014,TUR,O84,Public administration and defence; compulsory social security,government,57401.84659047587,33876.05170621436,22602.110135918596,WIOT2014_Nov16_ROW.xlsb
2014,TUR,P85,Education,government,37479.74646475438,29693.402891331567,7446.576579855927,WIOT2014_Nov16_ROW.xlsb
2014,TUR,Q,Human health and social work activities,,24040.261770475125,12337.035502371202,11413.414961055003,WIOT2014_Nov16_ROW.xlsb
2014,TUR,R_S,Other service activities,,19637.178632114315,10582.868854954628,8842.637971969587,WIOT2014_Nov16_ROW.xlsb
2014,TUR,T,Activities of households as employers; undifferentiated goods- and services-prod,,1577.445541388193,1577.445541388193,0.0,WIOT2014_Nov16_ROW.xlsb
2014,TUR,U,Activities of extraterritorial organizations and bodies,,0.0,0.0,0.0,WIOT2014_Nov16_ROW.xlsb
2014,TWN,A01,"Crop and animal production, hunting and related service activities",agriculture,16610.280558482613,8211.53846153846,8178.010211892399,WIOT2014_Nov16_ROW.xlsb
2014,TWN,A02,Forestry and logging,agriculture,85.64936775553214,63.65252897787145,21.41956184660283,WIOT2014_Nov16_ROW.xlsb
2014,TWN,A03,Fishing and aquaculture,agriculture,3544.15832455216,1280.097471022128,2184.9885376678126,WIOT2014_Nov16_ROW.xlsb
2014,TWN,B,Mining and quarrying,oil,1010.9654899894626,552.0943097997891,446.3933798917411,WIOT2014_Nov16_ROW.xlsb
2014,TWN,C10-C12,"Manufacture of food products, beverages and tobacco products",consumer_goods,27697.47760800843,6451.791359325618,20637.406279552994,WIOT2014_Nov16_ROW.xlsb
2014,TWN,C13-C15,"Manufacture of textiles, wearing apparel and leather products",consumer_goods,18352.344573234986,4678.609062170708,13404.216076991077,WIOT2014_Nov16_ROW.xlsb
2014,TWN,C16,"Manufacture of wood and of products of wood and cork, except furniture; manufact",consumer_goods,1444.2834562697576,352.476290832455,1052.5948588289434,WIOT2014_Nov16_ROW.xlsb
2014,TWN,C17,Manufacture of paper and paper products,consumer_goods,7357.2181243414125,1511.9533719704943,5729.622810611149,WIOT2014_Nov16_ROW.xlsb
2014,TWN,C18,Printing and reproduction of recorded media,consumer_goods,3585.6164383561645,1314.0806111696534,2225.8996935805676,WIOT2014_Nov16_ROW.xlsb
2014,TWN,C19,Manufacture of coke and refined petroleum products ,oil,46850.66517386723,4470.264752370902,38938.57090356901,WIOT2014_Nov16_ROW.xlsb
2014,TWN,C20,Manufacture of chemicals and chemical products ,consumer_goods,92945.50184404638,9976.257903055817,80481.14560750128,WIOT2014_Nov16_ROW.xlsb
2014,TWN,C21,Manufacture of basic pharmaceutical products and pharmaceutical preparations,consumer_goods,3673.933087460485,1298.9660168598539,2312.6559026327946,WIOT2014_Nov16_ROW.xlsb
2014,TWN,C22,Manufacture of rubber and plastic products,consumer_goods,18167.57771338251,4747.89251844046,13035.87357700395,WIOT2014_Nov16_ROW.xlsb
2014,TWN,C23,Manufacture of other non-metallic mineral products,consumer_goods,13359.02924130664,3787.341938883037,9276.896234925951,WIOT2014_Nov16_ROW.xlsb
2014,TWN,C24,Manufacture of basic metals,consumer_goods,64771.70047418335,8509.450737618547,54674.68572733656,WIOT2014_Nov16_ROW.xlsb
2014,TWN,C25,"Manufacture of fabricated metal products, except machinery and equipment",consumer_goods,29138.402265542678,8392.09035827187,20339.504736338116,WIOT2014_Nov16_ROW.xlsb
2014,TWN,C26,"Manufacture of computer, electronic and optical products",electronics,206935.4583772392,76356.3948893572,125904.06431374238,WIOT2014_Nov16_ROW.xlsb
2014,TWN,C27,Manufacture of electrical equipment,electronics,17802.78582718651,4830.907534246572,12508.940709550718,WIOT2014_Nov16_ROW.xlsb
2014,TWN,C28,Manufacture of machinery and equipment n.e.c.,consumer_goods,33884.87881981033,8301.7650158061,24776.790320541553,WIOT2014_Nov16_ROW.xlsb
2014,TWN,C29,"Manufacture of motor vehicles, trailers and semi-trailers",automotive,17887.875395152794,4322.247102212856,13135.149267141613,WIOT2014_Nov16_ROW.xlsb
2014,TWN,C30,Manufacture of other transport equipment,aerospace,12503.391728134879,2929.6628029504723,9334.787396531803,WIOT2014_Nov16_ROW.xlsb
2014,TWN,C31_C32,Manufacture of furniture; other manufacturing,consumer_goods,2524.5653319283456,570.995785036881,1913.3388691187758,WIOT2014_Nov16_ROW.xlsb
2014,TWN,C33,Repair and installation of machinery and equipment,consumer_goods,12797.056111696524,3894.8564278187587,8676.705580787035,WIOT2014_Nov16_ROW.xlsb
2014,TWN,D35,"Electricity, gas, steam and air conditioning supply",utilities,27018.50632244468,7957.817439409901,17797.52197539204,WIOT2014_Nov16_ROW.xlsb
2014,TWN,E36,"Water collection, treatment and supply",utilities,1479.7154899894626,727.6080084299264,749.624656591693,WIOT2014_Nov16_ROW.xlsb
2014,TWN,E37-E39,"Sewerage; waste collection, treatment and disposal activities; materials recover",utilities,5609.819546891465,2568.493150684931,2991.0483158910147,WIOT2014_Nov16_ROW.xlsb
2014,TWN,F,Construction,,48114.396733403584,13476.850632244468,33759.25805871847,WIOT2014_Nov16_ROW.xlsb
2014,TWN,G45,Wholesale and retail trade and repair of motor vehicles and motorcycles,consumer_goods,2967.956087265459,1390.8376709521792,1539.1426694999243,WIOT2014_Nov16_ROW.xlsb
2014,TWN,G46,"Wholesale trade, except of motor vehicles and motorcycles",consumer_goods,73255.20645224981,52067.11148605521,21072.36517341779,WIOT2014_Nov16_ROW.xlsb
2014,TWN,G47,"Retail trade, except of motor vehicles and motorcycles",consumer_goods,48010.83377239199,33337.723919915705,14597.594564904895,WIOT2014_Nov16_ROW.xlsb
2014,TWN,H49,Land transport and transport via pipelines,shipping,13198.202054794521,6659.411222339308,6392.534701215951,WIOT2014_Nov16_ROW.xlsb
2014,TWN,H50,Water transport,shipping,7219.803740779768,686.8743414120117,6464.35626842372,WIOT2014_Nov16_ROW.xlsb
2014,TWN,H51,Air transport,aviation,9828.339041095891,2082.7515806111696,7577.498185917012,WIOT2014_Nov16_ROW.xlsb
2014,TWN,H52,Warehousing and support activities for transportation,ports,6845.758693361433,4424.953898840885,2402.594910212751,WIOT2014_Nov16_ROW.xlsb
2014,TWN,H53,Postal and courier activities,telecommunications,2296.2658061116967,1082.4552160168598,1188.6900878950337,WIOT2014_Nov16_ROW.xlsb
2014,TWN,I,Accommodation and food service activities,tourism,25428.674920969443,12882.606691253954,12315.60601558017,WIOT2014_Nov16_ROW.xlsb
2014,TWN,J58,Publishing activities,telecommunications,4685.570351219234,1826.7563896487393,2757.7151758163773,WIOT2014_Nov16_ROW.xlsb
2014,TWN,J59_J60,"Motion picture, video and television programme production, sound recording and m",telecommunications,4906.895402205423,1941.2230624060526,2918.3487406377167,WIOT2014_Nov16_ROW.xlsb
2014,TWN,J61,Telecommunications,telecommunications,12769.296628029506,7211.834826132774,5531.228003947791,WIOT2014_Nov16_ROW.xlsb
2014,TWN,J62_J63,"Computer programming, consultancy and related activities; information service ac",telecommunications,7098.096680716544,4560.688883034773,2498.006262857372,WIOT2014_Nov16_ROW.xlsb
2014,TWN,K64,"Financial service activities, except insurance and pension funding",banking,30283.028187565862,22285.860115911488,7802.796459142067,WIOT2014_Nov16_ROW.xlsb
2014,TWN,K65,"Insurance, reinsurance and pension funding, except compulsory social security",insurance,14767.946522655428,8958.838250790306,5743.98806664193,WIOT2014_Nov16_ROW.xlsb
2014,TWN,K66,Activities auxiliary to financial services and insurance activities,capital_markets,5695.732349841939,3406.612223393045,2248.5354302880414,WIOT2014_Nov16_ROW.xlsb
2014,TWN,L68,Real estate activities,,55499.967070600636,43502.99657534247,11989.576953252308,WIOT2014_Nov16_ROW.xlsb
2014,TWN,M69_M70,Legal and accounting activities; activities of head offices; management consulta,,1229.285836771886,957.0291014963279,262.8697823811825,WIOT2014_Nov16_ROW.xlsb
2014,TWN,M71,Architectural and engineering activities; technical testing and analysis,,2369.8473156578175,1612.5157565961244,749.8572464009685,WIOT2014_Nov16_ROW.xlsb
2014,TWN,M72,Scientific research and development,,9002.604279876126,5288.82058057099,3587.656342441511,WIOT2014_Nov16_ROW.xlsb
2014,TWN,M73,Advertising and market research,,4207.742814479402,1632.4340825924373,2558.8903591447165,WIOT2014_Nov16_ROW.xlsb
2014,TWN,M74_M75,"Other professional, scientific and technical activities; veterinary activities",,2853.3556330883202,1798.3864639917485,1040.754182756175,WIOT2014_Nov16_ROW.xlsb
2014,TWN,N,Administrative and support service activities,,11050.842992623815,7754.214963119074,3248.3554890670503,WIOT2014_Nov16_ROW.xlsb
2014,TWN,O84,Public administration and defence; compulsory social security,government,48617.49209694415,35247.82665964172,12784.933171309069,WIOT2014_Nov16_ROW.xlsb
2014,TWN,P85,Education,government,27916.886195995787,22904.735247629083,4751.299199594143,WIOT2014_Nov16_ROW.xlsb
2014,TWN,Q,Human health and social work activities,,24900.42149631191,15449.288724973656,8878.818482076958,WIOT2014_Nov16_ROW.xlsb
2014,TWN,R_S,Other service activities,,25077.812170706005,14940.5624341412,9845.201363490738,WIOT2014_Nov16_ROW.xlsb
2014,TWN,T,Activities of households as employers; undifferentiated goods- and services-prod,,3491.4383561643835,3491.4383561643835,0.0,WIOT2014_Nov16_ROW.xlsb
2014,TWN,U,Activities of extraterritorial organizations and bodies,,0.0,0.0,0.0,WIOT2014_Nov16_ROW.xlsb
2014,USA,A01,"Crop and animal production, hunting and related service activities",agriculture,435775.0,177190.0,257430.5211615136,WIOT2014_Nov16_ROW.xlsb
2014,USA,A02,Forestry and logging,agriculture,32934.573901098905,23732.41256868132,9133.67112225142,WIOT2014_Nov16_ROW.xlsb
2014,USA,A03,Fishing and aquaculture,agriculture,20113.426098901098,14493.587431318681,5578.011114020259,WIOT2014_Nov16_ROW.xlsb
2014,USA,B,Mining and quarrying,oil,666539.0,453755.0,210589.0623105988,WIOT2014_Nov16_ROW.xlsb
2014,USA,C10-C12,"Manufacture of food products, beverages and tobacco products",consumer_goods,970304.0,245013.0,723335.2447785602,WIOT2014_Nov16_ROW.xlsb
2014,USA,C13-C15,"Manufacture of textiles, wearing apparel and leather products",consumer_goods,94332.0,28112.0,65757.2913839097,WIOT2014_Nov16_ROW.xlsb
2014,USA,C16,"Manufacture of wood and of products of wood and cork, except furniture; manufact",consumer_goods,97836.0,28687.0,68770.17585739493,WIOT2014_Nov16_ROW.xlsb
2014,USA,C17,Manufacture of paper and paper products,consumer_goods,193923.0,55456.0,137659.55416936762,WIOT2014_Nov16_ROW.xlsb
2014,USA,C18,Printing and reproduction of recorded media,consumer_goods,85560.00000000001,38293.0,46991.23402793391,WIOT2014_Nov16_ROW.xlsb
2014,USA,C19,Manufacture of coke and refined petroleum products ,oil,818279.9999999999,170173.0,635018.7131065215,WIOT2014_Nov16_ROW.xlsb
2014,USA,C20,Manufacture of chemicals and chemical products ,consumer_goods,596834.7367002203,265445.6132889791,328341.52427834214,WIOT2014_Nov16_ROW.xlsb
2014,USA,C21,Manufacture of basic pharmaceutical products and pharmaceutical preparations,consumer_goods,213311.26329977968,94871.38671102087,117350.65162340701,WIOT2014_Nov16_ROW.xlsb
2014,USA,C22,Manufacture of rubber and plastic products,consumer_goods,231153.0,74858.0,154813.3301131586,WIOT2014_Nov16_ROW.xlsb
2014,USA,C23,Manufacture of other non-metallic mineral products,consumer_goods,116433.00000000001,46432.0,69412.72357596934,WIOT2014_Nov16_ROW.xlsb
2014,USA,C24,Manufacture of basic metals,consumer_goods,281904.99999999994,59698.0,220260.415396878,WIOT2014_Nov16_ROW.xlsb
2014,USA,C25,"Manufacture of fabricated metal products, except machinery and equipment",consumer_goods,379051.99999999994,146233.0,231006.74275979953,WIOT2014_Nov16_ROW.xlsb
2014,USA,C26,"Manufacture of computer, electronic and optical products",electronics,387091.0,267964.0,116961.67756157469,WIOT2014_Nov16_ROW.xlsb
2014,USA,C27,Manufacture of electrical equipment,electronics,125596.00000000001,53747.0,71074.31823635133,WIOT2014_Nov16_ROW.xlsb
2014,USA,C28,Manufacture of machinery and equipment n.e.c.,consumer_goods,405048.00000000006,151207.0,251185.86052959767,WIOT2014_Nov16_ROW.xlsb
2014,USA,C29,"Manufacture of motor vehicles, trailers and semi-trailers",automotive,596080.0,140240.0,451020.4726205046,WIOT2014_Nov16_ROW.xlsb
2014,USA,C30,Manufacture of other transport equipment,aerospace,346170.0,125744.0,217333.65185472445,WIOT2014_Nov16_ROW.xlsb
2014,USA,C31_C32,Manufacture of furniture; other manufacturing,consumer_goods,239154.00000000003,105541.0,132619.66464505,WIOT2014_Nov16_ROW.xlsb
2014,USA,C33,Repair and installation of machinery and equipment,consumer_goods,37816.23578852858,22494.048783833496,15264.842506572191,WIOT2014_Nov16_ROW.xlsb
2014,USA,D35,"Electricity, gas, steam and air conditioning supply",utilities,403975.9669632364,271531.97944118513,131149.55258093576,WIOT2014_Nov16_ROW.xlsb
2014,USA,E36,"Water collection, treatment and supply",utilities,13802.033036763632,9277.02055881487,4480.7874256953555,WIOT2014_Nov16_ROW.xlsb
2014,USA,E37-E39,"Sewerage; waste collection, treatment and disposal activities; materials recover",utilities,91793.0,43012.0,48509.636039902645,WIOT2014_Nov16_ROW.xlsb
2014,USA,F,Construction,,1204025.0000000002,664001.0,536352.2660376425,WIOT2014_Nov16_ROW.xlsb
2014,USA,G45,Wholesale and retail trade and repair of motor vehicles and motorcycles,consumer_goods,375041.76592613844,254874.77915713208,119784.89071911297,WIOT2014_Nov16_ROW.xlsb
2014,USA,G46,"Wholesale trade, except of motor vehicles and motorcycles",consumer_goods,1576810.0,1044476.0,531684.8514827841,WIOT2014_Nov16_ROW.xlsb
2014,USA,G47,"Retail trade, except of motor vehicles and motorcycles",consumer_goods,1298063.0,815953.0,481633.08889654477,WIOT2014_Nov16_ROW.xlsb
2014,USA,H49,Land transport and transport via pipelines,shipping,511083.0,239714.0,270254.3751531905,WIOT2014_Nov16_ROW.xlsb
2014,USA,H50,Water transport,shipping,62990.0,18513.0,44355.71598267181,WIOT2014_Nov16_ROW.xlsb
2014,USA,H51,Air transport,aviation,188758.0,84044.0,104312.99636524614,WIOT2014_Nov16_ROW.xlsb
2014,USA,H52,Warehousing and support activities for transportation,ports,195844.1036076853,106052.94400464458,89596.96633446778,WIOT2014_Nov16_ROW.xlsb
2014,USA,H53,Postal and courier activities,telecommunications,110306.89639231475,57360.05599535542,52811.47161240508,WIOT2014_Nov16_ROW.xlsb
2014,USA,I,Accommodation and food service activities,tourism,892676.0,487987.0,403961.4358857827,WIOT2014_Nov16_ROW.xlsb
2014,USA,J58,Publishing activities,telecommunications,330514.0,210588.0,119786.07778633611,WIOT2014_Nov16_ROW.xlsb
2014,USA,J59_J60,"Motion picture, video and television programme production, sound recording and m",telecommunications,323220.7925495243,199898.39597581586,122851.24765908469,WIOT2014_Nov16_ROW.xlsb
2014,USA,J61,Telecommunications,telecommunications,649529.2074504755,325849.60402418417,321971.01314204826,WIOT2014_Nov16_ROW.xlsb
2014,USA,J62_J63,"Computer programming, consultancy and related activities; information service ac",telecommunications,560922.0000000002,337864.0,222413.08375968933,WIOT2014_Nov16_ROW.xlsb
2014,USA,K64,"Financial service activities, except insurance and pension funding",banking,704716.0,488004.0,216554.55873241372,WIOT2014_Nov16_ROW.xlsb
2014,USA,K65,"Insurance, reinsurance and pension funding, except compulsory social security",insurance,997901.0,490692.0,507159.7383944114,WIOT2014_Nov16_ROW.xlsb
2014,USA,K66,Activities auxiliary to financial services and insurance activities,capital_markets,479064.0,244193.0,234814.74633586395,WIOT2014_Nov16_ROW.xlsb
2014,USA,L68,Real estate activities,,2777993.0,2058953.0,718626.7058535061,WIOT2014_Nov16_ROW.xlsb
2014,USA,M69_M70,Legal and accounting activities; activities of head offices; management consulta,,1136263.814066962,693363.8612549751,442160.6696522689,WIOT2014_Nov16_ROW.xlsb
2014,USA,M71,Architectural and engineering activities; technical testing and analysis,,446134.63953522197,260409.12775336803,185269.817861003,WIOT2014_Nov16_ROW.xlsb
2014,USA,M72,Scientific research and development,,240373.80578443618,140306.37290189762,99821.90875009181,WIOT2014_Nov16_ROW.xlsb
2014,USA,M73,Advertising and market research,,242035.804441586,141276.4827796837,100512.09987222643,WIOT2014_Nov16_ROW.xlsb
2014,USA,M74_M75,"Other professional, scientific and technical activities; veterinary activities",,78997.93617179432,46111.15531007557,32806.09024726362,WIOT2014_Nov16_ROW.xlsb
2014,USA,N,Administrative and support service activities,,1086782.0,671752.0,414201.9481065989,WIOT2014_Nov16_ROW.xlsb
2014,USA,O84,Public administration and defence; compulsory social security,government,3438163.0,2274607.0,1158586.2746112177,WIOT2014_Nov16_ROW.xlsb
2014,USA,P85,Education,government,319912.0,192772.0,126920.82041344815,WIOT2014_Nov16_ROW.xlsb
2014,USA,Q,Human health and social work activities,,2087106.0,1226868.0,858201.37395114,WIOT2014_Nov16_ROW.xlsb
2014,USA,R_S,Other service activities,,754170.8685131032,446004.9986578834,307320.22025466204,WIOT2014_Nov16_ROW.xlsb
2014,USA,T,Activities of households as employers; undifferentiated goods- and services-prod,,20813.129772229877,12380.173401151009,8401.395329930203,WIOT2014_Nov16_ROW.xlsb
2014,USA,U,Activities of extraterritorial organizations and bodies,,0.0,0.0,0.0,WIOT2014_Nov16_ROW.xlsb
2014,ROW,A01,"Crop and animal production, hunting and related service activities",agriculture,1304358.1111562108,830280.6004984663,474077.5106577445,WIOT2014_Nov16_ROW.xlsb
2014,ROW,A02,Forestry and logging,agriculture,98346.15520773578,54205.510128706694,44140.64507902909,WIOT2014_Nov16_ROW.xlsb
2014,ROW,A03,Fishing and aquaculture,agriculture,129217.71532033468,83661.01031120577,45556.70500912892,WIOT2014_Nov16_ROW.xlsb
2014,ROW,B,Mining and quarrying,oil,2636966.0513140373,1382146.2064483364,1254819.844865701,WIOT2014_Nov16_ROW.xlsb
2014,ROW,C10-C12,"Manufacture of food products, beverages and tobacco products",consumer_goods,946031.8366995812,221135.7997867811,724896.0369128002,WIOT2014_Nov16_ROW.xlsb
2014,ROW,C13-C15,"Manufacture of textiles, wearing apparel and leather products",consumer_goods,567850.1143423147,123994.7525530833,443855.36178923136,WIOT2014_Nov16_ROW.xlsb
2014,ROW,C16,"Manufacture of wood and of products of wood and cork, except furniture; manufact",consumer_goods,168322.82883200783,42403.5661750665,125919.26265694131,WIOT2014_Nov16_ROW.xlsb
2014,ROW,C17,Manufacture of paper and paper products,consumer_goods,112729.09152359405,25195.496409590756,87533.5951140033,WIOT2014_Nov16_ROW.xlsb
2014,ROW,C18,Printing and reproduction of recorded media,consumer_goods,54309.995217488875,15796.92744805174,38513.06776943713,WIOT2014_Nov16_ROW.xlsb
2014,ROW,C19,Manufacture of coke and refined petroleum products ,oil,469594.83831489715,55668.69205506384,413926.1462598333,WIOT2014_Nov16_ROW.xlsb
2014,ROW,C20,Manufacture of chemicals and chemical products ,consumer_goods,620024.1784566109,107442.06662699142,512582.1118296195,WIOT2014_Nov16_ROW.xlsb
2014,ROW,C21,Manufacture of basic pharmaceutical products and pharmaceutical preparations,consumer_goods,135546.25899923386,38707.64447276415,96838.61452646971,WIOT2014_Nov16_ROW.xlsb
2014,ROW,C22,Manufacture of rubber and plastic products,consumer_goods,247031.4956301048,48340.24877500321,198691.24685510158,WIOT2014_Nov16_ROW.xlsb
2014,ROW,C23,Manufacture of other non-metallic mineral products,consumer_goods,374925.49567851494,99040.08554984955,275885.4101286654,WIOT2014_Nov16_ROW.xlsb
2014,ROW,C24,Manufacture of basic metals,consumer_goods,771104.402704914,122492.09705863094,648612.3056462831,WIOT2014_Nov16_ROW.xlsb
2014,ROW,C25,"Manufacture of fabricated metal products, except machinery and equipment",consumer_goods,288977.1078712161,60806.16322324092,228170.94464797515,WIOT2014_Nov16_ROW.xlsb
2014,ROW,C26,"Manufacture of computer, electronic and optical products",electronics,634629.4979680675,105895.04118352602,528734.4567845415,WIOT2014_Nov16_ROW.xlsb
2014,ROW,C27,Manufacture of electrical equipment,electronics,429466.5918642426,71426.11997305696,358040.4718911857,WIOT2014_Nov16_ROW.xlsb
2014,ROW,C28,Manufacture of machinery and equipment n.e.c.,consumer_goods,493037.16226425796,112184.31620821235,380852.8460560456,WIOT2014_Nov16_ROW.xlsb
2014,ROW,C29,"Manufacture of motor vehicles, trailers and semi-trailers",automotive,601211.269046561,118493.64974363471,482717.61930292624,WIOT2014_Nov16_ROW.xlsb
2014,ROW,C30,Manufacture of other transport equipment,aerospace,160783.60846129883,35311.40615348568,125472.20230781316,WIOT2014_Nov16_ROW.xlsb
2014,ROW,C31_C32,Manufacture of furniture; other manufacturing,consumer_goods,143166.0252349552,48485.932723847254,94680.09251110794,WIOT2014_Nov16_ROW.xlsb
2014,ROW,C33,Repair and installation of machinery and equipment,consumer_goods,3744.2340121560646,2064.2758201814313,1679.958191974633,WIOT2014_Nov16_ROW.xlsb
2014,ROW,D35,"Electricity, gas, steam and air conditioning supply",utilities,2007282.2994288988,466641.7994785205,1540640.4999503784,WIOT2014_Nov16_ROW.xlsb
2014,ROW,E36,"Water collection, treatment and supply",utilities,118858.80491054733,59854.872267611325,59003.932642936015,WIOT2014_Nov16_ROW.xlsb
2014,ROW,E37-E39,"Sewerage; waste collection, treatment and disposal activities; materials recover",utilities,67509.55201643571,23821.589185842364,43687.96283059335,WIOT2014_Nov16_ROW.xlsb
2014,ROW,F,Construction,,2425237.538954378,675825.281499106,1749412.2574552721,WIOT2014_Nov16_ROW.xlsb
2014,ROW,G45,Wholesale and retail trade and repair of motor vehicles and motorcycles,consumer_goods,90010.19714816798,60137.25065673123,29872.946491436753,WIOT2014_Nov16_ROW.xlsb
2014,ROW,G46,"Wholesale trade, except of motor vehicles and motorcycles",consumer_goods,1258149.1031234488,803359.7778629926,454789.3252604563,WIOT2014_Nov16_ROW.xlsb
2014,ROW,G47,"Retail trade, except of motor vehicles and motorcycles",consumer_goods,607242.9661609948,427615.15870762884,179627.80745336603,WIOT2014_Nov16_ROW.xlsb
2014,ROW,H49,Land transport and transport via pipelines,shipping,869800.3478597977,428220.8655755696,441579.482284228,WIOT2014_Nov16_ROW.xlsb
2014,ROW,H50,Water transport,shipping,128430.69052854611,53231.20974586401,75199.4807826821,WIOT2014_Nov16_ROW.xlsb
2014,ROW,H51,Air transport,aviation,108655.93358930082,32147.975794931044,76507.95779436978,WIOT2014_Nov16_ROW.xlsb
2014,ROW,H52,Warehousing and support activities for transportation,ports,192669.04374669926,86186.89233017324,106482.15141652602,WIOT2014_Nov16_ROW.xlsb
2014,ROW,H53,Postal and courier activities,telecommunications,27028.970734031263,14683.702456890116,12345.268277141147,WIOT2014_Nov16_ROW.xlsb
2014,ROW,I,Accommodation and food service activities,tourism,540820.928590541,219788.4510806368,321032.4775099042,WIOT2014_Nov16_ROW.xlsb
2014,ROW,J58,Publishing activities,telecommunications,6688.039232751296,2827.818876227277,3860.2203565240197,WIOT2014_Nov16_ROW.xlsb
2014,ROW,J59_J60,"Motion picture, video and television programme production, sound recording and m",telecommunications,18320.908301723575,8732.93519946341,9587.973102260163,WIOT2014_Nov16_ROW.xlsb
2014,ROW,J61,Telecommunications,telecommunications,382308.69129937247,232759.4232084809,149549.26809089156,WIOT2014_Nov16_ROW.xlsb
2014,ROW,J62_J63,"Computer programming, consultancy and related activities; information service ac",telecommunications,195640.1742305885,109658.43675610087,85981.73747448764,WIOT2014_Nov16_ROW.xlsb
2014,ROW,K64,"Financial service activities, except insurance and pension funding",banking,771156.7502999937,556480.9881639997,214675.76213599398,WIOT2014_Nov16_ROW.xlsb
2014,ROW,K65,"Insurance, reinsurance and pension funding, except compulsory social security",insurance,125608.85425117558,50405.96087826765,75202.89337290793,WIOT2014_Nov16_ROW.xlsb
2014,ROW,K66,Activities auxiliary to financial services and insurance activities,capital_markets,2724.953483552083,2199.1307751504564,525.8227084016265,WIOT2014_Nov16_ROW.xlsb
2014,ROW,L68,Real estate activities,,694420.9989836151,597889.2370219632,96531.76196165191,WIOT2014_Nov16_ROW.xlsb
2014,ROW,M69_M70,Legal and accounting activities; activities of head offices; management consulta,,466203.1037794899,186481.07403689713,279722.0297425927,WIOT2014_Nov16_ROW.xlsb
2014,ROW,M71,Architectural and engineering activities; technical testing and analysis,,79387.91659535955,29675.804374974043,49712.11222038551,WIOT2014_Nov16_ROW.xlsb
2014,ROW,M72,Scientific research and development,,86487.21786520122,35104.492688528,51382.72517667322,WIOT2014_Nov16_ROW.xlsb
2014,ROW,M73,Advertising and market research,,0.0,0.0,0.0,WIOT2014_Nov16_ROW.xlsb
2014,ROW,M74_M75,"Other professional, scientific and technical activities; veterinary activities",,193035.69857354433,86841.51436889253,106194.1842046518,WIOT2014_Nov16_ROW.xlsb
2014,ROW,N,Administrative and support service activities,,285512.16505373793,210440.54126734496,75071.623786393,WIOT2014_Nov16_ROW.xlsb
2014,ROW,O84,Public administration and defence; compulsory social security,government,855305.9204229142,549931.470113778,305374.4503091362,WIOT2014_Nov16_ROW.xlsb
2014,ROW,P85,Education,government,625260.2514599307,400881.9223028665,224378.3291570642,WIOT2014_Nov16_ROW.xlsb
2014,ROW,Q,Human health and social work activities,,511799.55841594015,220109.04544980987,291690.5129661303,WIOT2014_Nov16_ROW.xlsb
2014,ROW,R_S,Other service activities,,457353.44519941864,231486.94817080162,225866.497028617,WIOT2014_Nov16_ROW.xlsb
2014,ROW,T,Activities of households as employers; undifferentiated goods- and services-prod,,19919.445712729233,19919.445712729233,0.0,WIOT2014_Nov16_ROW.xlsb
2014,ROW,U,Activities of extraterritorial organizations and bodies,,32.050552501236425,4.967614842995835,27.082937658240592,WIOT2014_Nov16_ROW.xlsb
